Date,Open,High,Low,Close,Volume,Return,Log_Return,EMA_20,EMA_50,EMA_200,RSI_14,BB_Mid,BB_Upper,BB_Lower,BB_Width,ATR_14,ATR_Pct,Donchian_High_20,Donchian_Low_20,Momentum_10,Volatility_20,ZScore_20,Signal_Trend,Signal_MR,Signal_BO
2018-01-01,1.3306826836196288,1.331236153297166,1.3301292139420915,1.3306826836196288,1987.0,,,1.3306826836196288,1.3306826836196288,1.3306826836196288,,,,,,,,,,,,,0,0,0
2018-01-02,1.3306826836196288,1.330950798822118,1.3305436118957887,1.330811727098278,2154.0,9.697539483877192e-05,9.697069302914064e-05,1.3306949734747384,1.3306877441482032,1.3306839676343418,,,,,,,,,,,,,0,0,0
2018-01-03,1.330811727098278,1.3326346397905595,1.3271489514622823,1.3289718641545638,6032.0,-0.0013825118206057,-0.0013834683718033,1.330530867825198,1.330620454736688,1.3306669317788218,47.692949029682005,,,,,,,,,,,,0,0,0
2018-01-04,1.3289718641545638,1.3293970516032654,1.3232165346029057,1.3236417220516072,7677.0,-0.0040107260708242,-0.0040187906029403,1.3298747587039037,1.3303467789451164,1.330597029194471,18.12098847612485,,,,,,,,,,,,0,0,0
2018-01-05,1.3236417220516072,1.338637482839733,1.322168290300758,1.3371640510888836,7527.0,0.0102160039321796,0.0101641732666351,1.3305689770262823,1.3306141229507544,1.3306623726959084,69.60733693093499,,,,,,,,,,,,0,0,0
2018-01-08,1.3371640510888836,1.345939960951564,1.3349676666346153,1.3437435764972958,1739.0,0.0049205072504412,0.004908441119443,1.3318237007854268,1.3311290034819916,1.330792533927763,77.13967303550677,,,,,,,,,,,,0,0,0
2018-01-09,1.3437435764972958,1.3453757019420964,1.3357686528794364,1.337400778324237,6662.0,-0.0047202444603251,-0.0047314199955815,1.3323548510272183,1.3313749554365897,1.33085828760335,61.35366113495657,,,,,,,,,,,,0,0,0
2018-01-10,1.337400778324237,1.3378080401012649,1.3365930720054682,1.337000333782496,9749.0,-0.0002994200005197,-0.000299464835638,1.3327972779562924,1.331595558508978,1.3309194024907045,60.51172273309211,,,,,,,,,,,,0,0,0
2018-01-11,1.337000333782496,1.3380222635454704,1.3242211093863474,1.3252430391493215,6009.0,-0.0087937858623504,-0.0088326793793003,1.3320778266413429,1.331346440102717,1.330862921263427,42.200800122454375,,,,,,,,,,,,0,0,0
2018-01-12,1.3252430391493215,1.3269480824528008,1.310154509825882,1.311859553129361,2398.0,-0.0100988917689781,-0.0101502315186427,1.330152276783059,1.3305822484567031,1.3306738330232872,30.7821226620634,,,,,,,,,,,,0,0,0
2018-01-15,1.311859553129361,1.313740150552363,1.3106624554889317,1.3125430529119333,3777.0,0.0005210159738073,0.000520880292111,1.3284752078429518,1.329874829023575,1.3304934272510351,31.79708947810478,,,,,,,,,-0.0136318229214146,,,0,0,0
2018-01-16,1.3125430529119333,1.3226450249074062,1.3103664161473323,1.3204683881428052,8298.0,0.0060381525872916,0.0060199959954806,1.327712653585795,1.329505948989035,1.3303936756181176,42.352558750111726,,,,,,,,,-0.0077722030433452,,,0,0,0
2018-01-17,1.3204683881428052,1.3346373077924978,1.3187243762732854,1.332893295922978,7099.0,0.0094094700726974,0.0093654767630126,1.3282060480940985,1.3296387861236996,1.3304185474619472,54.29511889266683,,,,,,,,,0.00295072595153,,,0,0,0
2018-01-18,1.332893295922978,1.3363548549410065,1.3320142314238297,1.3354757904418575,6843.0,0.0019375103219281,0.0019356357697232,1.3288984045081706,1.3298676882538234,1.330468868287618,56.32058567873966,,,,,0.0084034586621683,0.0062924829654815,,,0.0089405374529203,,,0,0,0
2018-01-19,1.3354757904418575,1.3372722414436804,1.3314541666386055,1.3332506176404282,9387.0,-0.0016662022758895,-0.0016675919347513,1.329312900996957,1.3300003521513375,1.330496547385656,54.09606112203736,,,,,0.0087399683371684,0.0065553829276571,,,-0.0029266666608847,,,0,0,0
2018-01-22,1.3332506176404282,1.3378757389636209,1.331385781292563,1.3360109026157552,6241.0,0.0020703421688355,0.0020682019639493,1.329950805913033,1.3302360600126877,1.3305514165919257,56.39677954740781,,,,,0.0091744519617919,0.0068670487223041,,,-0.0057545755133558,,,0,0,0
2018-01-23,1.3360109026157552,1.3476696905655796,1.335379425783072,1.3470382137328965,2594.0,0.0082539080299053,0.008220030816301,1.3315781780863531,1.3308949680017153,1.3307154643246717,64.13124362490942,,,,,0.009660493137094,0.0071716548488428,,,0.0072060937640063,,,0,0,0
2018-01-24,1.3470382137328965,1.3485178424911275,1.3441843244220963,1.3456639531803274,5050.0,-0.0010202090323486,-0.001020729799808,1.3329196804762553,1.3314741438910724,1.330864205507315,62.64000353735888,,,,,0.0095285646419991,0.0070809392043826,,,0.0064798932198626,,,0,0,0
2018-01-25,1.3456639531803274,1.34579486890443,1.3362778084994698,1.3364087242235725,7152.0,-0.0068778159174743,-0.0069015771061009,1.333251970356952,1.331667656845288,1.3309193748477752,53.60041202062879,,,,,0.0090319837752838,0.006758399291752,,,0.0084253866984411,,,0,0,0
2018-01-26,1.3364087242235725,1.336798704409344,1.3288079300266773,1.3291979102124492,6206.0,-0.0053956651737008,-0.0054102743495455,1.332865869390809,1.3315708040361574,1.3309022458464288,47.811330416647806,1.331773508896034,1.350876652935733,1.3126703648563347,0.0286882775668583,0.0088190180656922,0.0066348419583978,1.3485178424911275,1.310154509825882,0.0132166260036972,,-0.2696518100090995,0,0,0
2018-01-29,1.3291979102124492,1.3313152084733837,1.3236611892635162,1.3257784875244507,1244.0,-0.0025725459404701,-0.0025758606227801,1.332190880641632,1.3313436543690318,1.3308512631765586,45.31208574268395,1.331528299091275,1.350815414274609,1.3122411839079409,0.0289698915096237,0.0086795159333499,0.0065467316109169,1.3485178424911275,1.310154509825882,0.0100838098858198,0.0918437517697701,-0.5962334451958461,0,0,0
2018-01-30,1.3257784875244507,1.3265432815519262,1.3198885251198789,1.3206533191473544,5740.0,-0.0038657803134717,-0.0038732717552657,1.3310920652612246,1.3309244255368091,1.330749791096666,41.78633010036039,1.3310203786937287,1.3509124977796318,1.3111282596078255,0.0298900293403853,0.0090680722430821,0.0068663532750114,1.3485178424911275,1.310154509825882,0.0001400495507577,0.092764272286987,-1.0423283212416554,0,0,0
2018-01-31,1.3206533191473544,1.3215862235892992,1.318675482246576,1.3196083866885209,2888.0,-0.0007912238917539,-0.0007915370745867,1.3299983815876335,1.3304806593074647,1.3306389313513112,41.08442224058744,1.3305522048204266,1.351077984874345,1.310026424766508,0.030853024751011,0.0082901856133392,0.0062823074610362,1.3485178424911275,1.310154509825882,-0.0099669713060247,0.0927021305797897,-1.0663485726883688,0,0,0
2018-02-01,1.3196083866885209,1.3225549907262333,1.3181577268176814,1.3211043308553938,7321.0,0.0011336273563908,0.0011329852860991,1.3291513291369443,1.3301129601524817,1.3305440597045857,42.57167195910259,1.330425335260616,1.3511612535264788,1.309689416994753,0.0311718631873481,0.0074047349905987,0.0056049585317795,1.3485178424911275,1.310154509825882,-0.0107613029673184,0.0917924557024915,-0.899020172216541,0,0,0
2018-02-02,1.3211043308553938,1.3230694634163465,1.3205822402433969,1.3225473728043495,7573.0,0.0010922997641082,0.0010917036387798,1.3285223809147924,1.329816270452555,1.3304644906807028,44.039198404263246,1.329694501346389,1.3504607015781174,1.3089283011146606,0.0312345432890057,0.0073625584269929,0.0055669525178378,1.3485178424911275,1.310154509825882,-0.008027931654006,0.0835635555670894,-0.6883424470808559,0,0,0
2018-02-05,1.3225473728043495,1.3298404283303566,1.3212847661942249,1.328577821720232,3359.0,0.0045597224264983,0.0045493583850212,1.3285276609915009,1.3297677038356013,1.3304457178552256,49.81114639950267,1.328936213607536,1.3486218324416994,1.3092505947733726,0.0296261304833055,0.0070966336681399,0.0053415265196518,1.3485178424911275,1.310154509825882,-0.0055636379021833,0.0832603457168736,-0.0364115439116446,0,0,0
2018-02-06,1.328577821720232,1.3401795787136226,1.3276409900101331,1.3392427470035235,3243.0,0.0080273244885895,0.0079952769093407,1.3295481453735984,1.330139274155912,1.3305332504835667,58.05153057911252,1.3290283120415003,1.348897055966875,1.309159568116126,0.029899654876207,0.0068556091813025,0.0051190190849579,1.3485178424911275,1.310154509825882,-0.0057871162450321,0.0870120081485948,1.0281913139942735,0,0,0
2018-02-07,1.3392427470035235,1.346979984034952,1.3372688765703964,1.3450061136018248,9224.0,0.0043034517910933,0.0042942184231917,1.3310203328239056,1.3307222874675164,1.3306772590718083,61.71022478070204,1.3294286010324667,1.350272257475534,1.3085849445893996,0.0313573161084085,0.0072392151775439,0.0053822916523091,1.3485178424911275,1.310154509825882,-0.0004888587354575,0.0882685388501315,1.494700568674872,0,0,0
2018-02-08,1.3450061136018248,1.3515805797255502,1.3431955601007968,1.3497700262245222,9182.0,0.0035419263708327,0.0035356685218315,1.3328060179096786,1.33146925761485,1.3308672368544223,64.46884280956345,1.3306549503862268,1.3532723706026553,1.3080375301697984,0.0339944178764955,0.0074225683789495,0.0054991355821638,1.3515805797255502,1.310154509825882,0.0099979158761573,0.0820284453615421,1.6902967407760234,0,0,0
2018-02-09,1.3497700262245222,1.351062284919368,1.3475409163995284,1.348833175094374,8637.0,-0.0006940820376406,-0.0006943230240941,1.3343324138320305,1.3321501955552233,1.3310460024090491,63.49995464768625,1.3325036314844776,1.354692675824122,1.3103145871448332,0.0333042909833193,0.0072105262967196,0.0053457510015759,1.3515805797255502,1.3103664161473323,0.0147722658387166,0.0713561771168848,1.4718564134572525,0,0,0
2018-02-12,1.348833175094374,1.3565500833501696,1.346394402106444,1.3541113103622395,9808.0,0.0039131119884385,0.0039054756803913,1.3362161182634789,1.3330114157437336,1.3312755079608225,66.55005286820541,1.334582044356993,1.3566858716489152,1.3124782170650702,0.0331247185369891,0.0070580560439495,0.0052123159964311,1.3565500833501696,1.3103664161473323,0.0213707064222268,0.0718162186104985,1.7670483710650005,0,0,0
2018-02-13,1.3541113103622395,1.356817953956418,1.352425325998799,1.3551319695929775,4587.0,0.000753748397881,0.0007534644722207,1.338017627913907,1.3338788884437038,1.3315128856885057,67.12220049185433,1.3363152234295013,1.359182239671207,1.3134482071877955,0.0342239852405783,0.0070622781788486,0.0052115058439436,1.356817953956418,1.3181577268176814,0.02610726823288,0.0698790228261471,1.6457543882929109,0,0,0
2018-02-14,1.3551319695929775,1.3569137943380525,1.344576011132573,1.3463578358776478,1697.0,-0.0064747448309149,-0.0064957969116623,1.3388119334342636,1.3343682589313095,1.3316605966356612,57.94633935301125,1.336988450427235,1.3602211716179982,1.3137557292364712,0.0347538098527918,0.0072637583788857,0.0053951172454466,1.3569137943380525,1.3181577268176814,0.0202707480938744,0.0681734429369898,0.8065680617850367,0,0,0
2018-02-15,1.3463578358776478,1.3470414092209586,1.3401665635164002,1.340850136859711,9940.0,-0.0040908136538206,-0.0040992039218286,1.3390060480462112,1.3346224502226194,1.3317520348468457,53.04437015720303,1.3372571677481275,1.3605404897124922,1.3139738457837629,0.0348225046399603,0.0071840491875922,0.0053578315652914,1.3569137943380525,1.3181577268176814,0.0149464395378464,0.0698388748811578,0.3086302819745859,0,0,0
2018-02-16,1.340850136859711,1.3408755297409352,1.3320837806761767,1.3321091735574009,3581.0,-0.006518971107973,-0.0065403123995299,1.3383492028568005,1.3345238903533951,1.3317555884658565,46.34382377793073,1.337200095543976,1.3605303171629282,1.313869873925024,0.0348941369308852,0.0072653156057987,0.0054539941245181,1.3569137943380525,1.3181577268176814,0.0072298361099734,0.0735915012302182,-0.4364229427156001,0,0,0
2018-02-19,1.3321091735574009,1.333123342941953,1.3321030806908678,1.3331172500754198,6555.0,0.0007567521776963,0.0007564659851425,1.3378509216395262,1.334468727989553,1.3317691373375933,47.1726220948559,1.3370554129169594,1.3604524805685765,1.3136583452653423,0.0349979027429736,0.00686285173573,0.005147973094896,1.3569137943380525,1.3181577268176814,0.0034167575891868,0.0732405182629372,-0.3366373000393831,0,0,0
2018-02-20,1.3331172500754198,1.3363531928541983,1.3305930022271533,1.333828945005932,7740.0,0.0005338577161699,0.0005337152648363,1.3374678762458507,1.3344436384607836,1.3317896329362833,47.78582278757956,1.336394949480611,1.3593470172642306,1.313442881696992,0.0343492285608226,0.0070663838274673,0.005297818625038,1.3569137943380525,1.3181577268176814,-0.0040424351819002,0.066368069692248,-0.2235968017235209,0,0,0
2018-02-21,1.333828945005932,1.336041099361385,1.3252828827413208,1.3274950370967735,4250.0,-0.0047486658112146,-0.0047599765461806,1.3365180820411766,1.334171144289646,1.331746900639373,43.0018046296519,1.3354865036764336,1.358331870633228,1.3126411367196391,0.0342128009439316,0.0075207375925753,0.0056653602329264,1.3569137943380525,1.3181577268176814,-0.0130193285576655,0.0680652674763162,-0.6996137636811376,0,0,0
2018-02-22,1.3274950370967735,1.337178792716633,1.3266775370026866,1.336361292622546,6498.0,0.00667893685325,0.0066567315714537,1.3365031497155928,1.3342570324595635,1.3317928149874645,50.47597312077976,1.3354841320963822,1.3583291057993778,1.3126391583933863,0.0342122727690289,0.0080931684883608,0.0060561230956325,1.3569137943380525,1.3181577268176814,-0.0099340875419217,0.0686763563597445,0.0767924303671827,0,0,0
2018-02-23,1.336361292622546,1.3378656056838705,1.330417699788517,1.3319220128498417,3430.0,-0.0033219158600383,-0.0033274456723058,1.3360668509664737,1.334165463063104,1.3317941005383338,47.14268361149607,1.3356203372282516,1.3583396403252996,1.3129010341312035,0.0340206007108222,0.0080140430425908,0.0060169011137849,1.3569137943380525,1.3181577268176814,-0.0125376233004864,0.0668836778239908,-0.3255667097368346,0,0,0
2018-02-26,1.3319220128498417,1.3355201699047772,1.331200402303963,1.3347985593588985,4434.0,0.0021596958990879,0.0021573671082835,1.3359460612895615,1.3341902903688214,1.3318239956509763,49.471156885962166,1.3360713408199745,1.3583212951014327,1.3138213865385158,0.0333065362629561,0.0074269843923997,0.0055641237700818,1.3569137943380525,1.3181577268176814,-0.0142623068395867,0.0664737128932259,-0.1144075574246404,0,0,0
2018-02-27,1.3347985593588985,1.335766301136916,1.3245732468310192,1.3255409886090366,8820.0,-0.0069355564440437,-0.006959719201896,1.3349551019866546,1.333851102064516,1.331761478167972,42.918453167286536,1.3363157242930583,1.3579515409477771,1.3146799076383395,0.0323812947215968,0.0075328377382098,0.0056828402915812,1.3569137943380525,1.3181577268176814,-0.0218362356197889,0.0698610808796112,-0.9960091505648568,0,0,0
2018-02-28,1.3255409886090366,1.3307930807917838,1.3242060433658864,1.3294581355486337,1805.0,0.0029551307528465,0.0029507729371293,1.3344315813735097,1.333678828867815,1.331738559335939,46.16760265395615,1.336808211736064,1.357258697186121,1.3163577262860071,0.0305959901660068,0.0074044104382915,0.0055694949997323,1.3569137943380525,1.3181577268176814,-0.012552161007031,0.0704238082362911,-0.7188167934086724,0,0,0
2018-03-01,1.3294581355486337,1.3316913062653768,1.319672067067115,1.321905237783858,7489.0,-0.0056811851105478,-0.0056973844260199,1.3332385962697333,1.333217119413542,1.331640715340396,41.28758024111372,1.3368482570824871,1.3571720097003357,1.3165245044646383,0.0304054742341554,0.008011401201036,0.0060604958449721,1.3569137943380525,1.319672067067115,-0.0141290205035308,0.0735436445615424,-1.4704980501982596,0,0,0
2018-03-02,1.321905237783858,1.322388438977104,1.3146974051990166,1.3151806063922626,7694.0,-0.0050870752300438,-0.0051000584470261,1.3315187877099743,1.3325098051774136,1.3314769331618077,37.48815327436482,1.3364799187618828,1.358119401220759,1.3148404363030066,0.0323828022480472,0.0078353549534904,0.0059576265916694,1.3569137943380525,1.3146974051990166,-0.0127080929259952,0.0756134108071717,-1.9685602379906717,0,0,0
2018-03-05,1.3151806063922626,1.3181345069535708,1.3146258905321924,1.3175797910935003,9203.0,0.0018242245130266,0.0018225626362736,1.330191264222691,1.331924314429025,1.3313386531412277,39.62292111054275,1.3359300172305462,1.358931129604151,1.3129289048569412,0.0344346067188271,0.0077722112723304,0.0058988543425366,1.3569137943380525,1.3146258905321924,-0.0116549830714741,0.0739007891496422,-1.5955946685520812,0,0,0
2018-03-06,1.3175797910935003,1.3196722995750982,1.315204746413708,1.3172972548953057,7758.0,-0.0002144357405181,-0.0002144587351488,1.3289632633343686,1.331350704251232,1.3311989377357951,39.4520561301464,1.3348327426251352,1.3592204810542348,1.3104450041960356,0.036540515752015,0.0072100519834669,0.005473367500519,1.3569137943380525,1.3146258905321924,-0.0123941605649836,0.0668853074562966,-1.438057717472152,0,0,0
2018-03-07,1.3172972548953057,1.318595977624842,1.3139056192471092,1.3152043419766457,9558.0,-0.0015887931982569,-0.0015900566686098,1.3276528898717284,1.3307175135737972,1.3310397875292366,38.14000995811468,1.3333426540438764,1.3587342723766531,1.3079510357110995,0.0380871612496113,0.0070540171744079,0.0053634381740303,1.3569137943380525,1.3139056192471092,-0.0092585620109043,0.0641149134513409,-1.428684995931672,0,0,0
2018-03-08,1.3152043419766457,1.3164837254229311,1.312408308428019,1.3136876918743046,6341.0,-0.0011531668912083,-0.0011538322997484,1.3263228710148307,1.3300496774287192,1.3308671298610284,37.17517848489531,1.3315385373263655,1.3571421969164177,1.3059348777363136,0.0384572565829934,0.006717136312276,0.0051131911746028,1.3569137943380525,1.312408308428019,-0.0169666697721732,0.0617160109524428,-1.3943979679371097,0,0,0
2018-03-09,1.3136876918743046,1.3163863794726829,1.3116491700824302,1.3143478576808083,2205.0,0.000502528729307,0.0005024025040312,1.3251823935544478,1.329433919791546,1.3307027589935636,37.91144411805038,1.329814271455687,1.3551574037807188,1.3044711391306558,0.0381152960515148,0.0069826325365023,0.0053126213853487,1.3569137943380525,1.3116491700824302,-0.013194582715418,0.0620292089776092,-1.2205605508047417,0,0,0
2018-03-12,1.3143478576808083,1.316159603290027,1.3128662685458232,1.3146780141550418,3222.0,0.000251194135787,0.0002511625918224,1.32418197646879,1.3288552568254088,1.3305433087961651,38.30087799217316,1.3278426066453275,1.351291606777376,1.3043936065132788,0.0353189452043422,0.0068064285448707,0.005177258972605,1.3569137943380525,1.3116491700824302,-0.0150738439615342,0.0592576824704924,-1.1228276187600112,0,0,0
2018-03-13,1.3146780141550418,1.316113178503228,1.313616104494305,1.3150512688424911,3008.0,0.0002839133867234,0.0002838730909446,1.3233123852662856,1.3283139239633337,1.330389159144885,38.76847035684841,1.3258385716078032,1.3461020985945689,1.3055750446210377,0.0305671103868893,0.0062163469297892,0.0047270757247821,1.3569137943380525,1.3116491700824302,-0.007913538590423,0.0590469323860722,-1.064701398957559,0,0,0
2018-03-14,1.3150512688424911,1.3175375134526703,1.3088434476465476,1.3113296922567266,9922.0,-0.00282998592826,-0.0028339979094584,1.3221711764082322,1.327647875661114,1.3301995127081871,35.85106446577238,1.324087164426757,1.342885366075364,1.30528896277815,0.0283942056892386,0.0060872619363732,0.0046420530033888,1.3470414092209586,1.3088434476465476,-0.0136359640120792,0.0563233588608439,-1.357307726399002,0,0,0
2018-03-15,1.3113296922567266,1.3127632109819365,1.3075961512428813,1.3090296699680912,2431.0,-0.0017539618771822,-0.0017555018693039,1.320919604366314,1.326917749947662,1.3299888675067932,34.141106070207144,1.3224961410821758,1.34069748642706,1.3042947957372917,0.0275257443548989,0.0059243443537805,0.0045257525399901,1.3408755297409352,1.3075961512428813,-0.0097401594666137,0.0553969849219858,-1.4797226093915767,0,0,0
2018-03-16,1.3090296699680912,1.3129862512311663,1.307665374592677,1.3116219558557525,3517.0,0.0019803110251306,0.0019783527940973,1.320034114031975,1.326317914885234,1.329806112166982,37.745166773704376,1.3214717801970934,1.3397011597531192,1.3032424006410677,0.0275895101646543,0.0059958521421859,0.0045713264522734,1.3378656056838705,1.3075961512428813,-0.0027058264995803,0.0527121146703656,-1.080653821603628,0,0,0
2018-03-19,1.3116219558557525,1.31300417888045,1.304945968162921,1.3063281911876188,7620.0,-0.0040360445664235,-0.0040442113761066,1.3187287880467982,1.3255340041519943,1.3295725010129584,33.69053023671563,1.3201323272527037,1.3386926270508437,1.3015720274545632,0.0281188475048794,0.0057719347430168,0.0044184415386224,1.3378656056838705,1.304945968162921,-0.0085395966012378,0.0536094339271911,-1.4874906348730252,0,0,0
2018-03-20,1.3063281911876188,1.3117167249850312,1.3040160608013542,1.309404594598767,3407.0,0.002355000398752,0.0023522317312696,1.317840769623176,1.324901478287162,1.329371825327245,37.86760286900063,1.3189111097323454,1.3368816231609166,1.300940596303774,0.0272505300713072,0.0058514795114296,0.0044688093623367,1.3378656056838705,1.3040160608013542,-0.0059915560191206,0.0546835913115118,-1.058012635127529,0,0,0
2018-03-21,1.309404594598767,1.3138871257249134,1.3071407160469388,1.3116232471730855,3751.0,0.0016943980366883,0.0016929641638074,1.3172486246279294,1.324380763341512,1.3291952225595425,40.76562044369181,1.3181175202361608,1.3358926973224146,1.300342343149907,0.0269705497626176,0.0054748488314091,0.0041741017042881,1.3378656056838705,1.3040160608013542,-0.0027228428992089,0.0534664066176919,-0.7307126147392983,0,0,0
2018-03-22,1.3116232471730855,1.311678138102561,1.308579723556797,1.3086346144862726,1739.0,-0.0022785755690548,-0.0022811754725019,1.3164282427096765,1.3237632673079731,1.3289906393946342,38.18210702596696,1.3167311863293472,1.3327538492835105,1.300708523375184,0.0243370296390252,0.0051468046005289,0.0039329577129895,1.3378656056838705,1.3040160608013542,-0.0038464830106024,0.0462718603047609,-1.0106399749201298,0,0,0
2018-03-23,1.3086346144862726,1.3149483166737008,1.3077261713192665,1.3140398735066947,2984.0,0.0041304570126659,0.0041219500920338,1.316200778976059,1.3233819577471386,1.3288418755549534,44.9743121984728,1.31583707936219,1.3302003411060834,1.3014738176182965,0.0218313679849418,0.0054120566671757,0.004118639606219,1.335766301136916,1.3040160608013542,-0.0002343247050724,0.0488927219062446,-0.2502503801073179,0,0,0
2018-03-26,1.3140398735066947,1.3156366596037772,1.31090258626093,1.3124993723580125,2737.0,-0.0011723397286044,-0.0011730274563769,1.3158482640600546,1.3229551896926632,1.3286792635828446,43.507119594312606,1.3147221200121453,1.326023545119973,1.3034206949043177,0.0171921122126144,0.0054310938229941,0.004137978224886,1.335766301136916,1.3040160608013542,-0.0016571675905218,0.0477512836029593,-0.3933570559332848,0,0,0
2018-03-27,1.3124993723580125,1.3135270305540765,1.3015984456158185,1.3026261038118825,6995.0,-0.0075224939181434,-0.0075509305749952,1.3145890107030858,1.322157970638515,1.328420028162238,35.51115288213721,1.3135763757722878,1.3249058119352368,1.3022469396093388,0.0172497562713673,0.0059481100058887,0.0045662450556477,1.3316913062653768,1.3015984456158185,-0.0094484263275497,0.0487797606347303,-1.9330656535612207,0,0,0
2018-03-28,1.3026261038118825,1.3040274955491002,1.297886299141099,1.299287690878317,9198.0,-0.0025628328219402,-0.0025661224997751,1.3131317421483455,1.3212610969224288,1.328130154159413,33.283711986363855,1.312067853538772,1.3224916625580516,1.3016440445194923,0.0158891310249933,0.0060956656782522,0.0046915442369284,1.3316913062653768,1.297886299141099,-0.0091830463761449,0.0469430745240259,-2.452109902784469,0,0,0
2018-03-29,1.299287690878317,1.304566721887365,1.2975093571988154,1.3027883882078637,6101.0,0.0026943203988794,0.0026906972242099,1.3121466608206809,1.320536676972838,1.3278779972842734,37.69687946194228,1.3111120110599723,1.32123937550011,1.3009846466198347,0.0154485114234444,0.006261391056702,0.0048061458893683,1.322388438977104,1.2975093571988154,-0.0047678688294207,0.0455989438598204,-1.6437885495894655,0,0,0
2018-03-30,1.3027883882078637,1.3061887658466502,1.302107817699537,1.305508195338324,2187.0,0.0020876814339756,0.0020855052553429,1.311514426012837,1.3199473247518767,1.327655412190284,40.96427465429785,1.3106283905072753,1.320860930766822,1.3003958502477286,0.0156147086903652,0.0063176491569098,0.0048392259653893,1.3196722995750982,1.2975093571988154,-0.0046612215433976,0.0435606203028968,-1.0007671680889214,0,0,0
2018-04-02,1.305508195338324,1.3068786734534308,1.3047027021271211,1.3060731802422278,9489.0,0.0004327700936088,0.0004326764756409,1.310996212129922,1.3194032406534593,1.3274406636136864,41.64885537626996,1.3100530599647118,1.319927599757425,1.3001785201719986,0.0150750226757672,0.0062947132510089,0.0048195716336824,1.3196722995750982,1.2975093571988154,-0.0001952120050009,0.0429080712000211,-0.806089155754047,0,0,0
2018-04-03,1.3060731802422278,1.3069500550702695,1.3019512243192533,1.302828099147295,2221.0,-0.0024846089361785,-0.0024877006992379,1.310218296607767,1.318753235104198,1.3271957624747173,38.86143788502534,1.309329602177311,1.3190889153733538,1.2995702889812684,0.0149073436968258,0.0060307678899298,0.0046289820536393,1.318595977624842,1.2975093571988154,-0.0050225083053775,0.0435058228565733,-1.3323689688844893,0,0,0
2018-04-04,1.302828099147295,1.3042422758724996,1.295735660858457,1.2971498375836616,2821.0,-0.0043584119557673,-0.004367937520789,1.308973681462614,1.317906043044569,1.3268967980479407,34.50923790882841,1.308426876957662,1.3191868981196513,1.2976668557956723,0.0164472640412408,0.0062693075524289,0.0048331406062598,1.3175375134526703,1.295735660858457,-0.0110347309111957,0.0454514658209318,-2.0960998504049764,0,0,0
2018-04-05,1.2971498375836616,1.2994013350126117,1.2900365166805592,1.292288014109509,8086.0,-0.0037480816273386,-0.0037551232859287,1.3073845702861278,1.3169014144588804,1.326552432038603,31.27915638500272,1.307356893069422,1.3200046319828294,1.2947091541560145,0.0193485634725388,0.0065581605305406,0.005074844352758,1.3175375134526703,1.2900365166805592,-0.0124913403602584,0.0467200954725839,-2.382857372860375,0,0,0
2018-04-06,1.292288014109509,1.293073869087988,1.2804317288900522,1.2812175838685311,5854.0,-0.0085665347972806,-0.008603438465348,1.3048924763415948,1.3155020485533766,1.3261013390219856,25.440053450392824,1.3057003793788082,1.3224922591228767,1.2889084996347395,0.0257208774834809,0.0068855840648553,0.0053742503627408,1.3175375134526703,1.2804317288900522,-0.0249781534791427,0.0538675832928253,-2.916027971070385,0,0,0
2018-04-09,1.2812175838685311,1.2991037845683795,1.2792655189575337,1.2971517196573823,8199.0,0.0124367133182323,0.0123600126803066,1.3041552614192888,1.3147824278123572,1.32581328310791,42.17294130773345,1.3048240646539253,1.3214719184892296,1.288176210818621,0.0255173923999014,0.0077525555953674,0.0059765989420382,1.3175375134526703,1.2792655189575337,-0.0116934552685209,0.0725563170487868,-0.9217218114052244,0,0,0
2018-04-10,1.2971517196573823,1.2991341200936897,1.2958814587392615,1.297863859175569,2331.0,0.0005490024855185,0.0005488518387884,1.3035560802532202,1.3141189545324832,1.3255351793871903,42.79088907427423,1.3039646941705791,1.3201579080157042,1.287771480325454,0.0248368900132302,0.0075030021436855,0.0057810394292446,1.3175375134526703,1.2792655189575337,-0.0036558799354454,0.0726081844936314,-0.7535051476945589,0,0,0
2018-04-11,1.297863859175569,1.3004924277762178,1.2969728235156273,1.299601392116276,6169.0,0.0013387636372053,0.0013378682921816,1.3031794432877968,1.3135496383592988,1.325277131752654,44.3533610822991,1.3033782791635566,1.3192955877585233,1.28746097056859,0.0244246951931431,0.007533087123316,0.0057964597214297,1.3156366596037772,1.2792655189575337,0.0002414409373392,0.0724540702073686,-0.4745635262075421,-1,0,0
2018-04-12,1.299601392116276,1.3037767245495706,1.2984756152955033,1.3026509477287975,1035.0,0.0023465315065227,0.0023437827007336,1.303129110377416,1.3131222387267305,1.3250519955932127,47.08494467721805,1.3030593430515922,1.3187539265921528,1.2873647595110316,0.0240888239269379,0.007395870259004,0.0056775533552552,1.3156366596037772,1.2792655189575337,-0.0001054971630924,0.0729276619199187,-0.0520428365287959,-1,0,0
2018-04-13,1.3026509477287975,1.306851083683925,1.3004300176530263,1.304630153608154,2927.0,0.0015193677806069,0.0015182147091924,1.3032720668755813,1.3127892157809038,1.3248487931854014,48.8402124859697,1.302709752939212,1.3179047979575371,1.2875147079208866,0.0233283660984986,0.007516369736722,0.0057613030910978,1.3156366596037772,1.2792655189575337,-0.0006725669998131,0.0727601806517429,0.2527666968575516,-1,0,0
2018-04-16,1.304630153608154,1.3058615717248965,1.3025432079541706,1.3037746260709129,6828.0,-0.0006557625047028,-0.0006559776109784,1.3033199296560891,1.3124357024589433,1.3246390999802822,48.09751075205424,1.3025820746833767,1.317691774892575,1.2874723744741785,0.0231996132955706,0.0069013539390412,0.0052933642065418,1.3156366596037772,1.2792655189575337,-0.0017598969231483,0.0714085707013495,0.1578524220897746,-1,0,0
2018-04-17,1.3037746260709129,1.3039274688816376,1.302635496826809,1.3027883396375337,9961.0,-0.0007564853722851,-0.0007567716517309,1.3032693020352744,1.3120573745051625,1.3244216794793593,47.206279481532746,1.302251261935315,1.3170178420383083,1.2874846818323216,0.0226785422055163,0.0065549807709574,0.0050315009518593,1.3156366596037772,1.2792655189575337,-3.051784789354084e-05,0.0708485262204209,0.0727423274004781,-1,0,0
2018-04-18,1.3027883396375337,1.3105780952737291,1.3015740179230268,1.3093637735592225,7270.0,0.005047200471197,0.0050345060511698,1.303849727894698,1.3119517430955177,1.3242718495697063,53.40514005550724,1.302138288254622,1.3166350749835836,1.2876415015256604,0.0222661246654424,0.0066940316753969,0.0051124307931635,1.3156366596037772,1.2792655189575337,0.0094159792659826,0.0730310404481565,0.996839567235313,-1,0,0
2018-04-19,1.3093637735592225,1.3209561889756904,1.306153272765311,1.317745688181779,1976.0,0.0064015171274918,0.006381114442525,1.3051731526839438,1.3121789566283124,1.3242069126404734,59.87311777124671,1.3025938419393972,1.3184582875613908,1.2867293963174036,0.0243582383260364,0.0074598865370588,0.0056610972845238,1.3209561889756904,1.2792655189575337,0.0196996906218405,0.0759984252033611,1.9101639733790827,0,0,0
2018-04-20,1.317745688181779,1.3189907598708253,1.3136619036323762,1.3149069753214224,4715.0,-0.0021542190468279,-0.0021565427144045,1.3061001834113228,1.3122859377535323,1.3241143759507317,56.98791596555852,1.3026371970301338,1.3186375064844358,1.2866368875758318,0.0245660257372979,0.0076850926022116,0.0058445903371476,1.3209561889756904,1.2792655189575337,0.0262948244521972,0.0751298488967232,1.5336926234248052,0,0,0
2018-04-23,1.3149069753214224,1.3174831452442888,1.3139474246041671,1.3165235945270335,3992.0,0.0012294551903306,0.0012287000291926,1.3070928892318667,1.3124521203721011,1.3240388457873118,58.22260234606957,1.3028384081385849,1.319450432018259,1.2862263842589108,0.0255012805516047,0.0075805847371477,0.005758031810946,1.3209561889756904,1.2792655189575337,0.0149341627321497,0.0750980028019167,1.647624213349878,0,0,0
2018-04-24,1.3165235945270335,1.317900476794106,1.3152093077883464,1.316586190055419,3736.0,4.754607410428768e-05,4.754494382553305e-05,1.3079970131198242,1.3126142407518393,1.323964690008885,58.27254921688086,1.3035364124507616,1.321247658278492,1.2858251666230311,0.0271741481995608,0.007165195736556,0.0054422534511428,1.3209561889756904,1.2792655189575337,0.0144254967479739,0.0694142076096536,1.4736148695113738,0,0,0
2018-04-25,1.316586190055419,1.3183009228187783,1.3128642607631638,1.3145789935265233,7606.0,-0.0015245462424386,-0.0015257095455512,1.308623868396653,1.3126912898802583,1.323871299994135,55.96212172596318,1.3043009775831718,1.322551946420553,1.2860500087457905,0.0279858240560392,0.0068846131453819,0.0052371239608151,1.3209561889756904,1.2792655189575337,0.0115247655943624,0.0688941002144483,1.1262981198346282,0,0,0
2018-04-26,1.3145789935265233,1.3310298982589777,1.3125758124979938,1.3290267172304482,4019.0,0.010990380779756,0.0109304254329875,1.3105669968570142,1.3133318948743835,1.3239225976780788,66.31496323625981,1.3056128940343013,1.3269219809550508,1.2843038071135515,0.0326422740126365,0.0072997521141711,0.0054925548294341,1.3310298982589777,1.2792655189575337,0.0202477644127441,0.0779472100054265,2.197543544050018,0,0,0
2018-04-27,1.3290267172304482,1.3342811196473732,1.3278326454998084,1.3330870479167334,3846.0,0.0030551159232874,0.0030504585401209,1.3127117636246064,1.3141066067583973,1.3240137862376675,68.55247973117174,1.3069918366632216,1.3315881784746324,1.2823954948518108,0.0376380955434362,0.0063433384382224,0.0047583827688787,1.3342811196473732,1.2792655189575337,0.0218122310218551,0.0782000262139748,2.1218774282446904,0,0,0
2018-04-30,1.3330870479167334,1.3369888953203306,1.3313497061485744,1.3352515535521716,8392.0,0.0016236791429493,0.0016223624010879,1.3148584102843746,1.3149358203581534,1.3241256048179113,69.70764534236415,1.3084507553287188,1.3360907490086094,1.2808107616488282,0.0422484278713976,0.0065138047108887,0.0048783352421946,1.3369888953203306,1.2792655189575337,0.0241429207562646,0.0781881417783591,1.939276725880853,0,-1,0
2018-05-01,1.3352515535521716,1.3483004772474594,1.3333603808699108,1.3464093045651986,1413.0,0.0083562913544972,0.0083215708409534,1.3178632573587388,1.3161700746407827,1.3243473331736058,74.8385715356172,1.310629815599614,1.3428890454164577,1.27837058578277,0.0492270653892994,0.0073295541478143,0.0054437785916677,1.3483004772474594,1.2792655189575337,0.033482771990269,0.0809848070411024,2.21824818315426,0,-1,0
2018-05-02,1.3464093045651986,1.3479199046262131,1.3381151036938657,1.3396257037548802,4090.0,-0.0050382902044108,-0.0050510251815175,1.3199358713012286,1.3170899032334924,1.3244993567614791,67.3675221156752,1.3127536089081748,1.3468184598376904,1.2786887579786592,0.0518983161780793,0.0076512464105486,0.005711480743541,1.3483004772474594,1.2792655189575337,0.0231119348241912,0.0816877157318691,1.5777021835385114,0,-1,0
2018-05-03,1.3396257037548802,1.3404155574657244,1.335994249523935,1.3367841032347791,8216.0,-0.0021211899056103,-0.0021234428153816,1.3215404648187097,1.3178622248021703,1.3246215930447955,64.46441161605381,1.3149784133644384,1.3492270270644922,1.2807297996643847,0.0520900014053111,0.0075084065470408,0.0056167682790899,1.3483004772474594,1.2792655189575337,0.0144477156888058,0.0804634056463176,1.2733764970058632,0,-1,0
2018-05-04,1.3367841032347791,1.3394240941006574,1.3348002333063365,1.3374402241722148,5059.0,0.0004908204218228,0.0004907000088787,1.3230547276142814,1.3186299894833484,1.3247491416132275,64.84116144983034,1.3177895453796225,1.3495063378409318,1.2860727529183131,0.0481363546592297,0.0076016563344404,0.0056837353902267,1.3483004772474594,1.2792655189575337,0.0171367627320435,0.0709922064514601,1.239134052824782,0,-1,0
2018-05-07,1.3374402241722148,1.3404265575963443,1.3363380148916533,1.339324348315783,8978.0,0.0014087539087845,0.0014077625459451,1.3246042153001387,1.3194415329669733,1.3248941685455913,65.95731430658238,1.3198981768125426,1.35144492489992,1.2883514287251654,0.0478017905344188,0.0078014113808592,0.005824885802061,1.3483004772474594,1.2958814587392615,0.0173189101080568,0.0597137347476422,1.2315799682068302,0,-1,0
2018-05-08,1.339324348315783,1.34068168039446,1.329821259775446,1.3311785918541228,8463.0,-0.006081989379125,-0.0061005600124127,1.3252303464005182,1.3199018097860773,1.3249567001208005,57.46375459862808,1.3215639134464705,1.3516984548612694,1.2914293720316712,0.0456043648107976,0.0079340073285957,0.0059601374129259,1.3483004772474594,1.2969728235156273,0.0110835142499023,0.0656199102622079,0.6381167893220875,0,-1,0
2018-05-09,1.3311785918541228,1.3317144280781457,1.328851555422654,1.3293873916466767,2862.0,-0.0013455746797664,-0.0013464807782825,1.325626255471581,1.320273793388454,1.325000786603645,55.763271125961815,1.3230532134229904,1.3515152822326582,1.2945911446133227,0.043024828511668,0.0070811470746752,0.0053266242174179,1.3483004772474594,1.2984756152955033,0.0112647457422303,0.0662744704943788,0.4450961218627086,0,-1,0
2018-05-10,1.3293873916466767,1.3313696863777271,1.3245458258986875,1.326528120629738,7672.0,-0.0021508185160362,-0.0021531348481166,1.3257121473914055,1.320519061123406,1.3250159839571385,53.06383577300354,1.3242470720680373,1.3510612122095125,1.297432931926562,0.0404971862231122,0.0071879330918602,0.00541860589314,1.3483004772474594,1.3004300176530263,-0.0018800198433309,0.067107736744276,0.1701377370048414,0,-1,0
2018-05-11,1.326528120629738,1.3287679817789646,1.3239396391079468,1.3261795002571737,1128.0,-0.0002628066206383,-0.0002628411603499,1.3257566571881454,1.3207410391286518,1.325027561233756,52.72867462563939,1.3253245394004884,1.350501525974681,1.3001475528262956,0.0379936926023896,0.0072802632369242,0.0054896514653653,1.3483004772474594,1.3015740179230268,-0.0051816178623553,0.0671937056377665,0.0679160593080171,0,-1,0
2018-05-14,1.3261795002571737,1.3352768786914135,1.3253424698467309,1.3344398482809707,5945.0,0.0062286802217914,0.0062093621689549,1.3265836277684144,1.3212782473307036,1.3251212158312409,59.28993262751985,1.3268578005109912,1.3501753132444707,1.3035402877775115,0.0351469655972171,0.007797637511133,0.0058433787938647,1.3483004772474594,1.3015740179230268,-0.0006079043825424,0.0695789003109631,0.6503307498224807,0,-1,0
2018-05-15,1.3344398482809707,1.3398045114134844,1.331976977008117,1.3373416401406306,2947.0,0.0021745392745862,0.0021721783860016,1.3276082003752925,1.321908184303642,1.3252428120930255,61.3209681866786,1.328585465536146,1.34937757344285,1.307793357629442,0.0312996166916719,0.007968414107544,0.0059583982644151,1.3483004772474594,1.3015740179230268,-0.0067347012485896,0.0692785445257073,0.842259442262837,0,-1,0
2018-05-16,1.3373416401406306,1.3393519983144893,1.3252867677233262,1.3272971258971848,4814.0,-0.0075108064700576,-0.0075391546111081,1.32757857423452,1.3221195153465262,1.3252632530264006,51.70495155587319,1.3294821331530442,1.348230252713401,1.3107340135926877,0.0282036427460563,0.0076549244525568,0.0057673028165283,1.3483004772474594,1.306153272765311,-0.009203001870701,0.0744618093583184,-0.2330908173297102,0,-1,0
2018-05-17,1.3272971258971848,1.328743851712728,1.322079323530371,1.323526049345914,4796.0,-0.0028411698313004,-0.0028452136155069,1.3271926194832242,1.3221746735425806,1.3252459674176398,48.62217747000826,1.3297711512112511,1.3479263134667083,1.3116159889557937,0.0273056942751696,0.0076703568836133,0.0057953954796764,1.3483004772474594,1.3125758124979938,-0.0099178721955048,0.0722553065357581,-0.6879698211961535,0,0,0
2018-05-18,1.323526049345914,1.3250355194600476,1.3198181850464934,1.321327655160627,6259.0,-0.0016610131597889,-0.0016623941716118,1.3266340514525008,1.322141457135445,1.325206979235978,46.867854543582425,1.330092185203211,1.347345314577161,1.312839055829261,0.0259427573004107,0.0076402244008846,0.005782233022252,1.3483004772474594,1.3125758124979938,-0.0120473189906938,0.0720605219264923,-1.0159930819063367,0,0,0
2018-05-21,1.321327655160627,1.3221572695627777,1.3162416845984473,1.3170712990005975,2131.0,-0.0032212722888267,-0.0032264717553402,1.325723313123748,1.3219426274046668,1.325126027193835,43.58867019359009,1.330119570426889,1.3472835263764145,1.3129556144773638,0.0258081398562036,0.0069956164427976,0.0053114941067396,1.3483004772474594,1.3125758124979938,-0.0166151308629376,0.0729867926188223,-1.5204270466159255,0,0,0
2018-05-22,1.3170712990005975,1.3176496283686865,1.311579034174654,1.3121573635427426,5145.0,-0.0037309562979497,-0.0037379336756658,1.324431317925557,1.3215588915669445,1.324996985764471,40.100359234361214,1.3298981291012557,1.347891486588383,1.311904771614128,0.0270597530643756,0.0067288873900608,0.0051281100704973,1.3483004772474594,1.311579034174654,-0.0142890130804211,0.0741976165724297,-1.971923869261712,0,0,0
2018-05-23,1.3121573635427426,1.3141566880803028,1.3109671067676385,1.3129664313051987,8121.0,0.0006165935465787,0.0006164035308821,1.3233394239617131,1.3212219323409935,1.324877278754926,40.9384414182589,1.3298175009901894,1.3481118245132304,1.3115231774671483,0.0275140363386991,0.0066409069165519,0.0050579411310236,1.3483004772474594,1.3109671067676385,-0.0123522762775248,0.0740637685066759,-1.842218397828952,0,0,0
2018-05-24,1.3129664313051987,1.317231337741358,1.312590653198064,1.3168555596342233,6081.0,0.0029620927361855,0.0029577143834237,1.322721913073381,1.3210507020387672,1.3247974606542223,44.92731867191063,1.329208943110378,1.3484017078021284,1.3100161784186275,0.0288784766175872,0.0066421086129071,0.0050439158374758,1.3483004772474594,1.3109671067676385,-0.0072916366001519,0.0628184792041451,-1.287295882022092,0,0,0
2018-05-25,1.3168555596342233,1.3173399848578553,1.310580065888867,1.3110644911124991,5635.0,-0.0043976489899414,-0.0044073470912686,1.3216116824104398,1.3206590859240117,1.324660814191121,40.53706893354818,1.3281078152701664,1.348829796070836,1.3073858344694969,0.0312052689735196,0.006832921203214,0.005211735387186,1.3483004772474594,1.310580065888867,-0.011397408225465,0.062869569063278,-1.6449512545747091,0,0,0
2018-05-28,1.3110644911124991,1.3123916959021933,1.303720948148226,1.30504815293792,1256.0,-0.0045888956762712,-0.0045994569802357,1.320034203413057,1.3200468924735766,1.3244656633328802,36.54195869542056,1.326597645239454,1.349423093084224,1.303772197394684,0.0344120132078931,0.0066765159985678,0.0051159154423058,1.3483004772474594,1.303720948148226,-0.0220254928544835,0.063524341125333,-1.888198860156996,0,0,0
2018-05-29,1.30504815293792,1.306540641222158,1.2983111866275536,1.2998036749117914,3700.0,-0.0040186088262891,-0.0040267051326099,1.3181074864129363,1.3192530408044871,1.3242202704132675,33.447434063258896,1.3242673637567832,1.3480716793502734,1.300463048163293,0.0359509208562842,0.007059843279933,0.0054314689335003,1.3479199046262131,1.2983111866275536,-0.0280690917729083,0.0533762671671316,-2.055399471487592,0,0,0
2018-05-30,1.2998036749117914,1.3010537504773372,1.2974257817516472,1.298675857317193,5929.0,-0.0008676830327278,-0.0008680596875442,1.3162568550704845,1.3184460924324366,1.3239660971486302,32.8040782353434,1.3222198714348992,1.3474629755160277,1.2969767673537709,0.038182914394917,0.0068315652975509,0.0052604083298072,1.34068168039446,1.2974257817516472,-0.0215635730851487,0.0520086429109955,-1.8653818517752985,0,0,0
2018-05-31,1.298675857317193,1.299426229064797,1.296556396708784,1.297306768456388,6180.0,-0.00105421907483,-0.0010547751546132,1.314452084916761,1.3176170993353369,1.3237008301964688,31.99942626398665,1.3202460046959794,1.3468320746392206,1.2936599347527382,0.0402744183260957,0.006691671703622,0.0051581259470219,1.34068168039446,1.296556396708784,-0.0198101736663842,0.0519900196753065,-1.7256583081715091,0,0,0
2018-06-01,1.297306768456388,1.2997454903188717,1.296067201698707,1.2985059235611909,9275.0,0.0009243419782889,0.0009239150373152,1.3129334028828972,1.3168676414618408,1.323450134608058,33.53718214958471,1.3182992896654284,1.3452830537995757,1.2913155255312811,0.0409372353390184,0.0062448059732993,0.0048092240936204,1.34068168039446,1.296067201698707,-0.0172718186214471,0.0522315899672118,-1.4670574502383624,0,0,0
2018-06-04,1.2985059235611909,1.2998827145721132,1.29617727499905,1.2975540660099727,7574.0,-0.0007330405922273,-0.0007333093978539,1.311468704133095,1.3161102463460812,1.323192462283699,32.90116707838425,1.3162107755501378,1.3428058290735732,1.2896157220267024,0.0404115420075016,0.0059503706281347,0.0045858363701424,1.34068168039446,1.296067201698707,-0.0148186609224837,0.0512087203107674,-1.4030210184555492,0,0,0
2018-06-05,1.2975540660099727,1.3035545358778262,1.2963564605454532,1.3023569304133067,7323.0,0.0037014753597921,0.0036946417576213,1.310600916159782,1.3155709006232272,1.3229851435586204,39.16980381933449,1.314769692478097,1.3410716605187245,1.2884677244374694,0.0400100005211608,0.0054598595382211,0.004192291230399,1.3398045114134844,1.296067201698707,-0.0074689464859423,0.0515702258226776,-0.9438656488074804,0,0,0
2018-06-06,1.3023569304133067,1.303643467675094,1.2966729831740091,1.2979595204357963,8084.0,-0.0033765013836221,-0.0033822146285637,1.3093969737098787,1.314880258262936,1.322736132383269,35.86594325811443,1.313198298917553,1.3395782691262856,1.2868183287088204,0.0401766743537166,0.0054817135609873,0.0042233316792089,1.3398045114134844,1.296067201698707,-0.011429774982506,0.0522043105623268,-1.155329468621775,0,0,0
2018-06-07,1.2979595204357963,1.2991900918489576,1.2905532236281605,1.2917837950413218,4602.0,-0.0047580261920656,-0.0047693816326619,1.307719528122397,1.3139745146071864,1.3224281489271303,31.80819548794541,1.311461082638132,1.3387068523933052,1.284215312882959,0.0415502527918946,0.0057259659757904,0.0044326039680713,1.3398045114134844,1.2905532236281605,-0.0190391151174283,0.0536410485837835,-1.444428824997627,0,0,0
2018-06-08,1.2917837950413218,1.2943916980174894,1.286692114047303,1.289300017023471,4138.0,-0.0019227505619633,-0.0019246014196974,1.3059652889701183,1.3130068872509624,1.32209851577386,30.3223451631136,1.3096171084764472,1.3376492443702883,1.281584972582606,0.0428096666001141,0.0058533944762087,0.0045399785921992,1.3398045114134844,1.286692114047303,-0.0166006128886612,0.0535303362691932,-1.4495571461210013,0,0,0
2018-06-11,1.289300017023471,1.2948018919303634,1.2860575395623772,1.2915594144692697,3695.0,0.0017524217916438,0.0017508880921068,1.3045933009224184,1.3121658098869744,1.3217946441190882,33.371373295313944,1.307473086785862,1.334031972203269,1.280914201368455,0.0406262823852019,0.0060443772029197,0.004679906425678,1.3398045114134844,1.2860575395623772,-0.0103358166810049,0.047028694063365,-1.198368987740895,0,0,0
2018-06-12,1.2915594144692697,1.2925051664069698,1.2859229390743334,1.2868686910120335,4812.0,-0.003631829403035,-0.0036384405072304,1.302905242835715,1.311173766009526,1.321447122197625,30.397405239486417,1.304949439329432,1.3290350895252256,1.2808637891336383,0.0369143040640261,0.0062867090614891,0.0048852762565426,1.3393519983144893,1.2859229390743334,-0.0099514904823112,0.0452867384879093,-1.501370996457988,0,0,0
2018-06-13,1.2868686910120335,1.288632771801032,1.2853757232009022,1.287139803989901,3241.0,0.0002106764891871,0.000210654300012,1.3014037724694472,1.310231257695031,1.3211057558472994,30.7813603399016,1.302941573234068,1.325849611728014,1.280033534740122,0.0351635698246779,0.0061878779226917,0.0048074637296666,1.328743851712728,1.2853757232009022,-0.0088829350775208,0.0407008456208332,-1.379582913512504,0,0,0
2018-06-14,1.287139803989901,1.2877727105820058,1.2818534200802802,1.2824863266723854,3877.0,-0.00361536276253,-0.0036219139812703,1.2996021109649651,1.309143221184339,1.320721482920186,27.933061661435502,1.3008895871003914,1.323382533805547,1.2783966403952358,0.0345808697804877,0.0061278330321729,0.0047780883934042,1.3250355194600476,1.2818534200802802,-0.0114240071387562,0.0411217800815526,-1.6363583366147223,0,0,0
2018-06-15,1.2824863266723854,1.2877691261321311,1.2811561499432744,1.2864389494030202,2098.0,0.0030819999000617,0.0030772602742236,1.2983484765304942,1.3082528575850716,1.3203803631836968,33.55698624766846,1.299145151812511,1.3203381263628735,1.2779521772621485,0.0326260303104622,0.0059808493489507,0.0046491513271781,1.3221572695627777,1.2811561499432744,-0.0092929681253023,0.044306500548398,-1.199095707806013,0,0,0
2018-06-18,1.2864389494030202,1.2891925944892284,1.2863528732145382,1.2891065183007464,1950.0,0.0020736070677618,0.0020714601120754,1.297468290032423,1.3075020207503922,1.320069180647548,37.12321120197056,1.2977469127775187,1.317608281102054,1.2778855444529835,0.0306090010756052,0.0055958683975283,0.004340889071684,1.3176496283686865,1.2811561499432744,-0.0065103627898934,0.045289647872237,-0.8700704136379819,0,0,0
2018-06-19,1.2891065183007464,1.2952871753443396,1.2880020439060398,1.294182700949633,5474.0,0.003937752681274,0.0039300200260598,1.297155376786443,1.3069796944836958,1.3198116037351308,43.35389540404303,1.296848179647863,1.315557250685106,1.2781391086106202,0.0288531399910249,0.0058570943055719,0.0045257090063668,1.3173399848578553,1.2811561499432744,-0.0062764893960979,0.0474401369609484,-0.2849397164534886,0,0,0
2018-06-20,1.294182700949633,1.2980341269983675,1.293531057266713,1.2973824833154477,1674.0,0.0024724348142395,0.0024693833759041,1.2971770059796817,1.3066033332614115,1.3195884284075718,46.92423504763715,1.2960689822483755,1.3131815127929578,1.2789564517037932,0.0264068205920583,0.0059737541181177,0.0046044664506737,1.3173399848578553,1.2811561499432744,-0.0004445725088214,0.0485597300971555,0.1535133642157671,0,0,0
2018-06-21,1.2973824833154477,1.2985723201484949,1.2969678442634769,1.298157681096524,2105.0,0.0005975090546121,0.0005973306171521,1.2972704036098572,1.3062721312157295,1.3193751871407953,47.78291022685521,1.2951340883214906,1.3092448096142293,1.281023367028752,0.0217903635152193,0.0058256246370358,0.0044876094189998,1.3173399848578553,1.2811561499432744,0.0049341740310329,0.0469632520269984,0.4285525470039873,0,0,0
2018-06-22,1.298157681096524,1.3098752177616455,1.297852275805604,1.309569812470726,3139.0,0.0087910209525261,0.0087526049078331,1.298441775882321,1.306401452049259,1.31927762122368,58.44211897929339,1.295059354389402,1.3088264766172495,1.2812922321615543,0.0212609903649372,0.0064197319501057,0.0049021685510555,1.3123916959021933,1.2811561499432744,0.0157215505930503,0.0557432285223989,2.1079871074250924,0,0,0
2018-06-25,1.309569812470726,1.3200367223190097,1.3071560949103278,1.3176230047586113,4946.0,0.0061494944455779,0.0061306634658472,1.300268559584825,1.306841512939822,1.3192611573782569,64.02322779661232,1.2956880969804363,1.312242445973017,1.2791337479878555,0.0255529845973891,0.0068256285269848,0.0051802590743589,1.3200367223190097,1.2811561499432744,0.0201799390700516,0.057163666169273,2.650047765454917,0,0,0
2018-06-26,1.3176230047586113,1.3177941431769948,1.3131777203106323,1.313348858729016,6135.0,-0.0032438307574771,-0.0032491033818904,1.301514302360462,1.307096702970771,1.3192023285359755,59.45916246089173,1.2963653561712978,1.3146468490206114,1.2780838633219842,0.0282042292510907,0.0066574812673618,0.0050690882495642,1.3200367223190097,1.2811561499432744,0.0205772103260648,0.0564152014005844,1.8579995296561027,0,0,0
2018-06-27,1.313348858729016,1.3147141483369338,1.3089432740660591,1.310308563673977,2416.0,-0.0023149181078826,-0.0023176016730948,1.3023518510569871,1.3072226582924655,1.3191138333632195,56.3802835883575,1.2969469914891367,1.3162496789805394,1.277644303997734,0.0297663476118473,0.0064527674137959,0.0049246166839534,1.3200367223190097,1.2811561499432744,0.0180001889555878,0.0571183874609247,1.3844261003336005,0,0,0
2018-06-28,1.310308563673977,1.310593573665067,1.303552770386326,1.3038377803774155,2630.0,-0.0049383660276308,-0.0049506000511522,1.3024933681351232,1.3070899179820716,1.318961832835998,50.39866577046767,1.2972735420851882,1.3168212764379923,1.277725807732384,0.0301366423019528,0.0064057116501213,0.0049129667405918,1.3200367223190097,1.2811561499432744,0.0166484844796981,0.0600649803388702,0.671611162066543,0,0,0
2018-06-29,1.3038377803774155,1.3040358280241318,1.3038046570757038,1.30400270472242,6590.0,0.0001264914604302,0.0001264834610599,1.3026371144767706,1.3069688507954187,1.318812985790092,50.54268964668569,1.2975483811432498,1.317322331298874,1.2777744309876256,0.0304789408132923,0.0057976272630099,0.0044460239553292,1.3200367223190097,1.2811561499432744,0.0136530033761417,0.060014315805701,0.6528107462973757,0,0,0
2018-07-02,1.30400270472242,1.3171653269278798,1.3026247143157328,1.3157873365211927,6851.0,0.0090372755793335,0.0089966837806026,1.3038895165762394,1.307314673765057,1.3187828798272172,59.57514018931235,1.2984600446688108,1.3198503036465024,1.2770697856911193,0.0329471192671891,0.0063660833544036,0.0048382312078142,1.3200367223190097,1.2811561499432744,0.0206971401057036,0.067513091182402,1.620110525118284,0,0,0
2018-07-03,1.3157873365211927,1.3215849759050051,1.313747007593191,1.3195446469770036,1026.0,0.002855560584543,0.0028514912164611,1.3053804813763124,1.3077942805576823,1.318790459599852,61.96050902628989,1.2993194304969955,1.3226609857459304,1.2759778752480606,0.0359288943135509,0.0066932919052382,0.0050724254920605,1.3215849759050051,1.2811561499432744,0.019596882270765,0.0670807727352332,1.732979337864038,0,0,0
2018-07-04,1.3195446469770036,1.3216636384406364,1.310366251702998,1.3124852431666307,4533.0,-0.0053498787074355,-0.0053642405541881,1.3060571253563429,1.3079782398756803,1.3187277211278798,55.35183040116026,1.3000457166335373,1.324102112625895,1.2759893206411796,0.0370085385222476,0.0070774416363748,0.0053923971132042,1.3216636384406364,1.2811561499432744,0.0116409463249329,0.0689957624580955,1.0341970207877564,0,0,0
2018-07-05,1.3124852431666307,1.3219915187575373,1.311012711377339,1.3205189869682457,7442.0,0.0061210164788076,0.0061023591532634,1.3074344455098572,1.3084700338793105,1.31874554466858,60.51342359500517,1.3014824762298836,1.3268574878947752,1.276107464564992,0.038994012026036,0.0073892867214706,0.005595744396251,1.3219915187575373,1.2811561499432744,0.0172254158314832,0.0686686508983494,1.5004139497362845,0,0,0
2018-07-06,1.3205189869682457,1.321274771438165,1.3131903958683666,1.313946180338286,9822.0,-0.0049774419715464,-0.0049898706951558,1.3080546107316122,1.3086847847208392,1.318697789799622,54.91940976055346,1.3027147843956242,1.3279923726391647,1.2774371961520836,0.0388075556465995,0.0077639048854069,0.0059088454318639,1.3219915187575373,1.2811561499432744,0.0033418362472048,0.0712647154799409,0.888644583846472,0,0,0
2018-07-09,1.313946180338286,1.3149049565225002,1.3079902828736256,1.30894905905784,7539.0,-0.0038031400031617,-0.0038103903286098,1.308139796286491,1.3086951484203293,1.3186007875036838,51.05516014551805,1.3035842666250528,1.3284389903553584,1.2787295428947472,0.0381328992174075,0.0077374436147337,0.0059111877281939,1.3219915187575373,1.2811561499432744,-0.0065830253945516,0.0731457249323823,0.4316919786354925,0,0,0
2018-07-10,1.30894905905784,1.311700331777684,1.3071550782503785,1.3099063509702225,8937.0,0.0007313439020091,0.0007310766003759,1.308308039589703,1.3087426465595409,1.3185142756973809,51.7554800720564,1.3047361496229624,1.32843766513834,1.281034634107585,0.0363315073660323,0.0077404567429945,0.0059091680388153,1.3219915187575373,1.2811561499432744,-0.0026211678153242,0.0713528954974496,0.4362760131440236,0,0,0
2018-07-11,1.3099063509702225,1.3145396319006375,1.308566588034927,1.3131998689653426,3710.0,0.0025143156170521,0.0025111600138891,1.308773928101669,1.308917439595063,1.3184613960284055,54.18434734777857,1.3060391528717343,1.3285004203306483,1.28357788541282,0.0343960093532052,0.0080524973130439,0.006131966278209,1.3219915187575373,1.2811561499432744,0.0022065835265996,0.0715272791352734,0.6376057011659281,0,0,0
2018-07-12,1.3131998689653426,1.3156926644613656,1.3124527563190589,1.314945551815082,7714.0,0.0013293352299179,0.0013284524460983,1.3093617017886607,1.3091538361527104,1.318426412503895,55.46418587058933,1.3076621141288691,1.3274946965742835,1.2878295316834547,0.0303328852784365,0.00742513775492,0.0056467263946182,1.3219915187575373,1.2811561499432744,0.0085192894429326,0.069406272870345,0.7344921122863455,0,0,0
2018-07-13,1.314945551815082,1.3211222339814683,1.3143359272104278,1.3205126093768145,2547.0,0.0042336791466748,0.0042247423419464,1.3104236929875324,1.3095992782399302,1.318447170681735,59.362798972041375,1.3093657971275587,1.3272836540987696,1.291447940156348,0.0273687567072828,0.0069898291379456,0.0052932695139082,1.3219915187575373,1.2863528732145382,0.0126609435659941,0.0699258000881603,1.2442126608294053,0,0,0
2018-07-16,1.3205126093768145,1.3240851337498352,1.3183529213614928,1.3219254457345138,8018.0,0.001069915082724,0.001069343131505,1.3115190980110545,1.310082657357365,1.3184817803837527,60.31232576843405,1.3110067434992472,1.3270227742003988,1.2949907127980955,0.0244331782129553,0.0070695283895156,0.0053479024950515,1.3240851337498352,1.2880020439060398,0.0046649705791739,0.0698725337544642,1.3634716914574088,0,0,0
2018-07-17,1.3219254457345138,1.3261418134446423,1.3207769198746349,1.3249932875847634,8606.0,0.0023207374214246,0.0023180486694564,1.3128023541609315,1.310667387954518,1.3185465715001807,62.36850378948681,1.312547272831004,1.3276507634178003,1.2974437822442075,0.0230140138940977,0.0070405297680251,0.0053136342908263,1.3261418134446423,1.293531057266713,0.0041291824571774,0.0692860587470215,1.648097793319368,0,0,0
2018-07-18,1.3249932875847634,1.325940624986114,1.320157759569672,1.3211050969710223,1800.0,-0.0029344983481602,-0.0029388124302829,1.3135930915714165,1.3110767098767335,1.318572029465065,58.24946158322565,1.3137334035137824,1.3274882164557742,1.2999785905717909,0.020940036852534,0.0069506770635752,0.0052612597434613,1.3261418134446423,1.2969678442634769,0.0065675815017887,0.070600482314805,1.071871131701871,0,0,0
2018-07-19,1.3211050969710223,1.3221492667079626,1.3103932543809171,1.3114374241178572,3170.0,-0.0073178681055208,-0.0073447750503384,1.3133877899091728,1.3110908555332483,1.318501038367083,49.49633788601873,1.3143973906648492,1.3261180560798551,1.302676725249843,0.0178342797973413,0.0077738800191907,0.0059277552067876,1.3261418134446423,1.297852275805604,-0.0068772679075509,0.0764243717676872,-0.5050850684982835,0,0,0
2018-07-20,1.3114374241178572,1.3148257941560642,1.3093124022822775,1.3127007723204844,1663.0,0.0009633309065257,0.0009628672010853,1.3133223596626311,1.3111539895249047,1.3184433242770672,50.54224084155214,1.314553938657337,1.3260852173696231,1.303022659945051,0.0175440175913419,0.0071290785378793,0.0054308481324933,1.3261418134446423,1.3026247143157328,-0.0009478379224641,0.0699666391459645,-0.3214155833174272,0,0,0
2018-07-23,1.3127007723204844,1.3146910942539802,1.307647802259539,1.3096381241930348,5978.0,-0.0023330893011023,-0.0023358151946064,1.312971480094098,1.3110945438256156,1.318355710345883,47.94977064088391,1.314154694629058,1.3257910034645692,1.302518385793547,0.0177091918981359,0.0070723159437812,0.0054002062196677,1.3261418134446423,1.3026247143157328,0.0005264262428141,0.0666872433005403,-0.7762891995853137,0,0,0
2018-07-24,1.3096381241930348,1.3101562513947165,1.306176301702048,1.3066944289037297,7310.0,-0.0022477165523254,-0.0022502464588947,1.3123736656950156,1.310921990299267,1.3182396776947174,45.53231007634457,1.3138219731377938,1.325926427447352,1.3017175188282355,0.0184263234396199,0.0065496418691405,0.0050123745263347,1.3261418134446423,1.3026247143157328,-0.002452024195557,0.0661950623208936,-1.1776729543992497,0,0,0
2018-07-25,1.3066944289037297,1.314091832168526,1.306012175030456,1.3134095782952522,6899.0,0.0051390357554033,0.0051258759776127,1.3124723240378953,1.3110195427696978,1.3181916170041754,51.535032967546655,1.3139770238688575,1.325970924301025,1.3019831234366903,0.0182558754290124,0.0063425597089885,0.0048290798345028,1.3261418134446423,1.3026247143157328,0.0001596933832126,0.0683573065189305,-0.0946223585588022,0,0,0
2018-07-26,1.3134095782952522,1.3152296797079632,1.31080799699984,1.3126280984125511,3209.0,-0.0005950009011777,-0.0005951779844605,1.3124871596926244,1.3110826233831432,1.318136258610229,50.83292923411695,1.3144165397706145,1.3254519534131086,1.3033811261281203,0.0167913493304337,0.0060809387902974,0.0046326440807198,1.3261418134446423,1.3026247143157328,-0.0017623949518912,0.0657785637783768,-0.3241276523023237,0,0,0
2018-07-27,1.3126280984125511,1.32713279570983,1.309663527966439,1.324168225263718,4287.0,0.0087916195494541,0.0087531982881646,1.3135996421279668,1.311595784241205,1.3181962781789205,59.58844525252211,1.3154248157976791,1.3261341003219138,1.3047155312734449,0.0162826250434393,0.0068348383684771,0.0051616088032288,1.32713279570983,1.3026247143157328,0.0027683309200878,0.0722692822233851,1.632865285491808,0,0,0
2018-07-30,1.324168225263718,1.3257346441341402,1.31730809979679,1.3188745186672122,8733.0,-0.0039977598733359,-0.0040057722769114,1.3141020113221806,1.3118812248069307,1.3182030268404956,54.77023258963196,1.3155791749049803,1.3263988857220397,1.3047594640879212,0.0164485893718112,0.0071120734263375,0.005392532288458,1.32713279570983,1.306012175030456,-0.0023079418564383,0.0671395719824419,0.609137123523885,0,0,0
2018-07-31,1.3188745186672122,1.3200473809297917,1.317273888511711,1.3184467507742903,6257.0,-0.0003243431326233,-0.0003243957432333,1.3145157960319054,1.3121386964134938,1.3182054519542648,54.38753450966367,1.3155242800948446,1.3262701672306296,1.3047783929590595,0.0163370411301117,0.0068835340372211,0.0052209420161857,1.32713279570983,1.306012175030456,-0.0049408075284713,0.0663691321233879,0.5439235760654488,0,0,0
2018-08-01,1.3184467507742903,1.3218338109818497,1.317502506649383,1.3208895668569425,5876.0,0.0018527984396921,0.001851084125855,1.315122821824766,1.312481867803433,1.3182321595652366,56.26680865075703,1.3159444962793605,1.326846170248795,1.3050428223099255,0.0165685923688387,0.0069614909079468,0.0052703050146059,1.32713279570983,1.306012175030456,-0.0001631438063288,0.0635826021904013,0.9072130741474268,0,0,0
2018-08-02,1.3208895668569425,1.3253771000369323,1.319480453889854,1.3239679870698444,1446.0,0.0023305659232568,0.0023278543666526,1.3159652185147734,1.312932303853096,1.3182892324757305,58.58265964010116,1.3161169462844402,1.327424852341825,1.3048090402270554,0.0171837405320377,0.0068979437205209,0.0052100532549788,1.32713279570983,1.306012175030456,0.0095548309980675,0.0603422743244571,1.3885932100182166,0,0,0
2018-08-03,1.3239679870698444,1.324409936826722,1.3233857618972695,1.323827711654147,9292.0,-0.0001059507609454,-0.0001059563741237,1.31671402738519,1.3133595747472548,1.3183443417212868,58.43082188213011,1.3166110228502332,1.3283739257939342,1.3048481199065325,0.017868455815046,0.0065616553306002,0.0049565780145222,1.32713279570983,1.306012175030456,0.0084763714383997,0.0572648790862418,1.2270251380044548,0,0,0
2018-08-06,1.323827711654147,1.3261169169399372,1.3182896563136035,1.320578861599394,3491.0,-0.0024541335901585,-0.0024571499119794,1.3170821068341618,1.3136426840355742,1.3183665757499246,54.88285022516514,1.317192512977311,1.3285016931953977,1.3058833327592243,0.0171716436385199,0.0067375386917664,0.0051019586089742,1.32713279570983,1.306012175030456,0.0083540156660455,0.0561469048363167,0.5988672134991984,0,0,0
2018-08-07,1.320578861599394,1.326438136598707,1.319942251407458,1.325801526406771,9754.0,0.0039548299304532,0.0039470301483418,1.3179125277458388,1.314119501383464,1.3184405553584504,59.17443342518044,1.3179872717491383,1.3293743144505847,1.3066002290476924,0.0172794425948197,0.0067884686756812,0.0051202751999234,1.32713279570983,1.306012175030456,0.0146224680234319,0.0575117442549403,1.3724818396685492,0,0,0
2018-08-08,1.325801526406771,1.326991355408207,1.3194990185378852,1.3206888475393208,7100.0,-0.0038562927901484,-0.0038637474582835,1.3181769391547418,1.314377122801341,1.3184629264249268,53.78122035555785,1.3183617206778373,1.3295771477258895,1.307146293629785,0.0170141879457571,0.0064839204287723,0.0049094988882908,1.32713279570983,1.306012175030456,0.0055422690410988,0.0591360568320671,0.4149867591332876,0,0,0
2018-08-09,1.3206888475393208,1.3221716571587891,1.3121953993338642,1.3136782089533323,4007.0,-0.0053083196689744,-0.0053224588569119,1.3177484886593696,1.3143497144151446,1.318415317295856,47.401530304433386,1.31829835353475,1.3296089664630122,1.3069877406064876,0.0171594129628322,0.0068026965681393,0.0051783583847062,1.32713279570983,1.306012175030456,0.0008000061419157,0.0622043442175466,-0.8169574205607972,0,0,0
2018-08-10,1.3136782089533323,1.3161366122061144,1.3097862207325457,1.3122446239853276,4123.0,-0.0010912755941556,-0.0010918714689153,1.3172243110713655,1.3142671618492694,1.318353917362418,46.19479365830202,1.3178849542651754,1.3294561896198984,1.3063137189104523,0.0175603117969806,0.0067532036737913,0.0051462993639719,1.32713279570983,1.306012175030456,-0.0090045970375218,0.0601902115367424,-0.9748881786499236,0,0,0
2018-08-13,1.3122446239853276,1.313933992712884,1.3065445500431547,1.308233918770711,8465.0,-0.0030563700862693,-0.0030610503241136,1.316368083233208,1.3140305640814829,1.318253220859018,42.90400521656205,1.3172003779169852,1.3293696929566117,1.3050310628773587,0.0184775456242595,0.0069967388864385,0.0053482322893852,1.32713279570983,1.306012175030456,-0.0080679395544421,0.0607178962357264,-1.4736177208128858,0,0,0
2018-08-14,1.308233918770711,1.3094486429508836,1.307223056645052,1.3084377808252246,2149.0,0.0001558299716803,0.0001558178314515,1.3156128163372094,1.313811239247904,1.31815555478903,43.12578537106188,1.3163726025790083,1.328562222943842,1.3041829822141748,0.0185200152919498,0.00657859096985,0.0050278210139277,1.32713279570983,1.306012175030456,-0.0075914859232562,0.0598577978454464,-1.3018980930161594,0,0,0
2018-08-15,1.3084377808252246,1.3138726100392553,1.3077755880159874,1.313210417230018,3005.0,0.0036475837634277,0.0036409474625186,1.3153840164222388,1.3137876776001436,1.318106349440184,48.19877212281156,1.315977868591958,1.3280327791584092,1.303922958025507,0.0183208408806287,0.0066982580637889,0.0051006738721413,1.32713279570983,1.306012175030456,-0.0058136197147781,0.0610330267140846,-0.4591409196583866,0,0,0
2018-08-16,1.313210417230018,1.314245319993612,1.3118573837387173,1.3128922865023112,2398.0,-0.0002422541913564,-0.000242283539643,1.315146708810817,1.313752564223758,1.3180544682169215,47.8921211542933,1.3160506117111808,1.3280073184943264,1.3040939049280351,0.0181705880864248,0.0056210201003249,0.0042814023344595,1.32713279570983,1.306012175030456,-0.0083655350247898,0.0551114622210773,-0.5282934952158624,0,0,0
2018-08-17,1.3128922865023112,1.3145377195596946,1.3080684148310449,1.3097138478884285,6931.0,-0.0024209439316233,-0.0024238791546807,1.3146292934848751,1.313594183191,1.317971476969872,44.823739719617286,1.315901265489578,1.328106187207258,1.303696343771898,0.0185499049780748,0.005481217271132,0.0041850494899852,1.32713279570983,1.306012175030456,-0.0106614052882177,0.0556829826091147,-1.0139217185124108,0,0,0
2018-08-20,1.3097138478884285,1.3116734076862362,1.3029228442903154,1.3048824040881233,4366.0,-0.0036889308363765,-0.0036957517214166,1.3137010183042324,1.313252544794809,1.3178412374387103,40.5688726121537,1.3156634794843325,1.3285485427759527,1.3027784161927125,0.0195871717844907,0.0059081509124063,0.004527726708473,1.32713279570983,1.3029228442903154,-0.0118860432857906,0.056601956529606,-1.67342218694738,0,0,0
2018-08-21,1.3048824040881233,1.306209604458129,1.2912755855621405,1.292602785932146,5554.0,-0.0094105170837661,-0.0094550757668205,1.3116916628402242,1.3124427503296066,1.3175901085679986,32.20214963197178,1.314958897335753,1.331051007627816,1.2988667870436907,0.0244754574833736,0.0066654876669436,0.0051566403379959,1.32713279570983,1.2912755855621405,-0.0250405055458046,0.0651451719860911,-2.7785182922384464,0,0,0
2018-08-22,1.292602785932146,1.2974437308655842,1.2920344153361858,1.296875360269624,8209.0,0.0033054039369075,0.0032999530974958,1.310280586404929,1.3118322644449014,1.3173839916695074,37.06555329880913,1.3141321864344715,1.332143796549199,1.2961205763197448,0.0274121740577656,0.0066306783371093,0.005112810791417,1.32713279570983,1.2912755855621405,-0.0180311110478942,0.0633271192789396,-1.916189175196268,0,0,0
2018-08-23,1.296875360269624,1.298938088241722,1.2953114334381788,1.297374161410277,4162.0,0.0003846176401633,0.0003845436937589,1.309051403072105,1.3112652800121711,1.3171848888808584,37.62807083312099,1.3133694895843582,1.3328788447606448,1.2938601344080716,0.0297088600443439,0.0068165697566872,0.0052541278834145,1.32713279570983,1.2912755855621405,-0.0124109903261969,0.0634288001917487,-1.639759800316041,0,0,0
2018-08-24,1.297374161410277,1.3099050264050904,1.2954935265026544,1.308024391497468,9549.0,0.008209065976475,0.0081755548660696,1.308953592445949,1.311138186344928,1.317093739653163,48.26158881564445,1.3125622978960458,1.3315184643693438,1.2936061314227478,0.0288842160157785,0.0072868725621231,0.0055708996020945,1.326991355408207,1.2912755855621405,-0.0032160409810197,0.0623114774206737,-0.4787789139718882,0,0,0
2018-08-27,1.308024391497468,1.3129353910396857,1.3078089194940556,1.3127199190362735,7541.0,0.0035897859163238,0.003583358013465,1.3093122902164562,1.311200215077922,1.31705021905001,52.13600955665366,1.3122545679144988,1.3309776689481652,1.2935314668808324,0.028535775742693,0.0071890573017218,0.0054764593707084,1.326991355408207,1.2912755855621405,0.0034290505705414,0.0626531595299757,0.0497087657581881,0,0,0
2018-08-28,1.3127199190362735,1.313331352915731,1.3124723449083695,1.3130837787878271,7717.0,0.0002771800338192,0.0002771416265306,1.309671479604206,1.3112740803214478,1.3170107519827243,52.4332660401124,1.3119864193151756,1.330488426729349,1.293484411901002,0.028204571544012,0.0067152480972246,0.0051141048314707,1.326991355408207,1.2912755855621405,0.0035507977763165,0.0626770718628187,0.1186205851167405,0,0,0
2018-08-29,1.3130837787878271,1.3132833764592022,1.3094315822676426,1.3096311799390177,7477.0,-0.0026293819972379,-0.0026328448935984,1.3096676415408546,1.3112096528554702,1.316937323405175,49.304278547952485,1.311423499969279,1.329464295113099,1.2933827048254596,0.0275133016058387,0.0062777864091271,0.0047935529523812,1.326991355408207,1.2912755855621405,-0.0027255626699568,0.0627527819994161,-0.1986963452523731,0,0,0
2018-08-30,1.3096311799390177,1.311432366967498,1.30904293919262,1.3108441262211006,9830.0,0.0009261739493249,0.0009257453148723,1.309779687700878,1.3111953184776517,1.3168766945774733,50.42359295842053,1.310767306926842,1.3278142613138533,1.2937203525398306,0.0260106493302441,0.0059948604306492,0.0045732824450541,1.326991355408207,1.2912755855621405,-0.0015600367998711,0.0621311302818064,0.0090126708284213,0,0,0
2018-08-31,1.3108441262211006,1.3117786033772962,1.3042452975820271,1.3051797747382228,7289.0,-0.0043211480065192,-0.0043305111493189,1.3093416007520535,1.3109594148015955,1.316760307315391,45.38419418505427,1.309834910081046,1.3258848497277789,1.2937849704343132,0.0245068130696558,0.0060051363681878,0.0046010032368087,1.326991355408207,1.2912755855621405,-0.0034618807440385,0.0635699070391351,-0.5800813517415122,0,0,0
2018-09-03,1.3051797747382228,1.3122635120997457,1.3028255521468275,1.3099092895083504,4257.0,0.0036236500608326,0.0036171004584935,1.3093956663478916,1.3109182334175469,1.3166921379839778,49.88760124824756,1.3093014314764937,1.324536320260868,1.2940665426921194,0.0232717820634992,0.0065203059144082,0.0049776774366227,1.326991355408207,1.2912755855621405,0.0038523666228298,0.0649923165881943,0.0797981580909402,0,0,0
2018-09-04,1.3099092895083504,1.3114668714609947,1.307838927320313,1.3093965092729574,3037.0,-0.0003914624008701,-0.0003915390422779,1.3093957466264694,1.3108585579608965,1.3166195446634703,49.41187884795262,1.308481180619803,1.3215943190695807,1.295368042170025,0.0200432969827909,0.0063439432085092,0.0048449367044912,1.326991355408207,1.2912755855621405,0.0129921763465028,0.0629303256012512,0.1396048179709381,0,0,0
2018-09-05,1.3093965092729574,1.313246297003551,1.3081620350080847,1.3120118227386783,9954.0,0.0019973426286077,0.0019953505918985,1.309644896732394,1.3109037840306137,1.3165736966841193,51.92964540673998,1.308047329379771,1.3199809807308087,1.2961136780287332,0.018246513077927,0.0065365379042643,0.0049820724104605,1.3221716571587891,1.2912755855621405,0.0116714858904463,0.0623590724246147,0.6644225212030496,0,0,0
2018-09-06,1.3120118227386783,1.3177586967524997,1.3096970300234756,1.315443904037297,7733.0,0.0026158920515324,0.0026124765609928,1.3101971831423849,1.3110818279524443,1.3165624549662407,55.08859062938596,1.308135614133969,1.3202691153177035,1.2960021129502344,0.018550830743596,0.0066502780471482,0.0050555390668789,1.3177586967524997,1.2912755855621405,0.0139279347196015,0.0602641185797987,1.204646506010138,0,0,0
2018-09-07,1.315443904037297,1.323722210699207,1.31308106401703,1.3213593706789402,7573.0,0.0044969356910529,0.0044868546868679,1.3112602486220568,1.3114848688436795,1.3166101854708447,59.9712148919842,1.30859135146865,1.3219931081246945,1.2951895948126058,0.0204827223426217,0.0067853197104522,0.0051351054535344,1.323722210699207,1.2912755855621405,0.0101947481011466,0.0620685274142501,1.9054247197559413,0,0,0
2018-09-10,1.3213593706789402,1.3224159649008735,1.320359073302687,1.3214156675246205,6392.0,4.2605249510163645e-05,4.260434193229903e-05,1.312227431374682,1.311874311929207,1.3166580012126734,60.01576667910036,1.3092504389063453,1.323823529003337,1.2946773488093537,0.0222617303213052,0.0058655249034663,0.0044388189482073,1.323722210699207,1.2912755855621405,0.0066242222443999,0.0607717705928664,1.6695468891373082,0,0,0
2018-09-11,1.3214156675246205,1.3278777034131892,1.32041005007785,1.3268720859664187,3866.0,0.0041292218458552,0.004120720005284,1.3136221603834188,1.312462459930666,1.3167596338967904,64.17735107774747,1.3101721541634048,1.3267260653742108,1.2936182429525989,0.0252698260426337,0.0060125490324621,0.004531370503648,1.3278777034131892,1.2912755855621405,0.0105007063534972,0.0620884630876356,2.017641823777875,0,0,0
2018-09-12,1.3268720859664187,1.3311210727122245,1.3246424372667889,1.3288914240125946,9798.0,0.0015218784595238,0.0015207215761096,1.3150763759671498,1.3131067330319182,1.316880348226301,65.60414763582298,1.3109562045025338,1.329483778322293,1.2924286306827746,0.0282657403140173,0.0062162619354544,0.0046777801580541,1.3311210727122245,1.2912755855621405,0.0147066169228453,0.0612054175065348,1.9360570018005672,0,0,0
2018-09-13,1.3288914240125946,1.3307265252084184,1.318500281971594,1.3203353831674178,4194.0,-0.0064384799920987,-0.0064592964032062,1.3155772337957463,1.31339020950782,1.316914726683427,55.51482842291196,1.3113283593357892,1.3303130501478542,1.2923436685237242,0.0289549000857132,0.006060172173625,0.004589873338914,1.3311210727122245,1.2912755855621405,0.0072405686965075,0.0660940035806544,0.9488723225246924,0,0,0
2018-09-14,1.3203353831674178,1.325200595511064,1.3188172144852517,1.3236824268288976,1482.0,0.0025349950506139,0.0025317873704858,1.316349156941761,1.3137938258733526,1.3169820669833816,58.22162325879432,1.3120267882828125,1.3317738631168008,1.2922797134488242,0.0301016336104438,0.0061499514222095,0.0046460928222358,1.3311210727122245,1.2912755855621405,0.0141763245560451,0.0657371860857741,1.18049266983317,0,0,0
2018-09-17,1.3236824268288976,1.3262269503843398,1.323438230344082,1.325982753899524,8066.0,0.0017378239855743,0.001736315716623,1.3172666423663095,1.3142718230508494,1.3170716260571742,60.02204218910429,1.3130818057733826,1.333466080383386,1.2926975311633793,0.0310479888158946,0.0062877879959878,0.0047419832403523,1.3311210727122245,1.2912755855621405,0.0122706698241727,0.0639051044069479,1.2657745613189944,0,0,0
2018-09-18,1.325982753899524,1.3264903822887977,1.3217338097130682,1.3222414381023415,7246.0,-0.0028215418233605,-0.0028255298758955,1.317740432436408,1.3145843569744375,1.3171230669730467,55.8094518584813,1.3145637383818924,1.3328842745706484,1.2962432021931365,0.0278731805143307,0.0063524150234285,0.0048042776760539,1.3311210727122245,1.2920344153361858,0.0098098083647073,0.0533340210210024,0.8381522943811415,0,0,0
2018-09-19,1.3222414381023415,1.3232251033306526,1.3189927704349391,1.3199764356632502,6458.0,-0.0017130021596829,-0.0017144710255691,1.3179533851246787,1.3147958110406657,1.3171514587013071,53.36746123641785,1.3157187921515738,1.3321603012835916,1.299277283019556,0.0249924364234872,0.0064840511034881,0.0049122476192009,1.3311210727122245,1.2953114334381788,0.0060705344163336,0.0536052254736985,0.5179139551593955,0,0,0
2018-09-20,1.3199764356632502,1.3212873221950088,1.31297027066811,1.3142811571998687,7113.0,-0.0043146819212115,-0.0043240170229256,1.3176036491318397,1.3147756285371048,1.3171228984873629,47.71401612163415,1.3165641419410534,1.330596317740715,1.302531966141392,0.0213163572554443,0.0065400329414617,0.0049761292746489,1.3311210727122245,1.2954935265026544,-0.0008839197428788,0.0566974088142217,-0.3253928362613259,0,0,0
2018-09-21,1.3142811571998687,1.3162771164953286,1.309337692750063,1.311333652045523,5885.0,-0.0022426747413966,-0.0022451933026415,1.3170065065521903,1.3146406490668467,1.3170652940451557,45.05394207068041,1.316729604968456,1.3304114594563663,1.3030477504805458,0.0207815703942314,0.0063615660694865,0.0048512184977204,1.3311210727122245,1.3028255521468275,-0.0075874276566152,0.0499629250844804,-0.7887750783639885,0,0,0
2018-09-24,1.311333652045523,1.311927145617117,1.305391246024317,1.3059847395959117,7180.0,-0.0040789866417808,-0.0040873283994656,1.3159568144611165,1.314301201636614,1.3169550397720289,40.62742033860313,1.316392845996438,1.33080244691921,1.301983245073666,0.0218925542881761,0.0065692771732093,0.005030133181527,1.3311210727122245,1.3028255521468275,-0.0116775730059378,0.0503359817883667,-1.444607169387762,0,0,0
2018-09-25,1.3059847395959117,1.3098498505773457,1.3051501369196996,1.3090152479011334,9405.0,0.0023204775778309,0.0023177894274616,1.3152957128839753,1.314093909333262,1.316876036867841,43.98530994427673,1.316189419452103,1.3309072941897375,1.301471544714469,0.02236437175397,0.0065418094347935,0.0049975043799395,1.3311210727122245,1.3028255521468275,-0.0134578443952111,0.0511372643983382,-0.9748923236349024,0,0,0
2018-09-26,1.3090152479011334,1.31069540211436,1.2950642310562348,1.2967443852694611,6881.0,-0.0093741174148637,-0.0094183309792114,1.313528919777831,1.313413535840564,1.3166757219265637,35.2837111957259,1.3155450797186254,1.3324393054514216,1.2986508539858292,0.0256839936437748,0.0070824883154436,0.0054617458890881,1.3311210727122245,1.2950642310562348,-0.0241908692931925,0.0602641414814851,-2.225694713273186,0,0,0
2018-09-27,1.2967443852694611,1.306601984009812,1.2951045344431111,1.3049621331834618,4893.0,0.0063372149572042,0.0063172192441225,1.312713035340272,1.3130821082853834,1.316559168804742,43.3643173491522,1.3152509800667436,1.3326859147563783,1.2978160453771088,0.02651195088066,0.0071436528071953,0.0054742222977523,1.3311210727122245,1.2950642310562348,-0.0116434431584165,0.064835113487861,-1.180256429569371,0,0,0
2018-09-28,1.3049621331834618,1.3061954140625125,1.294960124285354,1.2961934051644044,3288.0,-0.0067195267939813,-0.006742204460029,1.3111397372282847,1.3124198062022077,1.3163565243904105,37.92302811368717,1.3148016615880525,1.3337287501885595,1.2958745729875452,0.0287907889888831,0.0077992526771219,0.0060170439427075,1.3311210727122245,1.294960124285354,-0.0207670821243337,0.067358612119392,-1.966309432624444,0,0,0
2018-10-01,1.2961934051644044,1.3031163297160078,1.2944431844386606,1.301366108990264,8309.0,0.0039906882763405,0.003982746601369,1.3102089154913303,1.3119863278801709,1.31620736602822,42.5061009190544,1.3143745025621485,1.3341338133114098,1.2946151918128872,0.0300664851771605,0.0078853592444081,0.0060592935300324,1.3311210727122245,1.2944431844386606,-0.0185648303772173,0.0676567801137598,-1.3166849529274074,0,0,0
2018-10-02,1.301366108990264,1.30390903139186,1.2907356777397778,1.293278600141374,9709.0,-0.006214629989992,-0.0062340211840909,1.3085965045056205,1.311252691498257,1.3159792191039728,37.80636943148953,1.3135686071055692,1.3353899464832897,1.2917472677278488,0.0332245141360427,0.0083635534020258,0.0064669386790375,1.3311210727122245,1.2907356777397778,-0.0219043490291265,0.0708235255979716,-1.8596481740173525,0,0,0
2018-10-03,1.293278600141374,1.3008558636908478,1.29316560927205,1.300742872821524,7668.0,0.0057715891064262,0.0057549972961494,1.3078485395833257,1.3108405417462283,1.315827613668327,43.9644175515345,1.3130051596097114,1.3355651986581891,1.2904451205612335,0.0343639762317215,0.0080395542007381,0.0061807405358286,1.3311210727122245,1.2907356777397778,-0.0145711410613643,0.0738678529802874,-1.0870802804762605,0,0,0
2018-10-04,1.300742872821524,1.3037242251769032,1.2994935950190332,1.3024749473744124,9585.0,0.0013316041079904,0.0013307183095083,1.3073367688967623,1.3105124792218434,1.3156947513171435,45.31745451041653,1.312356711776567,1.3353627346601435,1.289350688892991,0.035060624412752,0.0078857862815994,0.0060544629265199,1.3311210727122245,1.2907356777397778,-0.0089830168840051,0.0733061105946596,-0.8590589040237323,-1,0,0
2018-10-05,1.3024749473744124,1.3062748837855558,1.3006683640939125,1.304468300505056,3122.0,0.0015304349113676,0.0015292649893661,1.3070635814308855,1.310275452605499,1.315583045338914,46.90633353301346,1.3115121582678728,1.3343662949422066,1.288658021593539,0.0348515818633621,0.0080870576852698,0.0061995049493642,1.3311210727122245,1.2907356777397778,-0.0052353964452586,0.0713626442572541,-0.6164186259310739,-1,0,0
2018-10-08,1.304468300505056,1.306800202952244,1.302511184355453,1.304843086802641,1815.0,0.0002873096244959,0.0002872683589895,1.306852105752005,1.3100624186524457,1.3154761800798465,47.21687624555548,1.310683529231774,1.3332253940118903,1.2881416644516577,0.0343971130747766,0.0080536609724884,0.0061721298552632,1.3311210727122245,1.2907356777397778,-0.0008741700868755,0.0713986685261108,-0.5181862712870758,-1,0,0
2018-10-09,1.304843086802641,1.305958450858704,1.2958810217223116,1.2969963857783746,5684.0,-0.0060135207854714,-0.0060316748179471,1.3059134657545164,1.3095500252064036,1.3152923015295832,41.715580412976735,1.309189744222372,1.3311671731968584,1.2872123152478854,0.0335740927875058,0.0084711678468227,0.006531373517852,1.3311210727122245,1.2907356777397778,-0.009181605899572,0.0715254726869172,-1.1096255579442371,-1,0,0
2018-10-10,1.2969963857783746,1.299839839915418,1.2960800135151809,1.298923467652224,6119.0,0.0014858035804725,0.0014847008664751,1.3052477516495362,1.309133297459181,1.3151294275606542,43.45793739308548,1.3076913464043531,1.328038964411581,1.287343728397125,0.0311199092403207,0.0081456517663469,0.006271079066013,1.3307265252084184,1.2907356777397778,0.0016804255391551,0.0715078564980257,-0.8618088612646806,-1,0,0
2018-10-11,1.298923467652224,1.3014532232876137,1.2942634292517143,1.2967931848871035,5119.0,-0.0016400371678331,-0.0016413835010147,1.3044425548150187,1.3086493714759624,1.314946977384798,41.96449513185169,1.3065142364903377,1.326502695829062,1.286525777151613,0.0305981500705558,0.008163535358535,0.0062951713917634,1.3264903822887977,1.2907356777397778,-0.0062599121373965,0.0687591433066868,-0.9726664210083176,-1,0,0
2018-10-12,1.2967931848871035,1.3005796099553053,1.295464493674342,1.2992509187425436,2608.0,0.0018952396450586,0.0018934459443734,1.3039481132843067,1.308280804702103,1.3147907976968154,44.34099107548913,1.3052926610860198,1.3237942798079816,1.286791042364058,0.028348613722486,0.0080620508362609,0.0062051530770235,1.3264903822887977,1.2907356777397778,0.002358840560334,0.0683728701430337,-0.6531041888031682,-1,0,0
2018-10-15,1.2992509187425436,1.3009250058746282,1.2919591830003558,1.2936332701324404,1075.0,-0.0043237595825909,-0.0043331340628129,1.3029657472698433,1.3077063915817242,1.3145802750344833,40.28080571495135,1.3036751868976657,1.3201005139687232,1.2872498598266082,0.0251984961225572,0.0083667729231628,0.0064676544089704,1.3264903822887977,1.2907356777397778,-0.0059420933159411,0.0686301326631029,-1.2227356839572274,-1,0,0
2018-10-16,1.2936332701324404,1.2989770329514287,1.2918772307760795,1.297220993595068,3763.0,0.0027733698146619,0.0027695311203721,1.3024186278722456,1.307295199503816,1.314407545865932,43.818979517996034,1.302424164672302,1.3165451367562806,1.2883031925883237,0.0216841371144729,0.007757389431536,0.0059800060821074,1.3232251033306526,1.2907356777397778,0.0030483713665896,0.0697682747902661,-0.7369423360219596,-1,0,0
2018-10-17,1.297220993595068,1.301843595044984,1.2960176334218367,1.3006402348717527,9930.0,0.0026358201829657,0.0026323525010679,1.302249257110294,1.3070342204986372,1.3142705576968357,47.03940705777742,1.3014573546327273,1.312914961210888,1.2899997480545666,0.017607348465742,0.0073522831498536,0.0056528184756475,1.3212873221950088,1.2907356777397778,-7.89071782869577e-05,0.0708334373677918,-0.1426335867618385,-1,0,0
2018-10-18,1.3006402348717527,1.3025763797592484,1.2993601910908217,1.3012963359783174,5330.0,0.0005044447257387,0.0005043175362696,1.3021585027167724,1.306809205419409,1.314141460963318,47.65940220871594,1.3008081135716494,1.3105490774382862,1.2910671497050126,0.0149767882979925,0.0067794902135156,0.0052097973582772,1.3162771164953286,1.2907356777397778,-0.0009049013944344,0.069652814149898,0.1002410877100558,-1,0,0
2018-10-19,1.3012963359783174,1.304070504122288,1.301005244198531,1.3037794123425015,7888.0,0.0019081559638123,0.0019063377468148,1.3023128750620798,1.3066903900046285,1.3140383560019169,50.04301476869587,1.3004304015864985,1.3089639097851604,1.2918968933878363,0.0131241290395106,0.0063789269739734,0.0048926428148704,1.311927145617117,1.2907356777397778,-0.0005280988141204,0.0698234350084735,0.7849083115729901,-1,0,0
2018-10-22,1.3037794123425015,1.3044937136159975,1.2942992472696642,1.2950135485431602,6116.0,-0.0067234255399014,-0.0067461295886073,1.3016177011078969,1.306232474653198,1.313849054435163,42.65748635825429,1.299881842033861,1.3083219953731209,1.2914416886946012,0.012986031601232,0.0061661493092771,0.0047614554428514,1.31069540211436,1.2907356777397778,-0.0075331190078701,0.0723183207591824,-1.1536030910850052,-1,0,0
2018-10-23,1.2950135485431602,1.296119405393259,1.2926905154086716,1.2937963722587704,2320.0,-0.0009398946333488,-0.0009403366112732,1.3008728126460751,1.3057447843632206,1.3136495252592786,41.73640790510776,1.2991208982517428,1.3068041681930864,1.2914376283103992,0.0118284140478121,0.0058617661354049,0.0045306713336745,1.31069540211436,1.2907356777397778,-0.0024672493730071,0.0716070616627676,-1.386005186234868,-1,0,0
2018-10-24,1.2937963722587704,1.2944097467402425,1.2845166148484384,1.2851299893299104,9322.0,-0.0066984133783972,-0.0067209484384311,1.2993734961397738,1.304936361028581,1.3133657487823696,35.80785447362203,1.2985401784547652,1.3084211333900986,1.288659223519432,0.0152185586542135,0.0062662305449716,0.0048759507575097,1.306800202952244,1.2845166148484384,-0.0106191616872125,0.0677734360924999,-2.714350832003312,-1,0,0
2018-10-25,1.2851299893299104,1.2874083964450291,1.2813679817918346,1.2836463889069534,3237.0,-0.0011544360767198,-0.0011551029513396,1.2978756764033148,1.304101460161066,1.3130700337587335,34.89405917262643,1.29747439124094,1.30891415063679,1.2860346318450897,0.0176338885346459,0.0062972230422253,0.0049057303449336,1.306800202952244,1.2813679817918346,-0.0101379280315194,0.0628759847326432,-2.4175337706844884,-1,0,0
2018-10-26,1.2836463889069534,1.2914625698969655,1.2834705089091372,1.2912866898991493,2168.0,0.0059520293581021,0.0059343860059141,1.2972481538791083,1.303598920150795,1.3128532840685885,42.96607628654104,1.297229055477677,1.308990422935303,1.285467688020051,0.0181330620185579,0.0065617260701566,0.0050815408549352,1.306800202952244,1.2813679817918346,-0.0061298620062568,0.0631829505311099,-1.010488890843182,-1,0,0
2018-10-29,1.2912866898991493,1.2949365449460633,1.2897100464513032,1.2933599014982171,5387.0,0.0016055393548815,0.0016042518544756,1.2968778441285476,1.3031973900075566,1.312659320062913,44.96021794239319,1.2968287451030749,1.308542134239836,1.285115355966313,0.0180646661033571,0.0062152310243257,0.0048054922818668,1.306800202952244,1.2813679817918346,-0.0002113184938381,0.0616421768637875,-0.5922869230000988,-1,0,0
2018-10-30,1.2933599014982171,1.29780538459714,1.2907906489787664,1.2952361320776893,5563.0,0.001450663946902,0.0014496127504577,1.2967214905998945,1.3028851838142286,1.3124859550083336,46.77395455168739,1.2969266216998905,1.30854745457623,1.2853057888235506,0.0179205711131261,0.0064477245399068,0.0049780301677996,1.306800202952244,1.2813679817918346,-0.0015300874154664,0.0577731029082703,-0.2909412156925265,-1,0,0
2018-10-31,1.2952361320776893,1.296198285691163,1.2905017306315678,1.2914638842450414,3041.0,-0.0029124016379907,-0.0029166509320808,1.2962207661851466,1.3024372897134762,1.312276780174868,43.6588776560096,1.2964626722710664,1.3081824763914096,1.2847428681507231,0.0180796630261836,0.006341064613028,0.0049099821453658,1.306800202952244,1.2813679817918346,-0.0070552566195341,0.0545644618244444,-0.8530497565822053,-1,0,0
2018-11-01,1.2914638842450414,1.2922302039708058,1.2902369694017308,1.2910032891274952,2225.0,-0.0003566457592544,-0.0003567093724785,1.2957238636082276,1.3019888975336338,1.3120651036470337,43.279864426176026,1.2958890893587205,1.307492247333437,1.284285931384004,0.0179076405071954,0.0061180730621788,0.0047390065646646,1.306800202952244,1.2813679817918346,-0.0079098407997005,0.0542013254126472,-0.8421500839463888,-1,0,0
2018-11-02,1.2910032891274952,1.2926102738371672,1.289489660212802,1.291096644922474,9641.0,7.231259266737844e-05,7.230997823788599e-05,1.2952831761143462,1.301561750372412,1.31185646226669,43.38714066239016,1.2952205065795914,1.3062699900856414,1.2841710230735417,0.0170619341647536,0.0057005581157569,0.0044152838117701,1.306800202952244,1.2813679817918346,-0.0097276941942504,0.053744648868141,-0.7464351894564792,-1,0,0
2018-11-05,1.291096644922474,1.2930739398227975,1.2781741651500849,1.2801514600504085,7902.0,-0.0084774326655637,-0.0085135704800626,1.293842060298733,1.300722131144098,1.3115409896078214,35.02354741751829,1.2939859252419796,1.3059853195151203,1.281986530968839,0.0185464061688255,0.0062576990084257,0.0048882489328093,1.305958450858704,1.2781741651500849,-0.0114763961423191,0.0605900274939164,-2.3058605920697244,-1,0,0
2018-11-06,1.2801514600504085,1.2819132318631414,1.2788771783720103,1.2806389501847435,1341.0,0.0003808066073023,0.0003807341188683,1.292584621240258,1.2999345554202018,1.3112335066284873,35.61882317608868,1.2931680534622982,1.3064633358425315,1.279872771082065,0.0205623427591437,0.0060584198561388,0.0047307790031412,1.3044937136159975,1.2781741651500849,-0.0101696235637576,0.0576810261975201,-1.8847442151634703,-1,0,0
2018-11-07,1.2806389501847435,1.288441612291964,1.2792100265257165,1.287012688632937,2372.0,0.0049769987452543,0.0049646544284893,1.2920539609919417,1.2994278155461916,1.3109925034643524,42.97482633003511,1.292572514511334,1.305849339792139,1.2792956892305294,0.0205432579321463,0.0064880910774117,0.0050412021067977,1.3044937136159975,1.2781741651500849,0.0014649874476964,0.0606336698238842,-0.8375233929507795,-1,0,0
2018-11-08,1.287012688632937,1.292255637921553,1.286669805846136,1.291912755134752,3463.0,0.0038073179426225,0.0038000884518342,1.2920405128150665,1.2991331072947625,1.310802655222267,47.90302204723452,1.2923284930237162,1.3054572659217325,1.2791997201257,0.0203180119743368,0.0066681319453874,0.0051614413735639,1.3044937136159975,1.2781741651500849,0.0064397534237117,0.0622806984152812,-0.0633323300195131,-1,0,0
2018-11-09,1.291912755134752,1.298327900720163,1.290408199191009,1.2968233447764197,5350.0,0.0038010226481242,0.0037938170149497,1.2924960206209095,1.2990425283724745,1.3106635576058905,52.34752449556196,1.29220711432541,1.3051093481447682,1.279304880506052,0.0199692969901247,0.0065056487441603,0.0050166036649209,1.3044937136159975,1.2781741651500849,0.0042877038233104,0.0634792805744909,0.7155707322686339,-1,0,0
2018-11-12,1.2968233447764197,1.3000325347971855,1.2954495342572752,1.298658724278041,2985.0,0.001415288758499,0.0014142881813232,1.2930829447787315,1.2990274772315162,1.3105441065280017,53.92953770532041,1.29245838703269,1.305669609290907,1.279247164774473,0.0204435553063309,0.0065880852123977,0.0050729919179191,1.3044937136159975,1.2781741651500849,0.004096943761505,0.0616398137977318,0.938647026620794,0,0,0
2018-11-13,1.298658724278041,1.300864602760803,1.2945748260602623,1.2967807045430246,4746.0,-0.001446122603196,-0.0014471692476603,1.293435112375331,1.2989393684986343,1.3104071572545193,52.02624290511511,1.292436372580088,1.305615608114668,1.279257137045508,0.0203944051934571,0.006330702698736,0.0048818606542784,1.3044937136159975,1.2781741651500849,0.0011925026078893,0.0611218916062058,0.6592691892542272,0,0,0
2018-11-14,1.2967807045430246,1.29772955505673,1.288591427765876,1.2895402782795815,2108.0,-0.0055833852540199,-0.0055990306126877,1.2930641757947834,1.298570776725338,1.3101995266179527,45.37711201133352,1.2918813747504794,1.304530166978574,1.2792325825223847,0.0195819716505127,0.0065519678871402,0.005080855555657,1.3044937136159975,1.2781741651500849,-0.001489477165352,0.0633264957812878,-0.3701691716775878,0,0,0
2018-11-15,1.2895402782795815,1.2905278964772144,1.2855235809456622,1.2865111991432951,6803.0,-0.0023489604685535,-0.0023517236040404,1.292440082780356,1.2980978521142776,1.3099638218669611,42.9065423485085,1.2911421179087283,1.3031878991357937,1.2790963366816632,0.0186591097292616,0.0063385574974062,0.0049269353439186,1.3044937136159975,1.2781741651500849,-0.0034795341127565,0.0635829790996471,-0.768886413946854,0,0,0
2018-11-16,1.2865111991432951,1.2872054541333846,1.2821177513055924,1.2828120062956818,5119.0,-0.0028753677776583,-0.0028795095889793,1.291523123115149,1.297498407180215,1.309693654547844,40.03952571268552,1.2900937476063872,1.3011146555694828,1.2790728396432915,0.0170854373700261,0.0063286435211943,0.0049334146313996,1.3044937136159975,1.2781741651500849,-0.0064167455313074,0.0633835692666821,-1.321441270553906,0,0,0
2018-11-19,1.2828120062956818,1.2837113771935755,1.2807871376759226,1.2816865085738165,6807.0,-0.0008773676238933,-0.0008777527361402,1.290586302682641,1.296878332725062,1.3094149764784506,39.18167440579839,1.28942739560792,1.300801731315519,1.2780530599003213,0.0176424601281815,0.0060364652282856,0.0047097829211003,1.300864602760803,1.2781741651500849,0.0011991147698626,0.0594133865059988,-1.3611145711010513,0,0,0
2018-11-20,1.2816865085738165,1.283147071535294,1.2764605576517087,1.2779211206131864,3121.0,-0.0029378384928306,-0.0029421624110611,1.2893800948665024,1.2961349126422437,1.3091016047782988,36.37389674009236,1.288633633025641,1.300904599292117,1.2763626667591643,0.0190449262722793,0.0061071765728564,0.0047789933778745,1.300864602760803,1.2764605576517087,-0.0021222449708913,0.0600250624994726,-1.745993295038307,0,0,0
2018-11-21,1.2779211206131864,1.2789557193126448,1.2736122171021107,1.2746468158015691,4529.0,-0.0025622119853893,-0.0025655000682293,1.2879769254317468,1.2952922421779034,1.3087587710571371,34.08642746307271,1.2881094743492238,1.301821548190136,1.2743974005083116,0.0212902305494489,0.0063464814043892,0.0049790116961914,1.300864602760803,1.2736122171021107,-0.0096081980702946,0.0561301734567524,-1.963621069117456,0,0,0
2018-11-22,1.2746468158015691,1.2815741225470878,1.2730368654201247,1.2799641721656434,1952.0,0.0041716311515911,0.0041629540218446,1.2872138060730702,1.294691141393109,1.3084722576353314,40.61751022520637,1.287925363512158,1.3019842508143058,1.2738664762100105,0.0218318354470622,0.0067333845117176,0.0052606038966895,1.300864602760803,1.2730368654201247,-0.009248753773518,0.0583260564603985,-1.132549280098228,0,0,0
2018-11-23,1.2799641721656434,1.2825995633401053,1.278029157337352,1.280664548511814,3018.0,0.0005471843364064,0.0005470346856459,1.2865900672577124,1.294141078927176,1.3081955640122118,41.44056287217016,1.2873942564427916,1.3017185303406973,1.273069982544886,0.0222531269286305,0.0059955724638633,0.004681610395814,1.300864602760803,1.2730368654201247,-0.0124602910101001,0.0538236654429025,-0.9396229056973676,0,0,0
2018-11-26,1.280664548511814,1.2819789496247949,1.2738123371764103,1.2751267382893912,2030.0,-0.0043241692204707,-0.0043335454796445,1.2854983216416818,1.2933954185100078,1.3078665209701938,37.06598600072332,1.2864825982823502,1.3015117529423494,1.271453443622351,0.0233647228187391,0.00636204096081,0.0049893400944167,1.300864602760803,1.2730368654201247,-0.0181202232339615,0.0549853764237912,-1.511177474696338,0,0,0
2018-11-27,1.2751267382893912,1.277887543109582,1.2738656982124812,1.276626503032672,5596.0,0.0011761691589127,0.0011754780138501,1.2846533865360616,1.292737813981485,1.307555675020567,38.94571949135776,1.2855521168300994,1.3006036837814157,1.2705005498787831,0.0234165021460666,0.0059899166130138,0.0046919882978965,1.300864602760803,1.2730368654201247,-0.0155417191509298,0.054851186389877,-1.1860045969030242,0,0,0
2018-11-28,1.276626503032672,1.2800989178127902,1.27344234074924,1.2769147555293583,8929.0,0.0002257923488204,0.0002257668615645,1.2839163740592328,1.292117301885323,1.3072507902495103,39.32085220662844,1.2848246603943152,1.3000781816821962,1.2695711391064342,0.0237441290754797,0.0060663983978804,0.0047508248860086,1.300864602760803,1.2730368654201247,-0.0097907160891999,0.054314270329151,-1.0371250959922775,0,0,0
2018-11-29,1.2769147555293583,1.2786105799807257,1.2718279907656815,1.2735238152170487,5083.0,-0.0026555729719826,-0.0026591052607736,1.2829266065504534,1.2913881455453906,1.3069151984581426,36.48117247448778,1.2839506866987929,1.299708318959938,1.2681930544376476,0.0245455412336126,0.0059851760897298,0.0046996970282096,1.300864602760803,1.2718279907656815,-0.0100950414849827,0.0548104476046416,-1.3234058656711365,0,0,0
2018-11-30,1.2735238152170487,1.2744831186336647,1.2685594285674726,1.2695187319840886,5821.0,-0.0031448828715288,-0.0031498384081154,1.2816496661155616,1.2905305214841631,1.3065430943141223,33.41197603865088,1.2828717910518737,1.2995000827980574,1.26624349930569,0.0259235441330416,0.0060809396273213,0.0047899565986061,1.300864602760803,1.2685594285674726,-0.0103626051567599,0.0554144772572948,-1.6060650452382967,0,0,0
2018-12-03,1.2695187319840886,1.2710887866097027,1.267497847848741,1.2690679024743552,1621.0,-0.000355118438488,-0.0003551815079725,1.2804514029116372,1.289688850150445,1.3061702068331296,33.07466017870168,1.282317613173071,1.300031005591226,1.2646042207549155,0.0276271529552241,0.00588816548878,0.0046397560582058,1.300864602760803,1.267497847848741,-0.0098453139789247,0.0474946891513113,-1.4960105197167657,0,0,0
2018-12-04,1.2690679024743552,1.2697741624016297,1.2635677213415266,1.264273981268801,3297.0,-0.0037775135563725,-0.0037846663796466,1.27891069608851,1.288692188625675,1.305753328966818,29.647135591084197,1.281499364727274,1.3009645531930851,1.2620341762614626,0.0303787719316642,0.0056787593294406,0.0044917157305899,1.300864602760803,1.2635677213415266,-0.0106791719177761,0.0488276108629893,-1.7698655719391096,0,0,0
2018-12-05,1.264273981268801,1.2700023635280977,1.2627955266724764,1.2685239089317728,3476.0,0.0033615559015987,0.0033559185026473,1.2779214782640589,1.2879012756965025,1.3053828869764197,35.98100852037153,1.2805749257422154,1.3006831507334486,1.2604667007509822,0.0314049956578348,0.0058360822811598,0.0046006876496907,1.300864602760803,1.2627955266724764,-0.0048036105326524,0.0466517900151105,-1.1986156725117871,0,0,0
2018-12-06,1.2685239089317728,1.270946478671603,1.2598525124098197,1.2622750821496498,3755.0,-0.0049260614940913,-0.0049382345282101,1.2764313453007818,1.2868963269299591,1.3049539535950585,31.49164710670081,1.2790930420929605,1.3000342465050905,1.2581518376808307,0.0327438328925063,0.0062651010978734,0.0049633405479287,1.300864602760803,1.2598525124098197,-0.0138199884033194,0.0457033859636704,-1.6062075143652474,0,0,0
2018-12-07,1.2622750821496498,1.2633873957600943,1.2583149666645483,1.259427280274993,4861.0,-0.0022560865812283,-0.0022586353788196,1.274811910536421,1.285819109414078,1.3045009518704809,29.674497913404736,1.2772232388678892,1.2981767813304528,1.2562696964053257,0.0328110886568841,0.0064185432105801,0.0050963984273698,1.300864602760803,1.2583149666645483,-0.0165830062692837,0.041888537071373,-1.6986109747018854,0,0,0
2018-12-10,1.259427280274993,1.2617827016614869,1.2528912736085327,1.2552466949950265,8403.0,-0.0033194336389582,-0.0033249551811144,1.2729485566753358,1.2846201912015662,1.3040108597622673,27.19378311257641,1.2750526374037383,1.2956477323983355,1.254457542409141,0.0323046976892388,0.0065760370798207,0.0052388403857513,1.300864602760803,1.2528912736085327,-0.0155906410691647,0.0409409259516965,-1.9233649967536168,0,0,0
2018-12-11,1.2552466949950265,1.255511158084827,1.2542336486282504,1.254498111718051,7259.0,-0.0005963634717863,-0.000596541367212,1.2711913714413086,1.2834389331826048,1.3035181956026234,26.762357872503102,1.2729385077624895,1.2928104077668865,1.253066607758093,0.0312220894932727,0.0062856090259666,0.0050104571439796,1.29772955505673,1.2528912736085327,-0.0173334888959725,0.0411202680595678,-1.8559268152877928,0,0,-1
2018-12-12,1.254498111718051,1.257892358529449,1.252704137884774,1.2560983846961722,9208.0,0.0012756280485186,0.0012748151263103,1.269753944132248,1.282366754810588,1.3030463566881314,29.343011268641437,1.2712664130833191,1.2908826893260186,1.25165013684062,0.0308609997728518,0.0060463921343746,0.0048136294163272,1.2905278964772144,1.252704137884774,-0.0163020833951883,0.0396046368224548,-1.5464737750919892,0,0,-1
2018-12-13,1.2560983846961722,1.257828092121111,1.2505862774792378,1.2523159849041765,1079.0,-0.0030112289276692,-0.0030157717995402,1.268093186110527,1.2811882932456309,1.3025415768693855,26.92780451992992,1.2695566523713633,1.28953580722972,1.2495774975130065,0.0314742234165578,0.0062372070371689,0.004980537749541,1.2872054541333846,1.2505862774792378,-0.016652872965126,0.0399037151513362,-1.7258655423029978,0,0,-1
2018-12-14,1.2523159849041765,1.2534998318340007,1.2499034610720772,1.2510873080019014,2047.0,-0.0009811237076632,-0.000981605324571,1.26647357867161,1.280007862451759,1.3020295940945847,26.174141804733708,1.2679704174566744,1.2885470057716286,1.24739382914172,0.032455943816461,0.0059107612024217,0.0047244993731586,1.2837113771935755,1.2499034610720772,-0.0145184340473506,0.0395034567304865,-1.6410018217162885,0,0,-1
2018-12-17,1.2510873080019014,1.258615185765903,1.249337165134487,1.2568650428984884,4109.0,0.0046181708180019,0.0046075397852014,1.265558480026551,1.2791003009006503,1.3015801955752206,35.33895105808682,1.266729344172908,1.2868108825254667,1.2466478058203492,0.0317061232455631,0.0062862023263014,0.0050014934871644,1.283147071535294,1.249337165134487,-0.0096156080790273,0.0446669400239017,-0.982424862203112,0,0,-1
2018-12-18,1.2568650428984884,1.2580061898864492,1.2556602780895865,1.2568014250775472,5352.0,-5.0616270458547774e-05,-5.06175515051934e-05,1.2647244747933126,1.2782258351820974,1.3011346356697713,35.28700703150446,1.265673359396126,1.2854964161898492,1.2458503026024028,0.0313241274244424,0.0059782976643951,0.0047567559561179,1.2825995633401053,1.249337165134487,-0.0059105512744591,0.0441557687670222,-0.8951126368550767,0,0,-1
2018-12-19,1.2568014250775472,1.261719850031474,1.255766640750397,1.2606850657043234,1015.0,0.0030900988408224,0.0030853342981479,1.2643397691657898,1.2775379618692435,1.300732152386533,40.98939730697376,1.2649752718912637,1.284448022832977,1.2455025209495505,0.0307875598431259,0.0059190562405404,0.0046951109373485,1.2825995633401053,1.249337165134487,-0.0061794997888928,0.0457432755922677,-0.4406368879037076,0,0,-1
2018-12-20,1.2606850657043234,1.2658404729491153,1.2590912609287657,1.2642466681735576,5251.0,0.0028251325934796,0.0028211494066513,1.264330902404625,1.2770167346654913,1.300369112742623,45.71379075865386,1.2641893966916595,1.2823388051160372,1.246039988267282,0.028713116043963,0.0059780220944088,0.0047285250931649,1.2825995633401053,1.249337165134487,0.0015619305583931,0.0441221916236055,0.0063111127987093,0,0,-1
2018-12-21,1.2642466681735576,1.2685152208898016,1.2615146374306263,1.2657831901468706,3698.0,0.0012153656497531,0.0012146276907879,1.2644692155229342,1.2765762035078985,1.3000249742093315,47.66059725212996,1.2634453287734122,1.2798910396714716,1.2469996178753529,0.0260331183685253,0.0062215681442811,0.0049151925801442,1.2819789496247949,1.249337165134487,0.0050466668234228,0.0444181625877203,0.2843125952961076,0,0,-1
2018-12-24,1.2657831901468706,1.2726508598568675,1.265562783933688,1.272430453643685,8352.0,0.0052515024283448,0.0052377613759198,1.2652274286772915,1.276413625081851,1.2997504018653951,55.15350785223015,1.263310514541127,1.2793932305076674,1.2472277985745863,0.0254612239531342,0.0062845420630723,0.0049390063284607,1.2800989178127902,1.249337165134487,0.0136895470166735,0.0466625664852145,1.1341292256272848,0,0,0
2018-12-25,1.272430453643685,1.274328557853039,1.266988249463296,1.26888635367265,6036.0,-0.0027852995508604,-0.0027891857154201,1.2655758977244684,1.2761184379677646,1.2994432969082534,50.96426705852315,1.262923507073126,1.2779979487612765,1.2478490653849754,0.0238722956754303,0.006294075744081,0.0049603147877377,1.2800989178127902,1.249337165134487,0.0114693213327314,0.0473375563577604,0.7911200590879965,0,0,0
2018-12-26,1.26888635367265,1.274953206127896,1.2678125438006804,1.2738793962559265,4526.0,0.0039349801255443,0.0039272583413331,1.2663667071084168,1.2760306324104376,1.2991889297375836,56.03125890112727,1.2627717391094542,1.2773044612952895,1.2482390169236186,0.0230171799633154,0.0060116968916119,0.004719204117188,1.2786105799807257,1.249337165134487,0.0141557474927054,0.0496579283282045,1.528640953075986,0,0,0
2018-12-27,1.2738793962559265,1.282819941717431,1.272803563557086,1.2817441090185908,6011.0,0.0061738283747894,0.0061548483758332,1.2678312215760523,1.2762546903166396,1.299015349431922,62.58880553565013,1.2631827537995313,1.2793669896965367,1.2469985179025258,0.0256245358770531,0.0063648361105261,0.0049657619377705,1.282819941717431,1.249337165134487,0.0234989607009337,0.0534134777869924,2.2937573744206103,0,0,0
2018-12-28,1.2817441090185908,1.2876693033430486,1.281157934856997,1.2870831291814548,1962.0,0.004165433743988,0.004156782341093,1.269664736586091,1.276679334978005,1.298896620872216,66.26685502043546,1.2640609736593995,1.2833090658757502,1.2448128814430488,0.0304543730364973,0.0061948318557473,0.0048130782816546,1.2876693033430486,1.249337165134487,0.0287716300447824,0.0534141871883306,2.392149337532648,0,0,0
2018-12-31,1.2870831291814548,1.2905272863829105,1.28601450728734,1.2894586644887955,2589.0,0.0018456735648857,0.0018439724023039,1.2715498725768248,1.277180485154899,1.2988027108584508,67.78448428842276,1.2650805117601218,1.2873657781266767,1.242795245393567,0.035231380389457,0.0064259225442469,0.0049834265503923,1.2905272863829105,1.249337165134487,0.0259324752283205,0.0534128839520507,2.187826910183109,0,0,0
2019-01-01,1.2894586644887955,1.2945449997754046,1.287904149459219,1.292990484745828,5477.0,0.0027389945519755,0.0027352503417537,1.2735918356405396,1.277800485138857,1.298744877762803,69.94913405364213,1.266516336933973,1.2920468818306112,1.2409857920373346,0.0403161714572802,0.0065296818064977,0.0050500617626596,1.2945449997754046,1.249337165134487,0.0287945724329903,0.0509535651889774,2.0739195280819094,0,0,0
2019-01-02,1.292990484745828,1.2965130598396837,1.2922555130483762,1.2957780881422316,6964.0,0.0021559349657176,0.0021536142728394,1.2757048120692722,1.278505489178205,1.2987153574680712,71.57271876080705,1.267879045894496,1.2965740726308206,1.2391840191581711,0.0452646123133616,0.0063165198171715,0.00487469256887,1.2965130598396837,1.249337165134487,0.0278364703386904,0.0504298103524294,1.9445210840259384,0,-1,1
2019-01-03,1.2957780881422316,1.297845520823656,1.2878822143976427,1.2899496470790672,9657.0,-0.0044980240957158,-0.0045081706438095,1.277061463022586,1.2789542796841211,1.2986281364691756,63.8100165588618,1.269262774140967,1.299450204801445,1.239075343480489,0.0475668731101149,0.0067713009360351,0.0052492753894448,1.297845520823656,1.249337165134487,0.0203306677031962,0.0497736237208666,1.370562017733032,0,-1,1
2019-01-04,1.2899496470790672,1.291797863808298,1.2815694973416532,1.283417714070884,4846.0,-0.0050637116130648,-0.0050765756455901,1.277666820265281,1.2791293163267397,1.2984767889826254,56.42410525205944,1.2704622958307614,1.3009096030181722,1.2400149886433507,0.0479310677496353,0.0068391827814086,0.0053288829555853,1.297845520823656,1.249337165134487,0.0139317096808397,0.0531593046117294,0.8510058482596682,0,-1,1
2019-01-07,1.283417714070884,1.2854314167073042,1.2780604649386114,1.2800741675750316,4310.0,-0.0026051896114531,-0.0026085890232674,1.277896091437638,1.279166369316869,1.2982936783218535,53.039815316622295,1.2717036694597617,1.301557652164999,1.2418496867545243,0.0469511623221465,0.0071981142079679,0.0056232008974948,1.297845520823656,1.249337165134487,0.0060071761953341,0.0524543986825152,0.5607625754939192,0,-1,1
2019-01-08,1.2800741675750316,1.2820868902456584,1.2709905061332183,1.2730032288038453,9070.0,-0.0055238508441908,-0.0055391637250129,1.277430104520134,1.2789246775320444,1.2980420320579926,46.66524617955503,1.2726289253140517,1.3013637273028718,1.2438941233252312,0.0451581783460238,0.0075654838387795,0.0059430201492012,1.297845520823656,1.249337165134487,0.0032444790026147,0.0571321737540829,0.0260522755604486,0,-1,1
2019-01-09,1.2730032288038453,1.2799933479660328,1.2721649154080157,1.279155034570203,3152.0,0.004832513875191,0.0048208747624016,1.2775943835725216,1.278933711141384,1.2978541017347311,52.06318803367211,1.2737817578077528,1.3015582070866596,1.246005308528846,0.0436125719475077,0.0076425710200415,0.0059747026853624,1.297845520823656,1.249337165134487,0.0041413954333371,0.0589420391190029,0.3868944304937176,0,0,0
2019-01-10,1.279155034570203,1.2860774119170573,1.2779650204270556,1.28488739777391,2534.0,0.0044813670343197,0.0044713556078461,1.2782889563536062,1.2791671890485417,1.2977250798047728,56.48289680560884,1.2754103284512397,1.3016652883835562,1.2491553685189232,0.0411710009659378,0.0077219858793862,0.006009854165248,1.297845520823656,1.249337165134487,0.0024523528005335,0.0583171453756149,0.7219260168060757,0,0,0
2019-01-11,1.28488739777391,1.2937634743247344,1.283078434261897,1.2919545108127215,6702.0,0.0055001808337877,0.0054851100751957,1.2795904377306648,1.279668652647137,1.297667661207837,61.228876864037815,1.2774536885917809,1.302046704750322,1.2528606724332394,0.0385031823512157,0.0079789118893618,0.0061758458386763,1.297845520823656,1.249337165134487,0.0037848228454091,0.0594940015080383,1.1792634240111024,0,0,0
2019-01-14,1.2919545108127215,1.2960395396610804,1.2912084865328015,1.2952935153811604,2577.0,0.0025844598555861,0.0025811258823248,1.281085968935474,1.2802813923621967,1.297644037866278,63.26722930404011,1.2793751122159145,1.3031875716766397,1.2555626527551889,0.0372251409822746,0.0077996793706858,0.0060215536309472,1.297845520823656,1.2556602780895865,0.0045250391137416,0.0585631679270573,1.3369810196633312,0,0,0
2019-01-15,1.2952935153811604,1.3006589342592103,1.2935581777078224,1.2989235965858723,9455.0,0.0028025163112499,0.0027985965841042,1.2827847906164642,1.2810124591944978,1.2976567697938364,65.39716544269942,1.2814812207913304,1.3043182444934542,1.2586441970892066,0.035641604935922,0.0077968289581267,0.0060025308483271,1.3006589342592103,1.255766640750397,0.0045886740158112,0.0584280815991516,1.5275524535992693,0,0,0
2019-01-16,1.2989235965858723,1.2997985774046903,1.2951304980633414,1.2960054788821596,4991.0,-0.0022465660885542,-0.0022490934040463,1.2840439037846256,1.2816004207508769,1.2976403390384963,62.271288375832526,1.2832472414502225,1.3047358591094556,1.261758623790989,0.0334910015235233,0.0074148076139127,0.0057212779843401,1.3006589342592103,1.2590912609287657,0.0001754858659894,0.0597468671892519,1.1874414291563546,0,0,0
2019-01-17,1.2960054788821596,1.2977480193826727,1.2862114969464382,1.2879540374469514,5410.0,-0.0062125057080413,-0.0062318836202422,1.284416297466752,1.2818495821899387,1.2975439579281327,54.527022276806655,1.284432609913892,1.3040413804978452,1.264823839329939,0.0305329690831622,0.0077737471817829,0.006035733384704,1.3006589342592103,1.2615146374306263,-0.0015470445971551,0.0652273990621562,0.3591686197747697,0,0,0
2019-01-18,1.2879540374469514,1.2893352201209818,1.2864537135874767,1.2878348962615072,6912.0,-9.250422140871796e-05,-9.25085001880793e-05,1.2847418783043476,1.2820843003888238,1.2974473503493602,54.41917298056989,1.285535195219624,1.3031022352646582,1.2679681551745896,0.0273303136473569,0.0076572277130639,0.0059458147432503,1.3006589342592103,1.265562783933688,0.0034417338503238,0.0653186194341317,0.2618199805986457,0,0,0
2019-01-21,1.2878348962615072,1.288439737343858,1.282208416398512,1.2828132574808626,8300.0,-0.0038992877077814,-0.0039069097502381,1.2845582001306823,1.2821128869414529,1.297301737484997,49.93598081714684,1.2860543354114826,1.3025731528678115,1.2695355179551535,0.0256891439210359,0.0076279756151468,0.0059462868587173,1.3006589342592103,1.266988249463296,0.002139790002184,0.0652574772104296,-0.3924104057918796,0,0,0
2019-01-22,1.2828132574808626,1.287123081832507,1.28174014400822,1.2860499683598643,4384.0,0.0025231348835277,0.0025199571228642,1.2847002732953663,1.2822672822911945,1.2971897795832543,52.64401069812102,1.2869125161458437,1.3013250089494632,1.2725000233422237,0.0223985587564002,0.0077083606889311,0.0059938267396886,1.3006589342592103,1.2678125438006804,0.0102487874820853,0.0645215710243732,-0.1196944619826365,0,0,0
2019-01-23,1.2860499683598643,1.2870471210256529,1.2774792396050447,1.278476392270833,7137.0,-0.0058890216362978,-0.0059064303045439,1.2841075227216014,1.2821186199374548,1.2970035767244246,46.32914915177037,1.2871423659465886,1.3008069117743086,1.2734778201188686,0.0212323767583718,0.0076801160456878,0.0060072411912483,1.3006589342592103,1.2709905061332183,-0.0005305395210345,0.0673112735295557,-1.2683881023217871,0,0,0
2019-01-24,1.278476392270833,1.2799729643383613,1.2714086111993843,1.2729051832669127,4213.0,-0.0043576940783589,-0.0043672165011387,1.2830406332497262,1.2817573086954728,1.296763791714897,42.3086736785476,1.2867004196590048,1.301614693800818,1.2717861455171915,0.0231822014105904,0.0075612579508544,0.0059401580339617,1.3006589342592103,1.2709905061332183,-0.0093254977266931,0.0652401856843249,-1.8499373500740963,0,0,0
2019-01-25,1.2729051832669127,1.2739974801477885,1.268443639589944,1.2695359364708196,7099.0,-0.0026468953386189,-0.0026504045598143,1.281754471651735,1.2812780391964669,1.29649286778212,40.04536689123278,1.2858230600234732,1.30259174506453,1.2690543749824166,0.0260824145442694,0.0074314642929367,0.0058536856495732,1.3006589342592103,1.268443639589944,-0.0173524486770042,0.0634605368885818,-1.9425641918583425,0,0,0
2019-01-28,1.2695359364708196,1.27537211061123,1.2666401003101293,1.2724762744505398,6547.0,0.0023160730588642,0.0023133950957656,1.28087083382305,1.2809328719515285,1.296253896704194,42.91536969229847,1.2849739405215603,1.30266215114934,1.2672857298937807,0.0275308472335245,0.0072625804492696,0.0057074387908769,1.3006589342592103,1.2666401003101293,-0.0176154984639959,0.0637300922870721,-1.4131068805108804,0,0,0
2019-01-29,1.2724762744505398,1.27269087875124,1.2714981592504089,1.2717127635511092,4043.0,-0.0006000197526356,-0.0006001998365269,1.2799986366542937,1.2805712990730806,1.2960097063245617,42.34847805699604,1.2839100544618245,1.3021199565664796,1.2657001523571694,0.0283663205866678,0.0067886009451849,0.0053381558633008,1.3006589342592103,1.2666401003101293,-0.0209487556514369,0.0624611071526903,-1.339632782275877,0,0,0
2019-01-30,1.2717127635511092,1.273405854218786,1.261335546571927,1.2630286372396038,1571.0,-0.0068286853449957,-0.0068521075060443,1.2783824462338471,1.2798833515501993,1.2956815364829202,36.45069751862125,1.282272581916693,1.301829029633567,1.2627161341998188,0.0305027932323748,0.0070713092421033,0.0055986927244642,1.3006589342592103,1.261335546571927,-0.0254449862904894,0.0648751703423358,-1.9680409198736657,0,0,0
2019-01-31,1.2630286372396038,1.264827788378537,1.2587038121967626,1.260502963335696,8878.0,-0.0019996964672375,-0.0020016985296747,1.2766796383387853,1.279123336326101,1.2953315009292166,34.92717092553606,1.2808002477295244,1.3022639658513822,1.2593365296076666,0.033516105512794,0.0067455189648845,0.0053514503028487,1.3006589342592103,1.2587038121967626,-0.0213137063226809,0.0638246441664449,-1.8913111212692009,0,0,0
2019-02-01,1.260502963335696,1.2622075596847129,1.258204950805916,1.2599095471549329,2597.0,-0.0004707772992398,-0.0004708881496645,1.2750824867974662,1.27836985439782,1.294979043677731,34.56165565534859,1.2796248393837268,1.3029767094723963,1.2562729692950574,0.0364979943651544,0.0066863443756357,0.0053070034993659,1.3006589342592103,1.258204950805916,-0.02168395124844,0.0621458490571775,-1.6885407595993778,0,0,-1
2019-02-04,1.2599095471549329,1.261095502371339,1.2539615506683368,1.255147505884743,9908.0,-0.0037796691682694,-0.003786830167614,1.2731839171867303,1.2774591740639738,1.2945827099683485,31.69514649902412,1.2783785062992123,1.304163417269439,1.2525935953289855,0.0403400258110902,0.0066887154578939,0.0053290274063677,1.3006589342592103,1.2539615506683368,-0.0215664684121276,0.0627064086449904,-1.801906583373032,0,0,-1
2019-02-05,1.255147505884743,1.2575718628592816,1.2410285953956346,1.2434529523701732,2452.0,-0.0093172742325026,-0.0093609515461064,1.2703523967280106,1.2761255967426484,1.2940739561614016,25.993516778808186,1.2769009924775288,1.3070072342766177,1.2467947506784398,0.0471551701759974,0.0075369431809152,0.006061301448156,1.3006589342592103,1.2410285953956346,-0.0331223646341024,0.0676099415858562,-2.222000363284657,0,0,-1
2019-02-06,1.2434529523701732,1.250466587244285,1.2417004260054352,1.248714060879547,2644.0,0.0042310475031206,0.0042221217895222,1.2682916028376807,1.2750506345519386,1.2936226139197913,31.926368100475216,1.275378943792996,1.3079799521425994,1.2427779354433928,0.0511236421273311,0.0073390602382449,0.0058772944648957,1.3006589342592103,1.2410285953956346,-0.0232795314573013,0.0669326053843229,-1.6358317894650918,0,0,-1
2019-02-07,1.248714060879547,1.249772195287212,1.2447851740621918,1.2458433084698568,8806.0,-0.0022989669930265,-0.0023016136748449,1.2661536700407452,1.2739052492153864,1.2931471979451652,30.490036218816527,1.2734267393277934,1.3082318911002937,1.2386215875552933,0.0546637677655061,0.0074894541447817,0.0060115538558217,1.3006589342592103,1.2410285953956346,-0.02125992976759,0.0635474648309599,-1.585020001534978,0,0,-1
2019-02-08,1.2458433084698568,1.2475867100517375,1.2375067321748012,1.239250133756682,7663.0,-0.0052921379986963,-0.0053061909630734,1.2635914284898822,1.272546225079751,1.29261090874926,27.437041243283588,1.270791520474991,1.3076126179347778,1.2339704230152049,0.0579498633198679,0.0077643582113238,0.0062653680639814,1.3006589342592103,1.2375067321748012,-0.0238558057665773,0.0590937832473422,-1.7132236078925616,-1,0,-1
2019-02-11,1.239250133756682,1.2397826120571265,1.2385801179643994,1.2391125962648435,5232.0,-0.000110984447846,-0.0001109906070756,1.2612601111351165,1.2712351023811272,1.292078587232002,27.37546108635435,1.2679824745191757,1.30549853279959,1.2304664162387609,0.059174411372903,0.007465755087641,0.0060250820709478,1.3006589342592103,1.2375067321748012,-0.0262194893968475,0.0570136688497645,-1.5390677793782668,-1,0,-1
2019-02-12,1.2391125962648435,1.239751744704635,1.2367111398929402,1.2373502883327312,9026.0,-0.0014222338933723,-0.0014232462279609,1.258982985153937,1.2699062861439352,1.2915340270439497,26.553097109368267,1.2649038091065186,1.3018299763185894,1.2279776418944477,0.0583857316994786,0.0069995210441471,0.0056568629838674,1.2997985774046903,1.2367111398929402,-0.0270206262005461,0.0539803699293489,-1.492357471900322,-1,0,-1
2019-02-13,1.2373502883327312,1.2431079706769264,1.2360563755638998,1.241814057908095,9561.0,0.0036075229605179,0.0036010314570433,1.2573478492257617,1.2688046301346867,1.2910393009828962,32.11568315942115,1.2621942380578153,1.2974252378967386,1.226963238218892,0.0558250050216273,0.0068914668994364,0.0055495159323977,1.2977480193826727,1.2360563755638998,-0.0167965940803005,0.0580738972025442,-1.156945885322519,-1,0,-1
2019-02-14,1.241814057908095,1.243237904945551,1.2392018568811802,1.2406257039186364,7520.0,-0.0009569500215358,-0.0009574081905275,1.2557552639584162,1.2676995742046455,1.290537673151411,31.43315592389358,1.2598278213813994,1.2941189795281154,1.2255366632346834,0.0544378486722349,0.0067830531499026,0.0054674452806174,1.2893352201209818,1.2360563755638998,-0.0157693079629562,0.0561341423868816,-1.119945694491039,-1,0,-1
2019-02-15,1.2406257039186364,1.2427721238232272,1.237706384458152,1.2398528043627428,8501.0,-0.0006229917318755,-0.0006231858718604,1.2542407439969236,1.2666075440147673,1.2900333460987876,30.972119058179075,1.257428716786461,1.2901474149907195,1.2247100185822024,0.0520406409802314,0.0065211766544722,0.0052596377824252,1.288439737343858,1.2360563755638998,-0.0159191926416314,0.0559433283678375,-1.0743650199035484,-1,0,-1
2019-02-18,1.2398528043627428,1.2407036741568762,1.2383744770136915,1.239225346807825,2066.0,-0.00050607423132,-0.000506202330104,1.2528107061693905,1.265533732359593,1.2895277938670369,30.57998825408859,1.2552493212528095,1.2866279268785772,1.223870715627042,0.0499958137311718,0.006602353628926,0.0053278071223553,1.287123081832507,1.2360563755638998,-0.0126854883607442,0.055623250587627,-1.021331198466379,-1,0,-1
2019-02-19,1.239225346807825,1.2453030671246186,1.2368525341003038,1.2429302544170977,1708.0,0.0029896964412616,0.0029852361865167,1.25186971076441,1.2646473214598872,1.2890641367580822,35.752417332877286,1.253093335555671,1.2813293494807694,1.2248573216305727,0.0450660986279643,0.0063437982987442,0.0051039052884905,1.2870471210256529,1.2360563755638998,-0.0004203600563088,0.0561178784232897,-0.7198665622940371,-1,0,-1
2019-02-20,1.2429302544170977,1.2516533702574266,1.240610212223752,1.2493333280640813,2889.0,0.0051515952920355,0.0051383712222688,1.2516281505072355,1.2640467726992677,1.288668805328291,43.57701029148688,1.2516361823453337,1.2772421704191004,1.2260301942715666,0.0409160240570643,0.0066951684310228,0.0053589928969536,1.2799729643383613,1.2360563755638998,0.0004959239300132,0.0588015485561359,-0.1798684178574207,-1,0,-1
2019-02-21,1.2493333280640813,1.251411502022992,1.2459396558235651,1.2480178297824758,9533.0,-0.0010529602085008,-0.0010535149605566,1.251284310438211,1.2634181867025307,1.2882643180094275,42.43360201146143,1.2503918146711115,1.2739856119235788,1.226798017418644,0.0377382464850398,0.006800113953925,0.0054487314136451,1.27537211061123,1.2360563755638998,0.0017454211920837,0.0575644317144585,-0.2012380511057789,-1,0,-1
2019-02-22,1.2480178297824758,1.2499546344934114,1.241593575021675,1.2435303797326107,4087.0,-0.0035956618108951,-0.0036021417405779,1.2505458408472014,1.2626382727037102,1.287819204195728,38.702971501800135,1.249091536834201,1.2710529238464103,1.2271301498219918,0.0351637752151776,0.0068877645088345,0.0055388791629808,1.27537211061123,1.2360563755638998,0.0034538999507336,0.0580253732697342,-0.5064486226210256,-1,0,-1
2019-02-25,1.2435303797326107,1.2504392749187805,1.2424264771582294,1.249335372344399,8250.0,0.0046681550418063,0.0046572929967486,1.2504305581326487,1.2621165903366784,1.287436280495715,45.39134539541644,1.247934491728894,1.26694903133184,1.2289199521259484,0.0304736181730227,0.0062784452443277,0.0050254282263265,1.273405854218786,1.2360563755638998,0.0082500784112522,0.0603762517420944,0.1473483602293251,-1,0,-1
2019-02-26,1.249335372344399,1.2501003448400063,1.2448444513151111,1.2456094238107187,2252.0,-0.0029823445458752,-0.0029868005972293,1.2499714024829411,1.2614692504729152,1.2870200928670086,42.2079182323819,1.2466293247418745,1.2620074083619583,1.2312512411217906,0.0246714613796976,0.006027711836188,0.004839166853561,1.273405854218786,1.2360563755638998,0.006674856389387,0.0608045343864398,-0.1326434367704674,-1,0,-1
2019-02-27,1.2456094238107187,1.2468468448693002,1.2411422804318115,1.242379701490393,9007.0,-0.0025928852645036,-0.0025962526135269,1.2492483833407937,1.260720640708895,1.2865759098682363,39.61440753369416,1.245596877954414,1.2589827214992115,1.2322110344096164,0.0214930589209255,0.0060789649227929,0.0048930008398402,1.264827788378537,1.2360563755638998,0.0004554978087869,0.0571984244212074,-0.480683410538042,-1,0,-1
2019-02-28,1.242379701490393,1.243412918038577,1.2414221205813771,1.242455337129561,7667.0,6.087964820844505e-05,6.087779511787201e-05,1.2486014265587717,1.260004354294019,1.2861368991942197,39.70784067044512,1.2446944966441074,1.256142326978224,1.2332466663099906,0.0183946026353967,0.0055011663213832,0.0044276572018214,1.2622075596847129,1.2360563755638998,0.001474766486899,0.0571012310099281,-0.3911936933364958,-1,0,-1
2019-03-01,1.242455337129561,1.2491490523300646,1.2409283703772762,1.2476220855777798,2805.0,0.0041584983329505,0.0041498756753637,1.248508155989153,1.2595187751286765,1.2857536672179368,45.86934043522955,1.2440801235652494,1.2531648107541526,1.2349954363763462,0.0146046657555601,0.0060024654542447,0.0048111247176784,1.261095502371339,1.2360563755638998,0.0062662932145645,0.0596700770402831,0.7797653213325386,-1,0,-1
2019-03-04,1.2476220855777798,1.2486636826811357,1.244850525756657,1.2458921228600126,6898.0,-0.0013866079622708,-0.0013875701926851,1.248259009976854,1.2589843966083367,1.2853570349357684,44.23915673071491,1.243617354414013,1.2511362863869202,1.2360984224411058,0.012092034493118,0.006057647748015,0.0048620965145115,1.2575718628592816,1.2360563755638998,0.0053797931662395,0.0585099763125529,0.6050775440438132,-1,0,-1
2019-03-05,1.2458921228600126,1.2475287095142629,1.240356140388595,1.2419927270428452,8704.0,-0.0031298021278247,-0.0031347102020473,1.247662221125996,1.2583180566253764,1.2849255492850926,40.72575018409581,1.2435443431476467,1.2510982738598904,1.235990412435403,0.0121490331307739,0.006066288748918,0.0048843190598722,1.2516533702574266,1.2360563755638998,-0.0007542879987999,0.0493580898681609,-0.4108102559867523,-1,0,-1
2019-03-06,1.2419927270428452,1.2449019839715711,1.2407024714893802,1.243611728418106,9135.0,0.0013035514137957,0.0013027025282821,1.247276459915721,1.25774133787215,1.2845144664903965,42.75842415980906,1.2432892265245743,1.250442006598678,1.236136446450471,0.0115062206307346,0.0060779647787623,0.0048873491941842,1.2516533702574266,1.2360563755638998,-0.0045797222546213,0.0470258995143342,0.0901752577851966,-1,0,-1
2019-03-07,1.243611728418106,1.2444432948390274,1.2396780910466267,1.240509657467548,2547.0,-0.0024944047082153,-0.0024975209187783,1.2466320025397044,1.2570655856994206,1.2840766076941492,39.93276219904212,1.243022543974459,1.2501720897996251,1.235872998149293,0.0115034853709184,0.0060564979521427,0.0048822658620061,1.2516533702574266,1.2360563755638998,-0.0060160777640784,0.0471465298124871,-0.7029499686723731,-1,0,-1
2019-03-08,1.240509657467548,1.2419393391448614,1.2295880458032271,1.2310177274805407,4136.0,-0.0076516373168628,-0.0076810612841259,1.245144928724546,1.2560441010633865,1.2835486586372975,32.791874003246846,1.2426109236606522,1.251428333958358,1.2337935133629463,0.0141917476014621,0.0067723619663176,0.0055014333385582,1.2516533702574266,1.2295880458032271,-0.0100622006957002,0.0510980262495062,-2.629614770932881,-1,0,-1
2019-03-11,1.2310177274805407,1.2322888481531815,1.2239993223816867,1.2252704430543278,9027.0,-0.0046687259638215,-0.0046796585055167,1.2432521205654776,1.254837290945384,1.2829687758951784,29.367489300902434,1.2419188160001264,1.2536002962011774,1.2302373357990757,0.0188119868232188,0.0067608614482591,0.0055178523946156,1.2516533702574266,1.2239993223816867,-0.0192621851768376,0.0533523841582764,-2.850387563778246,-1,0,-1
2019-03-12,1.2252704430543278,1.227541326895372,1.217570522000547,1.2198414058415912,3286.0,-0.004430888905802,-0.0044407343876379,1.2410225286870122,1.2534649032942549,1.2823406428598194,26.547281097441623,1.2410433718755691,1.256256822983903,1.2258299207672356,0.0245171948911694,0.0066842647954841,0.0054796178941577,1.2516533702574266,1.217570522000547,-0.0206870769252008,0.0550422703396111,-2.7872658061607027,-1,0,-1
2019-03-13,1.2198414058415912,1.2209992876693236,1.2114597706892372,1.2126176525169696,2500.0,-0.0059218790984043,-0.0059394829574546,1.2383173023851035,1.2518630503225967,1.281646881761881,23.336083081142448,1.239583551606013,1.2593941774585409,1.2197729257534853,0.0319633570917602,0.0069748127083884,0.0057518647315674,1.2516533702574266,1.2114597706892372,-0.0239556787169976,0.055527714936354,-2.7223672073543086,-1,0,-1
2019-03-14,1.2126176525169696,1.2179555474165418,1.2111998095982228,1.216537704497795,5979.0,0.0032327188810823,0.0032275048793129,1.2362430549672647,1.2504777426431928,1.2809990292517903,28.39768193209663,1.238379151634971,1.2606936626600262,1.2160646406099156,0.0360382537054093,0.0068601468760014,0.0056390746054463,1.2516533702574266,1.2111998095982228,-0.020860011508859,0.0577029411357546,-1.9576003357323568,-1,0,-1
2019-03-15,1.216537704497795,1.2222632744540107,1.2147337248323054,1.220459294788521,3576.0,0.0032235665826281,0.003218382030716,1.2347398397121463,1.2493005486096762,1.2803966438342451,33.15253127829236,1.2374094761562602,1.261097567178054,1.2137213851344664,0.0382865841554335,0.0068256291517982,0.0055926725134908,1.2516533702574266,1.2111998095982228,-0.0217716495269314,0.059597250734292,-1.4311141705884485,-1,0,-1
2019-03-18,1.220459294788521,1.221340562787834,1.2187104917626936,1.2195917597620065,5985.0,-0.0007108266782998,-0.0007110794353678,1.2332971654311806,1.2481354980666304,1.2797916201121335,32.63621133715756,1.236427796803969,1.2613919673879264,1.2114636262200116,0.0403811215640525,0.0066380704018157,0.0054428626207765,1.2516533702574266,1.2111998095982228,-0.0211096632007209,0.0595891425089829,-1.3488160550210144,-1,0,-1
2019-03-19,1.2195917597620065,1.2206424771261262,1.2118079373218922,1.2128586546860118,1451.0,-0.0055207859696498,-0.0055360818312734,1.2313506405983077,1.2467520924438609,1.2791256204561523,28.87722521667,1.2349242168174146,1.2617893931071966,1.2080590405276326,0.0435090282042045,0.0068616400708689,0.0056574111454441,1.2516533702574266,1.2111998095982228,-0.0234575225140013,0.0600820384903103,-1.6426888022912578,-1,0,-1
2019-03-20,1.2128586546860118,1.2169105122119064,1.2112200760727925,1.2152719335986868,8837.0,0.001989744562032,0.0019877676422635,1.2298193351697722,1.2455175764107167,1.278490260387919,31.90459586816036,1.2332211470941448,1.2605547003335305,1.205887593854759,0.0443287131489629,0.00712589997672,0.0058636258928638,1.251411502022992,1.2111998095982228,-0.0227882981253867,0.0565832752626437,-1.3133465187097884,-1,0,-1
2019-03-21,1.2152719335986868,1.2208652629064702,1.2137956463687396,1.219388975676523,8671.0,0.0033877537726432,0.0033820282622667,1.2288259675989863,1.244492925401533,1.2779021879032284,36.843572077941765,1.2317897043888473,1.258857811329656,1.2047215974480383,0.0439492339388217,0.0070436810185015,0.0057764020825214,1.2504392749187805,1.2111998095982228,-0.01702581004822,0.0590600266187598,-0.916261247189659,-1,0,-1
2019-03-22,1.219388975676523,1.2208324107437436,1.21561301604719,1.2170564511144106,1020.0,-0.001912863416547,-0.0019146952762098,1.2277050612671223,1.2434169852334105,1.2772967576864245,35.28222070915976,1.2304660079579377,1.257705388556632,1.203226627359243,0.0442749014154411,0.0071441265736497,0.0058700042772117,1.2504392749187805,1.2111998095982228,-0.0113412472090909,0.0584357293975663,-0.984571348451987,-1,0,-1
2019-03-25,1.2170564511144106,1.2270974034421105,1.2152965858780311,1.225337538205731,6982.0,0.0068041930871305,0.0067811490370679,1.227479582880323,1.2427079873107565,1.2767797505274123,44.30608358533331,1.229266116251004,1.255082784879647,1.2034494476223607,0.0420033844378277,0.007474715747822,0.0061001279359867,1.2501003448400063,1.2111998095982228,5.475946292810008e-05,0.0616221934401139,-0.3043443057493657,-1,0,-1
2019-03-26,1.225337538205731,1.231376049061681,1.2235596701910167,1.2295981810469667,6032.0,0.0034771176989114,0.0034710865019097,1.2276813541342897,1.242193877261196,1.2763102821743737,48.30028098534339,1.2284655541128164,1.2531149498390743,1.2038161583865583,0.0401303815865792,0.0077330633469986,0.0062890979071018,1.2491490523300646,1.2111998095982228,0.007998396478962,0.0630624408577038,0.0918989614778868,-1,0,-1
2019-03-27,1.2295981810469667,1.237318598835391,1.2283872863243934,1.2361077041128177,4642.0,0.0052940246384458,0.0052800605524716,1.2284838636560542,1.2419552038043968,1.2759102565220195,53.75694267991806,1.2281519542439376,1.252208455423467,1.2040954530644083,0.0391751217695838,0.0080306425411841,0.0064967174902837,1.2491490523300646,1.2111998095982228,0.0193713587684385,0.0659688892197059,0.661422025547915,-1,0,0
2019-03-28,1.2361077041128177,1.2369395665184095,1.2335934321373343,1.2344252945429262,8255.0,-0.0013610541899332,-0.0013619812654827,1.2290497142167087,1.2416599132451236,1.2754974708306854,52.22279831619877,1.227750452114606,1.2510581937247744,1.2044427105044373,0.0379682069267817,0.0073874169011442,0.0059844989679019,1.2491490523300646,1.2111998095982228,0.0147036873407186,0.066074501129055,0.5727575446784775,0,0,0
2019-03-29,1.2344252945429262,1.23644436026728,1.2290102878475015,1.2310293535718553,5545.0,-0.0027510299619454,-0.0027548209993057,1.2292382512981512,1.2412430285520542,1.275055002002239,49.17233646330803,1.2269208155143096,1.248356372941857,1.2054852580867623,0.0349420388936213,0.0073263130903073,0.0059513715648208,1.2486636826811357,1.2111998095982228,0.0086607220973853,0.0643994853094035,0.3833385785681176,0,0,0
2019-04-01,1.2310293535718553,1.2313797647401918,1.2257382925369376,1.226088703705274,3305.0,-0.0040134297791077,-0.0040215052024085,1.2289382943845435,1.2406487413031608,1.2745677751535134,45.0494308229021,1.2259306445565727,1.2454173091883434,1.206443979924802,0.0317908108722073,0.0070170750409094,0.0057231381544448,1.2475287095142629,1.2111998095982228,0.0053271464744362,0.0654581479466961,0.0162222885945987,0,0,0
2019-04-02,1.226088703705274,1.22912174549313,1.224633057942323,1.227666099730179,6752.0,0.0012865268394839,0.0012856999729442,1.22881713298889,1.2401396181042204,1.274101091815968,46.58919090218071,1.2252143131909394,1.2432112524985215,1.2072173738833574,0.0293776184522542,0.0066563015102466,0.0054219152192192,1.2449019839715711,1.2111998095982228,0.0122087145002074,0.0652436500339695,0.2724670564629363,0,0,0
2019-04-03,1.227666099730179,1.2288376707529285,1.2231564922756055,1.224328063298355,5746.0,-0.0027190100244337,-0.0027227132464452,1.2283896025421723,1.2395195571314417,1.2736058378008672,43.79267466718642,1.2242501299349515,1.2400262226464775,1.208474037223426,0.0257726625070712,0.006579547271604,0.0053740067460992,1.2444432948390274,1.2111998095982228,0.0074519368458145,0.065272467802562,0.0098799322276295,0,0,0
2019-04-04,1.224328063298355,1.2259293111074363,1.222859866152625,1.2244611139617063,5409.0,0.0001086723953651,0.0001086664909481,1.2280154607726042,1.2389290299483149,1.273116835573612,43.93712488402901,1.22344770275966,1.2372508200440846,1.2096445854752351,0.0225642947439269,0.0062609683668258,0.0051132439368112,1.2419393391448614,1.2111998095982228,0.004159573676947,0.0650154811078615,0.1468380194363923,0,0,0
2019-04-05,1.2244611139617063,1.2391336348474675,1.2231523683997505,1.2378248892855117,8102.0,0.0109140054930505,0.0108548775611294,1.2289496920595475,1.2388857303144791,1.2727656719289544,56.131836550608334,1.2237880608499083,1.2386706191166807,1.208905502583136,0.0243221171097823,0.0072146251827242,0.0058284699598249,1.2391336348474675,1.2111998095982228,0.0170644822202652,0.0715427528198811,1.8863461757032096,0,0,0
2019-04-08,1.2378248892855117,1.2457613667189684,1.236910465006012,1.2448469424394688,4660.0,0.0056728970428203,0.0056568667592495,1.2304637159052545,1.2391195033389886,1.2724878736255765,60.939692610989866,1.2247668858191654,1.2423838461763277,1.207149925462003,0.0287678587021553,0.0072157938904901,0.0057965309987022,1.2457613667189684,1.2111998095982228,0.0159216571968452,0.0714624791345964,2.2796278374026966,0,0,0
2019-04-09,1.2448469424394688,1.2481738353065484,1.243623438945218,1.2469503318122976,7578.0,0.0016896771009509,0.0016882512025774,1.232033869801163,1.2394265946516674,1.272233768731912,62.27348708939507,1.2261223321177006,1.2461501935944643,1.2060944706409369,0.0326686187049093,0.0071343624777912,0.0057214487985438,1.2481738353065484,1.2111998095982228,0.0141120498003308,0.0687694020791587,2.079902511684706,0,0,0
2019-04-10,1.2469503318122976,1.248065211728377,1.2400098255983325,1.241124705514412,5923.0,-0.0046718992322805,-0.0046828466636709,1.2328996636786154,1.2394931872345205,1.271924225814325,56.51721106108836,1.2275476847675728,1.2475863820711453,1.2075089874640004,0.0326483403491842,0.0072047745915279,0.0058050368021171,1.2481738353065484,1.2111998095982228,0.0040587089497958,0.0671997669736706,1.3550801772347345,0,0,0
2019-04-11,1.241124705514412,1.2503736053139265,1.2394122437532733,1.248661143552788,4375.0,0.006072264942347,0.0060539030363283,1.234400756999965,1.239852714933276,1.2716927523589865,61.47804753236419,1.2291538567203224,1.2505784972821317,1.2077292161585131,0.0348607954076234,0.0076149150818208,0.0060984640397748,1.2503736053139265,1.2112200760727925,0.0115323698184044,0.0690847087589705,1.821014152016944,0,0,0
2019-04-12,1.248661143552788,1.2507385855208693,1.2432438406619868,1.245321282630068,2035.0,-0.0026747536270864,-0.0026783371720622,1.235440807059975,1.2400671685684443,1.2714303496751165,58.303519097736185,1.2303969561123995,1.252569516877085,1.2082243953477143,0.0360413127723305,0.007307338460021,0.0058678339171946,1.2507385855208693,1.2112200760727925,0.0116097386441229,0.0700865259153181,1.3461978231615657,0,0,0
2019-04-15,1.245321282630068,1.2561544209340438,1.2428027578693572,1.253635896173333,6833.0,0.0066766814790997,0.0066544911583545,1.2371736726898186,1.240599275533342,1.2712532904362928,63.3739780955095,1.232099162932966,1.2559431847916502,1.208255141074282,0.038704712373839,0.0077027159024512,0.0061443006904663,1.2561544209340438,1.2112200760727925,0.0224675363085968,0.0725325505760585,1.806468167829076,0,0,0
2019-04-16,1.253635896173333,1.2547891415404298,1.2495114096261348,1.2506646549932317,2364.0,-0.0023700989969821,-0.0023729121274206,1.2384585281472866,1.2409939962964749,1.271048428392083,60.54078334261831,1.2339894629483272,1.2574014176195936,1.210577508277061,0.0379451451965059,0.0074417458598295,0.0059502328063071,1.2561544209340438,1.2112200760727925,0.0187335589604595,0.0693446934200703,1.4245023347298782,0,0,0
2019-04-17,1.2506646549932317,1.25147215851255,1.241082863430128,1.2418903669494463,1907.0,-0.0070157000189893,-0.007040425755801,1.2387853699379685,1.2410291480867877,1.2707582984274797,53.00480919253348,1.2353203846158651,1.2572303416488648,1.2134104275828654,0.0354725094896135,0.0079448287670686,0.0063973672543931,1.2561544209340438,1.2137956463687396,0.0143444426192258,0.0756589296512673,0.5997257159095118,0,0,0
2019-04-18,1.2418903669494463,1.2485831175768611,1.2398704725911407,1.2465632232185555,5115.0,0.0037626962842038,0.0037556350498509,1.239526117869453,1.2412461706409748,1.2705175514104754,56.136304740270816,1.2366790969929666,1.257784791780579,1.2155734022053546,0.0341328560318216,0.0080361553789216,0.0064466488576269,1.2561544209340438,1.2152965858780311,0.0180504787002491,0.0758211799825176,0.9366312102068648,0,0,0
2019-04-19,1.2465632232185555,1.2559698352911113,1.2455014813743368,1.2549080934468926,9596.0,0.0066943016390224,0.0066719943011642,1.2409910679244474,1.2417819323196382,1.2703622334207882,61.11893215469162,1.2385716791095909,1.2590475951975773,1.218095763021604,0.033063756314381,0.0083809326441731,0.0066785230631137,1.2561544209340438,1.2152965858780311,0.0138009861566459,0.0774037777606976,1.595671155039226,0,0,0
2019-04-22,1.2549080934468926,1.2569773588770752,1.2511664054098657,1.2532356708400485,9663.0,-0.0013327052519445,-0.0013335940933856,1.2421572205830762,1.242231098536125,1.270191819862771,59.656347597403226,1.2399665857413065,1.2604475128948895,1.2194856585877234,0.0330346436574961,0.0084753802096304,0.0067627984159989,1.2569773588770752,1.222859866152625,0.0067387629069808,0.075433196451109,1.2957504315345865,0,0,0
2019-04-23,1.2532356708400485,1.2620188076674144,1.2521136416830143,1.2608967785103804,5218.0,0.0061130622504519,0.0060944532854124,1.2439419403856766,1.2429630859860954,1.2700993318891156,63.916140002088696,1.2415315156144775,1.2634118785209756,1.2196511527079794,0.0352473741202916,0.0087770936029931,0.0069609929635654,1.2620188076674144,1.222859866152625,0.0111844444339761,0.0770801064764072,1.7701043605772817,0,0,0
2019-04-24,1.2608967785103804,1.2625586220798946,1.2574785575752474,1.2591404011447616,9447.0,-0.001392958880975,-0.0013939299500746,1.245389412838923,1.2435974905021216,1.2699902878021072,62.29224424026244,1.2426831504660747,1.2657537227271545,1.2196125782049951,0.0371302568195711,0.0089207092851242,0.0070847613792821,1.2625586220798946,1.222859866152625,0.014515620831899,0.0760970104755607,1.4266876861525026,0,0,0
2019-04-25,1.2591404011447616,1.2609740919764916,1.2554151659643509,1.257248856796081,1973.0,-0.0015022505408935,-0.0015033800505834,1.2465188836919856,1.244132838199924,1.269863507394087,60.50923875992642,1.2438243285787325,1.2674268064277043,1.2202218507297602,0.0379514651814885,0.0081762563968687,0.00650329197173,1.2625586220798946,1.222859866152625,0.0068775370224611,0.0761551289608829,1.1375524470989613,0,0,0
2019-04-26,1.257248856796081,1.2585621223391943,1.2542146711744315,1.2555279367175451,2462.0,-0.0013687982846302,-0.0013697359447449,1.247376888742039,1.244579704808458,1.269720864899793,58.85857986507264,1.2450492577360168,1.2683972863562176,1.221701229115816,0.0375053894054867,0.007854581357712,0.0062559988734676,1.2625586220798946,1.222859866152625,0.0081960006866026,0.0754241816658325,0.8976071729209798,0,0,0
2019-04-29,1.2555279367175451,1.2594415147012192,1.25435741156766,1.258270989551334,9683.0,0.0021847804047756,0.0021823972425599,1.2484144221524478,1.2451166179356297,1.2696069357918482,60.6989207651881,1.2466583720283198,1.2689147546684605,1.2244019893881792,0.0357056642613794,0.0078927032700141,0.0062726577466659,1.2625586220798946,1.222859866152625,0.0036973202443784,0.0731380017429436,1.0435314409153196,0,0,0
2019-04-30,1.258270989551334,1.2601518123920314,1.2571793420829471,1.2590601649236448,9961.0,0.0006271903102463,0.0006269937086038,1.2494283024163717,1.2456634236998656,1.2695019927981348,61.23616256760494,1.2482280752879933,1.269237922065003,1.2272182285109836,0.0336634741566155,0.0075296378542312,0.0059803638173938,1.2625586220798946,1.222859866152625,0.0067128385669927,0.0731778099842172,1.0311440869244894,0,0,0
2019-05-01,1.2590601649236448,1.2626823726653569,1.2580380378921094,1.2616602456338215,4819.0,0.0020650964764137,0.0020629670957656,1.250593249389462,1.246290750050217,1.2694239654631665,63.029329166319805,1.2500946844047665,1.2686546465631143,1.2315347222464186,0.0296936902298488,0.0070784216551308,0.0056104023881444,1.2626823726653569,1.222859866152625,0.015919181926612,0.0716709184955145,1.2462914665861045,0,0,0
2019-05-02,1.2616602456338215,1.2645391327591922,1.2612627742179885,1.264141661343359,8567.0,0.0019667860013221,0.0019648544100045,1.251883574337452,1.246990785787203,1.2693714052231684,64.70726951767007,1.252078711773849,1.2672808810317664,1.2368765425159316,0.0242830887786281,0.0067771083467252,0.0053610355183796,1.2645391327591922,1.2231523683997505,0.0141015215252515,0.071491430871711,1.5870037183315095,0,0,0
2019-05-03,1.264141661343359,1.2658695608479775,1.2610672648726748,1.2627951643772937,2379.0,-0.0010651472119306,-0.0010657148843611,1.2529227733888657,1.2476105653397556,1.2693059699908713,63.03543054140687,1.2533272255284382,1.2676780804977243,1.238976370559152,0.0229004120823041,0.0061664392689121,0.0048831666788595,1.2658695608479775,1.236910465006012,0.0062849789331882,0.0629383321320501,1.3194947435701678,0,0,0
2019-05-06,1.2627951643772937,1.263857819343988,1.2562430994081908,1.2573057543748851,5638.0,-0.0043470312187293,-0.0043565070300069,1.2533402001494387,1.2479907688313294,1.269186564860364,56.613490088835086,1.2539501661252088,1.2678247989638285,1.2400755332865894,0.0221294804425809,0.0063333669847337,0.0050372528421955,1.2658695608479775,1.2394122437532733,0.0032476601404973,0.063134661674378,0.4837011960901993,0,0,0
2019-05-07,1.2573057543748851,1.260413777070777,1.2559538622438275,1.2590618849397197,3841.0,0.0013967410542135,0.0013957665187708,1.253885122510418,1.248424930247345,1.2690858217765764,58.08468462958749,1.2545557437815802,1.2681993142804853,1.2409121732826751,0.0217504412482773,0.0059098398236285,0.0046938438009434,1.2658695608479775,1.2394122437532733,-0.0014552290099659,0.0630703220928812,0.6605515995246116,0,0,0
2019-05-08,1.2590618849397197,1.2620726543169651,1.2573916816261133,1.260402451003359,1646.0,0.0010647340529283,0.0010641676256539,1.2545058204621269,1.248894636943659,1.2689994200773405,59.22143073658142,1.2555196310560277,1.2678263083077816,1.243212953804273,0.0196041176057166,0.0056218632311379,0.0044603715477247,1.2658695608479775,1.2394122437532733,0.0010023106696044,0.0600573418447476,0.7935236859543726,0,0,0
2019-05-09,1.260402451003359,1.2615833684358198,1.258350655642798,1.259531573075259,2306.0,-0.0006909522648156,-0.0006911910823457,1.2549844635681393,1.249311771693918,1.268905212644484,58.11872268804499,1.256063152532151,1.268050483253708,1.244075821810594,0.01908714652984,0.0051050317222984,0.0040531192956394,1.2658695608479775,1.2398704725911407,0.0018156439489596,0.0568627133373992,0.5786810464602636,0,0,0
2019-05-10,1.259531573075259,1.2715991946633045,1.2577884006843612,1.269856022272407,3217.0,0.0081970546970406,0.0081636413142197,1.2564008024923552,1.2501174285793488,1.2689146734368018,66.16271204898152,1.257289889514268,1.2696640074851344,1.2449157715434014,0.019683794603084,0.0056764489017079,0.0044701515779324,1.2715991946633045,1.2398704725911407,0.0114120005902225,0.0618425404184766,2.0310349049078624,0,0,0
2019-05-13,1.269856022272407,1.2772941818153465,1.2698269530922266,1.2772651126351664,8154.0,0.0058345908770831,0.0058176355712794,1.2583878796488133,1.2511820436403611,1.2689977623840494,70.53615682151072,1.2584713503373597,1.2735853393733794,1.24335736130134,0.0240195997023977,0.0055023105259022,0.0043078844567751,1.2772941818153465,1.2398704725911407,0.0150954152496238,0.0608790243401917,2.486936076639647,0,0,0
2019-05-14,1.2772651126351664,1.2797951102240026,1.2731417288609133,1.2756717264497497,4185.0,-0.0012474984008054,-0.0012482771746822,1.2600339602965214,1.2521424233583769,1.2690641699866931,68.48607490256627,1.2597217039101856,1.2761930245796298,1.243250383240741,0.0261507293528675,0.0056146903015052,0.0044013598366181,1.2797951102240026,1.2398704725911407,0.0131936201214912,0.0601957891820644,1.9367023275981308,0,0,0
2019-05-15,1.2756717264497497,1.276722544420636,1.2700612248432943,1.271112042814181,4933.0,-0.003574339339054,-0.003580742552635,1.261089015774394,1.2528863300037023,1.2690845468307477,62.85611497812838,1.2611827877034223,1.2761056338222012,1.2462599415846434,0.0236648426608374,0.0056934326990196,0.0044790958682246,1.2797951102240026,1.2398704725911407,0.0074915550466689,0.0551478363090574,1.3307454934168192,0,0,0
2019-05-16,1.271112042814181,1.2770800664467064,1.2701955823001627,1.276163605932688,1022.0,0.0039741289110304,0.0039662529206344,1.2625246910275647,1.2537991643538586,1.269154985229772,66.17377803911339,1.262662806839129,1.277350201818659,1.2479754118595987,0.0232641603125981,0.0058746493405754,0.0046033669298082,1.2797951102240026,1.2455014813743368,0.009509966293298,0.0552846491869791,1.8384198303885704,0,0,0
2019-05-17,1.276163605932688,1.2781516468552094,1.2714460358821842,1.2734340768047057,6279.0,-0.0021388551713065,-0.0021411457888106,1.2635636801491972,1.2545691609205587,1.2691975632553931,62.90434656485803,1.2635891060070197,1.2785514590270728,1.248626752986966,0.0236823077200069,0.0059904713291086,0.004704186450028,1.2797951102240026,1.2511664054098657,0.0084248916431812,0.0524156785578427,1.3159655816824285,0,0,0
2019-05-20,1.2734340768047057,1.2763498589370672,1.2724324272270566,1.2753482093594182,9568.0,0.0015031265375868,0.0015019979736675,1.2646860162644562,1.2553840255652198,1.26925876371414,64.2386931534954,1.264694732932988,1.2797036896372642,1.249685776228712,0.0237353035692154,0.006057968572032,0.0047500506352494,1.2797951102240026,1.2521136416830143,0.0143500933816242,0.051893651795366,1.41961585156614,0,0,0
2019-05-21,1.2753482093594182,1.279409085275679,1.274534516817609,1.2785953927338698,6594.0,0.0025461151320254,0.0025428792723097,1.2660107187853529,1.256294275258108,1.2693516654954309,66.44383930225354,1.2655796636441623,1.2816922187308246,1.2494671085575,0.0254627275540556,0.0060744138352336,0.0047508491503675,1.2797951102240026,1.2542146711744315,0.0155143349408004,0.0485604576466106,1.6156008801461408,0,0,0
2019-05-22,1.2785953927338698,1.2799722490887315,1.2717625379957491,1.2731393943506109,2049.0,-0.0042671813259025,-0.0042763117274466,1.2666896402677583,1.2569548681636964,1.2693893543397612,59.77437237332864,1.266279613304455,1.2824305812436896,1.2501286453652205,0.0255093231692918,0.0064267961603606,0.0050479909653873,1.2799722490887315,1.2542146711744315,0.0101054574569516,0.0512045410558283,0.8494575770275414,0,0,0
2019-05-23,1.2731393943506109,1.2808256175626322,1.271024464420579,1.2787106876326004,4610.0,0.004376027720697,0.0043664807531209,1.267834501921553,1.257808037554634,1.2694821039247646,63.77320137041387,1.267352704846281,1.2838259809543031,1.2508794287382587,0.0259963560972874,0.0067838573865571,0.005305232412749,1.2808256175626322,1.2542146711744315,0.0152271804592512,0.0523072439229669,1.378958588666926,0,0,0
2019-05-24,1.2787106876326004,1.2798928068857385,1.2723522881143623,1.2735344073675003,2421.0,-0.0040480464542635,-0.0040562619730079,1.268377350059262,1.2584247579394523,1.2695224253520554,58.00377412012819,1.2682530283787783,1.2839553820590188,1.2525506746985382,0.0247621780967679,0.0067785573033841,0.0053226338166991,1.2808256175626322,1.25435741156766,0.0028966946099222,0.0546288978004143,0.6726862859251271,0,0,0
2019-05-27,1.2735344073675003,1.2743985109423843,1.2724805459767832,1.2733446495516672,9372.0,-0.0001490009337284,-0.0001490120354704,1.2688504262013958,1.2590098517281667,1.2695604574336437,57.79734595501586,1.2690067113787953,1.2841279848106004,1.25388543794699,0.0238316681798721,0.0065969894561449,0.0051808357293272,1.2808256175626322,1.2559538622438275,-0.0030694200011545,0.0544254637904472,0.5737530231743218,0,0,0
2019-05-28,1.2733446495516672,1.2820244328523949,1.271369979745683,1.2800497630464107,8290.0,0.0052657491411334,0.005251933562483,1.2699170297104447,1.2598349462896663,1.2696648286337708,62.83101384782017,1.2700561912849335,1.285184334217046,1.254928048352821,0.0238227930951736,0.0070236666287063,0.0054870262324729,1.2820244328523949,1.2559538622438275,0.0034319460923113,0.0568896859181521,1.3211894951446692,0,0,0
2019-05-29,1.2800497630464107,1.280678216363465,1.2718040517066544,1.2724325050237084,3065.0,-0.0059507514806095,-0.0059685277587599,1.2701565987878984,1.2603289682008054,1.2696923677023275,54.83007659766563,1.270594804254428,1.2852231203478928,1.2559664881609631,0.0230259340656576,0.0074266274761198,0.0058365590683974,1.2820244328523949,1.2559538622438275,0.0010388244033971,0.0615148354818713,0.2512525375496177,0,0,0
2019-05-30,1.2724325050237084,1.2731814267021837,1.2713638586290228,1.272112780307498,9897.0,-0.0002512704720668,-0.000251302045781,1.270342901789765,1.2607910784794991,1.2697164514098418,54.51627496623728,1.2709933602026349,1.2853124715519286,1.2566742488533411,0.0225321575983856,0.0065699684828496,0.0051646116480816,1.2820244328523949,1.2559538622438275,-0.0031742212411938,0.0612844232393875,0.1563532928205363,0,0,0
2019-05-31,1.272112780307498,1.273138995422678,1.2660586309985569,1.267084846113737,5070.0,-0.0039524280170706,-0.0039602595030866,1.2700326107730004,1.2610378928965285,1.2696902662825176,49.699196003983495,1.271207844289457,1.2851329939028,1.257282694676114,0.0219085331732302,0.0065423353186354,0.0051632969478732,1.2820244328523949,1.2559538622438275,-0.0049859123504062,0.0629842357308423,-0.5921657275077881,0,0,0
2019-06-03,1.267084846113737,1.2714388732372863,1.2655004005173631,1.2698544276409127,4162.0,0.0021857901115858,0.002183404747684,1.270015640950897,1.2613836393570923,1.2696918997288698,52.20446394619442,1.2718352779527584,1.2841620710511168,1.2595084848544,0.0193842603866131,0.0064912704155521,0.0051118224847326,1.2820244328523949,1.2559538622438275,-0.0043076719582841,0.0609981046348381,-0.321389398855005,0,0,0
2019-06-04,1.2698544276409127,1.2700929622859731,1.2694913234135763,1.2697298580586367,6991.0,-9.809752957856688e-05,-9.8102341455913e-05,1.2699884235325865,1.2617109420512709,1.2696922774236934,52.07882537976897,1.272368676608704,1.28320083754166,1.2615365156757483,0.0170267645409618,0.0060584360794846,0.0047714370431107,1.2820244328523949,1.2573916816261133,-0.0069338077750124,0.0609385929626293,-0.4872192291824394,0,0,0
2019-06-05,1.2697298580586367,1.271144416589923,1.2669967667331674,1.2684113252644538,7447.0,-0.0010384356844209,-0.0010389752323125,1.2698382236975263,1.261973702177278,1.269679531631064,50.68827585197536,1.272769120321759,1.2822460462706673,1.2632921943728508,0.0148918225585367,0.0058629479159284,0.004622276543223,1.2820244328523949,1.2577884006843612,-0.0037137088893307,0.0611046292440118,-0.9196642626098082,0,0,0
2019-06-06,1.2684113252644538,1.2704772423719402,1.2675687045552029,1.269634621662689,7123.0,0.000964431942438,0.0009639671767514,1.269818833027542,1.262274130392392,1.2696790847657071,51.969622755830514,1.2732742727511304,1.280616958923134,1.2659315865791267,0.0115335498865275,0.0055917284047649,0.004404202838642,1.2820244328523949,1.2577884006843612,-0.0070978260037184,0.0610224960369717,-0.9913677374143104,0,0,0
2019-06-07,1.269634621662689,1.2736067728322864,1.2680258040321628,1.2719979552017602,6960.0,0.0018614280823376,0.0018596977719842,1.2700263684727056,1.2626554568555044,1.2697021581033792,54.4330756204341,1.2733813693975982,1.2805751034746722,1.266187635320524,0.0112986325227566,0.0057105524826302,0.0044894352693549,1.2820244328523949,1.2655004005173631,-0.0012064473145378,0.0540391831879576,-0.3846164400896665,0,0,0
2019-06-10,1.2719979552017602,1.280140208007074,1.2715724439849407,1.2797146967902546,5711.0,0.0060666304980581,0.0060483025836939,1.2709490664077103,1.2633244466568672,1.269801785353995,61.39549079435645,1.2735038486053525,1.2810507426833428,1.265956954527362,0.0118521731775764,0.0059743521657775,0.0046685032068181,1.2820244328523949,1.2655004005173631,0.0050026104408027,0.0543716100380712,1.6459349026814327,0,0,0
2019-06-11,1.2797146967902546,1.282100038689856,1.2723230361194229,1.2747083780190245,9441.0,-0.0039120585110001,-0.003919730627613,1.2713070960849782,1.263770875337736,1.2698506071715574,55.47353368181466,1.2734556811838162,1.2809564733288767,1.2659548890387555,0.0117802170203327,0.006086301557024,0.0047746619242297,1.282100038689856,1.2655004005173631,-0.0041727948253155,0.0560452515964684,0.3340172107109874,0,0,0
2019-06-12,1.2747083780190245,1.277441580958688,1.2745606839770955,1.2772938869167594,5813.0,0.0020283140381904,0.0020262597865809,1.2718772666403857,1.2643011895173055,1.2699246696565845,57.74060052070251,1.2737647733889452,1.2813677141763744,1.266161832601516,0.0119377469785115,0.0055919975455625,0.0043780038430004,1.282100038689856,1.2655004005173631,0.0038205420514312,0.0548644167826292,0.9283548633311144,0,0,0
2019-06-13,1.2772938869167594,1.2791788305516587,1.2691117089659414,1.2709966526008407,7739.0,-0.0049301373633905,-0.0049423305832759,1.2717933986366194,1.2645637566970522,1.2699353361535424,50.93797906097618,1.273506425722353,1.2811172987024968,1.265895552742209,0.0119526259568369,0.0057724691751584,0.0045416871581417,1.282100038689856,1.2655004005173631,-0.0008773810969711,0.0559381063850473,-0.6595230607737249,0,0,0
2019-06-14,1.2709966526008407,1.2722650031647762,1.263186770599025,1.2644551211629604,1726.0,-0.0051467731441261,-0.0051600634019314,1.2710945150676995,1.264559496480029,1.2698808066511484,45.00624042220111,1.2730574779402657,1.2816785706583995,1.2644363852221316,0.0135439174860863,0.0062839168608834,0.0049696638146428,1.282100038689856,1.263186770599025,-0.0020754134648852,0.0582924966764615,-1.9956534649512736,0,0,0
2019-06-17,1.2644551211629604,1.265894706807781,1.2593897325824035,1.2608293182272243,1135.0,-0.0028674825029783,-0.0028716016071212,1.2701168772733686,1.264413214979919,1.2697907420897163,42.081162297335446,1.272331533383656,1.282454731525155,1.262208335242157,0.0159128306984223,0.0059875255122166,0.004748878714714,1.282100038689856,1.2593897325824035,-0.0071072000201274,0.0585163955957802,-2.2724469077177,0,0,0
2019-06-18,1.2608293182272243,1.2631974886728043,1.2515507850996417,1.2539189555452217,3365.0,-0.0054808074194522,-0.0054958821508009,1.2685742180611643,1.264001675394245,1.269632813865393,37.12835158233524,1.2710977115242237,1.2837144646221628,1.2584809584262842,0.0198517438644587,0.0061855640062418,0.0049329854843388,1.282100038689856,1.2515507850996417,-0.0124521782433226,0.059777832040784,-2.72316591212481,0,0,0
2019-06-19,1.2539189555452217,1.2559909157468596,1.2491280747169613,1.2512000349185992,4469.0,-0.0021683384038486,-0.0021706926533875,1.266919533952349,1.2634996502775526,1.269449403129604,35.36469396105672,1.270000743552623,1.285382201767749,1.2546192853374971,0.0242227546609126,0.0065459406460088,0.0052317299099457,1.282100038689856,1.2491280747169613,-0.0135691711379715,0.0586955639076504,-2.444593792223879,0,0,0
2019-06-20,1.2512000349185992,1.25274568451047,1.245912437602658,1.2474580871945289,9201.0,-0.0029906870361572,-0.0029951680771222,1.2650660628325563,1.262870569372336,1.269230584065573,33.03865572299274,1.2684381135307192,1.2862515971759998,1.2506246298854389,0.0280872727731216,0.0065282893948438,0.0052332735358874,1.282100038689856,1.245912437602658,-0.0174668633713834,0.05572547313659,-2.3555220027665884,0,0,0
2019-06-21,1.2474580871945289,1.2543245885313352,1.245991110180234,1.252857611517041,1007.0,0.0043284214339058,0.0043190807617284,1.2639033531834596,1.262477904358403,1.2690676689158369,39.24805519178923,1.2674042737381963,1.2863372540735718,1.2484712934028208,0.0298767815884553,0.0066993612256423,0.0053472646564602,1.282100038689856,1.245912437602658,-0.0150474641931979,0.0579946726691591,-1.536647898374013,0,0,0
2019-06-24,1.252857611517041,1.25411967805835,1.2438090543691505,1.2450711209104597,3047.0,-0.0062149844762906,-0.0062343778872308,1.2621098072526975,1.26179528539966,1.2688288972938928,34.30740355404551,1.265990597306136,1.2871475860239856,1.2448336085882865,0.033423611143509,0.0073928601411282,0.0059377010814628,1.282100038689856,1.2438090543691505,-0.027071327669118,0.0609948180012332,-1.9775476250102832,0,0,0
2019-06-25,1.2450711209104597,1.2465865179673,1.2405185467959974,1.2420339438528376,2105.0,-0.0024393602956601,-0.0024423403823093,1.2601978202622348,1.2610203308291963,1.2685622808417432,32.5843899138828,1.2640898063464574,1.286708789026617,1.241470823666298,0.0357869869159595,0.0075300259493101,0.006062657133147,1.282100038689856,1.2405185467959974,-0.0256328700192312,0.0562516557758824,-1.950208177396635,0,0,0
2019-06-26,1.2420339438528376,1.243377910402426,1.2398049718656157,1.241148938415204,7063.0,-0.0007125452907414,-0.000712799271793,1.258383641038708,1.2602410605384515,1.2682895112653596,32.07882167389384,1.2625256280160322,1.2869686316056417,1.2380826244264227,0.0387208038351188,0.007577483143601,0.0061052166336109,1.282100038689856,1.2398049718656157,-0.0282980673999818,0.0537735086406311,-1.7491049757825334,0,0,-1
2019-06-27,1.241148938415204,1.2449080853922827,1.240270061598025,1.2440292085751037,8667.0,0.0023206482886553,0.0023179597430579,1.2570165522326506,1.259605301637928,1.2680481152186904,35.5819017001938,1.2611214494294123,1.286455872482478,1.235787026376347,0.0401776102761995,0.0075101299288963,0.0060369401917004,1.282100038689856,1.2398049718656157,-0.0212175570805427,0.0551568950833241,-1.3493293941217803,0,0,-1
2019-06-28,1.2440292085751037,1.2457051693411507,1.238250418672742,1.2399263794387891,5573.0,-0.0032980167250364,-0.0033034671692659,1.2553889167284733,1.2588335791987462,1.267768296952224,32.973108643504005,1.2597635260956648,1.2866178954768357,1.232909156714494,0.0426339845929646,0.0074306289750588,0.0059927985227817,1.282100038689856,1.238250418672742,-0.0193986653331051,0.0547570448791642,-1.477386891891392,0,0,-1
2019-07-01,1.2399263794387891,1.2436628924797597,1.2388467660866236,1.242583279127594,8398.0,0.0021427882597413,0.0021404957632838,1.2541693321950562,1.2581963125292892,1.267517699759939,36.23356950631455,1.2583999686699991,1.2858595861028883,1.2309403512371098,0.0436421139805198,0.0070762806766805,0.0056948140181386,1.282100038689856,1.238250418672742,-0.014471458456633,0.0547232614534494,-1.1519963510825004,0,0,-1
2019-07-02,1.242583279127594,1.244771803947112,1.2414250482148663,1.2436135730343845,1910.0,0.0008291548132803,0.0008288112543241,1.2531640217988016,1.2576244403922343,1.2672798477527196,37.50314558152779,1.2570941544187866,1.2847682478925484,1.2294200609450248,0.0440286725962175,0.0071095563017271,0.0057168532540055,1.282100038689856,1.238250418672742,-0.0082185395357998,0.0550418192352097,-0.9742383357332564,0,0,-1
2019-07-03,1.2436135730343845,1.248261273483116,1.242598488743249,1.2472461891919806,5396.0,0.0029210168145179,0.0029167589344469,1.25260041869339,1.2572174501490871,1.2670805078665432,41.89570759842304,1.2560358976151629,1.283505763591055,1.2285660316392708,0.0437405746572198,0.0067949608127378,0.0054479707948756,1.282100038689856,1.238250418672742,-0.0031600428518816,0.0568027550444733,-0.639952770857801,0,0,-1
2019-07-04,1.2472461891919806,1.2489003550255051,1.2456705889369148,1.2473247547704394,4134.0,6.299123552322428e-05,6.298925165865819e-05,1.252097974510252,1.2568295013107087,1.2668839332088706,41.99067073970967,1.2549204042705504,1.2818721799385917,1.227968628602509,0.0429537611729365,0.0063772132072263,0.0051127127741483,1.282100038689856,1.238250418672742,-0.0001068832896735,0.0565134126397191,-0.5636474266975895,0,0,-1
2019-07-05,1.2473247547704394,1.2573521806906065,1.2455528669536966,1.2555802928738635,6518.0,0.0066185955757316,0.0065967888391307,1.252429623878215,1.256780512744558,1.2667714591756865,51.044742845737694,1.2540995211541557,1.2798338203254624,1.2283652219828485,0.041040282269821,0.0067553803151929,0.0053802853975437,1.282100038689856,1.238250418672742,0.0021731770089388,0.0618453861372211,0.1150815656452053,0,0,-1
2019-07-08,1.2555802928738635,1.2651130284789391,1.2543675438290065,1.263900279434082,1955.0,0.006626407412922,0.0066045492827716,1.2535220672644882,1.257059719281402,1.2667428902230338,58.136356258581536,1.2533088002863468,1.2765834536826457,1.2300341468900482,0.0371411313652006,0.0066910075349622,0.0052939362731671,1.282100038689856,1.238250418672742,0.0151229582048721,0.0626770866675871,0.9101299140651808,0,0,0
2019-07-09,1.263900279434082,1.2660858368356998,1.252184986883392,1.25437054428501,9777.0,-0.0075399422756191,-0.0075685113370246,1.2536028745997758,1.2569542614384062,1.2666197823032526,49.323055708426885,1.2522919085996462,1.2732962894962816,1.2312875277030109,0.0335455028534411,0.0071937224579914,0.0057349261673645,1.2791788305516587,1.238250418672742,0.0099325791321802,0.0664200686978362,0.1979240136229567,0,0,0
2019-07-10,1.25437054428501,1.259206446154802,1.252661512911348,1.25749741478114,1628.0,0.0024927805506724,0.0024896787269434,1.2539737831884772,1.2569755615694935,1.266529012477162,51.89968781648128,1.251302084992865,1.2689419169495022,1.2336622530362285,0.0281943619661393,0.007173128624823,0.0057042889635455,1.2791788305516587,1.238250418672742,0.0131720503961521,0.0667018381232554,0.7024250348307485,0,0,0
2019-07-11,1.25749741478114,1.2582302950121576,1.2527049352021165,1.253437815433134,4932.0,-0.0032283162575824,-0.0032335385129354,1.2539227386403493,1.2568368264268914,1.2663987518100572,48.45508378175381,1.2504241431344798,1.2654979765277037,1.235350309741256,0.0241099525724732,0.006972548729033,0.0055627400443664,1.2722650031647762,1.238250418672742,0.0075630112164382,0.0655586031144558,0.3998547973880325,0,0,0
2019-07-12,1.253437815433134,1.254696353090486,1.2486598337829071,1.249918371440259,7679.0,-0.0028078329451539,-0.0028117823025675,1.2535413703355789,1.2565655144666312,1.2662347679257808,45.62773713149607,1.2496973056483447,1.2632473591226046,1.2361472521740848,0.0216853367819818,0.0066672555589173,0.0053341527825011,1.2660858368356998,1.238250418672742,0.0080585365124601,0.0639544724015127,0.0326295084125436,0,0,0
2019-07-15,1.249918371440259,1.2509111064787897,1.2491885808207317,1.2501813158592625,4918.0,0.0002103692729151,0.0002103471484025,1.2532213651473585,1.2563151537369306,1.266075032084323,45.88180957182231,1.2491649055299467,1.2616697452043686,1.236660065855525,0.0200211190997505,0.0063568665936855,0.0050847557174668,1.2660858368356998,1.238250418672742,0.0061147102647338,0.0634191073220287,0.1625627126423001,0,0,0
2019-07-16,1.2501813158592625,1.255701975045863,1.2482548784387466,1.253775537625347,4926.0,0.0028749603921367,0.0028708355973651,1.2532741434785954,1.256215560948241,1.2659526490548805,49.36484499060616,1.2491577346339529,1.2616512548991534,1.2366642143687523,0.0200031107662501,0.0066335921701359,0.0052908929637437,1.2660858368356998,1.238250418672742,0.0081713201040156,0.0614750561015279,0.7392316806427321,0,0,0
2019-07-17,1.253775537625347,1.2610577475745686,1.2524075745707963,1.259689784520018,5705.0,0.004717149694811,0.0047060588087598,1.253885156911112,1.2563518050098794,1.265890331994832,54.54856448519219,1.2495822221140238,1.2629165270837015,1.236247917144346,0.0213420209309939,0.0069201742565298,0.0054935543191426,1.2660858368356998,1.238250418672742,0.0099768557610095,0.0630892338518779,1.516023884106248,0,0,0
2019-07-18,1.259689784520018,1.2600223118822076,1.258146905877442,1.2584794332396316,4794.0,-0.0009608328139673,-0.0009612947097089,1.2543227070376377,1.2564352414110462,1.2658165917087107,53.34497189263543,1.250133289416279,1.2639983719209464,1.2362682069116118,0.0221817667316759,0.0065216496376982,0.0051821662439964,1.2660858368356998,1.238250418672742,0.0089428822979187,0.062068688722072,1.2039082811866353,0,0,0
2019-07-19,1.2584794332396316,1.2591485675993064,1.2575161277352231,1.258185262094898,5259.0,-0.0002337512532695,-0.0002337785773518,1.2546905694240431,1.256503869673158,1.265740658080713,53.038661273034,1.250399671945172,1.2646835279494382,1.2361158159409058,0.0228468646061713,0.0062942434570515,0.0050026364532132,1.2660858368356998,1.238250418672742,0.0020747133702392,0.0603744288796655,1.0901244240211654,0,0,0
2019-07-22,1.258185262094898,1.2589402387338988,1.2535578193959127,1.2543127960349136,1478.0,-0.0030778186461479,-0.003082564871139,1.2546545910060312,1.2564179452167563,1.2656269480106053,49.04615368029494,1.2508617557013948,1.2650171655448526,1.236706345857937,0.0226330524199621,0.0064396480003187,0.005134004867586,1.2660858368356998,1.238250418672742,-0.0075856327869957,0.0568652208706565,0.4875931353006791,0,0,0
2019-07-23,1.2543127960349136,1.2555686376080175,1.2532244923711222,1.2544803339442263,5226.0,0.0001335694811073,0.0001335605614984,1.2546379950953832,1.256341960460971,1.2655160364278553,49.22423559732619,1.2514840752059642,1.265089046800146,1.2378791036117824,0.0217421409728168,0.0062026023215351,0.004944359950254,1.2660858368356998,1.238250418672742,8.752569941683497e-05,0.0559009921319515,0.440465269261355,0,0,0
2019-07-24,1.2544803339442263,1.261676984058573,1.254357695730386,1.2615543458447331,1811.0,0.0056389978456381,0.0056231582158142,1.25529669516675,1.256546367730922,1.265476616621058,56.18702100470818,1.2525043455774405,1.2659048853388306,1.2391038058160504,0.0213979932424299,0.0064947110529348,0.0051481817444701,1.2660858368356998,1.238250418672742,0.0032261943570668,0.0585505619676134,1.350691901734837,0,0,0
2019-07-25,1.2615543458447331,1.2628422696318335,1.255552197745888,1.2568401215329883,9598.0,-0.0037368380738191,-0.0037438374957926,1.2554436881540108,1.2565578874878658,1.26539068134655,51.15287582904013,1.253144891225335,1.266055464162162,1.2402343182885074,0.0206050761204528,0.0061726223492945,0.0049112231886468,1.2660858368356998,1.238250418672742,0.0027143796508795,0.0604128987524926,0.5724347518479613,0,0,0
2019-07-26,1.2568401215329883,1.2636629408164424,1.2552202316918926,1.2620430509753464,4987.0,0.0041396907635409,0.004131145817903,1.2560721988989,1.2567729919383552,1.2653573715916124,55.854017042496565,1.2542507248021626,1.2661426466909176,1.2423588029134076,0.0189625912165699,0.0060081383831957,0.0047606445584819,1.2660858368356998,1.2388467660866236,0.0097003770903185,0.0599467440769987,1.3105242779221786,0,0,0
2019-07-29,1.2620430509753464,1.2645758274661287,1.2560835238696089,1.2586163003603912,3862.0,-0.002715240666558,-0.0027189336188476,1.2563144942761848,1.256845278543141,1.2652902962559784,52.28490742638183,1.2550523758638024,1.2657325163357955,1.2443722353918092,0.0170194338935734,0.0056218136434966,0.0044666620334465,1.2660858368356998,1.2414250482148663,0.0067470089291259,0.0610711511846156,0.6673928130317321,0,0,0
2019-07-30,1.2586163003603912,1.259684398643342,1.247388309149681,1.2484564074326316,7030.0,-0.0080722718471469,-0.0081050290359196,1.2555661050529892,1.2565163032054738,1.2651227948746515,43.42487408660847,1.255294517583715,1.2650634111751788,1.2455256239922503,0.0155643053556356,0.0060326105185114,0.0048320553946429,1.2660858368356998,1.242598488743249,-0.004242490009647,0.0684495229888981,-1.3999763815746833,0,0,0
2019-07-31,1.2484564074326316,1.2569894099782946,1.2472456894590072,1.25577869200467,5799.0,0.0058650702807447,0.0058479377125508,1.2555863514293395,1.2564873772760303,1.2650298187266915,50.00089784935312,1.255721142724349,1.264725436954416,1.2467168484942823,0.0143412321791946,0.0063339219977433,0.0050438202511878,1.2660858368356998,1.2455528669536966,-0.003104806090682,0.0707587162191444,0.0127826298986522,0,0,0
2019-08-01,1.25577869200467,1.2575838605962637,1.2520728777110162,1.2538780463026098,8835.0,-0.0015135196306175,-0.0015146661584612,1.2554236557029843,1.2563850505711904,1.2649188558169997,48.42739265867187,1.256048807300958,1.264203465466237,1.2478941491356788,0.0129846198935568,0.0062963836818625,0.0050215279711045,1.2660858368356998,1.2455528669536966,-0.0036563068219372,0.0710642694815735,-0.5323977913852458,0,0,0
2019-08-02,1.2538780463026098,1.260008692349892,1.251517358095571,1.2576480041428533,4990.0,0.0030066383659561,0.0030021274683211,1.2556354984115434,1.256434578162236,1.264846509034172,51.67583206965557,1.2561521928644073,1.2643342243942872,1.247970161334527,0.0130271340946711,0.006779870010167,0.005390912232861,1.2660858368356998,1.2472456894590072,-0.0004270102092517,0.067870401765567,0.365633222747545,0,0,0
2019-08-05,1.2576480041428533,1.2578848109806038,1.2565799578372203,1.2568167646749708,7917.0,-0.0006609476301351,-0.0006611661523131,1.2557479999604413,1.2564495658686177,1.2647666110803493,50.914331774207085,1.2557980171264518,1.2631377688922798,1.2484582653606238,0.0116893826327629,0.0063411383341861,0.0050453960453225,1.2660858368356998,1.2472456894590072,0.0019962872482626,0.0633417422261293,0.2775972760446974,0,0,0
2019-08-06,1.2568167646749708,1.257765006584125,1.2519912404753586,1.2529394823845128,7926.0,-0.0030850020459909,-0.0030897704744024,1.2554805220960672,1.2563119155359077,1.2646489282077538,47.40523871957685,1.255726464031427,1.2631522078172963,1.2483007202455574,0.0118270085063425,0.0061356806988285,0.0048970287752059,1.2645758274661287,1.2472456894590072,-0.0012282787685231,0.0583398013152373,-0.7506269344271025,0,0,0
2019-08-07,1.2529394823845128,1.254348715299726,1.240201236142287,1.2416104690575005,7903.0,-0.0090419477447162,-0.0090830742510775,1.2541595646638228,1.255735388223029,1.264419689808249,38.95662408802816,1.2549321167452447,1.2646158332077382,1.2452484002827513,0.0154330522476527,0.0070122573525909,0.0056477112003686,1.2645758274661287,1.240201236142287,-0.0158089715698125,0.0655876240393216,-2.7513502154552736,0,0,0
2019-08-08,1.2416104690575005,1.2508378978207468,1.24138837553005,1.2506158042932969,8704.0,0.0072529472489324,0.0072267711202161,1.2538220636761537,1.2555346202257849,1.264282337713573,47.0368814332981,1.254791016188253,1.2646471140701805,1.2449349183063254,0.0157095448640809,0.0075706203830633,0.0060535140824814,1.2645758274661287,1.240201236142287,-0.0049523540290072,0.0704471466703882,-0.8472342594348833,0,0,0
2019-08-09,1.2506158042932969,1.2528839882604192,1.2468056905690177,1.24907387453614,6514.0,-0.0012329364076987,-0.0012336970991118,1.2533698551866286,1.2552812576497203,1.2641310097217575,45.9161501240293,1.2547487913430468,1.2646995653833468,1.2447980173027469,0.0158609820690067,0.0076203259797359,0.0061007808545878,1.2645758274661287,1.240201236142287,-0.0102763344159958,0.0698646434167114,-1.140598064818622,0,0,0
2019-08-12,1.24907387453614,1.2505243995156812,1.2434332541867743,1.2448837791663157,3548.0,-0.0033545616918618,-0.0033602008487323,1.2525616574704084,1.2548735133954694,1.263939494989863,42.92320258671264,1.2544839145083997,1.2651992599453417,1.2437685690714575,0.0170832727514741,0.0079593974148795,0.0063936871442006,1.2645758274661287,1.240201236142287,-0.0109108083139741,0.070844760142749,-1.7918480367393153,0,0,0
2019-08-13,1.2448837791663157,1.2522415528922008,1.2444070734476314,1.2517648471735163,3383.0,0.0055274782452454,0.0055122577987351,1.2524857707754664,1.254751604916177,1.263818354215571,48.82285368124685,1.2543833799858084,1.2651642389279116,1.2436025210437052,0.017189097231542,0.0079961967803354,0.0063879384361933,1.2645758274661287,1.240201236142287,0.0026500242388827,0.0729670469956362,-0.4857744315836476,0,0,0
2019-08-14,1.2517648471735163,1.2674636009119893,1.250864887429394,1.266563641167867,3621.0,0.0118223434918833,0.0117530055453787,1.2538265203366474,1.2552148220240866,1.2638456705036536,58.70808642434285,1.2547270728182007,1.2666028881886515,1.2428512574477495,0.0189297188651188,0.0086610997515247,0.0068382665268509,1.2674636009119893,1.240201236142287,0.0085882562205128,0.0828406943562918,1.9933904292781852,0,0,0
2019-08-15,1.266563641167867,1.268967865220575,1.2650869948633376,1.267491218916046,1345.0,0.0007323577892413,0.0007320897461365,1.255127920201352,1.2556962493531831,1.2638819446172098,59.239531854835576,1.2551776621020214,1.2682740562116737,1.2420812679923692,0.0208677934687269,0.0083352541252881,0.0065761829359389,1.268967865220575,1.240201236142287,0.0108568553804559,0.0827208900096485,1.8804499484249864,0,0,0
2019-08-16,1.267491218916046,1.2709738334483094,1.266710325651083,1.2701929401833465,2618.0,0.002131550283726,0.0021292817535055,1.256562684009161,1.2562647470327974,1.2639447405929924,60.821215166697016,1.2557780460064438,1.2704599540295598,1.241096137983328,0.0233829665517828,0.0080331972824814,0.0063243913805109,1.2709738334483094,1.240201236142287,0.0099749182594561,0.0829178826295823,1.963626819376222,0,0,0
2019-08-19,1.2701929401833465,1.2717151798207034,1.2628042136276716,1.2643264532650285,5143.0,-0.0046185793769812,-0.0046292779689527,1.257302090604958,1.2565808923752375,1.2639485387290328,55.761382545043446,1.2562787288679496,1.2714258470779365,1.2411316106579626,0.0241142635975954,0.0077914027610079,0.0061624928758606,1.2717151798207034,1.240201236142287,0.0059751658325466,0.0839703731897293,1.062607987276785,0,0,0
2019-08-20,1.2643264532650285,1.2728626435799573,1.263616729417006,1.2721529197319348,4016.0,0.0061902259868842,0.0061711452402695,1.2587164552837176,1.257191560114716,1.2640301743609024,60.48442325062484,1.257162358157335,1.2738511936922734,1.2404735226223966,0.0265500083209614,0.0077558451641267,0.0060966296141198,1.2728626435799573,1.240201236142287,0.0153346890392951,0.0864214552562776,1.7964778361218523,0,0,0
2019-08-21,1.2721529197319348,1.2727511661021385,1.270686715052841,1.2712849614230446,4970.0,-0.0006822751380181,-0.0006825079936205,1.2599134558684153,1.2577442425189644,1.264102361296844,59.72290747547355,1.2576488889362505,1.2754097623907126,1.2398880154817884,0.0282445658891086,0.0075096643187017,0.005907144776019,1.2728626435799573,1.240201236142287,0.0239000017357053,0.0845356893653697,1.5355182301992285,0,0,0
2019-08-22,1.2712849614230446,1.2722672962461288,1.2696802228210695,1.2706625576441537,4095.0,-0.0004895863616558,-0.00048970624819,1.2609371798470572,1.258250843112109,1.2641676368823895,59.14782231745176,1.2583400107418088,1.2770203097047317,1.239659711778886,0.0296903838445228,0.0070879314023259,0.0055781382395237,1.2728626435799573,1.240201236142287,0.0160295058498682,0.0832045985184949,1.3193093886562717,0,0,0
2019-08-23,1.2706625576441537,1.2732095826008407,1.2627865552687876,1.2653335802254746,7672.0,-0.0041938572806923,-0.0042026761655372,1.2613558846450017,1.2585285975087117,1.264179238308689,54.32453046961241,1.258504537204315,1.2773791125980705,1.2396299618105595,0.029995244094525,0.0077392295586594,0.0061163551490353,1.2732095826008407,1.240201236142287,0.013017409154741,0.0837063062249459,0.7236234859533702,0,0,0
2019-08-26,1.2653335802254746,1.2653941698059878,1.263418442619313,1.263479032199826,4495.0,-0.0014656593760186,-0.0014667345053658,1.2615580891740326,1.2587227322024808,1.264172271083725,52.71349363689576,1.258747673796287,1.2777531377408828,1.2397422098516913,0.0301974165914869,0.0074679410642243,0.0059106173303264,1.2732095826008407,1.240201236142287,0.0149373406134052,0.0832566240483603,0.4978945441512629,0,0,0
2019-08-27,1.263479032199826,1.2644743932071445,1.2622686291330574,1.2632639901403755,2526.0,-0.000170198360218,-0.0001702128456025,1.2617205559327318,1.2589008207490648,1.2641632334623982,52.5190042169659,1.259488052931674,1.277951445494878,1.2410246603684705,0.029318884796449,0.0066149614154134,0.0052364046367524,1.2732095826008407,1.240201236142287,0.0091863443783584,0.0773513949199711,0.4090187863119804,0,0,0
2019-08-28,1.2632639901403755,1.265166737789986,1.2599188265454089,1.261821574195019,9173.0,-0.0011418167197154,-0.0011424690890642,1.2617301767196163,1.2590153600998866,1.2641399333701857,51.15561676321959,1.2597901970411916,1.278195689643704,1.241384704438679,0.0292199330424076,0.0063148463406906,0.0050045477663664,1.2732095826008407,1.240201236142287,-0.0037440416088962,0.0749895531493309,0.2207359724292397,0,0,0
2019-08-29,1.261821574195019,1.2629546808504608,1.258292415985424,1.259425522640866,9933.0,-0.0018988830141706,-0.00190068817808,1.2615106858549734,1.2590314449054152,1.2640930238106898,48.88537510318283,1.2600675708581044,1.2782639324759015,1.2418712092403072,0.0288815648281551,0.0062137011388074,0.0049337583105176,1.2732095826008407,1.240201236142287,-0.0063635125473119,0.0751221531003573,-0.0705688566455502,0,0,0
2019-08-30,1.259425522640866,1.2621684299205025,1.2578915182976114,1.260634425577248,8770.0,0.0009598844192446,0.0009594240247889,1.26142723249519,1.259094306892546,1.2640586098979194,50.08890212170889,1.2602168919298242,1.2783786335118053,1.2420551503478432,0.028823199717898,0.0060126844455206,0.0047695702445753,1.2732095826008407,1.240201236142287,-0.00752524620765,0.0744677401603167,0.0459794723472936,0,0,0
2019-09-02,1.260634425577248,1.2621514833202676,1.2538320675533088,1.2553491252963285,5456.0,-0.0041925717509255,-0.0042013852225697,1.2608483651429174,1.2589474370260276,1.2639719483595953,45.09021566687613,1.260143509960892,1.2783748228767018,1.2419121970450822,0.0289352962923653,0.0060473227542627,0.0048172437709989,1.2732095826008407,1.240201236142287,-0.0071004825893792,0.0760039587834811,-0.5259505650200209,0,0,0
2019-09-03,1.2553491252963285,1.2691921156939887,1.253440484361732,1.2672834747593922,5555.0,0.0095067971312334,0.0094618919142424,1.2614612327254386,1.2592743404665518,1.2640048988710362,55.81329995950497,1.260860709579636,1.2790272041211486,1.2426942150381235,0.0288160213154221,0.0059868168863813,0.0047241339492082,1.2732095826008407,1.240201236142287,-0.0038277198417063,0.0822181519255446,0.7071001139024797,0,0,0
2019-09-04,1.2672834747593922,1.2689100110789768,1.2647197761600235,1.2663463124796082,9099.0,-0.0007395048530574,-0.0007397784216497,1.261926478416312,1.259551672702358,1.2640281965188829,54.90653495262207,1.2620975017507412,1.277968887589998,1.2462261159114845,0.025150807789795,0.0060089143550753,0.0047450798378442,1.2732095826008407,1.24138837553005,-0.0038847694209394,0.0742214839732114,0.5354051337291302,0,0,0
2019-09-05,1.2663463124796082,1.268420090512908,1.2617603421426016,1.2638341201759014,9577.0,-0.0019838114415856,-0.0019857818018169,1.262108158583892,1.2597196118189675,1.2640262654109922,52.44674320695156,1.2627584175448716,1.277689695161372,1.2478271399283711,0.0236486685165492,0.0061800743960096,0.0048899410906468,1.2732095826008407,1.2434332541867743,-0.0053739188482208,0.0710707812366901,0.1440871516367734,0,0,0
2019-09-06,1.2638341201759014,1.266870195391465,1.262678893834318,1.2657149690498817,8363.0,0.001488208653299,0.0014871023682537,1.2624516643425576,1.2599547238672388,1.2640430684322748,54.10453424774521,1.2635904722705589,1.2770976451922866,1.2500832993488311,0.0213790357210538,0.0058429554934464,0.0046163280330266,1.2732095826008407,1.2434332541867743,0.0003014136591072,0.0708287943133663,0.3145731222416384,0,0,0
2019-09-09,1.2657149690498817,1.2709500749731004,1.2651837412278375,1.2704188471510562,1368.0,0.003716380240573,0.0037094915615519,1.2632104436576528,1.2603650816430747,1.264106509016541,58.04394286916414,1.2648672256697957,1.2754372132051746,1.2542972381344168,0.0167131969599127,0.0055944140350401,0.0044035981106434,1.2732095826008407,1.2444070734476314,0.0054926237589771,0.0699397333091603,1.0504499579926123,0,0,0
2019-09-10,1.2704188471510562,1.2707985434891746,1.265366016883661,1.265745713221779,5834.0,-0.0036784198689721,-0.0036852018918649,1.2634518979018552,1.260576086803024,1.2641228195061458,53.16193080889994,1.265566268972209,1.274150443036172,1.2569820949082458,0.0135657440853485,0.0058349908604841,0.0046099234621399,1.2732095826008407,1.250864887429394,0.001964532434054,0.0697128461516479,0.0418081572514907,0,0,0
2019-09-11,1.265745713221779,1.2675677401033962,1.2568643854282304,1.2586864123098476,8280.0,-0.0055771872961457,-0.0055927978743493,1.2629980421311875,1.2605019819209389,1.2640687259022023,46.76332345337588,1.2651724075293078,1.2742713183997698,1.2560734966588458,0.0143836694766854,0.0064147252354918,0.0050963648870412,1.2732095826008407,1.253440484361732,-0.0024846317017296,0.0589788470757653,-1.425664084811693,0,0,0
2019-09-12,1.2586864123098476,1.2598554855326092,1.250661364948615,1.2518304381713763,6736.0,-0.0054469279015171,-0.0054618165026694,1.2619344608016818,1.2601619213817403,1.263946951894931,41.5346937359559,1.2643893684920744,1.2751852898253233,1.2535934471588257,0.0170768935618689,0.006326946182059,0.0050541558897554,1.2732095826008407,1.250661364948615,-0.0060305943725543,0.0615591044343608,-2.326606490178696,0,0,0
2019-09-13,1.2518304381713763,1.2539710567000206,1.2502227590454302,1.2523633775740743,4321.0,0.0004257281069761,0.0004256375104777,1.2610229290657191,1.259856096134381,1.263831692448952,42.07685439498879,1.2634978903616108,1.2751838689671413,1.2518119117560802,0.0184978205261364,0.0064535583583386,0.0051531037028883,1.2732095826008407,1.2502227590454302,-0.0065610202572298,0.0608435633032678,-1.9056192319686165,0,0,0
2019-09-16,1.2523633775740743,1.2568722033072617,1.2514526177197116,1.2559614434528987,3491.0,0.0028730206769493,0.002868901440925,1.260540882816879,1.2597033646566758,1.263753381513668,45.735509447094,1.2630796398710042,1.2752302976562522,1.2509289820857563,0.0192397334288261,0.0066831170378717,0.0053211164026647,1.2732095826008407,1.2502227590454302,0.0004877672228638,0.0602520175993394,-1.1716561430522303,0,0,0
2019-09-17,1.2559614434528987,1.260526475809021,1.2546492622903307,1.2592142946464533,1112.0,0.0025899291817523,0.0025865810947952,1.2604145410863623,1.259684185440589,1.263708216470213,48.87924737072864,1.2624327086167302,1.2739083476860356,1.2509570695474248,0.0181801992153378,0.0067280672003084,0.0053430676803088,1.2732095826008407,1.2502227590454302,-0.0063673047693381,0.0563152314834527,-0.5609123728691315,0,0,0
2019-09-18,1.2592142946464533,1.2612361190939532,1.2584761922723406,1.2604980167198403,5230.0,0.0010194627545485,0.0010189434553021,1.2604224911466937,1.2597161003927162,1.2636762741841396,50.10769230015757,1.2618933613815702,1.2726057902812435,1.2511809324818968,0.0169783425882279,0.0065921859114924,0.005229826484493,1.2732095826008407,1.2502227590454302,-0.0046182436053501,0.0565675979097398,-0.2605094838523847,0,0,0
2019-09-19,1.2604980167198403,1.2617617665669594,1.2563435579075477,1.2576073077546663,5276.0,-0.0022933070316893,-0.0022959406875516,1.260154378442691,1.2596334026422045,1.2636158864584732,47.34849548262368,1.2612405988870958,1.2712725594609433,1.2512086383132484,0.0159080838068478,0.0066737071283867,0.0053066701244778,1.2732095826008407,1.2502227590454302,-0.0049269222296106,0.056958036060563,-0.7243431841032526,0,0,0
2019-09-20,1.2576073077546663,1.2591284401644691,1.250484452185206,1.2520055845950089,1081.0,-0.004454270522377,-0.0044642203424404,1.2593783028381498,1.2593342725227066,1.263500361066797,42.46822045162881,1.2605741991055726,1.2712136720436449,1.2499347261675005,0.0168803596735856,0.006696890857837,0.0053489305001809,1.2709500749731004,1.2502227590454302,-0.0108313362724656,0.057188449542003,-1.6107216138314235,0,0,0
2019-09-23,1.2520055845950089,1.2542520826427206,1.2494287389739087,1.2516752370216204,3886.0,-0.0002638547123536,-0.0002638895281326,1.25864467752229,1.2590339181893309,1.2633826981409744,42.19203376722934,1.259984009346662,1.2712368856361465,1.248731133057177,0.0178619350817309,0.0059162988818767,0.0047267044253065,1.2709500749731004,1.2494287389739087,-0.0147538822896627,0.0570847696745885,-1.4767375222645436,0,0,0
2019-09-24,1.2516752370216204,1.2530616574845037,1.246564627972222,1.2479510484351053,9004.0,-0.0029753633181853,-0.0029797985113484,1.2576262366568438,1.258599295846028,1.2632291493876822,39.10450710483944,1.2592183622613986,1.2715624542456054,1.2468742702771918,0.0196059593064357,0.0060810699242573,0.004872843315355,1.2709500749731004,1.246564627972222,-0.0140586411636978,0.0577583512382868,-1.8255395116479616,0,0,0
2019-09-25,1.2479510484351053,1.2538070672139303,1.2450950106304577,1.250951029409283,1488.0,0.0024039252003831,0.0024010403945119,1.2569905026332666,1.2582993638289006,1.2631069790396383,42.73952632823879,1.2586748350221115,1.2714848025701508,1.2458648674740729,0.0203546892201337,0.0062276633680549,0.0049783430539209,1.2709500749731004,1.2450950106304577,-0.0061455997497972,0.0586838127667018,-1.2059055706212405,0,0,0
2019-09-26,1.250951029409283,1.260605729206861,1.249789045896368,1.259443745693946,8597.0,0.0067890077908752,0.0067660662524727,1.2572241448295216,1.2583442415490984,1.2630705289565969,51.55564690951877,1.2586757461747655,1.2714859411351125,1.245865551214419,0.0203550358371139,0.0067009049218653,0.0053205273715287,1.2709500749731004,1.2450950106304577,0.0060817402185,0.0636820417706477,0.1199044232437637,0,0,0
2019-09-27,1.259443745693946,1.260865737549,1.2565529587285085,1.2579749505835622,9608.0,-0.0011662252604816,-0.0011669058303439,1.2572956501394303,1.25832975955045,1.2630198266842283,50.11843961732568,1.2585427724250815,1.2713225364454446,1.2457630084047184,0.0203088274794789,0.006597079570096,0.0052442058302001,1.2709500749731004,1.2450950106304577,0.0044807865751854,0.0637078849895246,-0.0888626488899961,0,0,0
2019-09-30,1.2579749505835622,1.2596042743085234,1.2495038905822724,1.2511332143072336,8773.0,-0.0054386903913745,-0.0054535339119663,1.256708751488745,1.258047542089932,1.2629015519342086,43.969695445310606,1.2583319768756267,1.271467663295871,1.2451962904553824,0.0208779346971052,0.0069304979358629,0.0055393765081206,1.2709500749731004,1.2450950106304577,-0.003844249495742,0.064912306423018,-1.096061878776076,0,0,0
2019-10-01,1.2511332143072336,1.252102380526083,1.2489627832851828,1.2499319495040322,1587.0,-0.0009601414057787,-0.0009606026367932,1.256063341775915,1.2577292835571516,1.2627725011637592,42.97282236811007,1.2574644006128586,1.270401268356013,1.244527532869704,0.0205761176807063,0.0063902295477011,0.0051124619626186,1.2709500749731004,1.2450950106304577,-0.0073715373005889,0.0539441634787789,-1.1644937953102483,0,0,0
2019-10-02,1.2499319495040322,1.266849447102883,1.2476996008431671,1.264617098442018,3844.0,0.0117487587574769,0.011680277945783,1.2568779852679248,1.2579993939447935,1.262790855365533,56.08148398884301,1.2573779399109797,1.2700859590703473,1.2446699207516116,0.0202135233265942,0.0071013528102526,0.0056154173615091,1.2709500749731004,1.2450950106304577,0.0032678208672605,0.0696886559214878,1.139305573945751,0,0,0
2019-10-03,1.264617098442018,1.2663914709272033,1.2634510704849349,1.2652254429701202,2904.0,0.0004810503739445,0.0004809347063065,1.2576729812395624,1.2582827684163749,1.2628150801178175,56.527293254170594,1.2574475060506902,1.2703185226034337,1.2445764894979467,0.0204716562573143,0.0070436458665153,0.0055671073528053,1.2709500749731004,1.2450950106304577,0.0060576422930105,0.069334130603193,1.2085971434435103,0,0,0
2019-10-04,1.2652254429701202,1.2665844569016609,1.2584193008964857,1.2597783148280264,2660.0,-0.0043052628860408,-0.0043145572162491,1.2578734892003685,1.2583414172952632,1.26278486354777,51.487572016192615,1.2571506733395974,1.269481371878531,1.244819974800664,0.0196168984361711,0.0072397580392028,0.0057468508181069,1.2709500749731004,1.2450950106304577,0.0062082232928153,0.0707903151772657,0.4261950740474813,0,0,0
2019-10-07,1.2597783148280264,1.2611978580617031,1.2570109789997863,1.2584305222334633,2220.0,-0.0010698648950367,-0.0010704376090044,1.257926539965425,1.258344911606565,1.262741536768523,50.29277512945237,1.2565512570937176,1.267219721994481,1.2458827921929545,0.0169805486891771,0.007119019863719,0.0056570622993824,1.2707985434891746,1.2450950106304577,0.0053969951725794,0.0692779137355548,0.3523028209262275,0,0,0
2019-10-08,1.2584305222334633,1.258865001545469,1.255247090781934,1.2556815700939397,8985.0,-0.0021844290097515,-0.0021868183550051,1.2577127333109976,1.258240466841364,1.2626712883439004,47.85364222815927,1.2560480499373257,1.265800573648505,1.2462955262261464,0.0155289022767336,0.0071803044309992,0.0057182526223284,1.2675677401033962,1.2450950106304577,0.0061945712281969,0.0685580182516094,-0.0751558989732901,0,0,0
2019-10-09,1.2556815700939397,1.2562024633700877,1.255385367223581,1.255906260499729,6558.0,0.00017893900105,0.0001789229933765,1.257540688281353,1.2581489293377706,1.262603974634008,48.07531165372141,1.2559090423468198,1.2655821559263607,1.2462359287672788,0.0154041626477432,0.0068516535372202,0.0054555453322559,1.266849447102883,1.2450950106304577,0.0039611711201725,0.0657699585669097,-0.0005751709762958,0,0,0
2019-10-10,1.255906260499729,1.256961087208117,1.251576604583233,1.252631431291621,2490.0,-0.0026075427053011,-0.0026109482661662,1.2570731399966164,1.2579325568653723,1.2625047453470193,45.06825656829279,1.255949092002832,1.2655575202410545,1.2463406637646095,0.015300665129508,0.0066188317261931,0.0052839419168719,1.266849447102883,1.2450950106304577,-0.0054089866463797,0.0634407638178505,-0.6905730321247258,0,0,0
2019-10-11,1.252631431291621,1.2545110581168617,1.2447043800028073,1.246584006828048,5695.0,-0.0048277764013451,-0.0048394677578502,1.2560741749329434,1.2574875156874383,1.2623463300383728,40.08240313173864,1.255660123465531,1.2660393173171844,1.245280929613877,0.016531852302529,0.0069747841865676,0.005595117656222,1.266849447102883,1.2447043800028073,-0.0090549845608849,0.0657165475711134,-1.7489058913831852,0,0,0
2019-10-14,1.246584006828048,1.2539890440262649,1.244285790876018,1.2516908280742347,6511.0,0.0040966523059935,0.0040882838731897,1.2556567133273522,1.2572601946045676,1.2622403051432072,45.55956096756999,1.2554465926965976,1.2659743406257251,1.24491884476747,0.0167713194497823,0.0072038001607079,0.0057552552108983,1.266849447102883,1.244285790876018,0.0004456869665232,0.0666185151141832,-0.7134982044871436,0,0,0
2019-10-15,1.2516908280742347,1.2518519316483323,1.2468902385378111,1.2470513421119087,3868.0,-0.0037065750249716,-0.0037134613960132,1.254837154163977,1.2568598474479928,1.2620891711826967,41.81946114242297,1.2548384450698704,1.2658441545628698,1.243832735576871,0.0175412373381444,0.0069359170554971,0.0055618536473013,1.266849447102883,1.244285790876018,-0.0023046113776565,0.0669173999236084,-1.415102399879818,0,0,0
2019-10-16,1.2470513421119087,1.2487361882869588,1.2439955287629154,1.2456803749379657,6642.0,-0.0010993670650492,-0.0010999718122878,1.2539650799519757,1.2564214367613251,1.2619258995782716,40.75476917890263,1.254097562980777,1.2654873845563988,1.2427077414051546,0.0181641714517814,0.006501915356465,0.0052195695519316,1.266849447102883,1.2439955287629154,-0.0149742744482753,0.0667113908267828,-1.478019297655495,0,0,0
2019-10-17,1.2456803749379657,1.247038399402984,1.2436330603368069,1.2449910848018253,5325.0,-0.0005533443008399,-0.0005534974522972,1.2531104137471991,1.255973187664874,1.2617573939586055,40.20060578830316,1.2534667518331344,1.2654215733762568,1.241511930290012,0.0190748123564332,0.0064370982311568,0.0051703970492137,1.266849447102883,1.2436330603368069,-0.015992689904176,0.0664048480395479,-1.417949569675519,0,0,0
2019-10-18,1.2449910848018253,1.246548596516468,1.2439485290603192,1.245506040774962,2080.0,0.000413622217398,0.0004135366993093,1.2523861877498432,1.25556271131625,1.2615956889518032,40.84772392794104,1.2531417746421325,1.2656063354232816,1.240677213860983,0.0198932970448757,0.0059013613547209,0.0047381234305769,1.266849447102883,1.2436330603368069,-0.0113291948949072,0.0647844215854679,-1.2251910037164324,0,0,0
2019-10-21,1.245506040774962,1.2477965274322262,1.2419870762235627,1.2442775628808271,5624.0,-0.0009863283307485,-0.000986815072621,1.251613937762318,1.2551201564756451,1.2614233692894057,39.742812868600055,1.252771890935093,1.2658439366163432,1.239699845253842,0.0208689958257178,0.0060920652095611,0.0048960661120147,1.266849447102883,1.2419870762235627,-0.0112465162776864,0.0648368649612453,-1.299617253701773,0,0,0
2019-10-22,1.2442775628808271,1.2457108539360944,1.2395038478574991,1.2409371389127666,9690.0,-0.0026846292722072,-0.0026882393519699,1.2505970997766465,1.2545639597084737,1.2612195262010808,36.82584834521808,1.2524211954589757,1.2663838025415128,1.2384585883764383,0.0222969830487742,0.0051675766251954,0.0041642533397968,1.266849447102883,1.2395038478574991,-0.0117421737583279,0.0646851012166836,-1.644973102562203,0,0,0
2019-10-23,1.2409371389127666,1.2420832079063664,1.239562293404003,1.2407083623976027,3960.0,-0.0001843578598705,-0.0001843748558697,1.2496553152643566,1.254020602951185,1.2610154350189566,36.6275700457802,1.2519090621083917,1.2668180268598117,1.237000097356972,0.0238179676186878,0.0051376133437736,0.0041408710535693,1.266849447102883,1.2395038478574991,-0.012101140491233,0.063911802565523,-1.502545602265552,0,0,0
2019-10-24,1.2407083623976027,1.2416478415407404,1.2367667093606465,1.237706188503784,3969.0,-0.002419725686395,-0.0024226579537371,1.2485173031919212,1.2533808219924631,1.2607835022178109,34.037623823117755,1.2508221842488836,1.266564456769711,1.2350799117280562,0.0251710798210388,0.0049030402134106,0.0039613926624522,1.266849447102883,1.2367667093606465,-0.01191511119312,0.0582778682030238,-1.6663408320173296,0,0,0
2019-10-25,1.237706188503784,1.2389724182204225,1.232036627903397,1.233302857620035,4304.0,-0.0035576544131786,-0.0035639979154353,1.247068308375551,1.2525934508406034,1.2605100629680814,30.61792007372321,1.2495885796007071,1.266771619374059,1.2324055398273552,0.0275019155166135,0.005099391017347,0.0041347435350855,1.266849447102883,1.232036627903397,-0.010654034654116,0.0590555288712679,-1.895557735474554,0,0,0
2019-10-28,1.233302857620035,1.239668802375971,1.2310982701098878,1.2374642148658237,8937.0,0.0033741568180738,0.0033684771234915,1.246153632803196,1.2520001474690434,1.260280751046666,37.05419255963773,1.2489051296286366,1.2668977732239994,1.230912486033274,0.0288134673619491,0.0054531496961004,0.004406713043166,1.266849447102883,1.2310982701098878,-0.0113659163184083,0.0585201777232888,-1.271732494691515,0,0,0
2019-10-29,1.2374642148658237,1.2388159240482992,1.233320156602222,1.2346718657846976,4512.0,-0.0022565089540216,-0.0022590587067668,1.2450601311823866,1.2513206070108338,1.26002593626794,34.72628955015463,1.24814212544267,1.2672133506383187,1.229070900247021,0.0305593807097649,0.0057873405032126,0.0046873510797417,1.266849447102883,1.2310982701098878,-0.0099269981188153,0.0588229682375977,-1.4126265638188291,0,0,0
2019-10-30,1.2346718657846976,1.2373732361550889,1.2326001974196628,1.2353015677900538,9940.0,0.0005100156752628,0.0005098856614725,1.2441307441926406,1.2506924093943326,1.2597799226512445,35.707223484680256,1.2466763489100716,1.2649036587461144,1.2284490390740288,0.0292414464299067,0.0057436659396799,0.0046496062900294,1.2665844569016609,1.2310982701098878,-0.0083318380514973,0.0369859223290159,-1.2481031180503943,0,0,0
2019-10-31,1.2353015677900538,1.2368024663854844,1.2324630341050065,1.233963932700437,7548.0,-0.0010828409228119,-0.0010834276186144,1.2431624764314784,1.250036390700454,1.259523047129346,34.52045704852044,1.2451132733965875,1.2619517503095343,1.228274796483641,0.027047301274064,0.0053531483801387,0.0043381724848503,1.2665844569016609,1.2310982701098878,-0.0088572137069909,0.0364733506811332,-1.324269499407985,0,0,0
2019-11-01,1.233963932700437,1.2389346187318775,1.232996487250145,1.2379671732815858,2387.0,0.0032442119863163,0.0032389608846697,1.2426676856552985,1.249563088056577,1.259308560822403,40.8559307981127,1.2440227163192654,1.2596432490916487,1.228402183546882,0.0251129381601653,0.0050842111181019,0.0041069030163577,1.2611978580617031,1.2310982701098878,-0.0060528550216306,0.0378961516705704,-0.775331177997427,0,0,0
2019-11-04,1.2379671732815858,1.2411485474507484,1.2364724650327972,1.2396538392019598,2849.0,0.0013624480170204,0.0013615207268817,1.242380652659742,1.2491744900622783,1.2591129914530457,43.34322616242636,1.2430838821676902,1.2572474305200363,1.2289203338153438,0.0227877596283332,0.0050638103543469,0.0040848583646599,1.258865001545469,1.2310982701098878,-0.0037159905609502,0.0387011266787666,-0.484347972753897,0,0,0
2019-11-05,1.2396538392019598,1.244635506277331,1.2385279278140655,1.2435095948894372,6728.0,0.0031103486840806,0.0031055215563891,1.242488170967332,1.2489523373104023,1.2589577337757958,48.65876828363957,1.2424752834074653,1.255346717510522,1.2296038493044086,0.0207190183578654,0.0051614474214343,0.0041507097674571,1.256961087208117,1.2310982701098878,0.0020729945909463,0.0406121131294757,0.1607142566540185,0,0,0
2019-11-06,1.2435095948894372,1.250901080399862,1.2405653203241518,1.2479568058345765,3708.0,0.003576338263425,0.0035699583723122,1.2430089933356412,1.24891329686037,1.2588482718062313,54.017380571137984,1.2420778106742076,1.2536258510764091,1.230529770272006,0.0185947133149948,0.0056564774935438,0.0045325907652396,1.256961087208117,1.2310982701098878,0.005842181496195,0.04306395827274,1.0181805666782977,0,0,0
2019-11-07,1.2479568058345765,1.248568638076665,1.2445134575340049,1.2451252897760934,1775.0,-0.0022689215245631,-0.002271499427116,1.243210545377589,1.2487647475629475,1.2587117247213544,50.409792483557936,1.2417025035984313,1.2522510179771364,1.231153989219726,0.0169904052671808,0.0057604141425803,0.0046263730966513,1.2545110581168617,1.2310982701098878,0.0059942346101362,0.0428409535883345,0.6489608023992209,0,0,0
2019-11-08,1.2451252897760934,1.246576454842866,1.2344829269654511,1.2359340920322237,7861.0,-0.0073817452904859,-0.0074091251964606,1.2425175498208876,1.2482615846009584,1.25848508161002,40.868452320588055,1.24117000785864,1.251756120440179,1.230583895277101,0.0170582797110976,0.0062092767617768,0.0050239545958045,1.2539890440262649,1.2310982701098878,0.0021334860257002,0.0471644092444842,-0.9892046369405162,0,0,0
2019-11-11,1.2359340920322237,1.236456116255326,1.2332393668624722,1.2337613910855745,8736.0,-0.0017579424021524,-0.0017594893961805,1.241683629941334,1.2476929495611395,1.25823907473913,38.98975216428959,1.240273536009207,1.2501190710591426,1.2304280009592714,0.0158763930118436,0.0059956869985096,0.0048596811683611,1.2518519316483323,1.2310982701098878,-0.0029922673607581,0.0442062356564451,-1.3228625748836422,0,0,0
2019-11-12,1.2337613910855745,1.2371119238971826,1.233676670730858,1.237027203542466,6226.0,0.002647037328683,0.0026435400955517,1.2412401607604897,1.2472746850113876,1.2580280113441384,43.21524171999823,1.239772329080735,1.2491757440618505,1.2303689140996197,0.0151695835768293,0.0060609969030782,0.0048996472233766,1.250901080399862,1.2310982701098878,0.001907662937044,0.0442611608102643,-0.5838571505738894,0,0,0
2019-11-13,1.237027203542466,1.2391856278829487,1.2365067029078316,1.2386651272483142,2665.0,0.0013240805870378,0.0013232047653577,1.2409949194736156,1.2469370552951888,1.2578353458307472,45.26283481255805,1.2394215666962525,1.2484113295085064,1.230431803883998,0.0145063843551099,0.005903696388437,0.0047661763123598,1.250901080399862,1.2310982701098878,0.0027228650444262,0.0445878573094354,-0.1682890780848833,0,0,0
2019-11-14,1.2386651272483142,1.2401925047544184,1.2359544482111664,1.2374818257172706,6348.0,-0.00095530382265,-0.0009557604161603,1.2406603391158686,1.2465662619784077,1.257632823242553,44.02767246951581,1.2390461037420246,1.247676513048475,1.2304156944355742,0.0139307315206203,0.0057110011188818,0.0046150181765874,1.250901080399862,1.2310982701098878,0.002850888039438,0.0446435036851863,-0.3625037861378921,0,0,0
2019-11-15,1.2374818257172706,1.2401411335907768,1.2364964629815145,1.2391557708550207,6578.0,0.0013527028057804,0.0013517887275646,1.2405170469005498,1.246275654483373,1.257448971975016,46.26174036078248,1.2387285902460277,1.2468079828337817,1.2306491976582736,0.0130446534476924,0.0053591538576803,0.0043248427548237,1.250901080399862,1.2310982701098878,0.0009601204289482,0.044965518259981,0.1057457239150709,0,0,0
2019-11-18,1.2391557708550207,1.2434505740028514,1.237749878242762,1.2420446813905928,8402.0,0.0023313538164606,0.0023286404275799,1.2406625358996015,1.2461097339699307,1.257295695451788,49.97287014985477,1.2386169461715155,1.2464308319489514,1.23080306039408,0.0126171142766743,0.0053737915943955,0.004326568661265,1.250901080399862,1.2310982701098878,0.0019286369412383,0.0457814080616577,0.8773445931281422,0,0,0
2019-11-19,1.2420446813905928,1.2486327467458218,1.2413289637417864,1.2479170290970154,8361.0,0.0047279681596059,0.0047168264228627,1.241353440013641,1.24618060828864,1.2572023753885564,56.542614809758696,1.238965940680728,1.247776128045887,1.2301557533155691,0.0142218394806209,0.0055545590421533,0.0044510643838016,1.250901080399862,1.2310982701098878,0.0035443507840162,0.0477207371565773,2.031985937480881,0,0,0
2019-11-20,1.2479170290970154,1.2518533722483085,1.2471714074057472,1.25110775055704,2194.0,0.0025568378230509,0.0025535746742688,1.2422824219701551,1.2463738295540674,1.2571417323554068,59.64371566380162,1.2394859100887,1.2498241101419745,1.229147710035426,0.0166814321471944,0.0055790256537307,0.0044592687170603,1.2518533722483085,1.2310982701098878,0.0025248828386783,0.048351153683892,2.2483295754485133,0,0,0
2019-11-21,1.25110775055704,1.2528333541097951,1.2402191196521015,1.2419447232048568,6724.0,-0.0073239314104668,-0.007350883071495,1.242250260182984,1.2462001391090003,1.2569905183340084,48.86056736953039,1.2396978368237537,1.2500561784998283,1.229339495147679,0.0167110748577474,0.0060558901520136,0.0048761350154025,1.2528333541097951,1.2310982701098878,-0.0025544148828656,0.0548683944292969,0.4338312929554971,0,0,0
2019-11-22,1.2419447232048568,1.2433985490645736,1.2412335314697889,1.2426873573295056,1050.0,0.0005979606908208,0.0005977819835633,1.2422918884826526,1.2460623829607849,1.2568481983240134,49.65500136827046,1.240167061809227,1.250149050145282,1.2301850734731727,0.0160978123729431,0.0058765283789303,0.0047288872331966,1.2528333541097951,1.2310982701098878,0.0054640982402043,0.0530706094178482,0.5049686365941919,0,0,0
2019-11-25,1.2426873573295056,1.2445257455773853,1.2299331365639097,1.231771524811789,5815.0,-0.0087840537310802,-0.0088228609546835,1.2412899490854277,1.2455019571510204,1.2565986791845885,39.85454286399265,1.2398824273065254,1.2504937396098497,1.2292711150032012,0.017116642787455,0.0064826019896596,0.0052628282592018,1.2528333541097951,1.2299331365639097,-0.0016128453104166,0.0609493075530695,-1.5287275056819245,0,0,0
2019-11-26,1.231771524811789,1.2328375823107605,1.2214455848198127,1.222511642318784,7187.0,-0.0075175325183944,-0.0075459315827586,1.239501538917176,1.244600376177207,1.2562595046884113,33.76620263540467,1.23927441613323,1.252268750321834,1.2262800819446258,0.0209708746012022,0.0065580475193194,0.0053644049613143,1.2528333541097951,1.2214455848198127,-0.0117342295966603,0.0659339340361473,-2.5800127303400773,0,0,0
2019-11-27,1.222511642318784,1.224320238311349,1.2188073270628528,1.2206159230554177,1089.0,-0.0015506758363222,-0.0015518793784603,1.2377029088351037,1.2436598093881177,1.2559048421846006,32.666005907783784,1.238540133896498,1.253920386831847,1.2231598809611492,0.0248360993954421,0.0066621711411649,0.0054580404985118,1.2528333541097951,1.2188073270628528,-0.0145714961984865,0.0659265817746135,-2.3308083314917107,-1,0,0
2019-11-28,1.2206159230554177,1.22151049307963,1.2127334446589608,1.2136280146831733,1982.0,-0.0057249035017931,-0.0057413535752785,1.235410061773015,1.242482091948708,1.255484177234338,28.924763831506525,1.237523337995635,1.2564560023057056,1.2185906736855645,0.0305976683085995,0.0064252797513973,0.0052942744182406,1.2528333541097951,1.2127334446589608,-0.0192760899904701,0.0684000481481197,-2.524243067020568,-1,0,-1
2019-11-29,1.2136280146831733,1.214995388521845,1.205346833804559,1.206714207643231,1080.0,-0.0056968090356315,-0.0057130977441246,1.2326771232844642,1.2410794298190817,1.2549989039050733,25.77890664026542,1.2359606897137172,1.259369125328483,1.212552254098951,0.0378789322501643,0.0068846944174282,0.0057053230780089,1.2528333541097951,1.205346833804559,-0.0261803753610454,0.0687132839633811,-2.498798514501137,-1,0,-1
2019-12-02,1.206714207643231,1.2141325970890244,1.204660559359035,1.2120789488048287,3930.0,0.0044457429336774,0.0044358898107356,1.2307153923816416,1.2399421560538166,1.25457183967522,31.962406142701298,1.2345819451938609,1.260216892728928,1.2089469976587934,0.0415281425989781,0.0073158933148328,0.0060358224371825,1.2528333541097951,1.204660559359035,-0.0241261309152054,0.0711090745004862,-1.7556498883603449,-1,0,-1
2019-12-03,1.2120789488048287,1.2234468438799797,1.2099131708074848,1.2212810658826356,3812.0,0.0075920113016405,0.007563337022689,1.2298168850960218,1.2392103485961234,1.254240588194697,41.03669257472728,1.2334705187435204,1.2594014802338904,1.2075395572531504,0.0420455310383659,0.0080912324646455,0.0066252009391449,1.2528333541097951,1.204660559359035,-0.0213443382799682,0.0762354400076554,-0.9401466170401476,-1,0,-1
2019-12-04,1.2212810658826356,1.2221225916129923,1.2139185598547884,1.2147600855851453,3785.0,-0.0053394590972206,-0.0053537649553658,1.228382904190224,1.2382515147525557,1.2538477473727114,37.24572724329354,1.2318106827310489,1.258084931928175,1.2055364335339227,0.042659557293128,0.0083745164085706,0.0068939673833098,1.2528333541097951,1.204660559359035,-0.029052385740326,0.0758749974171469,-1.2978941485999624,-1,0,-1
2019-12-05,1.2147600855851453,1.2234144783871856,1.2133823421566248,1.2220367349586652,4094.0,0.0059901946564326,0.0059723247676535,1.2277785071205516,1.2376156410351482,1.2535312198860045,43.51625623899357,1.2306562549901776,1.2564925576332695,1.2048199523470855,0.0419878459778325,0.0088307639529491,0.0072262671819336,1.2528333541097951,1.204660559359035,-0.0160296894654206,0.0800760393632696,-0.6672409864975103,-1,0,-1
2019-12-06,1.2220367349586652,1.2230533455541044,1.2129493937088267,1.213966004304266,2820.0,-0.0066043273688267,-0.0066262324375884,1.2264630306618578,1.2366882043006038,1.2531375361488728,38.87631901391243,1.2295578506037796,1.2563013617615046,1.2028143394460546,0.04350102135429,0.0091452822447483,0.0075333923786354,1.2528333541097951,1.204660559359035,-0.0231122919661473,0.0792880915273597,-1.1660283653524612,-1,0,-1
2019-12-09,1.213966004304266,1.2263806711769225,1.2136750190368677,1.2260896859095245,6169.0,0.009986837821053,0.0099372989079091,1.2264274740187784,1.2362725761284046,1.2528684033106705,47.868537319169874,1.229174265344977,1.2558839669480906,1.2024645637418636,0.0434595847898218,0.0095311300401782,0.0077735993946543,1.2528333541097951,1.204660559359035,-0.0046127376610146,0.088048348298467,-0.2309707147827698,-1,0,-1
2019-12-10,1.2260896859095245,1.2308014406059444,1.2254790730634886,1.2301908277599087,9613.0,0.0033448954815586,0.0033393137620497,1.2267858886607907,1.2360340761923851,1.2526427557927526,50.52032721971803,1.2288324465558491,1.2552928110273134,1.2023720820843853,0.0430658623079602,0.0095768730901707,0.0077848679034695,1.2528333541097951,1.204660559359035,0.0062814824622523,0.0883920286155004,0.102672901994554,-1,0,-1
2019-12-11,1.2301908277599087,1.2311193316448883,1.2247182627242807,1.2256467666092603,6811.0,-0.0036937855884707,-0.0037006244605364,1.2266774008463592,1.2356267307185371,1.2523741389849568,47.62939238211528,1.2281815285238964,1.25426120312333,1.2021018539244628,0.0424687621393846,0.0091330755518074,0.0074516376174793,1.2528333541097951,1.204660559359035,0.0041215614664844,0.0889901520781795,-0.1943860077679899,-1,0,0
2019-12-12,1.2256467666092603,1.2272528750026597,1.2204265085708157,1.2220326169642148,9856.0,-0.0029487693710024,-0.0029531255571038,1.2262350404766311,1.2350936282183678,1.2520722332932082,45.40396916379036,1.2274090680862435,1.2532429074291944,1.2015752287432926,0.0420949136105546,0.0094660290401688,0.0077461345210936,1.2528333541097951,1.204660559359035,0.0069251880966472,0.0894018779270563,-0.4162332242339103,-1,0,0
2019-12-13,1.2220326169642148,1.2400033453004484,1.2204654442899592,1.2384361726261928,3155.0,0.013423173354184,0.0133338807354531,1.2273970530623035,1.2352247083912238,1.251936551097517,55.55436993858167,1.2273730881748022,1.253139960336365,1.201606216013239,0.0419870248253209,0.0098192641828126,0.0079287608032235,1.2528333541097951,1.204660559359035,0.0262878855507275,0.1022634894286835,0.8587060456560646,-1,0,0
2019-12-16,1.2384361726261928,1.2422386292983838,1.236653883545808,1.2404563402179989,3866.0,0.0016312246335006,0.0016298956316688,1.2286407946961793,1.2354298704236464,1.2518223201434917,56.62393295575725,1.2272936711161726,1.252879297322908,1.201708044909437,0.0416943830297217,0.0094044604872147,0.0075814522303638,1.2528333541097951,1.204660559359035,0.0234121642333213,0.1020809781598084,1.028911232851606,0,0,0
2019-12-17,1.2404563402179989,1.2414811945656998,1.2394018244032572,1.240426678750958,1914.0,-2.3911738026627383e-05,-2.3912023916792535e-05,1.2297632598442536,1.235625823691384,1.2517089306768994,56.60239512152396,1.2269191535988695,1.251430431357959,1.2024078758397805,0.0399558156496152,0.0091592075524965,0.0073839169290678,1.2528333541097951,1.204660559359035,0.0156766639581737,0.1005160985981356,1.1021477774311126,0,0,0
2019-12-18,1.240426678750958,1.2411976539400822,1.2383339980399362,1.2391049732290602,2785.0,-0.0010655249073074,-0.0010660929825395,1.230652946833283,1.2357622609281556,1.2515835181649806,55.58776449230435,1.226319014732471,1.2488439279417007,1.2037941015232412,0.0367358133383322,0.0087368223724592,0.0070509138137759,1.2528333541097951,1.204660559359035,0.0200409018478642,0.0999802105936423,1.1352726092946797,0,0,0
2019-12-19,1.2391049732290602,1.239895015853554,1.233166337680483,1.233956380304977,1282.0,-0.0041550901943896,-0.0041637465686498,1.230967559544873,1.235691442080188,1.2514081237584134,51.69998094743503,1.225919597587477,1.2475431303489248,1.2042960648260292,0.0352772446153913,0.0085282597621581,0.0069113138019111,1.2445257455773853,1.204660559359035,0.0097539173785268,0.0977029119790155,0.7433366976767333,0,0,0
2019-12-20,1.233956380304977,1.240078063940459,1.23242676263101,1.2385484462664922,4906.0,0.0037214167654617,0.0037145094255138,1.2316895487564556,1.235803481460043,1.251280166768444,54.74042873387793,1.2257126520343262,1.2467312657204324,1.20469403834822,0.0342961519589788,0.0083982071606909,0.0067806852335947,1.2445257455773853,1.204660559359035,0.0202496955228286,0.0987095143311127,1.221374009138461,0,0,0
2019-12-23,1.2385484462664922,1.2404779020527203,1.2286063964548628,1.230535852241091,9795.0,-0.0064693424383637,-0.0064903593268247,1.2315796728978494,1.235596907765182,1.2510737556786196,48.95021546898438,1.2256508684057912,1.2466016480806354,1.204700088730947,0.0341871901940477,0.0082794809125026,0.0067283540722716,1.2422386292983838,1.204660559359035,0.003626297800775,0.0963371476607719,0.466329550605244,0,0,0
2019-12-24,1.230535852241091,1.2322485309353026,1.2199225039422594,1.221635182636471,8099.0,-0.0072331656070074,-0.0072594517808886,1.2306325785872418,1.2350493891326837,1.250780834553822,43.45190328866936,1.2256070454216756,1.246589116140655,1.2046249747026962,0.0342394747115057,0.0085739091435625,0.0070183875394442,1.2422386292983838,1.204660559359035,-0.0069547300551873,0.096048974563732,-0.3785958820176698,0,0,0
2019-12-25,1.221635182636471,1.2260511943765335,1.2202676400372814,1.2246836517773438,7336.0,0.0024954005780135,0.0024922922359563,1.2300660141291564,1.2346428896285528,1.2505211610933598,45.70150873745848,1.225810431857772,1.246667280627506,1.2049535830880382,0.0340294848659825,0.008270439008469,0.0067531227321165,1.2422386292983838,1.204660559359035,-0.0007858013076482,0.0962664718436892,-0.1080489284712394,0,0,0
2019-12-26,1.2246836517773438,1.2258830270437084,1.219695816541157,1.2208951918075217,8882.0,-0.0030934192387757,-0.0030982137502448,1.2291926024794768,1.2341037642238064,1.2502263753293217,43.39127279838515,1.2261737907139894,1.246380076193797,1.2059675052341814,0.0329582733423816,0.0079906717697029,0.0065449285272987,1.2422386292983838,1.204660559359035,-0.0009307649737849,0.0945623441707656,-0.5224709817885663,-1,0,0
2019-12-27,1.2208951918075217,1.2223700445867425,1.213631899585952,1.2151067523651728,3787.0,-0.0047411436142844,-0.0047524184869796,1.2278510929447812,1.233358783366605,1.249876926344604,40.05922079885904,1.2265934179500866,1.245398112746952,1.2077887231532212,0.0306616593920621,0.0077072784026125,0.006342881716039,1.2422386292983838,1.204660559359035,-0.0188378059174,0.0938143601313128,-1.221680618483466,-1,0,0
2019-12-30,1.2151067523651728,1.2166172496414438,1.210883254240902,1.212393751517173,3401.0,-0.0022327263367758,-0.0022352225865438,1.2263789651897707,1.2325366252548626,1.2495039594308983,38.56446644638813,1.2266091580857037,1.2453631575334874,1.20785515863792,0.0305786065987831,0.0077366803924758,0.0063813265144218,1.2422386292983838,1.2099131708074848,-0.0226227943628343,0.0929508788812372,-1.5159866681355514,-1,0,0
2019-12-31,1.212393751517173,1.213684811806911,1.207294285715563,1.208585346005301,7573.0,-0.0031412282578214,-0.0031461722715371,1.2246843347912495,1.2315973594019387,1.249096809048554,36.50525629747793,1.2259743720918368,1.2462827552343023,1.205665988949371,0.0331301919595827,0.007735927333243,0.0064008117910848,1.2422386292983838,1.207294285715563,-0.0256696613279227,0.0890965235315564,-1.7124973430479111,-1,0,0
2020-01-01,1.208585346005301,1.21290211193601,1.2074706017541623,1.2117873676848712,1623.0,0.0026493964122216,0.002645892948226,1.22345605220969,1.2308204969816616,1.24872557082603,39.43352809829434,1.2258257361968232,1.2465195620873688,1.2051319103062776,0.0337630794973338,0.0076362947439575,0.0063016787825959,1.2422386292983838,1.207294285715563,-0.0220462399347816,0.0878542426573366,-1.356768785646917,-1,0,0
2020-01-02,1.2117873676848712,1.213408356660565,1.204572019431197,1.2061930084068906,1919.0,-0.0046166179209052,-0.0046273074136432,1.2218119527998996,1.2298547131159845,1.2483023612497204,36.28497375599355,1.2250335498692344,1.2474771626236465,1.2025899371148223,0.0366416295403629,0.0068718973310203,0.0056971788786079,1.2422386292983838,1.204572019431197,-0.0224994759468112,0.086140233434989,-1.6789223436088785,-1,0,0
2020-01-03,1.2061930084068906,1.2068603223406975,1.2039834545368142,1.2046507684706214,3921.0,-0.0012786012897771,-0.0012794193978366,1.2201775542923494,1.2288663231298915,1.2478680170429632,35.444771177795246,1.2245677880775525,1.248326568662785,1.20080900749232,0.0388035367523937,0.0066784774775422,0.0055439116898759,1.2422386292983838,1.2039834545368142,-0.0273688751522419,0.0832747930370281,-1.6766028488272413,-1,0,0
2020-01-06,1.2046507684706214,1.2128896692670956,1.20425718216375,1.2124960829602245,9396.0,0.0065125218818089,0.0064914070355304,1.2194459855940518,1.2282243529271597,1.2475160574998516,42.711927507401214,1.2238881079300872,1.248234074634347,1.1995421412258274,0.0397846282621949,0.0071465572590353,0.0058940868836355,1.2422386292983838,1.2039834545368142,-0.0146600923882161,0.0783077314931667,-0.9358449478097424,-1,0,0
2020-01-07,1.2124960829602245,1.2141138071434496,1.2075721607827858,1.2091898849660112,9082.0,-0.0027267700413029,-0.0027304944506779,1.2184692141056672,1.2274779032031928,1.2471347025492665,40.63584068982941,1.222838060790392,1.2478421044687145,1.1978340171120698,0.0408951021072417,0.007409270863358,0.0061274667903513,1.2422386292983838,1.2039834545368142,-0.0101874093406519,0.0772656185433339,-1.0916774902463882,-1,0,0
2020-01-08,1.2091898849660112,1.2135375923183225,1.2078511987685807,1.2121989061208918,4678.0,0.0024884604083212,0.0024853693176951,1.2178720419166411,1.2268787268470245,1.2467870826843073,43.33537840486517,1.222165667765974,1.247571721695943,1.196759613836005,0.041575466567326,0.0073348219616916,0.0060508402743601,1.2422386292983838,1.2039834545368142,-0.0101942617085917,0.077363326671853,-0.7845973776608816,-1,0,0
2020-01-09,1.2121989061208918,1.2179312177997654,1.210891176445043,1.2166234881239166,5929.0,0.003650046193478,0.0036434009402825,1.2177531320316195,1.2264765606225887,1.2464869474150495,47.14173663389583,1.221895211323959,1.247422105733036,1.196368316914882,0.0417824608403495,0.007291160536354,0.0059929473724013,1.2422386292983838,1.2039834545368142,-0.0034988291478819,0.0781802287753574,-0.4130328676541073,-1,0,0
2020-01-10,1.2166234881239166,1.2229762523363052,1.215655418705676,1.222008182918065,8974.0,0.0044259336160372,0.0044161679759642,1.218158374973186,1.226301330124372,1.2462433776190596,51.418743398982336,1.221073811838553,1.2453880767691796,1.1967595469079255,0.0398243983203886,0.0069661125386948,0.0057005449194786,1.2422386292983838,1.2039834545368142,0.0056796907263154,0.0622760730838942,0.0768578513212657,-1,0,0
2020-01-13,1.222008182918065,1.2260518245204437,1.2203275741078836,1.2243712157102624,6107.0,0.0019337291069156,0.0019318618595657,1.2187500740910029,1.2262256393630344,1.2460257441672309,53.20807685078189,1.2202695556131655,1.2428894138201585,1.1976496974061732,0.0370735434690516,0.0064945570686603,0.0053044019536941,1.2414811945656998,1.2039834545368142,0.0098791866735545,0.062432756567105,0.3626601068461791,-1,0,0
2020-01-14,1.2243712157102624,1.225041504342987,1.2146867379564426,1.215357026589167,8287.0,-0.0073623007511378,-0.0073895362469249,1.2184269267098755,1.2257994192542554,1.245720582798295,46.21529657961083,1.2190160730050763,1.2396215111500244,1.1984106348601282,0.0338066717925257,0.0068210722148955,0.0056124020067078,1.2411976539400822,1.2039834545368142,0.0056029808786348,0.0667493535800294,-0.3551534687270214,0,0,0
2020-01-15,1.215357026589167,1.2169474168788217,1.198873887596276,1.2004642778859302,7918.0,-0.0122538055710531,-0.0123295024655133,1.2167161982504522,1.224805884298635,1.2452702713066297,37.45669691863272,1.2170840382379198,1.236992906447279,1.1971751700285602,0.0327156836896544,0.007670094984895,0.0063892738219603,1.2404779020527203,1.198873887596276,-0.0093441226578997,0.0777728362354652,-1.6695836425474284,0,0,0
2020-01-16,1.2004642778859302,1.2021474431273262,1.196711249735193,1.198394414976589,1889.0,-0.0017242186606221,-0.00172570683649,1.2149712665100842,1.2237701404036525,1.2448038448754848,36.42350252333198,1.2153059399715005,1.2352221741878682,1.1953897057551324,0.0327756716417183,0.0074342412985624,0.0062035012894378,1.2404779020527203,1.196711249735193,-0.0064654606484593,0.0771781397602554,-1.6982653257825997,0,0,0
2020-01-17,1.198394414976589,1.199946323358971,1.1938339507677482,1.1953858591501298,4405.0,-0.0025104888581427,-0.0025136454194108,1.21310598961866,1.222657031334887,1.2443121236244865,34.91593285831928,1.213147810615682,1.231771863570449,1.1945237576609151,0.030703683082633,0.0074612682407539,0.0062417236941873,1.2404779020527203,1.1938339507677482,-0.0076909504090167,0.0747726700361906,-1.907420635958409,-1,0,0
2020-01-20,1.1953858591501298,1.1967353572562878,1.1942338916215318,1.1955833897276895,2836.0,0.00016524419797,0.0001652305466514,1.2114371705814246,1.2215953198993108,1.2438272606006378,35.10584913215628,1.2114001874900122,1.2297112084047828,1.1930891665752417,0.0302311673778266,0.0071834782081402,0.0060083456075584,1.2322485309353026,1.1938339507677482,-0.0139486580370993,0.0729179164786445,-1.7275713720105956,-1,0,0
2020-01-21,1.1955833897276895,1.201799357975183,1.1949024213364388,1.201118389583932,4402.0,0.0046295389378927,0.0046188555824878,1.2104544295340445,1.220792303024198,1.2434022967099243,40.35767174469213,1.2103743478373852,1.2285695315011205,1.19217916417365,0.0300653821625437,0.0072881515264899,0.0060678044643164,1.2260518245204437,1.1938339507677482,-0.0066751264482386,0.0725530094920341,-1.017407510087547,-1,0,0
2020-01-22,1.201118389583932,1.2036998319346972,1.1991993314939482,1.2017807738447135,7655.0,0.0005514729160136,0.000551320910707,1.2096283670874417,1.2200467528602967,1.2429881522038029,40.97331617298556,1.2092292039407535,1.226491414627305,1.1919669932542023,0.0285507671007207,0.0069784488987314,0.0058067569814802,1.2260518245204437,1.1938339507677482,-0.008594408247337,0.0716919786404955,-0.8629752273668186,-1,0,0
2020-01-23,1.2017807738447135,1.2126181523883977,1.2005561364246733,1.2113935149683577,4093.0,0.0079987476358862,0.007966927223689,1.2097964764094336,1.2197074101978678,1.2426737777039476,49.17291319160408,1.2087541200987957,1.2251665575242845,1.1923416826733064,0.0271559569520186,0.0076345309101486,0.0063022715705623,1.2260518245204437,1.1938339507677482,-0.0042987606326949,0.0778109654205458,0.321633502829132,-1,0,0
2020-01-24,1.2113935149683577,1.2154009511630952,1.209283533072086,1.2132909692668237,1051.0,0.0015663401487795,0.0015651147175099,1.2101292852529946,1.219455785063317,1.242381411450842,50.6307516411903,1.208663330943878,1.2249473928703214,1.1923792690174344,0.0269455712100189,0.0074548831235532,0.0061443489751334,1.2260518245204437,1.1938339507677482,-0.0071335149576698,0.0763282624138452,0.5683641273103947,-1,0,0
2020-01-27,1.2132909692668237,1.2134288243193123,1.210436151944131,1.2105740069966195,5877.0,-0.002239332805589,-0.0022418438607219,1.2101716397047684,1.2191074800410937,1.2420649198642328,48.486234103082296,1.2085723437178504,1.2247888380351808,1.19235584940052,0.0268357858784765,0.007201384981733,0.0059487358394547,1.2260518245204437,1.1938339507677482,-0.0112688117268741,0.0763307558789496,0.2468675707091636,-1,0,0
2020-01-28,1.2105740069966195,1.2123196962386655,1.20382261590397,1.205568305146016,5588.0,-0.0041349821007824,-0.0041435547793454,1.2097332268896492,1.2185765320059927,1.2417017694690269,44.72738581279538,1.208421491674886,1.224693512994273,1.192149470355499,0.0269310359530828,0.0074021483235155,0.0061399659330119,1.2260518245204437,1.1938339507677482,-0.0080541941413072,0.0769411626132434,-0.3506861837097886,-1,0,0
2020-01-29,1.205568305146016,1.2068175644046246,1.2014694207207803,1.202718679979389,5628.0,-0.002363719379867,-0.002366517374506,1.2090651748029575,1.2179546554559295,1.241313878031319,42.69805933274921,1.207968057289612,1.2243502016433256,1.191585912935898,0.0271234727687606,0.0072812984898813,0.0060540329264746,1.2260518245204437,1.1938339507677482,0.0018779418388266,0.0766103836886366,-0.6408657129227314,-1,0,0
2020-01-30,1.202718679979389,1.2040861547949668,1.198203742812043,1.1995712176276203,6311.0,-0.0026169564039882,-0.0026203866201895,1.2081609884053066,1.217233736325408,1.240898528176556,40.5117247242572,1.2076369677506484,1.2244326020006866,1.1908413335006105,0.0278157007421225,0.0071785540864738,0.0059842666954537,1.2260518245204437,1.1938339507677482,0.0009819827565322,0.0754584838665269,-0.9604579384085512,-1,0,0
2020-01-31,1.1995712176276203,1.19964563892866,1.1937665074733954,1.193840928774435,2769.0,-0.0047769476034263,-0.0047883936837275,1.2067971732023666,1.2163163713234089,1.2404302933566345,36.815643219675366,1.2070964757658391,1.224958602652932,1.1892343488787462,0.0295951935006028,0.0071896170180956,0.0060222571071309,1.2260518245204437,1.1937665074733954,-0.001292411453481,0.0770863007751424,-1.484207012433961,-1,0,0
2020-02-03,1.193840928774435,1.1957903347987493,1.1828561782851132,1.1848055843094276,4228.0,-0.0075682984619087,-0.0075970833598155,1.2047027361649438,1.2150806541856058,1.2398768136646223,31.877162662217746,1.2057119508332992,1.2259469069799065,1.185476994686692,0.0335651581335366,0.0073738591700307,0.0062236870484777,1.2260518245204437,1.1828561782851132,-0.0090146831336599,0.0764452406867567,-2.066361436357918,-1,0,0
2020-02-04,1.1848055843094276,1.1899588810532873,1.1833784694596878,1.1885317662035475,6016.0,0.0031449732711141,0.0031400381871071,1.203162643787668,1.2140395213235644,1.2393659176699852,35.70740232631138,1.2046790448951763,1.2262325460798176,1.183125543710535,0.0357829768451176,0.0065529221922488,0.0055134598658481,1.2260518245204437,1.1828561782851132,-0.0104790863994218,0.0776638470439044,-1.4983439166844157,-1,0,0
2020-02-05,1.1885317662035475,1.189408271071054,1.1776963544567904,1.178572859324297,6711.0,-0.0083791676103547,-0.0084144701776809,1.2008207595530611,1.212648671833397,1.2387610116167944,30.733694252351896,1.2029977425553464,1.2271685286379903,1.1788269564727023,0.0401842584198067,0.0070011881366867,0.0059403948438968,1.2260518245204437,1.1776963544567904,-0.0193112712613717,0.0809780513295566,-2.021025145606468,-1,0,0
2020-02-06,1.178572859324297,1.180260588419133,1.1750543420080393,1.176742071102875,1868.0,-0.0015533941808836,-0.0015546019485457,1.198527551129234,1.211240569843965,1.2381439077310838,29.90892223211644,1.2010036717042945,1.226956060273981,1.1750512831346078,0.0432178338520125,0.0069364648381061,0.0058946348638704,1.2260518245204437,1.1750543420080393,-0.0286046139733439,0.0787558806931542,-1.8697007819740803,-1,0,0
2020-02-07,1.176742071102875,1.176746654575189,1.1755686821361142,1.175573265608428,4132.0,-0.0009932554662144,-0.0009937490713027,1.196341428698681,1.2098418520308067,1.237521314277127,29.367085040049474,1.1986819258388126,1.225027630491557,1.1723362211860682,0.0439577907780802,0.0068419296098432,0.0058200792838735,1.2260518245204437,1.1750543420080393,-0.0310871049186066,0.0754891532137059,-1.7542639709185022,-1,0,0
2020-02-10,1.175573265608428,1.1770399297671237,1.171080107173624,1.17254677133232,1833.0,-0.0025744837558394,-0.0025778034380132,1.194075270854266,1.2083792998465526,1.2368748014120048,27.95484836693214,1.196090703619915,1.221988375797609,1.1701930314422215,0.0433038599820492,0.0067749928923257,0.0057780150506299,1.225041504342987,1.171080107173624,-0.0314125658113572,0.0741169493916405,-1.8182276867242373,-1,0,0
2020-02-11,1.17254677133232,1.1742819771597013,1.170179945281178,1.1719151511085593,4151.0,-0.0005386737989504,-0.0005388189358045,1.1919647832594369,1.2069493332293764,1.2362284367323686,27.655941463639223,1.193918609845885,1.2202951587453623,1.1675420609464076,0.0441848358538982,0.0067465308521667,0.0057568424179728,1.2169474168788217,1.170179945281178,-0.0279147634304973,0.0716693863296091,-1.6684107402512938,-1,0,0
2020-02-12,1.1719151511085593,1.1747368268147838,1.1707628042835003,1.1735844799897248,9579.0,0.0014244451738563,0.0014234316142222,1.190214278186131,1.205640907612135,1.2356051137797055,29.79258632362135,1.1925746199510747,1.2202539337790494,1.1648953061231,0.046419424604408,0.0061688170355638,0.0052563894127313,1.2154009511630952,1.170179945281178,-0.0242236197663142,0.0608605776311338,-1.372153954348179,-1,0,0
2020-02-13,1.1735844799897248,1.1816886347304345,1.1715646342164752,1.1796687889571849,4565.0,0.0051843809041454,0.0051709882698677,1.189209945878612,1.2046223931550784,1.2350485334332129,37.085999399682514,1.1916383386501044,1.219752182299223,1.1635244950009858,0.0471851949324929,0.006455001494346,0.0054718761357178,1.2154009511630952,1.170179945281178,-0.0165912856010304,0.0647728091208997,-0.851505745163008,-1,0,0
2020-02-14,1.1796687889571849,1.1839677447378378,1.178220558930715,1.182519514711368,1180.0,0.0024165475774799,0.0024136324218465,1.1885727619579225,1.203755613608266,1.2345258566300106,40.21954429123264,1.1909950214281664,1.2193357151448194,1.1626543277115131,0.0475916241575362,0.0066517524537703,0.0056250678073536,1.2154009511630952,1.170179945281178,-0.0094831847277083,0.0653844122721623,-0.5981156849253882,-1,0,0
2020-02-17,1.182519514711368,1.1839925678276293,1.17532668904382,1.176799742160081,5731.0,-0.0048369371330695,-0.0048486729724558,1.1874515219771755,1.2026985206102982,1.2339514674313048,36.311651639256645,1.190055839049786,1.2189949309159074,1.1611167471836643,0.0486348470660472,0.0066638094858498,0.0056626537609687,1.2154009511630952,1.170179945281178,-0.0067570935310982,0.0670653643190528,-0.9161377247793574,-1,0,0
2020-02-18,1.176799742160081,1.1782326620799668,1.174538638702232,1.175971558622117,9427.0,-0.0007037591089574,-0.0007040068636457,1.1863581921338366,1.2016504044538991,1.2333745529157905,35.769708898461346,1.1887984975016952,1.2178985289943305,1.15969846600906,0.0489570462173196,0.0065456580354135,0.0055661703613674,1.2154009511630952,1.170179945281178,-0.0105678349864811,0.0639564984775891,-0.88157560123769,-1,0,0
2020-02-19,1.175971558622117,1.1812869214570487,1.174336749297188,1.1796521121321193,5661.0,0.0031297980661322,0.0031249104436902,1.185719517847959,1.2007877263236333,1.2328400012662015,40.05178960850797,1.1876920644160656,1.2163937577054376,1.1589903711266936,0.0483318768379299,0.0066219266194804,0.005613457180619,1.2154009511630952,1.170179945281178,0.0009157285434528,0.0654499948738444,-0.5602423663919104,-1,0,0
2020-02-20,1.1796521121321193,1.1808064628489812,1.1766979546371084,1.1778523053539702,1584.0,-0.0015257097915893,-0.0015268748719739,1.184970259515198,1.1998882980503132,1.2322928600133438,38.693324663051925,1.186015003935346,1.212736966721608,1.1592930411490845,0.0450617617780466,0.0064954535306667,0.0055146587574192,1.2154009511630952,1.170179945281178,0.0009434813952511,0.0563313279894262,-0.6109355548966211,-1,0,0
2020-02-21,1.1778523053539702,1.1788512842119774,1.1765475672905967,1.177546546148604,5718.0,-0.0002595904460827,-0.0002596241455147,1.18426323919457,1.1990121509169127,1.2317481205719036,38.45470057294684,1.1842277827794352,1.2078727620185374,1.160582803540333,0.0399331608039231,0.0057361364169341,0.0048712608734621,1.2134288243193123,1.170179945281178,0.0016785687442073,0.0554229130499211,-0.5651294140095859,-1,0,0
2020-02-24,1.177546546148604,1.180953086143398,1.1752786215091064,1.178685161503901,4033.0,0.0009669387244359,0.0009664715403222,1.1837319937002204,1.1982150140771868,1.231220130929436,39.94010590585346,1.1826333405047993,1.2028500930788533,1.162416587930745,0.0341893837787874,0.0056714259198407,0.0048116546343932,1.2123196962386655,1.170179945281178,0.005235091956806,0.056012050214922,-0.3905848861172344,-1,0,0
2020-02-25,1.178685161503901,1.1805159451144436,1.1771587830345498,1.1789895666450927,2643.0,0.0002582582280101,0.0002582248850946,1.1832803339806843,1.1974610749622028,1.230700423822129,40.354569982082246,1.181304403579753,1.1984314776831126,1.1641773294763935,0.0289968852252793,0.0050746577388143,0.0043042431268112,1.2068175644046246,1.170179945281178,0.0060366277625487,0.0552577051351632,-0.2703131802537515,-1,0,0
2020-02-26,1.1789895666450927,1.1861271646450489,1.1774503018179014,1.1845878998178576,5734.0,0.0047484162126179,0.0047371780459737,1.1834048640604151,1.1969562445643855,1.2302415927375094,47.52646749669584,1.1803978645716766,1.1943837448517212,1.166411984291632,0.0236968918697925,0.0053225589113896,0.0044931734590637,1.2040861547949668,1.170179945281178,0.0093759077558943,0.0587699161333395,0.5991807683581383,-1,0,0
2020-02-27,1.1845878998178576,1.1857761086829697,1.1811667276197793,1.182354936484891,5810.0,-0.0018850127823436,-0.0018867916547547,1.1833048709579843,1.1963836442475426,1.2297651085956924,45.19231603481627,1.1795370505145402,1.1903026455232328,1.1687714555058475,0.0182539327679388,0.0055676595273978,0.0047089578227248,1.19964563892866,1.170179945281178,0.0022770353448793,0.0585188589113024,0.5234984165902307,-1,0,0
2020-02-28,1.182354936484891,1.1842532682116609,1.1765306469027432,1.1784289786295128,9870.0,-0.0033204562642165,-0.0033259812127412,1.1828405002600346,1.1956795397135025,1.2292543013323474,41.34737109578786,1.178766453007294,1.1871677831043452,1.1703651229102423,0.0142544438308669,0.0056935737213563,0.0048314950027602,1.1957903347987493,1.170179945281178,-0.0034591700441016,0.0573959300604032,-0.0803383211664376,-1,0,0
2020-03-02,1.1784289786295128,1.1797168784716865,1.1745974366062717,1.1758853364484454,7790.0,-0.0021585027415276,-0.0021608356662577,1.18217810370655,1.194903296448206,1.2287232668558907,39.030384989026096,1.178320440614245,1.1863088181557857,1.170332063072704,0.0135589221169354,0.0057662458632771,0.0049037484221829,1.1899588810532873,1.170179945281178,-0.0007770274574988,0.0516651227007258,-0.6096617625134968,-1,0,0
2020-03-03,1.1758853364484454,1.176964149061878,1.1741929847965304,1.1752717974099631,8214.0,-0.0005217677433884,-0.0005219039115449,1.1815203602497322,1.194133433740824,1.2281914114385182,38.47040418034147,1.1776574421745656,1.184135730630638,1.1711791537184932,0.0110019912821339,0.0056803274157102,0.004833203203062,1.189408271071054,1.170179945281178,-0.0005950494355272,0.0499653786401655,-0.736504643403559,-1,0,0
2020-03-04,1.1752717974099631,1.182026900493409,1.173448847719896,1.1802039508033415,7192.0,0.0041966066098479,0.0041878254152361,1.1813949879215049,1.1935871795079818,1.2277139242680188,45.26849212418694,1.1777389967485177,1.1843062639994273,1.171171729497608,0.01115233047227,0.0055699025771069,0.0047194407147304,1.1861271646450489,1.170179945281178,0.0004677978071221,0.0433536627975119,0.7506787711380682,-1,0,0
2020-03-05,1.1802039508033415,1.1860626473249885,1.178761452066173,1.1846201485878198,1771.0,0.0037418937476629,0.0037349102787645,1.1817021460802013,1.193235531236603,1.2272851304801562,50.53801047588922,1.178132900622765,1.185360274471911,1.170905526773619,0.0122691995874583,0.0056809032522278,0.0047955483949855,1.1861271646450489,1.170179945281178,0.0057459184000288,0.0447709460006868,1.7951881556041056,-1,0,0
2020-03-06,1.1846201485878198,1.185765205290014,1.1729438338603473,1.1740888905625415,7502.0,-0.0088899872569554,-0.0089297389638166,1.1809770741261385,1.1924846825827182,1.2267558146600803,40.51929931605762,1.1780586818704708,1.185425864408192,1.1706914993327495,0.0125073269287808,0.0059777241555034,0.0050913727261649,1.1861271646450489,1.170179945281178,-0.0029363217932839,0.055397644393399,-1.0776959272023745,-1,0,0
2020-03-09,1.1740888905625415,1.1804689625329488,1.1729170080170834,1.179297079987491,1598.0,0.0044359413216608,0.0044261315336866,1.1808170746843625,1.191967521696631,1.2262835884444327,46.19958929752559,1.1783961973032295,1.1853043494189035,1.1714880451875556,0.0117246680386161,0.0062532906653698,0.0053025575755993,1.1861271646450489,1.170179945281178,0.0005191534631769,0.0567455444548842,0.2608172689819933,-1,0,0
2020-03-10,1.179297079987491,1.1808130641662111,1.1729558204383657,1.174471804617086,7752.0,-0.0040916537929999,-0.0041000475123338,1.180212763249384,1.191281415144492,1.2257680483068472,42.18051255523607,1.1785240299786557,1.185008866724117,1.1720391932331944,0.0110050140353586,0.0063180814916544,0.0053795088709808,1.1861271646450489,1.1707628042835003,-0.0038318931361387,0.0588006080082832,-1.2497540094299868,-1,0,0
2020-03-11,1.174471804617086,1.175711980474659,1.1705715324068913,1.171811708264464,6876.0,-0.0022649299388581,-0.0022674987722235,1.1794126627746295,1.1905178972276282,1.2252311693014504,40.10898912938951,1.1784353913923926,1.1852448466437289,1.1716259361410564,0.0115567731605386,0.0063917914813612,0.0054546233292274,1.1861271646450489,1.1705715324068913,-0.0107853470015673,0.0591685297380152,-1.9454370088205208,-1,0,0
2020-03-12,1.171811708264464,1.171974304163946,1.167869113518275,1.168031709417757,6378.0,-0.0032257732364746,-0.0032309872588164,1.1783287624549277,1.1896360859409665,1.2246620204468863,37.30531406127015,1.177853537415421,1.1860638708526017,1.1696432039782412,0.0139411788925746,0.0065204681759534,0.0055824410616418,1.1861271646450489,1.167869113518275,-0.0121141517028016,0.056746348422828,-2.3925527684872283,-1,0,0
2020-03-13,1.168031709417757,1.1730820728124414,1.1666883891643356,1.17173875255902,5940.0,0.0031737521433479,0.0031687264228008,1.177701142464841,1.1889342297299097,1.22413542076641,41.61557559227328,1.1773144993078035,1.1856496309178592,1.1689793676977482,0.0141595667342177,0.0065718409626544,0.0056086230384561,1.1861271646450489,1.1666883891643356,-0.0056772416427449,0.057321396408988,-1.3378905120243532,-1,0,0
2020-03-16,1.17173875255902,1.173561320814629,1.163796206113745,1.165618774369354,6546.0,-0.0052229886365883,-0.0052366761222605,1.176550440741461,1.1880198981471428,1.2235531655783798,37.08291058876062,1.1767554509182674,1.1865992605672258,1.166911641269309,0.0167304254104399,0.0070295518641537,0.006030746946365,1.1861271646450489,1.163796206113745,-0.0087309210863192,0.0577280542211271,-2.26267612764977,-1,0,0
2020-03-17,1.165618774369354,1.1751598181105374,1.1637058556010162,1.1732468993421996,4856.0,0.006544270854742,0.0065229500829499,1.1762358177510557,1.1874405648606745,1.2230526057153333,45.10815316132817,1.1766192179542716,1.1865833859000323,1.1666550500085109,0.016936945774326,0.0072279161271804,0.0061606096135714,1.1861271646450489,1.1637058556010162,-0.0017229189641289,0.062846564073823,-0.6768891553070936,-1,0,0
2020-03-18,1.1732468993421996,1.177536093559758,1.1726743339792598,1.1769635281968185,6688.0,0.0031678147683171,0.0031628078143956,1.1763051235077948,1.187029700677778,1.2225940079290796,48.55148194135629,1.1764847887575065,1.186348712731837,1.1666208647831755,0.0167684683535061,0.0072459431641309,0.0061564721340449,1.1861271646450489,1.1637058556010162,-0.002745646296403,0.0628726847724733,0.0970687609835237,-1,0,0
2020-03-19,1.1769635281968185,1.1807109587409856,1.175685567966674,1.1794329985108414,7453.0,0.00209817063559,0.0020959725496845,1.1766030163652277,1.1867317907888788,1.2221645451487986,50.76159224367128,1.1765638234153502,1.1864989566237838,1.1666286902069165,0.0168883880512215,0.0070532838402305,0.0059802327466978,1.1861271646450489,1.1637058556010162,-0.0043787454427159,0.0631033275703778,0.5775816056609366,-1,0,0
2020-03-20,1.1794329985108414,1.1808795464618476,1.168303730541507,1.1697502784925131,3175.0,-0.0082096397426167,-0.0082435244163791,1.1759503746630644,1.186065849130198,1.2216430101571938,42.967593100734,1.1761740100325455,1.1865488500678991,1.165799169997192,0.0176416753760211,0.0075858819870109,0.0064850439674928,1.1861271646450489,1.1637058556010162,-0.0036953011862241,0.069633762857324,-1.2383287873630118,-1,0,0
2020-03-23,1.1697502784925131,1.1772753013731003,1.1684016592471105,1.1759266821276977,8264.0,0.0052801044366017,0.0052662135605671,1.1759481182311249,1.185668234737943,1.2211881213210796,48.40912285710332,1.176036086063735,1.1863434879142511,1.1657286842132195,0.0175290570972449,0.0080217732627711,0.006821661065005,1.1861271646450489,1.1637058556010162,-0.0028579718520364,0.0723245532367627,-0.0212282275638974,-1,0,0
2020-03-24,1.1759266821276977,1.177401725643757,1.1710250230246575,1.172500066540717,3736.0,-0.0029139704363035,-0.0029182243139477,1.1756197323558475,1.1851518359851108,1.2207036630645585,45.79838156116424,1.1757116110585166,1.1860361014856575,1.1653871206313755,0.0175629641317321,0.0078645339660272,0.0067074912748025,1.1861271646450489,1.1637058556010162,-0.0016788296395177,0.072985454627669,-0.6221216515165052,-1,0,0
2020-03-25,1.172500066540717,1.1735291169728683,1.1662339178204073,1.1672629682525586,9767.0,-0.0044666080946244,-0.0044766131922423,1.1748238500602963,1.184450311760305,1.220171914857474,42.06448546848954,1.1748453644802517,1.184938719643995,1.1647520093165082,0.0171824402919761,0.0078641056727162,0.0067372185074021,1.1860626473249885,1.1637058556010162,-0.00388180112882,0.07191055208049,-1.502453070299143,-1,0,0
2020-03-26,1.1672629682525586,1.1793457405774144,1.1645263392670264,1.1766091115918822,1449.0,0.0080068875596346,0.0079750025222956,1.1749938749680666,1.1841428137144845,1.2197384541284635,49.91262576733051,1.1745580732356014,1.184061275407145,1.1650548710640578,0.016181749354231,0.0080068220927677,0.0068049975254186,1.1860626473249885,1.1637058556010162,0.0073434668810496,0.0781030139100212,0.431652051436403,-1,0,0
2020-03-27,1.1766091115918822,1.1805034768096705,1.174901885478801,1.178796250696589,9900.0,0.0018588493690547,0.0018571238465597,1.1753560059898307,1.1839331445765275,1.2193310690196888,51.56610939101549,1.174576436838955,1.1841124962686478,1.1650403774092624,0.0162374437807663,0.0078675104366966,0.0066741902445375,1.1860626473249885,1.1637058556010162,0.0060230986831799,0.0775484856012263,0.8850225585831755,-1,0,0
2020-03-30,1.178796250696589,1.179660753094517,1.173394886349227,1.1742593887471549,1135.0,-0.0038487244481419,-0.0038561498464118,1.175251566252433,1.1835537816028263,1.2188825945891164,48.02451772088591,1.1744951394538905,1.1840119186069655,1.1649783603008157,0.0162057361216498,0.0077538406522283,0.0066031753516581,1.1860626473249885,1.1637058556010162,0.0074128991122983,0.078407577963612,-0.0495442214101336,-1,0,0
2020-03-31,1.1742593887471549,1.1791713914905038,1.1725872609727404,1.1774992637160893,7589.0,0.0027590794674343,0.0027552801944069,1.1754656326775432,1.1833163495288368,1.218470820152569,50.63208930184282,1.174606512769197,1.1842132717996063,1.1649997537387875,0.0163574080783205,0.007856960827228,0.0066725823695483,1.1860626473249885,1.1637058556010162,0.00362444117796,0.0790125124386324,0.6022324360870467,-1,0,0
2020-04-01,1.1774992637160893,1.1781434523618426,1.1727252188840742,1.1733694075298275,8199.0,-0.0035073110561685,-0.0035134760909417,1.1752659921872846,1.182926273372013,1.218022049877716,47.36974271057933,1.174264785605521,1.1835127180437417,1.1650168531673004,0.0157510172349277,0.0079507496009493,0.0067759987178182,1.1860626473249885,1.1637058556010162,-0.0030537230601335,0.0784534394907679,-0.1936385417335049,-1,0,0
2020-04-02,1.1733694075298275,1.1746964515581633,1.1724660170563868,1.1737930610847225,7119.0,0.0003610572699239,0.000360992104433,1.1751257130346595,1.182568108184276,1.2175819604369895,47.74172301553955,1.1737234312303662,1.1815822901089938,1.1658645723517385,0.0133913299667019,0.0076533746619258,0.0065202077910165,1.185765205290014,1.1637058556010162,-0.004781905740504,0.0770609224077005,0.0177200928103398,-1,0,0
2020-04-03,1.1737930610847225,1.1814774154996512,1.1728686784953355,1.1805530329102645,3741.0,0.005759083137955,0.0057425630154855,1.17564260064186,1.182489085624511,1.2172135133969226,53.401218617966414,1.1740466383477524,1.1824795131203674,1.1656137635751374,0.0143654851471363,0.007570776255028,0.0064129065310728,1.1814774154996512,1.1637058556010162,0.0092350945465666,0.0732240725123321,1.543102379188836,-1,0,0
2020-04-06,1.1805530329102645,1.181883049423882,1.17626292627638,1.1775929427899978,5520.0,-0.0025073758126471,-0.0025105245438496,1.1758283475131113,1.1822970800231576,1.2168192788635204,50.80652057059928,1.1739614314878777,1.1822032053647205,1.165719657611035,0.0140409619188207,0.0071540734434552,0.0060751667095639,1.181883049423882,1.1637058556010162,0.0014169766598757,0.0721430716673016,0.8812450708757602,0,0,0
2020-04-07,1.1775929427899978,1.1828906908829675,1.17627020186029,1.1815679499532596,3462.0,0.0033755358229679,0.0033698514901094,1.1763749763169349,1.1822684866870832,1.216468519371876,54.036268315036175,1.1743162387546864,1.183233795093639,1.165398682415734,0.0151876573697201,0.0072796969750395,0.006161048101658,1.1828906908829675,1.1637058556010162,0.0077338020451427,0.0714779787054133,1.6263897693356706,0,0,0
2020-04-08,1.1815679499532596,1.184995749273731,1.180646550619645,1.1840743499401165,6062.0,0.0021212491308315,0.0021190024585008,1.1771082499953331,1.1823393048538688,1.216146189327779,55.997961168100616,1.1749293708384692,1.1847612501835258,1.1650974914934125,0.0167361197857201,0.0072313975378805,0.0061072157658395,1.184995749273731,1.1637058556010162,0.0144023944430664,0.0710761272756817,1.860270815110309,0,0,0
2020-04-09,1.1840743499401165,1.1853781361706883,1.1757195105631493,1.177023296793721,8630.0,-0.0059549074319125,-0.0059727085978852,1.1771001592142272,1.182130833949549,1.2157569068150025,49.58636325905125,1.1753789502072671,1.18469138846641,1.1660665119481248,0.0158458482815271,0.0070230268012518,0.0059667695791434,1.1853781361706883,1.1637058556010162,0.0003520159734939,0.0736041464160241,0.3531506015278841,0,0,0
2020-04-10,1.177023296793721,1.1779007515583646,1.175627760364309,1.1765052151289526,7238.0,-0.0004401626256504,-0.0004402595256545,1.1770434978727724,1.1819102214467807,1.215366342718624,49.14114978941462,1.175617273335764,1.1847802265548626,1.1664543201166653,0.0155883269613743,0.0065515517346851,0.0055686550730393,1.1853781361706883,1.1637058556010162,-0.0019435382206912,0.0729083414134973,0.1938112684757277,0,0,0
2020-04-13,1.1765052151289526,1.177635716870283,1.163258698639155,1.1643892003804854,5720.0,-0.0102983094275014,-0.0103517039143358,1.1758383266830308,1.181223122581436,1.2148591074714783,40.07835443677116,1.1755557946363204,1.185012985480509,1.166098603792132,0.0160897354040337,0.0071230028498299,0.0061173728230238,1.1853781361706883,1.163258698639155,-0.0084054583350619,0.0798250318336135,-2.361503418892517,0,0,0
2020-04-14,1.1643892003804854,1.1674836376278084,1.1628004986886362,1.1658949359359592,1141.0,0.0012931548617778,0.001292319457157,1.1748913370880716,1.18062201722279,1.2143719017845578,41.52174823829618,1.1751881964660085,1.1855514036885662,1.1648249892434503,0.017636676838181,0.0069364271203093,0.0059494444194844,1.1853781361706883,1.1628004986886362,-0.0098550616019137,0.0761723426352111,-1.7935105089513423,0,0,0
2020-04-15,1.1658949359359592,1.1692179985142854,1.1654664205831415,1.1687894831614678,1567.0,0.0024826827326296,0.0024796059672235,1.1743102081426806,1.1801579962792088,1.2139183453803482,44.2993987726886,1.1747794942142409,1.185486916944992,1.1640720714834898,0.0182288212953747,0.0061458683075062,0.005258319309036,1.1853781361706883,1.1628004986886362,-0.0039032246272735,0.0757961485621741,-1.1188520717632888,0,0,0
2020-04-16,1.1687894831614678,1.1765933854664357,1.16733917996138,1.1751430822663478,4240.0,0.0054360508854802,0.005421328889778,1.1743895294877915,1.1799613329845868,1.2135325218667758,49.92219519013002,1.174564998402016,1.185049465180669,1.1640805316233631,0.017852510151276,0.0064067693199481,0.0054519057437603,1.1853781361706883,1.1628004986886362,0.0011501355957732,0.0781095498959933,0.110274347095781,0,0,0
2020-04-17,1.1751430822663478,1.1778337319894263,1.171124866147779,1.173815515870858,5745.0,-0.0011297061741021,-0.0011303447731201,1.1743348615242744,1.1797203205487543,1.2131373277772644,48.81339668658456,1.1747682602709335,1.1850146264639398,1.1645218940779272,0.017444063717968,0.006438412112545,0.0054850289721791,1.1853781361706883,1.1628004986886362,-0.0057070854519741,0.0722698157545605,-0.1859672750571258,0,0,0
2020-04-20,1.173815515870858,1.1755571297768532,1.1714763098914516,1.1732179237974467,3802.0,-0.0005091022101271,-0.0005092318466579,1.1742284865026715,1.179465324597723,1.2127401197774652,48.29342437346136,1.174632822354421,1.1848863232113949,1.164379321497447,0.0174582229643846,0.0062596042102334,0.0053354147454315,1.1853781361706883,1.1628004986886362,-0.0037152218169596,0.0697317841588814,-0.2759835058699668,0,0,0
2020-04-21,1.1732179237974467,1.1742805069739957,1.1673259745474136,1.1683885577239626,6797.0,-0.0041163418794801,-0.0041248373361988,1.173672302809461,1.1790309415830655,1.2122988107023058,44.1961451328115,1.174427246913583,1.1850200428502526,1.1638344509769134,0.018039084097389,0.0063693398494344,0.0054513884164032,1.1853781361706883,1.1628004986886362,-0.0111541551459807,0.0705002993794108,-1.1401501974971628,0,0,0
2020-04-22,1.1683885577239626,1.1687417259287594,1.16768572329371,1.1680388914985067,4491.0,-0.0002992722096979,-0.0002993170005623,1.1731357874465131,1.178599880795436,1.2118584134962975,43.90569162436247,1.1744660430758809,1.1849535182190465,1.1639785679327148,0.0178591372734788,0.0062854518589539,0.0053812008356076,1.1853781361706883,1.1628004986886362,-0.0135426111058151,0.0686566308650279,-1.225681394165151,0,0,0
2020-04-23,1.1680388914985067,1.172332646617133,1.1672727131761924,1.1715664682948188,8957.0,0.003020085051951,0.0030155337563213,1.172986328479685,1.1783240606973724,1.2114574986186712,47.64392806403955,1.1742139109110272,1.1847268830417217,1.1637009387803328,0.0179064002444628,0.0060319658901414,0.0051486330937081,1.1853781361706883,1.1628004986886362,-0.0046361261614507,0.063035553457467,-0.5036525510190843,0,0,0
2020-04-24,1.1715664682948188,1.1731266359112922,1.1652211439388789,1.166781311555352,7936.0,-0.0040844090958248,-0.0040927730770385,1.1723953744868916,1.1778714038682736,1.211012959443912,43.41711266128246,1.1736131639539655,1.1843933604807542,1.162832967427177,0.0183709536632489,0.0061952065204922,0.0053096552534201,1.1853781361706883,1.1628004986886362,-0.008265074772775,0.0639751579990804,-1.2674819761655325,0,0,0
2020-04-27,1.166781311555352,1.1675356357703297,1.1638655431194185,1.1646198673343962,9751.0,-0.0018524844369289,-0.001854202408228,1.1716548499961776,1.1773517357689058,1.210551336636852,41.62093178648432,1.1731311878833277,1.184627876518187,1.1616344992484684,0.0196000051036111,0.0059844639225089,0.0051385555839832,1.1853781361706883,1.1628004986886362,0.0001981012481353,0.0629757010183179,-1.480656007874178,0,0,0
2020-04-28,1.1646198673343962,1.166292684769804,1.158128168082534,1.1598009855179416,8371.0,-0.0041377293584078,-0.0041463134478049,1.1705259105220598,1.1766634710531818,1.2100463580187537,37.86030556135194,1.1722462739734203,1.1849847655102028,1.1595077824366378,0.0217334732804983,0.0062569866391649,0.005394879567524,1.1853781361706883,1.158128168082534,-0.0052268435432609,0.0631386583249973,-1.9539658082030589,0,0,0
2020-04-29,1.1598009855179416,1.161802680686531,1.153319372320003,1.1553210674885923,5304.0,-0.0038626609955402,-0.0038701403368424,1.169077830233158,1.175826514050649,1.2095018277647225,34.7195712388681,1.1713438569713586,1.1861385402138125,1.1565491737289046,0.0252610421003226,0.0061730354076641,0.0053431341134313,1.1853781361706883,1.153319372320003,-0.0115233888282813,0.0633567481443246,-2.166019943811736,0,0,0
2020-04-30,1.1553210674885923,1.16124568027845,1.1550636119515136,1.1609882247413714,2412.0,0.0049052660877189,0.0048932744687563,1.1683073916148927,1.175244620352246,1.2090191053465795,41.34798900350009,1.170703615154191,1.1861461055762388,1.1552611247321432,0.0263815541733232,0.0064522552028699,0.0055575543880363,1.1853781361706883,1.153319372320003,-0.012045220483005,0.0664098200467444,-1.2582673062822132,0,0,0
2020-05-01,1.1609882247413714,1.1718849525997848,1.159633452797732,1.1705301806561454,2921.0,0.0082188223027839,0.0081852317073449,1.1685190858092978,1.1750597403641636,1.2086361309715503,50.4675425017472,1.170202472541485,1.1849332573177531,1.1554716877652167,0.0251764718019703,0.006300432457936,0.0053825459283794,1.1853781361706883,1.153319372320003,-0.0027988514125878,0.0699821227979495,0.0444929607807961,0,0,0
2020-05-04,1.1705301806561454,1.176035064413868,1.168991844298601,1.1744967280563234,7721.0,0.0033886758886938,0.0033829472645402,1.1690883850709193,1.1750376614501306,1.2082964354201553,53.69095870287909,1.1700476618048012,1.1845141264603325,1.15558119714927,0.0247279920772059,0.0064690096847999,0.0055078992816825,1.1853781361706883,1.153319372320003,0.0010899972059219,0.0707713061815881,0.615086872634232,0,0,0
2020-05-05,1.1744967280563234,1.1759489158621672,1.1687525432409027,1.1702047310467465,1004.0,-0.0036543286218257,-0.0036610219921559,1.1691947037352837,1.174848134767645,1.2079174134860915,49.906408492533714,1.1694795008594756,1.1828953190389595,1.1560636826799917,0.022943229307781,0.0067150664483799,0.0057383689112018,1.1853781361706883,1.153319372320003,0.0015544258036228,0.0705621426761125,0.1081156851663251,0,0,0
2020-05-06,1.1702047310467465,1.1715426188073408,1.1661169498222406,1.1674548375828349,6518.0,-0.0023499250951172,-0.0023526905022761,1.1690290021969552,1.1745582015447114,1.207514800790537,47.59175505732348,1.1686485252416114,1.1801852316485186,1.1571118188347045,0.0197436716989345,0.0064415995540974,0.0055176434639943,1.1853781361706883,1.153319372320003,-0.0005000295109374,0.0701650926484602,-0.2069373383831475,0,0,0
2020-05-07,1.1674548375828349,1.1688595043703514,1.1617061349632725,1.163110801750789,6997.0,-0.0037209455065859,-0.0037278854450882,1.168465364059225,1.174109283905734,1.2070729699543206,44.111257673788735,1.1679529004894649,1.1790320965643366,1.1568737044145931,0.0189719911996942,0.0064733498087711,0.0055655486983931,1.1779007515583646,1.153319372320003,-0.0072174023180577,0.0683700085279283,-0.874088463811575,0,0,0
2020-05-08,1.163110801750789,1.1642452065379174,1.1528490697020906,1.153983474489219,9746.0,-0.0078473411542828,-0.0078782935716696,1.1670861364811294,1.1733200364776353,1.206544716268101,37.84815895784361,1.1668268134574782,1.1787890093386462,1.1548646175763102,0.0205038069800988,0.0069958724480872,0.0060623679651771,1.1778337319894263,1.1528490697020906,-0.0109684967863199,0.0730562142793283,-2.147321293823363,0,0,0
2020-05-11,1.153983474489219,1.1555630946786843,1.1432729438711555,1.1448525640606209,4811.0,-0.0079125140268059,-0.0079439840806704,1.164968653393462,1.1722036650103016,1.2059308640073296,32.826777530645586,1.1658499816414851,1.181325182788242,1.1503747804947282,0.0265474999192748,0.0073769880467262,0.0064436140323267,1.1778337319894263,1.1432729438711555,-0.0169731805443256,0.0694095253640536,-2.7136859006533465,0,0,0
2020-05-12,1.1448525640606209,1.1462561072462665,1.1421918804737796,1.143595423659425,4667.0,-0.0010980806093816,-0.001098683941606,1.162933107704506,1.1710817731926202,1.2053106108695395,32.193490056726574,1.1647350060276582,1.1831337400100164,1.1463362720453,0.0315929956378785,0.0075918611994003,0.0066385900488364,1.1778337319894263,1.1421918804737796,-0.0139727091637877,0.0689538777424796,-2.2979388025831624,0,0,0
2020-05-13,1.143595423659425,1.145127480350783,1.1369547222065532,1.1384867788979112,2930.0,-0.0044671783882856,-0.0044771860447747,1.1606048859134015,1.1698035381222396,1.2046456971185782,29.68710869331798,1.1632198708144803,1.184909337848633,1.141530403780328,0.0372921191914744,0.0078142058210638,0.0068636772652101,1.1778337319894263,1.1369547222065532,-0.0145710911576079,0.0687696063399315,-2.2806546493396347,0,0,0
2020-05-14,1.1384867788979112,1.1390572393938316,1.1343883696049717,1.1349588301008922,1554.0,-0.0030988052407899,-0.003103616479716,1.1581624044074486,1.1684370789841476,1.2039522954567106,28.06229514233894,1.1612106582062078,1.1855345316895334,1.1368867847228823,0.041893989366064,0.0075830185222386,0.0066813159395081,1.1778337319894263,1.1343883696049717,-0.0224200332835224,0.0641968234873023,-2.1585236515320485,0,0,0
2020-05-15,1.1349588301008922,1.1446011650568215,1.132987474357595,1.1426298093135243,5731.0,0.0067588171563459,0.0067360787506538,1.1566831096365986,1.1674250291931427,1.2033421214652362,36.234422780242845,1.159651372878341,1.184564187146076,1.1347385586106062,0.0429660410885374,0.0081504183828325,0.0071330349658295,1.176035064413868,1.132987474357595,-0.0238356701977402,0.0709296273612214,-1.3664906246149602,-1,0,-1
2020-05-18,1.1426298093135243,1.147751279108039,1.1416387604507423,1.1467602302452575,8660.0,0.0036148373673312,0.0036083195452571,1.15573807350409,1.166614644920677,1.2027791175725002,40.1752521455838,1.1583284882007316,1.1830169013029368,1.1336400750985265,0.0426276541649328,0.0080038470949773,0.0069795297080241,1.176035064413868,1.132987474357595,-0.0236156450235217,0.0730462351325705,-0.9371406665615808,-1,0,-1
2020-05-19,1.1467602302452575,1.1479516274674426,1.141863743744004,1.143055140966189,5975.0,-0.0032309188802929,-0.0032361495683563,1.1545301751671468,1.1656907428048144,1.202184849148557,37.91183211167341,1.1570618173628429,1.182172898200018,1.1319507365256676,0.0434049079493575,0.0078327453347566,0.0068524649896906,1.176035064413868,1.132987474357595,-0.0232007180968001,0.0726325342157404,-1.115577341132831,-1,0,-1
2020-05-20,1.143055140966189,1.1446550673023848,1.1410339278480108,1.1426338541842065,1497.0,-0.0003685620814639,-0.0003686300171607,1.1533971922163906,1.1647865510942026,1.2015923019349812,37.652079839874766,1.1557915654971278,1.1811338101437343,1.1304493208505213,0.043852620841209,0.0076498218438593,0.0066949021472158,1.176035064413868,1.132987474357595,-0.0212607653843116,0.0726230020132327,-1.0384014120614364,-1,0,-1
2020-05-21,1.1426338541842065,1.1429571800499454,1.134160362624616,1.1344836884903549,5334.0,-0.0071327885691523,-0.0071583485205453,1.1515959061472445,1.1635982035411103,1.2009245545375222,32.948831719313745,1.153937426506905,1.179840122623711,1.1280347303900988,0.0448944553175926,0.0074030588169505,0.0065254872256486,1.176035064413868,1.132987474357595,-0.0246125418294995,0.0739342644680433,-1.5020627913654263,-1,0,-1
2020-05-22,1.1344836884903549,1.1367958658046933,1.133435061273148,1.1357472385874865,7607.0,0.0011137666499312,0.0011131468720052,1.1500865092367911,1.162506008837047,1.2002760240305568,34.31864611728315,1.1523857228585113,1.178762637738265,1.1260088079787576,0.0457779272279169,0.007140029132399,0.0062866356965824,1.176035064413868,1.132987474357595,-0.0158028570641399,0.0739168590826682,-1.2615944166992967,-1,0,-1
2020-05-25,1.1357472385874865,1.138236489270666,1.1337746755292388,1.1362639262124186,8008.0,0.0004549318786588,0.0004548284285257,1.1487700727582792,1.16147690755765,1.199639087733859,34.904282532217124,1.1509679258024126,1.1776228664895725,1.124312985115253,0.0463174343778117,0.0069447034981249,0.0061118753644447,1.176035064413868,1.132987474357595,-0.007501959743829,0.0741567062886085,-1.1032851104468837,-1,0,-1
2020-05-26,1.1362639262124186,1.137920644297873,1.1293270801986883,1.1309837982841433,3371.0,-0.0046469203205947,-0.0046577508201653,1.1470761418559805,1.1602810993508457,1.1989559505254042,31.78529726868004,1.1495270664407229,1.1772650462713334,1.121789086610112,0.0482598116049512,0.0071709817205595,0.0063404813857094,1.176035064413868,1.1293270801986883,-0.011028048131677,0.0744437748033772,-1.337030906347088,-1,0,-1
2020-05-27,1.1309837982841433,1.134121147445997,1.1292094621366882,1.1323468112985418,3516.0,0.0012051569761355,0.0012044313573981,1.1456733484695578,1.1591856370742848,1.1982931730206594,33.43876684345865,1.14837835363122,1.1769949797900017,1.1197617274724383,0.0498383238734772,0.0070108614278616,0.0061914436088903,1.176035064413868,1.1292094621366882,-0.0053930952147842,0.0742551413889914,-1.1204355288933052,-1,0,-1
2020-05-28,1.1323468112985418,1.1328172018983675,1.1252567127418065,1.1257271033416325,8521.0,-0.0058460075048193,-0.0058631622973962,1.143773706076422,1.15787353771222,1.197571122576092,29.67646300206347,1.1466152975612331,1.1762862353057246,1.1169443598167417,0.0517539541075361,0.0067368865936283,0.005984475787809,1.176035064413868,1.1252567127418065,-0.0081339750080972,0.0727186880359026,-1.4079901619205717,-1,0,-1
2020-05-29,1.1257271033416325,1.127099049271174,1.1213517014873555,1.1227236474168971,8186.0,-0.0026680142246015,-0.0026715797178226,1.141768938585039,1.156495110641815,1.1968263715794831,28.12999687033843,1.1442249708992709,1.1734836994347508,1.1149662423637905,0.0511415661772966,0.0062695435205062,0.0055842268352776,1.176035064413868,1.1213517014873555,-0.0174213570610295,0.0629744521331991,-1.469737378116075,-1,0,-1
2020-06-01,1.1227236474168971,1.1333032626242754,1.1218013592083491,1.1323809744157274,3245.0,0.008601695547296,0.0085649117489975,1.1408748467593903,1.155549458240792,1.1961851238465109,39.11625910808868,1.1421191832172408,1.1680809438208155,1.116157422613666,0.0454624368193219,0.0068008061378947,0.0060057580368689,1.1759489158621672,1.1213517014873555,-0.0125390255524076,0.0711601397470106,-0.7501963330000491,-1,0,-1
2020-06-02,1.1323809744157274,1.1357393192402592,1.1302755214409212,1.133633866265453,5287.0,0.0011064225539219,0.001105810919597,1.1401852295694916,1.154690023261367,1.195562723273565,40.38937317446348,1.1402906399781765,1.1628523355757272,1.117728944380625,0.0395718333669436,0.0066073089704024,0.005828432942083,1.1715426188073408,1.1213517014873555,-0.0082421874178113,0.0715333347846275,-0.5900951623020586,-1,0,-1
2020-06-03,1.133633866265453,1.13471741270565,1.1314319928515872,1.132515539291784,4551.0,-0.000986497498838,-0.0009869844077449,1.1394547828763768,1.1538204356547168,1.1949353881095672,39.59352530344124,1.1385436750636238,1.1573468878072997,1.1197404623199478,0.0330302879994922,0.0065084911179169,0.0057469331696649,1.1688595043703514,1.1213517014873555,-0.0088552556493667,0.0715015567255582,-0.6411814676581954,-1,0,-1
2020-06-04,1.132515539291784,1.1331480613760612,1.1304414463029833,1.1310739683872604,8897.0,-0.0012728928253162,-0.0012737036415164,1.1386566100678894,1.1529284173305028,1.194299951097405,38.53933491341851,1.1369418333954473,1.1520230082388234,1.1218606585520712,0.0265293692261047,0.0058722714303349,0.0051917660510814,1.1642452065379174,1.1213517014873555,-0.0030055258948956,0.0710232998891447,-0.7781708081932556,-1,0,-1
2020-06-05,1.1310739683872604,1.1315571910336673,1.1261952288734247,1.1266784515198316,2505.0,-0.0038861444876997,-0.0038937151673912,1.1375158330633126,1.151899006906555,1.1936271003553396,35.44079586926814,1.1355765822469777,1.1490164285572375,1.1221367359367178,0.0236705238913368,0.0058186602519739,0.0051644373282588,1.1555630946786843,1.1213517014873555,-0.0079848638495775,0.0675506464199509,-1.3241417381913516,-1,0,-1
2020-06-08,1.1266784515198316,1.1406599162297375,1.1257681930249606,1.1397496577348667,9811.0,0.011601540969744,0.011534759111983,1.1377285782701274,1.1514225618409986,1.193091006398917,48.65984777973827,1.13532143693069,1.1482019298501425,1.1224409440112375,0.0226904777809435,0.0064475059292123,0.0056569492128877,1.1479516274674426,1.1213517014873555,0.0030677129160188,0.076683053203704,0.6875856121141158,-1,0,-1
2020-06-09,1.1397496577348667,1.1452215566499546,1.1382511791344303,1.1437230780495182,6853.0,0.0034862219854037,0.0034801592002618,1.1382994830110218,1.151120621300156,1.1925997832312614,51.8850413269496,1.1353278196501948,1.1482256906870707,1.122429948613319,0.0227209636082904,0.0066867372192945,0.0058464652393811,1.1479516274674426,1.1213517014873555,0.011263892360529,0.0777005333461195,1.3018052941172755,-1,0,0
2020-06-10,1.1437230780495182,1.1449154017153116,1.142573064275953,1.1437653879417464,2066.0,3.699312625604634e-05,3.6992442027225695e-05,1.1388200453853763,1.150832180776297,1.192113868850271,51.91967735623677,1.1355917501023869,1.1489689260026985,1.122214574202075,0.0235598328344768,0.0062257029345823,0.0054431643064367,1.1479516274674426,1.1213517014873555,0.0100839924034494,0.0758764697369012,1.2220274144962715,-1,0,0
2020-06-11,1.1437653879417464,1.1458303822758291,1.1425549436448237,1.1446199379789064,1973.0,0.0007471375215311,0.0007468585532362,1.13937241610857,1.1505885634116937,1.1916412924236903,52.66089926318451,1.1360748054962873,1.1500405357702663,1.1221090752223082,0.0245859343177287,0.006219605370258,0.0054337733983913,1.1479516274674426,1.1213517014873555,0.0167827838391669,0.0748516513079128,1.2237287008958404,-1,0,0
2020-06-12,1.1446199379789064,1.1469636872897455,1.1432507310766242,1.1455944803874636,5042.0,0.0008514113516824,0.0008510491066359,1.1399649936589409,1.1503927170185866,1.1911831151894992,53.540535280799006,1.1362230390499843,1.1505402306017494,1.1219058474982193,0.0252013751872799,0.0061661155468076,0.0053824591968374,1.1479516274674426,1.1213517014873555,0.020370848180838,0.0710734589666559,1.3091172669718132,0,0,0
2020-06-15,1.1455944803874636,1.1526866311130874,1.1439295207255544,1.1510216714511785,5314.0,0.0047374451925423,0.0047262588150537,1.1410180105915348,1.150417381898296,1.190783498833894,58.19886404322512,1.1364361111102803,1.151519901676521,1.1213523205440397,0.0265457783658494,0.0061777974245468,0.0053672294603784,1.1526866311130874,1.1213517014873555,0.0164615067336935,0.0719084098182665,1.933938326290763,0,0,0
2020-06-16,1.1510216714511785,1.1531147295344035,1.146604182986079,1.1486972410693044,7437.0,-0.002019449711093,-0.0020214915490499,1.141749365875132,1.1503499253951983,1.1903647300999185,55.62632248858628,1.136718216115436,1.152517320631895,1.1209191115989772,0.0277977502119214,0.0062920017987622,0.0054775110218817,1.1531147295344035,1.1213517014873555,0.0132876894843261,0.0712685821792852,1.5164182174235104,0,0,0
2020-06-17,1.1486972410693044,1.1508822055248915,1.1475998066713369,1.149784771126924,4010.0,0.0009467508223552,0.000946302936464,1.1425146425657786,1.1503277624827168,1.18996094941362,56.59307720334189,1.137075761962572,1.153738603681299,1.1204129202438449,0.029308234817999,0.0059864239199761,0.0052065604540132,1.1531147295344035,1.1213517014873555,0.0152485606033618,0.0712686896923,1.5254311814134924,0,0,0
2020-06-18,1.149784771126924,1.151051339309732,1.1485611730829417,1.1498277412657494,4303.0,3.737233254819117e-05,3.737163421996984e-05,1.143211128156252,1.1503081538075417,1.1895616140091634,56.6332801255726,1.1378429646013417,1.1553926596394206,1.1202932695632624,0.0308473059711326,0.0057537680944741,0.005004026157988,1.1531147295344035,1.1213517014873555,0.0165805008360584,0.0656445709789467,1.3658102478024263,0,0,0
2020-06-19,1.1498277412657494,1.1545100136687474,1.1481698640202165,1.1528521364232145,9887.0,0.0026303028261744,0.002626849633665,1.144129319419772,1.1504079178316855,1.1891963455754724,59.478039470115206,1.138698209493128,1.1574442424793374,1.1199521765069185,0.0329253753627204,0.005385071396803,0.0046710859325902,1.1545100136687474,1.1213517014873555,0.0232308382822765,0.0659972421884559,1.5100716978892377,0,0,0
2020-06-22,1.1528521364232145,1.154303929013646,1.1450358668954983,1.14648765948593,8727.0,-0.0055206359395149,-0.0055359309682674,1.1443539232355968,1.1502541822102834,1.18877138352483,51.780312677912576,1.1392093961568035,1.1582314824080813,1.1201873099055262,0.0333952411478518,0.0056568045624323,0.0049340300487567,1.1545100136687474,1.1213517014873555,0.0059118260798203,0.0696652814601456,0.7652434368114939,0,0,0
2020-06-23,1.14648765948593,1.1473266306127052,1.1447202481804268,1.1455592193072022,5444.0,-0.000809812622967,-0.0008101406983409,1.1444687133376543,1.150070066018006,1.1883414117415705,50.74849047310608,1.1399381672079565,1.1587490069396034,1.1211273274763096,0.0330032632870257,0.0056083018894477,0.0048956891926018,1.1545100136687474,1.1213517014873555,0.0016054071942093,0.067225423012847,0.5976396779128361,0,0,0
2020-06-24,1.1455592193072022,1.147684405176424,1.1405921277449709,1.1427173136141928,4747.0,-0.0024808020791173,-0.0024838843673485,1.1443019133639911,1.1497817227864835,1.1878874406159248,47.62043816363182,1.1404566923237391,1.158955592083261,1.1219577925642172,0.0324412139172587,0.0059215634864745,0.0051820020716635,1.1545100136687474,1.1213517014873555,-0.0009163368105059,0.0680886312007728,0.2444060262870571,0,0,0
2020-06-25,1.1427173136141928,1.1489803190962309,1.1410668988720896,1.1473299043541274,1236.0,0.0040365107669069,0.0040283859140199,1.14459029345829,1.1496855730440383,1.187483883041181,52.71486633833549,1.141536832374364,1.1589024992880097,1.1241711654607185,0.0304250663161268,0.0061038104910387,0.0053200134223597,1.1545100136687474,1.1213517014873555,0.0023675687320334,0.0649023192559057,0.6671868127576805,0,0,0
2020-06-26,1.1473299043541274,1.149497879700717,1.145705299629801,1.1478732749763905,8493.0,0.0004735957985588,0.0004734836874641,1.1449029583647756,1.1496145025315818,1.187089747637551,53.29119242477271,1.1427943137523386,1.1579220486732351,1.1276665788314422,0.0264749915865872,0.0053110145529057,0.0046268300418572,1.1545100136687474,1.1218013592083491,0.001989180838368,0.0635171590368796,0.6714767611423513,0,0,0
2020-06-29,1.1478732749763905,1.1490928304636878,1.140011828005686,1.1412313834929837,8435.0,-0.0057862584905494,-0.0058030637419168,1.1445532845674622,1.1492857527653624,1.1866334455067593,45.92309863219188,1.1432368342062014,1.157579397700477,1.128894270711926,0.0250911500839351,0.0054617734773684,0.0047858598671301,1.1545100136687474,1.1257681930249606,-0.008505737294982,0.0615284960788398,-0.2796502471846609,0,0,0
2020-06-30,1.1412313834929837,1.1434056124670429,1.1351001539344228,1.1372743829084822,5782.0,-0.0034673078936806,-0.0034733329368468,1.1438600558380354,1.148814718653328,1.1861423105555329,42.18131362692387,1.1434188600383526,1.1573343154381663,1.1295034046385388,0.0243400837368503,0.0058877106983157,0.0051770362427916,1.1545100136687474,1.1257681930249606,-0.0099441852495344,0.0629539496525896,-0.8831154932885151,0,0,0
2020-07-01,1.1372743829084822,1.1385064334336443,1.1285272338003685,1.1297592843255306,5713.0,-0.0066079907328364,-0.0066299201633007,1.1425171252177968,1.1480674467189047,1.185581285418916,36.15598076680477,1.14328104729004,1.157696764432358,1.1288653301477216,0.0252181511737439,0.0063665507699064,0.0056353161759651,1.1545100136687474,1.1257681930249606,-0.01741672642069,0.0673312469582695,-1.8759750667991824,0,0,0
2020-07-02,1.1297592843255306,1.1429293396214613,1.1289800995176194,1.14215015481355,2618.0,0.0109677084843933,0.0109079993545401,1.1424821756554877,1.1478353960559498,1.185149134865629,49.07296558926976,1.1438348566113548,1.1570794648539326,1.1305902483687769,0.0231582525502246,0.0070977139049578,0.0062143439503508,1.1545100136687474,1.1257681930249606,-0.0066771623058492,0.0777487409200958,-0.2543981319717584,0,0,0
2020-07-03,1.14215015481355,1.1476736181377705,1.1399983259829962,1.1455217893072167,9267.0,0.0029520063359944,0.0029476577212807,1.142771662669938,1.1477446663795288,1.184754832919774,51.92331931561048,1.144777023500724,1.15528008834595,1.134273958655498,0.0183495381713858,0.0070204411740465,0.0061285968015434,1.1545100136687474,1.1257681930249606,-0.0063584451851219,0.0764111911684262,0.1418187581372988,0,0,0
2020-07-06,1.1455217893072167,1.1466012907260208,1.1425153591062294,1.1435948605250337,4460.0,-0.0016821406630324,-0.0016835570502353,1.1428500624656617,1.1475819288950386,1.1843452809556472,50.19424308617948,1.1449692836402323,1.1552226742112823,1.1347158930691823,0.0179103329976698,0.006847254393437,0.0059874826564832,1.1545100136687474,1.1285272338003685,-0.0025231836879897,0.0653469918092624,-0.2680914387635815,0,0,0
2020-07-07,1.1435948605250337,1.1439597289950276,1.1371242214390098,1.137489089909004,1382.0,-0.0053391028823146,-0.0053534068283189,1.1423394936507416,1.1471861312877432,1.1838790501989642,45.07244647751553,1.1446575842332063,1.155436064019946,1.1338791044464671,0.0188326708968774,0.0071010478721843,0.0062427393239898,1.1545100136687474,1.1285272338003685,-0.0070447073029351,0.0669086647741786,-1.3301494210754778,0,0,0
2020-07-08,1.137489089909004,1.138949567640356,1.133102005344905,1.134562483076257,4917.0,-0.002572865848745,-0.0025761813562078,1.1415988259769811,1.1466910862598418,1.1833883380882904,42.81719383342855,1.144197438989932,1.1558838197829375,1.1325110581969264,0.0204272101907903,0.0073408618770886,0.00647021383713,1.1545100136687474,1.1285272338003685,-0.007136349857292,0.067392125380124,-1.6489204116028229,0,0,0
2020-07-09,1.134562483076257,1.1387575847677265,1.1340935188919503,1.1382886205834195,9891.0,0.0032842065225526,0.0032788252951338,1.1412835683204516,1.146361577801943,1.1829395846802817,46.48841906736095,1.1438808731201575,1.1558584482789656,1.13190329796135,0.0209419974409339,0.0072211416076061,0.0063438582069853,1.1545100136687474,1.1285272338003685,-0.0078802825032241,0.0685542606681872,-0.9337870917262822,0,0,0
2020-07-10,1.1382886205834195,1.1458070355864702,1.1373438783200671,1.1448622933231176,5452.0,0.0057750491578565,0.0057584374862643,1.1416243992730866,1.146302782332185,1.182560706159315,52.30600912858977,1.1438442637669404,1.1558042486956983,1.1318842788381822,0.0209119113634774,0.0071636484039101,0.0062572140297473,1.1545100136687474,1.1285272338003685,-0.0026230958755745,0.0717732501723786,0.1702392707417831,0,0,0
2020-07-13,1.1448622933231176,1.1490675954089096,1.1436995209974397,1.1479048230832316,3476.0,0.002657550849441,0.0026540258051242,1.142222534874053,1.146365607459677,1.1822158715018416,54.75762362384882,1.1436884213485432,1.1553316539555083,1.132045188741578,0.0203608472196235,0.0073609121167095,0.0064124759898981,1.1545100136687474,1.1285272338003685,0.0058475780518956,0.0703086324555206,0.7242665120623113,0,0,0
2020-07-14,1.1479048230832316,1.1528248407896011,1.1468492403259172,1.151769258032287,2407.0,0.0033665116404646,0.003360857626135,1.1431317466034083,1.1465775153252695,1.181912920124035,57.72969827497146,1.1438420221966925,1.155839152497575,1.1318448918958095,0.0209769007748865,0.0072811494761546,0.0063217084718808,1.1545100136687474,1.1285272338003685,0.0127452753193431,0.070981217519932,1.321522003476336,0,0,0
2020-07-15,1.151769258032287,1.1610887781377424,1.1503844822389286,1.159704002344384,2474.0,0.0068891787628131,0.0068655567993629,1.1447100566739776,1.147092279522098,1.181691935867521,63.091085733832486,1.1443379837575651,1.1580649413717936,1.1306110261433366,0.0239910897113708,0.0074804977386312,0.0064503508856649,1.1610887781377424,1.1285272338003685,0.0265053967108848,0.0748996716887718,2.238809067333553,0,0,0
2020-07-16,1.159704002344384,1.161629067362746,1.1569557646798707,1.1588808296982327,5898.0,-0.000709812714699,-0.0007100647510168,1.146059654104859,1.1475545756074366,1.1814649596867322,62.209546673991625,1.1447906381791897,1.1598155192658572,1.1297657570925217,0.0262491333971163,0.0075434064966283,0.0065092167402515,1.161629067362746,1.1285272338003685,0.0146484022386828,0.0749998558139892,1.875581102807682,0,0,0
2020-07-17,1.1588808296982327,1.1670044482296849,1.1568236076466565,1.1649472261781086,1628.0,0.0052347025892693,0.0052210491607016,1.1478584704927877,1.1482366403356985,1.1813006041294325,65.98186710780526,1.145395392666934,1.162601782064243,1.1281890032696251,0.0300444536576065,0.0076219663627016,0.0065427567802426,1.1670044482296849,1.1285272338003685,0.0169577192264844,0.0765789173834805,2.2726247860265736,0,0,0
2020-07-20,1.1649472261781086,1.1659516894178994,1.1623111818134166,1.1633156450532074,9498.0,-0.001400562264313,-0.0014015439683733,1.149330582355685,1.148827973854032,1.1811216493127537,64.12775879380266,1.146236791945298,1.1652219249947875,1.1272516588958086,0.0331260227954635,0.0072887555821204,0.0062655012103675,1.1670044482296849,1.1285272338003685,0.0172445550508333,0.0735976218520756,1.7991818190990925,0,0,0
2020-07-21,1.1633156450532074,1.1690259149908588,1.162113554709035,1.1678238246466863,9089.0,0.003875284934617,0.0038677953612063,1.1510918435262567,1.1495729091792342,1.18098933264941,66.89578980382552,1.147350022212272,1.1686391239902247,1.1260609204343195,0.037110038551102,0.0070696956284452,0.006053734715152,1.1690259149908588,1.1285272338003685,0.0266681544524609,0.0741666738459973,1.9234068818833443,0,0,0
2020-07-22,1.1678238246466863,1.1690558952187438,1.1664024140423923,1.1676344846144495,6114.0,-0.00016213064697,-0.0001621437915641,1.1526673331537036,1.150281206255125,1.1808564485893605,66.66312855604214,1.1485958807622851,1.1715914270788628,1.1256003344457075,0.040041143628891,0.006262855705053,0.0053637125209787,1.1690558952187438,1.1285272338003685,0.0291495638464271,0.0731846322908597,1.6558514061863614,0,0,0
2020-07-23,1.1676344846144495,1.1681664429189074,1.16556359058008,1.166095548884538,4226.0,-0.0013179944153668,-0.0013188637339282,1.1539462108423544,1.150901376554318,1.180709573965432,64.69365710749145,1.1495341629888054,1.1738080613887902,1.1252602645888206,0.0422325828696945,0.0059005385753425,0.0050600815524824,1.1690558952187438,1.1285272338003685,0.0244287150010038,0.0727916227474547,1.3645427382807926,0,0,0
2020-07-24,1.166095548884538,1.168880717787719,1.1621159831430323,1.1649011520462136,9011.0,-0.001024270129036,-0.0010247950521573,1.1549895385760554,1.1514503873579218,1.1805522762348923,63.134662172817656,1.1503855568422967,1.1755907925373543,1.125180321147239,0.0438205009531651,0.0060918816485493,0.0052295266751592,1.1690558952187438,1.1285272338003685,0.0175032917408175,0.0730801766842065,1.151792062532724,0,0,0
2020-07-27,1.1649011520462136,1.1669158193645406,1.158521523434373,1.1605361907527,6102.0,-0.0037470658225774,-0.0037541036600443,1.1555177911643073,1.1518066933734032,1.1803531112052188,57.6655609889369,1.1513507972052826,1.1765585497951971,1.126143044615368,0.0437881359028062,0.0062032236752743,0.0053451359162277,1.1690558952187438,1.1285272338003685,0.0110038458027741,0.0709910585534527,0.7287752856708504,0,0,0
2020-07-28,1.1605361907527,1.161678511482141,1.1499895040899917,1.1511318248194324,5367.0,-0.0081034663185886,-0.0081364778613467,1.1551000800838431,1.151780227939914,1.1800623521367035,48.01488386075878,1.1520436693008302,1.176368650309739,1.1277186882919217,0.04222926900622,0.0066204697536099,0.0057512698466558,1.1690558952187438,1.1285272338003685,-0.0005534382936591,0.0764285231777475,-0.0749718555639447,0,0,0
2020-07-29,1.1511318248194324,1.1523097850898436,1.1503911230216677,1.1515690832920786,4534.0,0.0003798509112671,0.0003797787861736,1.1547637946751037,1.151771947757646,1.1797788370238218,48.44688961836355,1.1531341592491573,1.1750931899139498,1.1311751285843648,0.0380858211313257,0.0064243694816385,0.0055787964220719,1.1690558952187438,1.1289800995176194,-0.007014651183285,0.0715359209398989,-0.1425450859803196,0,0,0
2020-07-30,1.1515690832920786,1.1516076072275006,1.1488547161433964,1.1488932400788183,1296.0,-0.0023236497506607,-0.0023263536141091,1.154204694237362,1.151659057260437,1.179471517651235,45.93137373400737,1.1534713135124206,1.1749214219100137,1.1320212051148275,0.0371922702304154,0.00601649332576,0.0052367731969136,1.1690558952187438,1.133102005344905,-0.0086183060099588,0.061782222722697,-0.4268578366826339,0,0,0
2020-07-31,1.1488932400788183,1.153926138761206,1.146981076845789,1.1520139755281766,2779.0,0.002716297163646,0.0027126146954501,1.153996054360297,1.1516729756238775,1.1791983082768762,49.241545492714685,1.1537959228234689,1.1749337185487625,1.1326581270981753,0.0366404410124227,0.0061291352903276,0.0053203653953222,1.1690558952187438,1.133102005344905,-0.0111020056181966,0.0616536390308347,-0.1686029440770834,0,0,0
2020-08-03,1.1520139755281766,1.153757696826909,1.1421534365931818,1.1438971578919142,6222.0,-0.0070457631666673,-0.0070707017659826,1.1530342546966414,1.1513680415951737,1.1788470530491653,42.033546098186754,1.153811037691813,1.174918530721834,1.132703544661792,0.0365874347540414,0.0065311824167593,0.0057095888137318,1.1690558952187438,1.133102005344905,-0.0166923631121672,0.0666649282972058,-0.9393706572162128,0,0,0
2020-08-04,1.1438971578919142,1.1453725102720878,1.1403626075553364,1.14183795993551,4704.0,-0.0018001600425331,-0.0018017822777702,1.1519679409098669,1.1509943129026377,1.1784788033664424,40.41715732819612,1.1540284811931385,1.1745082669782392,1.1335486954080374,0.0354926869117251,0.006124440046612,0.0053636682800052,1.1690558952187438,1.133102005344905,-0.0222515281524063,0.0640217164083678,-1.1904930437794852,0,0,0
2020-08-05,1.14183795993551,1.1475860219417726,1.1402172122031595,1.1459652742094222,2737.0,0.0036146234568565,0.0036081064052262,1.1513962583669677,1.1507970956989824,1.1781552856633877,44.98377551550503,1.1545986207497965,1.1733593959804496,1.1358378455191434,0.0324974842226467,0.0063169762648789,0.0055123627277771,1.1690558952187438,1.1340935188919503,-0.0185582137994001,0.0642362537144441,-0.9203613853086708,0,0,0
2020-08-06,1.1459652742094222,1.1467929207343242,1.1442255641475154,1.1450532106724174,1211.0,-0.0007958910776192,-0.0007962079670737,1.1507921585865342,1.1505718453057838,1.1778259117828802,44.177985961593336,1.1549368502542463,1.1726756126191096,1.137198087889383,0.0307181511455942,0.0057731559794347,0.0050418233193237,1.1690558952187438,1.1373438783200671,-0.0180451235168929,0.0635261638212817,-1.114355035434298,0,0,0
2020-08-07,1.1450532106724174,1.1492839044189511,1.1435037495052005,1.147734443251734,7454.0,0.0023415790238621,0.0023388417998178,1.1505009476022674,1.1504605746369976,1.1775264941855554,47.173762967734696,1.1550804577506772,1.1725197843651325,1.137641131136222,0.0301958647078409,0.0059259879300967,0.0051632047508371,1.1690558952187438,1.1402172122031595,-0.0147366227291692,0.0607109137707685,-0.8424653842831491,0,0,0
2020-08-10,1.147734443251734,1.1499366762516687,1.146118254642845,1.1483204876427795,6434.0,0.0005106097446943,0.0005104794278974,1.1502932847489828,1.1503766496568322,1.1772358871552793,47.83275863960017,1.1551012409786543,1.1725055166769422,1.1376969652803668,0.0301346324994717,0.0057049923105967,0.0049681185452919,1.1690558952187438,1.1402172122031595,-0.0105259131143489,0.0600006284678198,-0.7792054611662902,0,0,0
2020-08-11,1.1483204876427795,1.1499289596896671,1.1415602754676015,1.1431687475144892,3879.0,-0.0044863260594312,-0.0044964198207703,1.1496147573933169,1.150093986827721,1.1768969106414406,42.780486633923225,1.1546712154527647,1.1728307465771528,1.136511684328377,0.0314540293052467,0.0061132210995763,0.0053476104143573,1.1690558952187438,1.1402172122031595,-0.0069176067703561,0.0606712323402559,-1.266824331474932,0,0,0
2020-08-12,1.1431687475144892,1.1452365910549944,1.1387865966939934,1.140854440234499,7213.0,-0.0020244668908437,-0.0020265188938823,1.1487804414734295,1.1497316516672025,1.176538279095103,40.70071754645139,1.1537287373472704,1.172725744006618,1.134731730687923,0.0329314960170388,0.0063880169583029,0.0055993269018525,1.1690558952187438,1.1387865966939934,-0.0093043858271613,0.0544631485562352,-1.35540270566121,0,0,0
2020-08-13,1.140854440234499,1.1420440923332884,1.1381694502713928,1.1393591023701826,3532.0,-0.0013107174864558,-0.0013115772279547,1.1478831710826445,1.1493248850281037,1.1761683370381386,39.36895653961832,1.152752650980868,1.1726211513425804,1.1328841506191554,0.0344714025941411,0.0061815817738179,0.0054254903137724,1.1690558952187438,1.1381694502713928,-0.008298541044581,0.0544897476066451,-1.3482193791027357,0,0,0
2020-08-14,1.1393591023701826,1.1512966193043064,1.137782814726036,1.14972033166016,5954.0,0.0090939101363416,0.0090528095244827,1.1480581387566933,1.1493403927391646,1.175905172805522,51.26762676836045,1.1519913062549705,1.1710424373823207,1.1329401751276202,0.033075130035979,0.0065472609629681,0.0056946552850066,1.1690558952187438,1.137782814726036,-0.00199098614838,0.0614737097775583,-0.2384083737212188,0,0,0
2020-08-17,1.14972033166016,1.150961556525996,1.1415844579753291,1.1428256828411651,2575.0,-0.0059968051613378,-0.0060148582073257,1.147559809621881,1.1490849139196353,1.175576023651648,44.94662360433722,1.1509668081443682,1.1696540830865003,1.132279533202236,0.0324723090360192,0.0063821246171479,0.0055845127677577,1.1690558952187438,1.137782814726036,-0.0009366882707564,0.064316750545196,-0.8713014956341383,0,0,0
2020-08-18,1.1428256828411651,1.1431470550062948,1.1336424628228576,1.1339638349879873,1068.0,-0.0077543303289672,-0.0077845514796237,1.1462649548948436,1.1484919304321195,1.175161972023154,38.39415781556359,1.1492738086614334,1.16766365029915,1.1308839670237167,0.0320025419514874,0.006923976768238,0.0061059943488509,1.1690558952187438,1.1336424628228576,-0.0068960090869351,0.0661339977091812,-1.6650468204191815,0,0,0
2020-08-19,1.1339638349879873,1.1370747316910523,1.1321452382298314,1.1352561349328965,9587.0,0.0011396306522621,0.0011389817661972,1.1452164958508486,1.1479728796282287,1.1747648990172808,39.773025072543,1.1476548911773556,1.1649044384625789,1.1304053438921324,0.0300605128211099,0.0070794483666034,0.0062359921684298,1.168880717787719,1.1321452382298314,-0.0093450818428278,0.0666328483069004,-1.4375746840707673,0,0,0
2020-08-20,1.1352561349328965,1.1359432006889567,1.1294801182654892,1.1301671840215497,9172.0,-0.0044826455940251,-0.0044927227760194,1.143783228057582,1.1472746170554178,1.1743211406591143,36.32510595981548,1.1458584729342065,1.1624943084590564,1.129222637409356,0.029036457673958,0.0070450212600356,0.0062336098230767,1.168880717787719,1.1294801182654892,-0.0130002924860813,0.0675241951097739,-1.8864443435038167,0,0,0
2020-08-21,1.1301671840215497,1.131731872558129,1.1243999095584152,1.1259645980949946,6064.0,-0.0037185524283235,-0.0037254834319398,1.1420862156801928,1.146438930037362,1.173839981031611,33.72498677079628,1.1439116452366451,1.160275322785106,1.1275479676881848,0.028610037526238,0.0067398571718918,0.0059858517606103,1.1669158193645406,1.1243999095584152,-0.0189676673770123,0.0679194724584129,-2.193522463211712,0,0,0
2020-08-24,1.1259645980949946,1.126685248567188,1.1211541214964829,1.121874771968676,8494.0,-0.0036322866040708,-0.0036388993749002,1.140161316279096,1.145475629720943,1.173322914274766,31.3715866207435,1.1419785742974442,1.159185795752807,1.1247713528420815,0.0301358043708459,0.0067770874828885,0.0060408591513258,1.161678511482141,1.1211541214964829,-0.0230299084259919,0.0678745654469953,-2.3366703777154743,0,0,0
2020-08-25,1.121874771968676,1.1231088665314917,1.1146497126837205,1.1158838072465358,6725.0,-0.0053401367709047,-0.005354446267117,1.1378491725617093,1.1443151660944957,1.1727513808715,28.260575322167355,1.1402161734187992,1.1604331749597012,1.1199991718778972,0.0354616993026572,0.0068549692049712,0.0061430851137503,1.153926138761206,1.1146497126837205,-0.0238678150774127,0.0650585262577325,-2.4071191885735668,0,0,0
2020-08-26,1.1158838072465358,1.1203327944834067,1.1141230768218642,1.118572064058735,2563.0,0.0024090830915743,0.0024061859030157,1.136013257466188,1.1433056326813285,1.1722122831917712,31.541174882305995,1.138566322457132,1.1602171044397689,1.1169155404744957,0.0380316571034916,0.0071151378531665,0.0063609114529012,1.153926138761206,1.1141230768218642,-0.0195313051252914,0.066243096821792,-1.8469779442083871,-1,0,0
2020-08-27,1.118572064058735,1.121017500128775,1.1174098942856268,1.1198553303556666,3266.0,0.001147236139865,0.0011465785673639,1.1344744072651858,1.142386012982283,1.1716913184869344,33.11357841690608,1.1371144269709743,1.1597227100361416,1.1145061439058075,0.0397643060872784,0.0069599557766949,0.0062150490228808,1.153926138761206,1.1141230768218642,-0.0171181956364263,0.0667755877130229,-1.526794101574143,-1,0,0
2020-08-28,1.1198553303556666,1.1248888813351818,1.1193642329210942,1.1243977839006094,1860.0,0.0040562860414301,0.0040480814923869,1.133514728849512,1.141680592233982,1.1712207360532396,38.49849183998282,1.1357336173895962,1.1578789386811543,1.113588296098038,0.0389973862752386,0.007081829119928,0.0062983307343071,1.153757696826909,1.1141230768218642,-0.0220249629951185,0.0679950216016418,-1.0237678053745891,-1,0,0
2020-08-31,1.1243977839006094,1.125387658584712,1.1191636578636106,1.1201535325477132,4877.0,-0.003774688472057,-0.003781830587092,1.1322422339636264,1.1408363938149129,1.170712604675075,35.61346241651688,1.134546436122386,1.1573839865702462,1.111708885674526,0.0402584675615633,0.0069286374412877,0.0061854355139416,1.1512966193043064,1.1141230768218642,-0.0198386776162459,0.0652014853931891,-1.2604594882041231,-1,0,0
2020-09-01,1.1201535325477132,1.1208416453588312,1.116447986152332,1.11713609896345,6509.0,-0.0026937678600185,-0.002697402581525,1.1308035544398,1.1399069704874043,1.1701795051157555,33.680992599363705,1.1333113430737831,1.157138901414912,1.1094837847326542,0.0420494482592991,0.0067817563588233,0.0060706626212472,1.1512966193043064,1.1141230768218642,-0.0148397466526923,0.0654164304011032,-1.3576921209264594,-1,0,0
2020-09-02,1.11713609896345,1.1175959765425971,1.1144867869454147,1.114946664524562,6635.0,-0.0019598636557528,-0.0019617867015432,1.1292933744478726,1.13892813495945,1.1696299246123607,32.31097092511398,1.13176041258954,1.1561513353448611,1.1073694898342188,0.0431026257571833,0.0067270811827724,0.0060335452778281,1.1512966193043064,1.1141230768218642,-0.017889769351068,0.0630550105072203,-1.3786889683220158,-1,0,0
2020-09-03,1.114946664524562,1.1159415189490098,1.1121446412626657,1.1131394956871137,3247.0,-0.0016208567592954,-0.0016221717687659,1.127754909803991,1.1379168157722996,1.169067830792209,31.183466098977448,1.130164726840275,1.1550644080526629,1.1052650456278872,0.0440638087900736,0.0060330149762063,0.0054198193484117,1.1512966193043064,1.1121446412626657,-0.0150665216396084,0.063024487381944,-1.3675059538265362,-1,0,0
2020-09-04,1.1131394956871137,1.1183855041274655,1.1112270753285316,1.116473083768884,4384.0,0.0029947621970889,0.0029902868296615,1.1266804501816,1.137075885105499,1.1685444999760568,35.64465788051844,1.1286016588661325,1.152771560186196,1.1044317575460691,0.0428315892151816,0.0058745385653682,0.0052616929604227,1.1512966193043064,1.1112270753285316,-0.0084296738478006,0.0635796707798721,-1.0036098150868935,-1,0,0
2020-09-07,1.116473083768884,1.1172870169004991,1.1118504534672682,1.1126643865988834,6340.0,-0.003411364971866,-0.0034171969444536,1.125345586983246,1.1361185714385729,1.1679884789474282,33.01152442786929,1.1268188538139376,1.1501086581274484,1.1035290495004269,0.0413372641657209,0.0055839650832106,0.0050185528992074,1.1512966193043064,1.1112270753285316,-0.0082098159259167,0.0635634136305172,-1.215507612216641,-1,0,0
2020-09-08,1.1126643865988834,1.1184372805122575,1.1118819777412945,1.1176548716546684,3451.0,0.0044851665209124,0.0044751381363544,1.124613137904334,1.1353945047803804,1.1674876470340674,39.33515528169109,1.125543160020947,1.1478358674926707,1.1032504525492226,0.03961235475201,0.0057000943196208,0.0051000487397169,1.1512966193043064,1.1112270753285316,0.0015871405218279,0.0660304278655435,-0.7077012405320244,-1,0,0
2020-09-09,1.1176548716546684,1.1261349836653531,1.1165308150751243,1.125010927085809,8608.0,0.0065816877979962,0.0065601230607238,1.1246510225882842,1.1349873056551032,1.1670649931042338,47.2410254475697,1.1247509843635122,1.1458466559333618,1.1036553127936626,0.0375117192394145,0.0059244576172466,0.0052661333988934,1.1512966193043064,1.1112270753285316,0.0057563238292492,0.071321129647538,0.0246441760752872,-1,0,0
2020-09-10,1.125010927085809,1.1260536943794508,1.1232868393271644,1.1243296066208062,8114.0,-0.0006056123088223,-0.0006057957660297,1.1246204115437624,1.134569356673366,1.1666397653780307,46.63482801676295,1.123999509576043,1.1439434632333367,1.10405555591875,0.0354874775075586,0.0055983784781447,0.0049793036180651,1.1512966193043064,1.1112270753285316,0.0039954056062925,0.0712835684469885,0.033102468089833,-1,0,0
2020-09-11,1.1243296066208062,1.1261724192419704,1.1185698899892658,1.12041270261043,2541.0,-0.0034837684494927,-0.0034898509014758,1.1242196773596356,1.1340141937689372,1.1661797946042238,43.20256555170255,1.1225341281235568,1.1384134344523695,1.106654821794744,0.028291890519813,0.0057463357768589,0.0051287670725891,1.150961556525996,1.1112270753285316,-0.0035441916973145,0.0618247667312871,-0.2671937261236006,-1,0,0
2020-09-14,1.12041270261043,1.1234823025110945,1.1190337532061418,1.1221033531068063,1610.0,0.0015089533458851,0.0015078160197561,1.12401812266889,1.1335471019782652,1.1657412230470356,45.08138596898962,1.1214980116368387,1.1341861028775233,1.108809920396154,0.022627041883322,0.0054598640238004,0.0048657407614758,1.1431470550062948,1.1112270753285316,0.0017406725974951,0.0599468899436931,0.0954188393643578,-1,0,0
2020-09-15,1.1221033531068063,1.1230028267673438,1.1190489373037515,1.119948410964289,7269.0,-0.0019204488931887,-0.0019222953195214,1.1236305310779755,1.133013819977717,1.1652855731755656,43.12328600138168,1.120797240435654,1.132053810790418,1.1095406700808896,0.0200867203248801,0.0052987334382326,0.004731229926627,1.1370747316910523,1.1112270753285316,0.0025174300637571,0.0544329216140343,-0.1508149364527574,-1,0,0
2020-09-16,1.119948410964289,1.125255544570065,1.1188741971864549,1.1241813307922308,7608.0,0.0037795667965609,0.0037724421803086,1.1236829881936188,1.132667447852796,1.1648765757389157,47.9094306215322,1.1202435002286206,1.1293987019119005,1.111088298545341,0.0163450208484338,0.0054968578339798,0.004889654082857,1.1359432006889567,1.1112270753285316,0.0082826080937303,0.0563356258521711,0.8602389548232348,-1,0,0
2020-09-17,1.1241813307922308,1.1253215640351648,1.121739388377844,1.122879621620778,9997.0,-0.0011579174424959,-0.0011585883468489,1.1236064770914436,1.132283611529972,1.1644586955984368,46.61047750241994,1.1198791221085822,1.12787844270509,1.1118798015120743,0.0142860429104995,0.005358109779925,0.0047717579665317,1.131731872558129,1.1112270753285316,0.0087501395569944,0.0544089574154413,0.7501885881422944,-1,0,0
2020-09-18,1.122879621620778,1.1259634534676122,1.1224738153568106,1.1255576472036446,9279.0,0.0023849623159077,0.0023821228071351,1.123792302816415,1.1320198482230572,1.164071620490031,49.63585369172949,1.1198587745640145,1.1277947382251925,1.1119228109028363,0.0141731508319299,0.0051627981649036,0.0045868802701756,1.126685248567188,1.1112270753285316,0.0081368405265032,0.053657531782821,1.4362143988910707,-1,0,0
2020-09-21,1.1255576472036446,1.125718911321766,1.1225227521972283,1.12268401631535,6921.0,-0.0025530730437787,-0.0025563376925371,1.1236867517210751,1.131653737167853,1.163659803533069,46.58533615073782,1.119899236781348,1.127886565139732,1.111911908422964,0.0142643696790793,0.0050772624447635,0.0045224322881402,1.1261724192419704,1.1112270753285316,0.0090050781144292,0.052822198074754,0.6972993744720287,-1,0,0
2020-09-22,1.12268401631535,1.1242523998661298,1.1140905952614537,1.1156589788122333,7844.0,-0.0062573595072394,-0.0062770188344669,1.1229222019202334,1.1310264917421424,1.163182183386593,40.09752827726707,1.1198879953596332,1.1278997144583092,1.1118762762609573,0.0143080721141279,0.0055810206595845,0.0050024431888015,1.1261724192419704,1.1112270753285316,-0.0017857863756099,0.0541453457931183,-1.0557076440932327,-1,0,0
2020-09-23,1.1156589788122333,1.1173977863571534,1.1082227798792574,1.1099615874241775,9527.0,-0.0051067499085799,-0.0051198339194167,1.1216878576825138,1.130200417063007,1.1626526252178129,35.749156779755126,1.119457471527905,1.128610971724351,1.1103039713314593,0.0163534576868788,0.0059651727161239,0.0053742154536779,1.1261724192419704,1.1082227798792574,-0.0133770608794128,0.056234013191366,-2.074809395298792,-1,0,0
2020-09-24,1.1099615874241775,1.1107859935673083,1.1099201116588084,1.1107445178019393,3910.0,0.0007053670925483,0.0007051184381022,1.1206456348367448,1.1294374406213965,1.1621361266365604,36.764014366749365,1.1190019309002188,1.128944853413345,1.1090590083870926,0.017771055149346,0.0055157050810929,0.0049657729502082,1.1261724192419704,1.1082227798792574,-0.0120828347300193,0.0560965184046983,-1.6609629789186091,-1,0,0
2020-09-25,1.1107445178019393,1.1161330754435768,1.109657303444913,1.1150458610865508,3968.0,0.003872486621067,0.0038650078461711,1.1201123230510122,1.1288730649533631,1.161667566780341,42.16852281975844,1.118534334759516,1.1282865863131717,1.1087820832058604,0.0174375542182214,0.0055899342643381,0.0050131877615249,1.1261724192419704,1.1082227798792574,-0.0047900577272776,0.0559062289764355,-0.7154191324479422,-1,0,0
2020-09-28,1.1150458610865508,1.1152813735439653,1.1136862352217447,1.1139217476791592,9205.0,-0.0010081319940474,-0.0010086405008962,1.1195227444441689,1.1282867387857474,1.161192484003215,41.17803701751612,1.1182227455160885,1.1281537480117465,1.1082917430204304,0.0177621185680221,0.0052356368037136,0.0047001836660627,1.1261724192419704,1.1082227798792574,-0.0072913118074146,0.0545448549000993,-0.8661759653790689,-1,0,0
2020-09-29,1.1139217476791592,1.1178282843407783,1.1123136728375531,1.1162202094991729,6108.0,0.0020633961270639,0.0020612702491252,1.1192082173065503,1.1278135415588229,1.1607449986847669,44.07078399322637,1.1181769510428743,1.128137454700556,1.1082164473851923,0.0178156125439574,0.0049435255832133,0.0044288085282306,1.1261724192419704,1.1082227798792574,-0.0033289046429435,0.0543585109335072,-0.3929001205059624,-1,0,0
2020-09-30,1.1162202094991729,1.1172138248567778,1.1047965883847175,1.1057902037423226,6614.0,-0.0093440395256145,-0.009387968929151,1.1179303112528145,1.1269498812522931,1.160198184804743,35.531579944090495,1.1177191280037626,1.129051986390719,1.1063862696168063,0.0202785442299739,0.0056328385417686,0.0050939486737225,1.1261724192419704,1.1047965883847175,-0.0163595734479486,0.0633941830735495,-2.1051925038029173,-1,0,0
2020-10-01,1.1057902037423226,1.1072044452778649,1.101254982731096,1.1026692242666385,8290.0,-0.002822397472072,-0.0028263879460549,1.116476874396988,1.1259976986254048,1.1596257573367017,33.44339924943367,1.1171956144327386,1.1302550350489626,1.1041361938165146,0.0233789328341661,0.0055147623484875,0.0050012843626385,1.1261724192419704,1.101254982731096,-0.0179987212921077,0.06384180916323,-2.224660740010776,-1,0,0
2020-10-02,1.1026692242666385,1.1081409496054562,1.1017049503424168,1.107176675681235,5850.0,0.004087763869164,0.0040794316614526,1.1155911411859638,1.1252596192942608,1.1591038759271943,39.01760339777393,1.1167307940283562,1.1305388095527498,1.1029227785039626,0.0247293539288627,0.0056567230597794,0.0051091421848269,1.1261724192419704,1.101254982731096,-0.0163305465233841,0.0647389466869917,-1.3838510436554703,-1,0,0
2020-10-05,1.107176675681235,1.114512823514033,1.1045332037350544,1.1118693515678526,9743.0,0.0042384164963831,0.0042294597086637,1.115236685031858,1.1247345107559703,1.1586338806599374,44.2523150346528,1.1166910422768046,1.1305528222931949,1.1028292622604143,0.0248265267501881,0.0060871323680213,0.0054746831176143,1.1261724192419704,1.101254982731096,-0.0096328660516528,0.0657225182398955,-0.6956813198955386,-1,0,0
2020-10-06,1.1118693515678526,1.1129354185244096,1.1096481123808737,1.1107141793374304,1835.0,-0.00103894601357,-0.0010394860920869,1.114805970203817,1.124184693837596,1.1581570677114548,43.267707790153125,1.1163440076609428,1.130449570228075,1.1022384450938103,0.0252709961630687,0.0058661294223017,0.0052814032011377,1.1261724192419704,1.101254982731096,-0.0044321782629914,0.0635820365261802,-0.7982422957919476,-1,0,0
2020-10-07,1.1107141793374304,1.1114730083421067,1.1079211934779074,1.1086800224825837,4425.0,-0.0018313954144892,-0.0018330744693935,1.114222546611319,1.1235766675099486,1.1576647588037048,41.51598740251012,1.1155274624307816,1.129409514509344,1.101645410352219,0.0248887679525395,0.0058639607942216,0.0052891372400586,1.1261724192419704,1.101254982731096,-0.0011546029665475,0.0582913670795298,-0.9865169658558084,-1,0,0
2020-10-08,1.1086800224825837,1.1124713322789097,1.106811050131936,1.1106023599282622,1824.0,0.0017338974336111,0.0017323959687961,1.1138777669272184,1.1230678711341964,1.1571964762278295,43.83035554219619,1.1148411000961542,1.1282397334460392,1.1014424667462692,0.0240368485674404,0.0060190067968053,0.0054195876165742,1.1261724192419704,1.101254982731096,-0.0001279843126827,0.0589425296508667,-0.6327123158315855,-1,0,0
2020-10-09,1.1106023599282622,1.1135056410036857,1.110441306913632,1.1133445879890551,9116.0,0.0024691358129027,0.0024660925056014,1.1138269879807268,1.1226865659128182,1.1567601390314242,47.04938476177542,1.1144876943650854,1.1276381189410345,1.1013372697891364,0.0235990484999311,0.0060095907229136,0.0053977814126426,1.1259634534676122,1.101254982731096,-0.0015257427132527,0.0588773020582468,-0.1738508698982614,-1,0,0
2020-10-12,1.1133445879890551,1.1164152591340444,1.1127040954295726,1.1157747665745616,4501.0,0.0021827730710899,0.0021803942828909,1.114012490703949,1.1224155149583768,1.1563523243801122,49.795298773686525,1.1141712650384732,1.1268460694068083,1.101496460670138,0.022751985742331,0.0055488306586133,0.0049730741587285,1.1259634534676122,1.101254982731096,0.0016635090384609,0.059201066608639,0.2530218991141843,-1,0,0
2020-10-13,1.1157747665745616,1.116476500416112,1.114101391597598,1.1148031254391482,6964.0,-0.0008708219297667,-0.0008712013154509,1.1140877892501586,1.1221169898791914,1.155938899515028,48.707706803771366,1.113914000762216,1.126300672689353,1.101527328835079,0.0222399070640301,0.0050631236829431,0.0045417200287707,1.1259634534676122,1.101254982731096,-0.0012695380785663,0.0589310250356808,0.143561512270964,-1,0,0
2020-10-14,1.1148031254391482,1.122940601840206,1.1132317374680365,1.1213692138690945,4631.0,0.0058899085229595,0.0058726308212819,1.1147812582614858,1.1220876653297758,1.1555949225434266,55.74248198340271,1.1137733949160595,1.1257255586333137,1.1018212311988054,0.0214624694247701,0.005694765287491,0.0050784034527238,1.1259634534676122,1.101254982731096,0.0140885767246332,0.0612623780892246,1.2710366311447618,-1,0,0
2020-10-15,1.1213692138690945,1.1292595955110878,1.1202182637088578,1.128108645350851,3684.0,0.0060100022351281,0.0059920142077705,1.1160505332223778,1.1223237821933474,1.155321427247978,61.568672838165774,1.114034846102563,1.1270106652249574,1.1010590269801688,0.0232951763902001,0.0058780195591743,0.0052105083879985,1.1292595955110878,1.101254982731096,0.0230707636745119,0.0648286421608881,2.169234807535019,0,0,0
2020-10-16,1.128108645350851,1.1346133148376805,1.1274074781087362,1.1339121475955654,1605.0,0.0051444533012234,0.0051312658102902,1.1177516393531577,1.122778227895395,1.155108399589745,65.74996273042319,1.1144525711221591,1.129381234647492,1.0995239075968262,0.0267910253198142,0.0062787837310831,0.0055372753033797,1.1346133148376805,1.101254982731096,0.0241474305786659,0.0667509517976618,2.6070085162525847,0,0,0
2020-10-19,1.1339121475955654,1.1346548260941205,1.1314974012066876,1.1322400797052423,7534.0,-0.0014746009149548,-0.0014756892088817,1.1191314908152612,1.1231492809075458,1.1548808541182576,63.602873628093214,1.114930374291654,1.131490831816792,1.0983699167665155,0.029706711570504,0.0061104132585265,0.0053967470045021,1.1346548260941205,1.101254982731096,0.0183211526684003,0.0662305528318967,2.090486375429321,0,0,0
2020-10-20,1.1322400797052423,1.1332744763812233,1.1286781869970914,1.129712583673072,6664.0,-0.002232296910765,-0.0022347921996894,1.1201392139445767,1.1234066653297234,1.154630423566564,60.39247722767566,1.1156330545346955,1.1334673162860107,1.0977987927833808,0.0319715549460001,0.0055517741808173,0.0049143244583208,1.1346548260941205,1.101254982731096,0.0171046743519334,0.0622605817057416,1.5789304132354367,0,0,0
2020-10-21,1.129712583673072,1.132755861397707,1.1284170884478304,1.1314603661724651,2591.0,0.001547103683408,0.0015459081514202,1.1212174189186612,1.1237224967353212,1.154399875731797,61.827357721584335,1.1167079934721102,1.1356595528754023,1.097756434068818,0.0339418353125017,0.0054367249238965,0.004805051141374,1.1346548260941205,1.101254982731096,0.0205472663238497,0.058489985034143,1.556850535243248,0,0,0
2020-10-22,1.1314603661724651,1.143106738927301,1.1296322211630805,1.1412785939179164,9419.0,0.0086774826931539,0.008640049733577,1.1231280070138283,1.1244109711346388,1.1542693157137485,68.68948359905801,1.118234697277909,1.1398901450773078,1.09657924947851,0.0387314896454459,0.0059394762454094,0.0052042299549487,1.143106738927301,1.101254982731096,0.0276212577034644,0.0645502010598057,2.128230905541201,0,0,0
2020-10-23,1.1412785939179164,1.1431461427443963,1.1404975559040549,1.142365104730535,6701.0,0.0009520119087562,0.0009515590328251,1.1249601115582766,1.125115054805066,1.1541508658532191,69.34619785195638,1.1196006594601082,1.1437159235758845,1.0954853953443322,0.043078331388988,0.0054158310355068,0.0047408932687805,1.1431461427443963,1.101254982731096,0.0260660689013605,0.0638742511062338,1.8879698071010915,0,-1,0
2020-10-26,1.142365104730535,1.1582840580558065,1.1416629890746302,1.1575819423999016,6408.0,0.0133204678664935,0.013232530485042,1.1280669525908122,1.126388266083295,1.1541850059183605,76.71294571191306,1.1217836691961451,1.1510819914423758,1.0924853469499145,0.052235244728113,0.0063682426667668,0.0055013320729279,1.1582840580558065,1.101254982731096,0.0374691891928049,0.076291746362386,2.4437080664823423,0,-1,0
2020-10-27,1.1575819423999016,1.1580202464677822,1.1547123737198506,1.1551506777877312,5460.0,-0.002100295904003,-0.0021025046186233,1.1306463549905188,1.1275162037971944,1.1541946145936774,73.66676570738247,1.1237301926105732,1.1564458306582026,1.0910145545629435,0.0582268559886723,0.0063508182298905,0.0054978266922313,1.1582840580558065,1.101254982731096,0.0361925360880999,0.0776189416414223,1.9208236214995476,0,-1,0
2020-10-28,1.1551506777877312,1.1565276864227452,1.1550054078361789,1.1563824164711929,4706.0,0.0010663013121547,0.0010657332167153,1.1330974084648686,1.1286482121373511,1.1542163837665882,74.22517629287698,1.1262598032470166,1.160901829880671,1.091617776613362,0.0615169369159428,0.0060552465470043,0.0052363703051474,1.1582840580558065,1.101254982731096,0.0312236167794293,0.0658255368002912,1.7390791562357464,0,-1,0
2020-10-29,1.1563824164711929,1.165170903479276,1.1555818198394463,1.16437030684753,7328.0,0.0069076546500188,0.0068839061054098,1.1360757797394077,1.1300490785965738,1.1543174178270952,77.54996906369206,1.1293448573760612,1.1660682227549954,1.0926214919971269,0.065034812243725,0.006521300086274,0.0056007097122994,1.165170903479276,1.1017049503424168,0.0321437670441759,0.0649411510948269,1.907529394980801,0,-1,0
2020-10-30,1.16437030684753,1.167024703574756,1.1631140261738713,1.1657684229010972,8912.0,0.001200748632411,0.0012000283103314,1.1389036505167116,1.1314498371967512,1.1544313581760903,78.08287226181348,1.1322744447370543,1.1708530715887542,1.0936958178853549,0.0681435972188857,0.0065355510645892,0.0056062172693999,1.167024703574756,1.1045332037350544,0.028094130019757,0.0649514800096401,1.73640074297082,0,-1,0
2020-11-02,1.1657684229010972,1.1670809006424774,1.1608441275980943,1.1621566053394743,6003.0,-0.0030982290227371,-0.0031030384706923,1.141118217642689,1.1326540241827403,1.1545082263070692,73.2458125331737,1.1347888074256356,1.1743112459206235,1.0952663689306474,0.0696560245155187,0.0068113842235799,0.0058609865419903,1.1670809006424774,1.106811050131936,0.0264224223912123,0.0676463149563211,1.384924562147621,0,-1,1
2020-11-03,1.1621566053394743,1.1644261249719194,1.155797948681161,1.158067468313606,6822.0,-0.0035185765903504,-0.003524781339828,1.1427324319923002,1.1336506298349314,1.1545436416504178,68.10209970727394,1.1371564718744442,1.1762778795907791,1.0980350641581091,0.0688056721901233,0.0067341922177648,0.0058150258098271,1.1670809006424774,1.106811050131936,0.0250992022664229,0.0697713165762433,1.0690308789900849,0,-1,1
2020-11-04,1.158067468313606,1.158224114977847,1.1548133442511392,1.1549699909153803,3574.0,-0.0026746951131751,-0.0026782785012226,1.1438979137944985,1.1344866832106353,1.1545478839316614,64.41213049595379,1.139470970296084,1.1769411740512106,1.1020007665409577,0.0657677198136781,0.0063320092837989,0.0054824015633345,1.1670809006424774,1.106811050131936,0.0207781248427147,0.0704621450652254,0.8272717554772175,0,-1,1
2020-11-05,1.1549699909153803,1.1628593000011602,1.154874768509394,1.162764077595174,2042.0,0.0067483023291508,0.0067256344596022,1.1456946912993249,1.13559560063748,1.1546296371024427,68.96838877290568,1.1420790561794296,1.1783302463550869,1.1058278660037726,0.0634828035406363,0.0063876303382862,0.0054934878548167,1.1670809006424774,1.110441306913632,0.018825800984753,0.0723795885270475,1.1412050923301562,0,-1,1
2020-11-06,1.162764077595174,1.168024630194926,1.1617403318753707,1.1670008844751227,9711.0,0.0036437373338118,0.0036371150047428,1.1477238525541626,1.136827180395819,1.1547527340912256,71.13200897312916,1.144761871003733,1.1799865175911994,1.109537224416267,0.0615405657363155,0.0066109784405807,0.0056649301029057,1.168024630194926,1.1127040954295726,0.0215655919833082,0.0725343372274416,1.2626961872374165,0,-1,1
2020-11-09,1.1670008844751227,1.1682561671274685,1.166217008849315,1.1674722915016604,7578.0,0.0004039474458066,0.0004038658810016,1.149604656263448,1.1380289494587932,1.1548792968515285,71.37118745394245,1.1473467472500878,1.1811746833107248,1.1135188111894507,0.0589672409700283,0.0064283262187251,0.005506191680538,1.1682561671274685,1.1132317374680365,0.0085439732078527,0.0728680198870916,1.1898771604331624,0,-1,1
2020-11-10,1.1674722915016604,1.169409827804421,1.1601522174028054,1.162089753705566,6696.0,-0.0046104201660933,-0.0046210809328435,1.1507937131626975,1.138972510409647,1.1549510426908722,64.77230194971479,1.149711078663409,1.1804289172462756,1.1189932400805425,0.053435752952085,0.0067796717509922,0.0058340345307871,1.169409827804421,1.1132317374680365,0.0060070742728766,0.0761460704048508,0.8059600293011031,0,-1,1
2020-11-11,1.162089753705566,1.168676909296853,1.161146344765678,1.167733500356965,4634.0,0.0048565497057373,0.0048447947119928,1.1524070262288184,1.1401003923683657,1.1550782313243655,68.1024955544453,1.1520292929878024,1.180668962439067,1.123389623536538,0.0497203840659071,0.0063551036629175,0.0054422551557995,1.169409827804421,1.1202182637088578,0.0098160294761411,0.075548148634522,1.096675183062858,0,-1,1
2020-11-12,1.167733500356965,1.172109299814074,1.1674652570562862,1.1718410565133952,1321.0,0.0035175458742722,0.0035113737793001,1.154257886255921,1.1413451242956216,1.1552450256048536,70.30288786744467,1.1542159135459298,1.1818251342258987,1.1266066928659608,0.0478406515729785,0.0064976362284493,0.0055448101876392,1.172109299814074,1.1274074781087362,0.006416128633589,0.0743183589629636,1.2767577304529136,0,-1,1
2020-11-13,1.1718410565133952,1.1742551183162009,1.1652753620269185,1.1676894238297235,2678.0,-0.0035428291751646,-0.0035491198567151,1.155537080310569,1.1423782340812727,1.1553688504628126,65.39275606357751,1.1559047773576376,1.1823942009243038,1.1294153537909717,0.045833227936336,0.0059518281790283,0.0050970986441822,1.1742551183162009,1.1284170884478304,0.0016478409355487,0.0756945384570035,0.8897623945970451,0,-1,1
2020-11-16,1.1676894238297235,1.1777035340492874,1.1664851441234916,1.1764992543430552,2619.0,0.0075446692703933,0.0075163506006638,1.1575334778374722,1.143716313307225,1.1555791032377405,70.15607100838312,1.1581177360895285,1.1836610790459114,1.1325743931331451,0.0441118241442915,0.0065168651203044,0.0055392003830409,1.1777035340492874,1.1284170884478304,0.0123414081524677,0.0777680951767751,1.4392413933379504,0,-1,1
2020-11-17,1.1764992543430552,1.1873626595988689,1.1750255604834257,1.1858889657392393,9856.0,0.007981060218714,0.0079493800070911,1.1602340004947835,1.1453701428143628,1.155880693909397,74.22767277459658,1.1609265551928365,1.1856600631354202,1.1361930472502528,0.0426099443275725,0.0072893523009384,0.0061467409778912,1.1873626595988689,1.1284170884478304,0.0240240730241283,0.0789584129254691,2.0185095138425626,0,-1,1
2020-11-18,1.1858889657392393,1.186447796761786,1.1851709578165692,1.1857297888391158,5455.0,-0.0001342258042044,-0.0001342348132938,1.1626621708132914,1.1469528740310198,1.1561776998290958,74.04325309226454,1.1636400263261693,1.186606734790662,1.1406733178616766,0.039473905924331,0.0066956205370375,0.0056468350547158,1.1873626595988689,1.1296322211630805,0.0266325516382954,0.0794350205177758,1.923633292693904,0,-1,1
2020-11-19,1.1857297888391158,1.187486995176792,1.181268470998811,1.1830256773364871,6662.0,-0.0022805461481033,-0.0022831505538686,1.164601552386929,1.1483674937684891,1.1564448438838957,70.82402842604654,1.1657273804970976,1.1877039705352022,1.143750790458993,0.0377045103439762,0.0068604667354015,0.0057990852327461,1.187486995176792,1.1404975559040549,0.0174253747013051,0.0773673985182044,1.574247579756168,0,-1,1
2020-11-20,1.1830256773364871,1.184637389632776,1.1804810984122842,1.1820928107085729,4441.0,-0.000788543009493,-0.0007888540730673,1.1662673865128,1.14969005521712,1.1567000475338924,69.69821328441698,1.1677137657959995,1.187908745719309,1.14751878587269,0.0345889215574041,0.0067118608908379,0.0056779474758963,1.187486995176792,1.1416629890746302,0.012932232043884,0.0778682307753015,1.4240217090760017,0,-1,1
2020-11-23,1.1820928107085729,1.1936065277544323,1.180916004793207,1.1924297218390667,7536.0,0.0087445850586789,0.008706572616044,1.168759037496254,1.151366120574843,1.1570555666812077,74.52965922265206,1.1694561547679578,1.191862605992125,1.1470497035437908,0.0383194378563306,0.0070020285101569,0.0058720680824341,1.1936065277544323,1.1547123737198506,0.0213773213455068,0.0701389171577913,2.0506207646421077,0,-1,1
2020-11-24,1.1924297218390667,1.1978227191062338,1.1916269228321346,1.1970199200993017,8985.0,0.0038494497211589,0.0038420595489073,1.1714505501251158,1.153156465654234,1.1574532219390992,76.3341564587207,1.1715496168835364,1.196053948759272,1.1470452850078008,0.0418323415800691,0.0072009589063992,0.0060157385733412,1.1978227191062338,1.1548133442511392,0.0300580624537423,0.0692700263168281,2.0788408633157656,0,-1,1
2020-11-25,1.1970199200993017,1.1985524062581046,1.1905190251425315,1.1920515113013344,1950.0,-0.0041506483848281,-0.0041592862359094,1.1734125464276128,1.1546817615619631,1.1577974835247933,70.51111837898529,1.1733330716250436,1.198375626242007,1.14829051700808,0.0426861821635697,0.0072044481652425,0.0060437389634091,1.1985524062581046,1.1548133442511392,0.0208249664302133,0.0723984076183193,1.4949305262659542,0,-1,1
2020-11-26,1.1920515113013344,1.1964041746866143,1.1904247771784398,1.1947774405637197,7228.0,0.0022867545878193,0.0022841439437242,1.1754472982500992,1.1562541411306595,1.1581654432963249,71.78293501306437,1.174853428310853,1.2012598288147236,1.1484470278069825,0.0449526721675171,0.0071826695358582,0.0060117217583798,1.1985524062581046,1.1548133442511392,0.0195729479888404,0.0696520090473634,1.5090290136246536,0,-1,1
2020-11-27,1.1947774405637197,1.2021702428947436,1.1943997224594811,1.201792524790505,2955.0,0.0058714568827775,0.0058542870549687,1.1779563674444236,1.1580399600977125,1.1585995436097,74.795567242802,1.1766546334053234,1.2052735680317082,1.1480356987789386,0.0486445789850153,0.0075920525470803,0.0063172738975088,1.2021702428947436,1.1548133442511392,0.0292056263119449,0.0715130287917202,1.756731458620131,0,-1,1
2020-11-30,1.201792524790505,1.204279508600795,1.200313328314258,1.202800312124548,8292.0,0.0008385701468882,0.0008382187433799,1.180322457413959,1.1597952680203336,1.159039352251639,75.20512661060954,1.1786868187445771,1.208708791027305,1.148664846461849,0.0509413896979091,0.0072140932531461,0.0059977480720832,1.204279508600795,1.1548133442511392,0.0223553543994201,0.0694680863347268,1.606389690383088,0,-1,1
2020-12-01,1.202800312124548,1.2064864975997878,1.202589823380234,1.206276008855474,2452.0,0.0028896706260301,0.0028855035535811,1.1827942242179128,1.1616180421707314,1.159509368735259,76.61639331869415,1.1810972457716704,1.2118802452613389,1.150314246282002,0.0521261049416068,0.0069545296594588,0.0057652888794973,1.2064864975997878,1.1548133442511392,0.0171913591451002,0.0667170815467873,1.6358875678930722,0,-1,1
2020-12-02,1.206276008855474,1.210205875542861,1.2053841540356582,1.2093140207230453,5604.0,0.0025185047578404,0.0025153386395412,1.1853199191231636,1.1634884727021948,1.1600049374117545,77.80551045219725,1.1838144472620535,1.214480582491423,1.1531483120326838,0.0518090234500769,0.0069672209987028,0.0057613001084177,1.210205875542861,1.154874768509394,0.019890055985706,0.0643441048020911,1.6630444801906514,0,-1,1
2020-12-03,1.2093140207230453,1.2114137417209057,1.2027968194582066,1.204896540456067,2774.0,-0.0036528810476679,-0.0036595691097398,1.1871843592501068,1.1651123184964645,1.1604516200291106,72.06675226311998,1.1859210704050984,1.2162856469135233,1.1555564938966736,0.0512084273838774,0.0069413042825182,0.005760913115321,1.2114137417209057,1.1601522174028054,0.0184872260497512,0.0654107687004568,1.249842562151568,0,-1,1
2020-12-04,1.204896540456067,1.2055926834338218,1.19474954966159,1.1954456926393446,9523.0,-0.0078437006825042,-0.0078746243126426,1.187971152906225,1.166301862580499,1.1607998197565756,61.598822195110536,1.1873433108133091,1.2166217393501986,1.15806488227642,0.0493175449261326,0.0069145002715494,0.0057840354556662,1.2114137417209057,1.1601522174028054,0.0112959674653361,0.0733225978451944,0.5534710864571675,0,-1,1
2020-12-07,1.1954456926393446,1.196551607686912,1.1904809380260888,1.1915868530736562,8080.0,-0.0032279505371496,-0.0032331716080848,1.188315505303123,1.1672934308351328,1.1611061583965463,57.9007075626214,1.188549038891909,1.2163297589462054,1.1607683188376128,0.0467472845381229,0.006466898167648,0.0054271311830664,1.2114137417209057,1.1601522174028054,-0.0007068498461364,0.0749702508257159,0.2186994560119254,0,-1,1
2020-12-08,1.1915868530736562,1.1935100086681667,1.1810845613955112,1.1830077169900215,1533.0,-0.0071997572493393,-0.0072258005806285,1.187810001654256,1.167909677351011,1.1613240843527004,50.62398514826516,1.1895949370561318,1.2146197009950432,1.1645701731172204,0.0420727478898652,0.0072632273338936,0.0061396280257357,1.2114137417209057,1.161146344765678,-0.0117059063713138,0.0780555132113133,-0.5264561202008003,0,-1,1
2020-12-09,1.1830077169900215,1.1844526535645965,1.18147958820966,1.1829245247842346,3735.0,-7.032262308381831e-05,-7.032509583540461e-05,1.1873447181428254,1.1684984948974118,1.1615390141082382,50.55763186358107,1.1903544882774957,1.213431786179202,1.1672771903757888,0.0387738243169909,0.0070314088465332,0.0059440891614076,1.2114137417209057,1.1652753620269185,-0.0076565370125122,0.0766937801423183,-0.6439197106097401,0,0,0
2020-12-10,1.1829245247842346,1.183179926528667,1.1804886543873103,1.1807440561317428,6236.0,-0.0018432863693391,-0.0018449873121967,1.1867160836655797,1.1689787129850326,1.1617301090537455,48.75391853251372,1.1907996382584127,1.2126860341909185,1.168913242325907,0.0367591578454212,0.006926764626595,0.0058664403946169,1.2114137417209057,1.1652753620269185,-0.0117456054621818,0.0764024865699528,-0.9188888072462656,0,0,0
2020-12-11,1.1807440561317428,1.1820591586601452,1.1791511982197616,1.180466300748164,7172.0,-0.0002352375878044,-0.0002352652605056,1.1861208662448732,1.1694292066228025,1.1619165388218493,48.51647118723086,1.191438482104335,1.2111193650371106,1.1717575991715592,0.0330371785507801,0.0062280101608206,0.0052758898385099,1.2114137417209057,1.1664851441234916,-0.0177453458915952,0.075034460788593,-1.1150090566209665,0,0,0
2020-12-14,1.180466300748164,1.1807704939998973,1.1718817823481815,1.172185975599915,8288.0,-0.0070144527997121,-0.0070391697253744,1.184793733802496,1.1695373152101405,1.1620187222723772,41.95617734366341,1.1912228181671778,1.2116724983280442,1.170773138006311,0.0343339295537176,0.0064203612592218,0.0054772547981867,1.2114137417209057,1.1718817823481815,-0.0254525511974282,0.0748432513250687,-1.8618230131239464,0,0,0
2020-12-15,1.172185975599915,1.180489424079078,1.1700207139439451,1.178324162423108,6808.0,0.0052365298262944,0.0052228668808415,1.1841775841473163,1.169881897453786,1.162180965457957,47.61138315265005,1.1908445780013712,1.211978057374948,1.1697110986277943,0.0354932621166161,0.0065943133320475,0.0055963490712835,1.2114137417209057,1.1700207139439451,-0.0231720155479897,0.0714337557935175,-1.1848891852533685,0,0,0
2020-12-16,1.178324162423108,1.1785293642771593,1.178298869930883,1.1785040717849342,8670.0,0.000152682400619,0.0001526707458476,1.1836372496366132,1.1702200219373604,1.1623433844263844,47.7720011246684,1.1904832921486623,1.2122232879880794,1.1687432963092452,0.0365229751358867,0.0061836773919119,0.0052470564505952,1.2114137417209057,1.1700207139439451,-0.0254772113860797,0.0714503932628338,-1.1020444026036464,0,0,0
2020-12-17,1.1785040717849342,1.178760349134422,1.1778258895548854,1.1780821669043733,3479.0,-0.0003580003588123,-0.0003580644562392,1.1831081941383048,1.1705283413478316,1.1624999892271606,47.404950160136806,1.1902361166270563,1.212440574285649,1.168031658968464,0.0373110130811967,0.0056953873307886,0.0048344567898471,1.2114137417209057,1.1700207139439451,-0.0222545028982689,0.0710670131621604,-1.0947306085613902,0,0,0
2020-12-18,1.1780821669043733,1.182185207224786,1.1778869671624583,1.181990007482871,3192.0,0.0033171205610948,0.0033116310529103,1.1830017001711206,1.1709778184511666,1.1626939197570685,51.14893390117312,1.1902309764657717,1.2124434176022332,1.1680185353293098,0.0373245892195118,0.0057191058862022,0.0048385399622637,1.2114137417209057,1.1700207139439451,-0.011255789568128,0.072102677931115,-0.7420138049908263,0,0,0
2020-12-21,1.181990007482871,1.1842222973680103,1.1813170883617885,1.1835493782469275,6725.0,0.0013192757588342,0.0013184062792086,1.1830538599878642,1.1714708207960984,1.1629014367569674,52.59895470975199,1.1897869592861643,1.21216872263008,1.167405195942249,0.0376231444952867,0.0056482869423928,0.0047723289338034,1.2114137417209057,1.1700207139439451,-0.006745185888881,0.0645924719010081,-0.5573806624072495,0,0,0
2020-12-22,1.1835493782469275,1.192001684027468,1.1816752452522064,1.1901275510327467,3438.0,0.0055580045131389,0.0055426158000806,1.1837275448492814,1.172202457275967,1.1631723433666767,58.23132798086243,1.1894423408328367,1.2115659450997989,1.1673187365658746,0.0371999608681685,0.0060414810329685,0.005076330707348,1.2114137417209057,1.1700207139439451,0.0060184172431607,0.0663325822726491,0.0619438127387961,0,0,0
2020-12-23,1.1901275510327467,1.1919608814254197,1.188491068927248,1.1903243993199208,5452.0,0.0001654010000888,0.0001653873228515,1.184355816703628,1.1729131216698476,1.1634425130776542,58.39066084945907,1.189355985233766,1.211450171052505,1.1672617994150272,0.0371531923041465,0.0056738303355022,0.0047666252483305,1.2114137417209057,1.1700207139439451,0.0062555762270934,0.0647427639771045,0.0876623464742861,0,0,0
2020-12-24,1.1903243993199208,1.191659997177925,1.1823907426515985,1.1837263405096023,6177.0,-0.0055430761682178,-0.0055584960236092,1.1842958665899117,1.1733371694674852,1.1636443422063305,51.32356833757873,1.1888034302310602,1.2108794775241971,1.166727382937923,0.0371399454808881,0.0055614103893661,0.0046982230597081,1.2114137417209057,1.1700207139439451,0.0025257670046037,0.066900821604965,-0.4599636569030326,0,0,0
2020-12-25,1.1837263405096023,1.185941117891436,1.1833595690170495,1.185574346398883,1734.0,0.0015611766216887,0.001559959252321,1.1844176265717183,1.1738170587589127,1.1638625512032712,53.03798340806106,1.187992521311479,1.2092353791518566,1.1667496634711014,0.0357626120691848,0.0053121874760492,0.0044806869279727,1.2114137417209057,1.1700207139439451,0.0043271422890105,0.0631375146320884,-0.2276694530243116,0,0,0
2020-12-28,1.185574346398883,1.1920159500931584,1.1845011032608266,1.190942706955102,9394.0,0.0045280674067593,0.0045178465517386,1.185039062798707,1.174488652805822,1.1641320054893591,57.69890561513091,1.1873996410530068,1.207535406982142,1.1672638751238715,0.0339157352469443,0.0049614303017404,0.0041659689192147,1.2114137417209057,1.1700207139439451,0.0160014978387599,0.0656175208088839,0.3519176687457017,0,0,0
2020-12-29,1.190942706955102,1.1948722071058842,1.1899353470562366,1.1938648472070188,2244.0,0.0024536362957272,0.0024506310450489,1.1858796136947367,1.1752485035666531,1.1644278546606792,60.02464733695807,1.186779082970584,1.2051533376301715,1.1684048283109965,0.030964911537867,0.0051017013513626,0.004273265406296,1.2114137417209057,1.1700207139439451,0.0131888026058575,0.0653375654802065,0.7712709296469334,0,0,0
2020-12-30,1.1938648472070188,1.1951974532597185,1.1858174676218924,1.187150073674592,3359.0,-0.0056244000718638,-0.0056402765684463,1.1860006098832945,1.1757152318061803,1.1646539463921608,52.83588882465359,1.1856708856181617,1.2006895760794003,1.1706521951569226,0.025333658173463,0.0055794666011104,0.004699883127531,1.2114137417209057,1.1700207139439451,0.0073364208886972,0.0667123546130783,0.1969796315128839,0,0,0
2020-12-31,1.187150073674592,1.1881301802432112,1.183501311260148,1.1844814178287673,1259.0,-0.0022479515479996,-0.0022504819839902,1.1858559249257203,1.1760590038070662,1.164851234665162,50.25963024850385,1.1846501294867964,1.1966357807164192,1.1726644782571736,0.0202349215710044,0.0057023886398732,0.004814249133875,1.2055926834338218,1.1700207139439451,0.0054319224109886,0.0661317900957727,-0.0281522722123173,0,0,0
2021-01-01,1.1844814178287673,1.1930527445353651,1.1843691208614056,1.1929404475680034,7529.0,0.0071415470195743,0.0071161669363896,1.1865306413678427,1.176721021209456,1.165130729320912,57.35732808965776,1.1845248672332294,1.196080103873452,1.1729696305930069,0.0195103318805164,0.0056877394986049,0.0047678318814659,1.196551607686912,1.1700207139439451,0.0092644100337633,0.0664917696684135,1.4565829496698246,0,0,0
2021-01-04,1.1929404475680034,1.196410886877554,1.1922459936725334,1.195716432982084,9135.0,0.0023270108912307,0.0023243075943088,1.1874054786644372,1.1774659393181863,1.1654350646807246,59.404560088033456,1.1847313462286508,1.196946637973831,1.1725160544834707,0.0206212012268688,0.0052374668607398,0.0043801914201996,1.196410886877554,1.1700207139439451,0.0102801412081161,0.065943467472844,1.798579515346843,0,0,0
2021-01-05,1.195716432982084,1.1977443164055503,1.191531516807938,1.1935594002314045,5936.0,-0.0018039668028146,-0.0018055959104597,1.1879915664327196,1.1780970554324302,1.1657149088155574,57.11020509650152,1.1852589303907195,1.1980582738175998,1.1724595869638397,0.0215975481790476,0.0056647743786924,0.0047461185237987,1.1977443164055503,1.1700207139439451,0.002883597809058,0.0604892127042793,1.2970149426966064,0,0,0
2021-01-06,1.1935594002314045,1.1969106840959418,1.19211115523473,1.1954624390992676,3727.0,0.0015944232582763,0.0015931535150059,1.188703078115248,1.1787780508703454,1.1660109041417634,58.62837039702346,1.1858858261064715,1.199411336805401,1.1723603154075422,0.0228108143316572,0.0059408507559549,0.0049695001378973,1.1977443164055503,1.1700207139439451,0.0043165037886161,0.060587485308792,1.4160815374689275,0,0,0
2021-01-07,1.1954624390992676,1.1984919794472328,1.1948846813385798,1.197914221686545,9427.0,0.0020509072532004,0.0020488070140267,1.189580329883943,1.179528488941569,1.1663283500874828,60.56508225636495,1.1867443343842117,1.2010527133127036,1.172435955455719,0.0241136671377775,0.0058914977592638,0.0049181299066382,1.1984919794472328,1.1700207139439451,0.0119857780395717,0.0601358920363978,1.5613071694783072,0,0,0
2021-01-08,1.197914221686545,1.200349527116598,1.1975009144284483,1.1999362198585015,6711.0,0.0016879323538789,0.0016865093970748,1.190566605119615,1.180328792114782,1.166662756751871,62.139194577671134,1.1877178303397282,1.2028531801048834,1.172582480574573,0.025486440261364,0.0058874551651158,0.0049064734172371,1.200349527116598,1.1700207139439451,0.0121138530900586,0.0601143973347745,1.6145500049034371,0,0,0
2021-01-11,1.1999362198585015,1.2008594466583815,1.197187425643319,1.198110652443199,5869.0,-0.0015213870413194,-0.0015225455257353,1.1912850858170996,1.1810261199707983,1.1669756711368593,59.81760420549231,1.1890140641818925,1.2029408815958171,1.1750872467679678,0.0234258245271591,0.0054121396108158,0.0045172285212383,1.2008594466583815,1.1700207139439451,0.0060187156327808,0.0534005970624086,1.3063412825691731,0,0,0
2021-01-12,1.198110652443199,1.1992633748214196,1.193223568451464,1.1943762908296849,8620.0,-0.0031168753953562,-0.0031217429685154,1.1915794862944886,1.1815496560829115,1.1672483141188774,55.26874247876378,1.1898166706022215,1.2029787220282724,1.1766546191761706,0.0221245032974516,0.0055957106016575,0.0046850482922517,1.2008594466583815,1.1778258895548854,0.0004283932338424,0.0530489827710916,0.6928433995385521,0,0,0
2021-01-13,1.1943762908296849,1.1959651746530868,1.1905240830844244,1.1921129669078263,5806.0,-0.0018949839671431,-0.0018967817207628,1.1916302939719492,1.1819639035662417,1.1674957235993646,52.655197413461295,1.190497115358366,1.2025577173567257,1.1784365133600063,0.0202614552236509,0.0053222703903958,0.0044645688270643,1.2008594466583815,1.1778258895548854,0.0041805104032659,0.053812458628198,0.267955372323939,0,0,0
2021-01-14,1.1921129669078263,1.1935023931320483,1.1873534339874727,1.1887428602116947,8369.0,-0.0028270028006434,-0.0028310063201483,1.1913553002804964,1.1822297450033183,1.1677071378940147,48.94386152649925,1.191030150023732,1.2016349157804755,1.1804253842669887,0.0178077200758219,0.0055770854096951,0.0046915826764267,1.2008594466583815,1.1778869671624583,0.003597728355029,0.0550817830627288,-0.4313701715821377,0,0,0
2021-01-15,1.1887428602116947,1.1938617945306436,1.187352652727702,1.192471587046651,1873.0,0.0031366975649316,0.0031317883921726,1.1914616133058444,1.1826313858677628,1.1679535503233942,52.89949615053255,1.191554229001921,1.2012772392311877,1.1818312187726543,0.0163198786804873,0.0055052493361672,0.0046166712867363,1.2008594466583815,1.1813170883617885,-0.0003930292767829,0.0549610857614247,0.1886983605074136,0,0,0
2021-01-18,1.192471587046651,1.2003360656960038,1.1917727628439008,1.199637241493254,5111.0,0.0060090777209629,0.0059910952163212,1.1922402445617883,1.1832982821668017,1.1682688109320496,59.408096414154905,1.1923586221642375,1.2019543108424784,1.1827629334859966,0.0160953063950237,0.005764280964914,0.0048050200223352,1.2008594466583815,1.1816752452522064,0.0032790454350379,0.0583638130778828,1.5170603326307028,0,0,0
2021-01-19,1.199637241493254,1.2018292398296786,1.1991388535102652,1.20133085184669,5474.0,0.0014117687371291,0.0014107731285814,1.1931060166841598,1.184005441762091,1.1685977864635386,60.787308399427104,1.1929187872049347,1.203246210334597,1.182591364075272,0.0173145451986052,0.0052864524421703,0.0044004966941821,1.2018292398296786,1.1823907426515985,0.0065111561383361,0.0555574367083732,1.629073300501036,0,0,0
2021-01-20,1.20133085184669,1.2032910782715809,1.1959374519265291,1.1978976783514204,9557.0,-0.0028578084796474,-0.0028618998109873,1.1935623654143752,1.1845502353538298,1.1688893276763537,56.58975389735504,1.1932974511565095,1.2037785640560053,1.1828163382570138,0.0175666392136138,0.0054810779680266,0.0045755810926771,1.2032910782715809,1.1823907426515985,0.0020370688132933,0.0568029071532873,0.8778127359227652,0,0,0
2021-01-21,1.1978976783514204,1.2018696800122777,1.1961973694605572,1.2001693711214143,5524.0,0.0018963996767407,0.001894603781006,1.1941916040531408,1.1851627504819704,1.1692005718897374,58.62563896990777,1.1941196026871002,1.2040021089573316,1.1842370964168687,0.0165519538377781,0.0052659841735809,0.0043877008531392,1.2032910782715809,1.1833595690170495,0.0018825633706012,0.052595223436329,1.224338901263904,0,0,0
2021-01-22,1.2001693711214143,1.2014993368709574,1.1996735537692065,1.2010035195187494,9353.0,0.0006950255667292,0.0006947841483149,1.1948403579070084,1.185783957110864,1.169517019129827,59.37897765014857,1.1948910613430934,1.2043653212654872,1.1854168014206996,0.0158579476052728,0.0050989048804902,0.0042455370010351,1.2032910782715809,1.183501311260148,0.0008894636586382,0.0524958481865755,1.2903294242980026,0,0,0
2021-01-25,1.2010035195187494,1.2023010076944467,1.1980404135065803,1.1993379016822778,8161.0,-0.0013868550836045,-0.0013878176571856,1.195268695409415,1.1863154843489585,1.169813744329354,57.14165554993033,1.195310821079452,1.20479242128883,1.185829220870074,0.0158646605421265,0.0049594616369369,0.0041351662696396,1.2032910782715809,1.183501311260148,0.0010243204470106,0.0508769844259411,0.8494516777542811,0,0,0
2021-01-26,1.1993379016822778,1.2035780956565003,1.1981094180959373,1.2023496120701598,6728.0,0.0025111441768475,0.0025079965226834,1.195943068424724,1.1869442736713585,1.1701374843068744,60.07122822008898,1.1957350593226097,1.2056916250320635,1.1857784936131552,0.0166534645477313,0.0050072579726049,0.0041645607253813,1.2035780956565003,1.183501311260148,0.0066757196217754,0.0509088288671893,1.3286815837050157,0,0,0
2021-01-27,1.2023496120701598,1.2029948979582323,1.195653282592821,1.1962985684808936,9035.0,-0.0050326822818596,-0.0050453888774346,1.195976925572931,1.1873111087619286,1.170397793602138,52.3313740121768,1.1961924840629243,1.205292090990068,1.1870928771357807,0.0152142854070381,0.0052739949195162,0.0044085941908409,1.2035780956565003,1.183501311260148,0.0035110779676559,0.0500220345292935,0.0233162638383373,0,0,0
2021-01-28,1.1962985684808936,1.1965803461984676,1.1891243836344347,1.1894061613520088,4354.0,-0.0057614439325435,-0.0057781050762877,1.1953511385042714,1.1873932676870298,1.170586931589699,45.1892593714641,1.1964387212390863,1.2043992286051284,1.1884782138730443,0.0133070039020431,0.0056030913392222,0.0047108309350383,1.2035780956565003,1.1843691208614056,0.0005579853831432,0.0538839015687533,-1.7668622271683283,0,0,0
2021-01-29,1.1894061613520088,1.1909202562863423,1.1882650479479206,1.1897791428822542,9781.0,0.000313586344484,0.0003135371865629,1.1948204722545557,1.187486831420176,1.170777898866242,45.621764120275984,1.1962806560047992,1.2046487450288057,1.1879125669807928,0.0139901769405067,0.0055304618623192,0.004648309642512,1.2035780956565003,1.187352652727702,-0.0022578686097375,0.0472862290551634,-1.5538823986918793,0,0,0
2021-02-01,1.1897791428822542,1.193784185492765,1.1880984290655328,1.1921034716760437,4286.0,0.001953580046931,0.0019516742910585,1.1945617102946973,1.1876678761360924,1.1709900936205684,48.35662204905062,1.196100007939497,1.2046728682730348,1.1875271476059592,0.0143346881976969,0.0055051725806962,0.0046180325043061,1.2035780956565003,1.187352652727702,-0.0062800399626078,0.0470470121428584,-0.9323693861705716,0,0,0
2021-02-02,1.1921034716760437,1.1991156417198374,1.1907961682418864,1.19780833828568,5366.0,0.0047855465110051,0.0047741321846748,1.1948709129605053,1.1880655413184291,1.1712569418261916,54.41632834490864,1.1963124548422108,1.204830636254658,1.1877942734297635,0.0142407301336181,0.0057107712885025,0.0047676836986089,1.2035780956565003,1.187352652727702,-0.0029321760575738,0.0497084073296764,0.3512213161563955,0,0,0
2021-02-03,1.19780833828568,1.1999168761144805,1.1970487190164796,1.19915725684528,9190.0,0.0011261555930812,0.001125521955543,1.1952791361876267,1.1885005105547763,1.1715345569010085,55.73879605207604,1.1964971957295114,1.2050976242010598,1.187896767257963,0.0143760110800839,0.0054764282851757,0.0045668975056557,1.2035780956565003,1.187352652727702,0.0010514908882643,0.0495595470235489,0.6185880446697402,0,0,0
2021-02-04,1.19915725684528,1.2062742534322577,1.1978102753405522,1.2049272719275297,1043.0,0.004811725108873,0.0048001857609202,1.1961980062580937,1.1891446972752766,1.1718668227221678,60.95672237798597,1.1968478482415608,1.2062280523180626,1.187467644165059,0.0156748480440241,0.0056160594486588,0.0046609115583173,1.2062742534322577,1.187352652727702,0.0039643577986576,0.0518723853709984,1.722654138454952,0,0,0
2021-02-05,1.2049272719275297,1.2060988648734394,1.1962397894176575,1.1974113823635677,8472.0,-0.0062376292238277,-0.0062571645112823,1.1963135658871864,1.189468881004229,1.1721209974449678,52.306649830221154,1.196721606366814,1.2059941450721403,1.1874490676614875,0.0154965677163253,0.0057086146346359,0.0047674631448447,1.2062742534322577,1.187352652727702,-0.0029909464017402,0.056478130384317,0.1487782404957171,0,0,0
2021-02-08,1.1974113823635677,1.2055948335247813,1.195680090210552,1.2038635413717658,7620.0,0.0053884229791287,0.0053739573693102,1.197032611171432,1.1900333774892309,1.172436843653195,57.83797240046157,1.1970092508132422,1.206805360425144,1.1872131412013405,0.0163676422805358,0.0062246401342656,0.0051705529076599,1.2062742534322577,1.187352652727702,0.0037734484027729,0.0594198193984895,1.3993903355667,0,0,0
2021-02-09,1.2038635413717658,1.2044053826378325,1.1960776286735877,1.1966194699396542,8186.0,-0.0060173526177702,-0.0060355298398864,1.1969932643874532,1.1902916556245415,1.1726774668003237,50.724936311620766,1.1971214097687408,1.2068416624727147,1.187401157064767,0.0162393765989895,0.0062942206784936,0.0052600018941786,1.2062742534322577,1.187352652727702,-0.0047657869832382,0.06241367484063,-0.1032771151888736,0,0,0
2021-02-10,1.1966194699396542,1.1985390057572158,1.1931885780570444,1.195108113874606,1784.0,-0.0012630214558722,-0.0012638197397084,1.196813726243373,1.1904805363402302,1.1729006573184757,49.3609982803199,1.1972711671170797,1.206755958823995,1.1877863754101643,0.0158440159045234,0.0062712290462401,0.0052474156717993,1.2062742534322577,1.187352652727702,-0.000995114963482,0.0621854981121578,-0.4561098038445313,0,0,0
2021-02-11,1.195108113874606,1.195639898424354,1.193326396504999,1.1938581810547468,5321.0,-0.0010458742647196,-0.001046421572852,1.1965322457492178,1.1906129929957014,1.173109189892966,48.20652595818209,1.1975269331592322,1.206291985535571,1.1887618807828937,0.0146385891350524,0.0063060661046404,0.0052820897864679,1.2062742534322577,1.187352652727702,0.0037430609050128,0.0613772684322987,-0.8371318155243767,0,0,0
2021-02-12,1.1938581810547468,1.195316914598007,1.1883019682509208,1.189760701794181,8433.0,-0.0034321323299437,-0.0034380356071983,1.1958873368011191,1.190579569811328,1.17327487657855,44.52976989044941,1.1973913888966088,1.206560152348388,1.1882226254448296,0.0153145638707627,0.0065028055445847,0.0054656415653823,1.2062742534322577,1.1880984290655328,-1.5499589300693728e-05,0.0616680257876829,-1.6644964487435223,0,0,0
2021-02-15,1.189760701794181,1.1937105595224466,1.1888515059584586,1.1928013636867243,5241.0,0.0025556919874374,0.0025524317602463,1.195593434599748,1.190666698982912,1.1734691699826116,47.71659961194051,1.1970495950062825,1.2063741813708853,1.1877250086416793,0.0155792815995297,0.0064592609734008,0.0054152025392027,1.2062742534322577,1.1880984290655328,0.0005854290565057,0.0582492866272858,-0.911189226727454,0,0,0
2021-02-16,1.1928013636867243,1.1981929952420611,1.1927650175590854,1.1981566491144222,6275.0,0.0044896707790018,0.0044796222722488,1.1958375502678122,1.190960422517481,1.173714816541137,52.85399471032466,1.1968908848696689,1.2060145407291714,1.1877672290101664,0.0152455933533088,0.0063225725675125,0.0052769164801494,1.2062742534322577,1.1880984290655328,0.0002907901185933,0.0604186414149517,0.2774686516556896,0,0,0
2021-02-17,1.1981566491144222,1.1992876971631334,1.1898879678759866,1.1910190159246978,6799.0,-0.0059571786335284,-0.005974993407928,1.195378642235135,1.1909627202981563,1.1738869976295307,46.32098619010439,1.196546951748333,1.2060226227464372,1.1870712807502286,0.0158383605160816,0.006461413047735,0.0054251132528882,1.2062742534322577,1.1880984290655328,-0.0067866335913207,0.0632146680499547,-1.166763984258436,0,0,0
2021-02-18,1.1910190159246978,1.1986771708173076,1.1891905421972062,1.196848697089816,4067.0,0.0048947003256636,0.0048827602263124,1.19551864745939,1.1911935429174372,1.174115472251026,51.58471123325107,1.196380918046753,1.2057044864108608,1.187057349682645,0.0155862873161328,0.0069493716392835,0.0058063911137483,1.2062742534322577,1.1880984290655328,-0.0067046161423421,0.0654407520330236,0.100343350269992,0,0,0
2021-02-19,1.196848697089816,1.1977312346255522,1.1907885315446756,1.1916710690804118,3706.0,-0.0043260505876756,-0.0043354350193161,1.1951522114232966,1.1912122694336322,1.1742901548065423,47.161413197803846,1.195914295524836,1.2051978055778796,1.1866307854717926,0.0155253768397665,0.0070391535431152,0.0059069601719434,1.2062742534322577,1.1880984290655328,-0.004793935791578,0.0670090152178896,-0.9141426939120352,0,0,0
2021-02-22,1.1916710690804118,1.1933816643049282,1.18735985459353,1.1890704498180464,8860.0,-0.0021823297802909,-0.0021847145321009,1.1945729960323204,1.1911282765075308,1.174437222418597,45.07090400772332,1.1954009229316245,1.2050168967181114,1.1857849491451375,0.0160882823528436,0.0068750347026472,0.0057818564944568,1.2062742534322577,1.18735985459353,-0.012288013587373,0.0672264468993431,-1.3166577310088112,0,0,0
2021-02-23,1.1890704498180464,1.1903921589684092,1.1807861648581677,1.1821078740085305,2134.0,-0.0058554779580818,-0.0058726884859372,1.1933858415538643,1.1907745352330603,1.1745135473100392,39.96343305659688,1.1943888360285428,1.2051214963872838,1.183656175669802,0.0179718028752313,0.0073563087749501,0.006223043545091,1.2062742534322577,1.1807861648581677,-0.012127160133752,0.0689245363042357,-2.2885215052967776,0,0,0
2021-02-24,1.1821078740085305,1.184508784243231,1.1807451150190331,1.1831460252537336,5579.0,0.0008782203959802,0.0008778349860817,1.192410620953852,1.1904753779789692,1.1745994426129616,41.03635792902862,1.193731208867185,1.2055300200356476,1.1819323976987224,0.0197679529207572,0.007020572427271,0.0059338173627092,1.2062742534322577,1.1807451150190331,-0.0100092104488276,0.0673302964972647,-1.7942796884053764,0,0,0
2021-02-25,1.1831460252537336,1.1866964654202885,1.1820985265873674,1.1856489667539225,5282.0,0.0021154966899812,0.0021132621777058,1.1917666538871918,1.1902861069505362,1.1747093881268018,43.65101256977774,1.1935433491372809,1.2057448806606883,1.1813418176138728,0.0204458958817497,0.0066447769542095,0.0056043374898741,1.2062742534322577,1.1807451150190331,-0.0068762055921682,0.0649999857427333,-1.2939986047183585,0,0,0
2021-02-26,1.1856489667539225,1.1872024094343774,1.1793722683900207,1.1809257110704758,5905.0,-0.0039836881032147,-0.0039916441252361,1.1907341831427427,1.1899190326022986,1.1747712420864405,40.042511941047685,1.1931006775466917,1.206464287944584,1.1797370671487994,0.0224014798572927,0.0064958767920757,0.0055006650555414,1.2062742534322577,1.1793722683900207,-0.007425855224821,0.0663687281036305,-1.822107366754136,0,0,0
2021-03-01,1.1809257110704758,1.1840505916612214,1.1805055563841758,1.183630436974921,4721.0,0.0022903438201828,0.0022877249807085,1.1900576358886643,1.1896724210090683,1.1748593932793607,42.95087065995934,1.1926770258116357,1.206694949035724,1.1786591025875477,0.0235066542252691,0.0061542540287044,0.0051994726026421,1.2062742534322577,1.1793722683900207,-0.0076885615585292,0.0665353276652002,-1.290717418279031,0,0,0
2021-03-02,1.183630436974921,1.184231112422313,1.181259055158959,1.1818597306063507,8017.0,-0.0014959959741286,-0.0014971160933745,1.1892768830046343,1.1893660409932756,1.1749290483771415,41.53056962963587,1.191879595427669,1.2064712362806016,1.1772879545747366,0.0244850921333152,0.0059843704260746,0.005063520036345,1.2062742534322577,1.1793722683900207,-0.0136016592822957,0.0637863221910784,-1.373370537598541,0,0,0
2021-03-03,1.1818597306063507,1.1823247252484828,1.1794951019915587,1.1799600966336907,5819.0,-0.001607326084023,-0.001608619218438,1.1883895700169258,1.188997180430155,1.174979108558799,40.0022950108918,1.1909197374170897,1.2060126738339103,1.175826801000269,0.025346689525114,0.0060212362359009,0.0051029151350787,1.2062742534322577,1.1793722683900207,-0.0092852583738313,0.0635071691734147,-1.452287411902791,0,0,0
2021-03-04,1.1799600966336907,1.1858795792758092,1.178318073240718,1.1842375558828366,4116.0,0.0036250880528494,0.0036185332575179,1.1879941400993934,1.1888105284871229,1.1750712324127697,44.91756397685207,1.189885251614855,1.2037193953065026,1.1760511079232074,0.0232529038793825,0.0060602762136156,0.0051174497747605,1.2060988648734394,1.178318073240718,-0.0105369552873674,0.0622438239673783,-0.8164864928254598,0,0,0
2021-03-05,1.1842375558828366,1.1853450597514148,1.182307683968494,1.1834151878370722,5976.0,-0.0006944282772313,-0.0006946695042304,1.1875580494077438,1.1885989465008462,1.1751542568448523,44.16837886497879,1.1891854418885304,1.2028313102330912,1.1755395735439695,0.0229499418070406,0.0059301563721108,0.0050110531224036,1.2055948335247813,1.178318073240718,-0.0069279866378818,0.0589107593165561,-0.8457144544792707,0,0,0
2021-03-08,1.1834151878370722,1.1841683617207843,1.1816662030025813,1.1824193768862934,2471.0,-0.0008414721739365,-0.0008418264103803,1.1870686520247486,1.1883566104375305,1.1752265465965084,43.22814710244981,1.1881132336642568,1.20018178004092,1.1760446872875936,0.0203154817818881,0.0057211693031984,0.0048385280341601,1.2044053826378325,1.178318073240718,-0.005593506198704,0.0545251599932182,-0.9435861785266124,0,0,0
2021-03-09,1.1824193768862934,1.1832059660425622,1.1782838855366995,1.1790704746929686,5295.0,-0.0028322456979211,-0.0028362640949531,1.1863069208502934,1.187992448251469,1.1752647946372692,40.1339656207773,1.1872357839019223,1.1992520332322292,1.175219534571616,0.0202423974971753,0.0054013372473924,0.0045810130635312,1.1992876971631334,1.1782838855366995,-0.002569477272207,0.0516511142333551,-1.359044571147484,0,0,0
2021-03-10,1.1790704746929686,1.1899838652070511,1.1784911925361572,1.1894045830502398,8033.0,0.00876462313244,0.0087264367868547,1.1866019362979074,1.1880478260867149,1.1754054890493386,51.63775336334507,1.186950607360704,1.1984393412032874,1.1754618735181208,0.0193584025676175,0.0055446261081633,0.0046616821451487,1.1992876971631334,1.1782838855366995,0.0052897593897287,0.0615949377319396,0.4271968909994089,0,0,0
2021-03-11,1.1894045830502398,1.191604279390032,1.1886893187757204,1.1908890151155127,2431.0,0.0012480463640607,0.0012472682015852,1.1870102295186318,1.1881592452643148,1.1755595539853203,53.03385577078038,1.1868021490637424,1.1979877879692218,1.175616510158263,0.0188500482819375,0.0052569302176944,0.0044142906273969,1.1992876971631334,1.1782838855366995,0.0044195613613502,0.0617309964270472,0.730734486658299,0,0,0
2021-03-12,1.1908890151155127,1.1963734835133706,1.1881665670780366,1.1936510354758945,9286.0,0.002319292835289,0.002316607427025,1.1876426872288472,1.1883746095863374,1.1757395687265202,55.60203374688499,1.186996665747828,1.1985288672102592,1.175464464285397,0.019430891080331,0.0054130092694041,0.0045348339745259,1.1992876971631334,1.1782838855366995,0.0107757196630797,0.0610064657335268,1.1540502045068433,0,0,0
2021-03-15,1.1936510354758945,1.194539978175042,1.1898171342744246,1.1907060769735722,4281.0,-0.0024671854795049,-0.0024702339968041,1.1879344386331068,1.1884660396799545,1.1758884892065904,52.317140959905,1.1868919014121704,1.1982386481044331,1.1755451547199076,0.0191201012977885,0.0050642128258595,0.004253117476927,1.1992876971631334,1.1782838855366995,0.0059779131877806,0.0610069285934404,0.6722941235663019,0,0,0
2021-03-16,1.1907060769735722,1.1932366892423114,1.185102395042224,1.187633007310963,9212.0,-0.0025808801366158,-0.0025842163492351,1.1879057308881409,1.1884333717439155,1.1760053500832508,49.06000406814289,1.1863657193219974,1.196414793463008,1.1763166451809868,0.0169409381564963,0.0053764003241373,0.0045269879592776,1.1992876971631334,1.1782838855366995,0.0048849085514155,0.0591144462654878,0.252219850542063,0,0,0
2021-03-17,1.187633007310963,1.188751377495814,1.1842659163177385,1.185384286502589,8128.0,-0.0018934475503218,-0.0018952423881134,1.187665593327612,1.1883137997736677,1.176098672833692,46.76561796611386,1.186083982850892,1.1958969282749956,1.1762710374267884,0.016546796965451,0.0053683662059341,0.0045287981855852,1.1986771708173076,1.1782838855366995,0.0045969265268994,0.0557428293113143,-0.1426067950167872,0,0,0
2021-03-18,1.185384286502589,1.190173819606622,1.1844146284860817,1.1892041615901146,5791.0,0.0032224782553815,0.0032172971999035,1.1878121236383263,1.188348715923332,1.1762290757068905,50.961065149561534,1.185701756075907,1.1942652097763318,1.1771383023754824,0.0144445323734115,0.0052204412113758,0.0043898612029707,1.1977312346255522,1.1782838855366995,0.0041939268710113,0.0539918606884948,0.8179890116142596,0,0,0
2021-03-19,1.1892041615901146,1.1942112085743846,1.188435741130932,1.193442788115202,1417.0,0.0035642547024221,0.0035579177997231,1.1883483773980288,1.1885484834602682,1.176400356427371,55.18191595474533,1.1857903420276463,1.1946454855397826,1.1769351985155103,0.0149354286306534,0.0053797577946906,0.0045077634623665,1.1963734835133706,1.1782838855366995,0.0084734422721557,0.0534790643661427,1.7283618446313944,0,0,0
2021-03-22,1.193442788115202,1.1954881732855538,1.1903028601474286,1.1923482453177805,9189.0,-0.0009171305137721,-0.0009175513352803,1.1887293171999098,1.1886974937291903,1.176559041888967,53.89195898703954,1.1859542318026333,1.1951786186198146,1.176729844985452,0.0155560586906635,0.0055378475000314,0.0046444883210739,1.1963734835133706,1.1782838855366995,0.0083970785878297,0.0529553059060748,1.3863281412348347,0,0,0
2021-03-23,1.1923482453177805,1.194638482205141,1.1785791368194225,1.180869373706783,9703.0,-0.0096271132666765,-0.0096737535035529,1.1879807511529452,1.1883905086302724,1.1766019307627764,42.63551745555608,1.185892306787546,1.1952412031721915,1.1765434104029002,0.0157668556092937,0.0064828276520881,0.0054898770316469,1.1963734835133706,1.1782838855366995,0.0015256925285003,0.0598634149130604,-1.0745510216612169,0,0,0
2021-03-24,1.180869373706783,1.1975178401042232,1.179636639908535,1.1962851063059752,9426.0,0.0130545621238373,0.012970085734937,1.1887716421199006,1.1887001006959863,1.1767977832557437,55.94407829597994,1.186549260840158,1.1968805653297987,1.1762179563505173,0.0174140338384694,0.0072199486635594,0.0060353076582671,1.1975178401042232,1.1782838855366995,0.0057848467660097,0.0758297516307762,1.884727233734984,0,0,0
2021-03-25,1.1962851063059752,1.1965662504234649,1.190868189891608,1.1911493340090975,7552.0,-0.0042931005909923,-0.0043023424075178,1.1889980889664908,1.1887961490612062,1.1769405847557768,51.64529957805856,1.1868242792029169,1.1973457633977462,1.176302795008087,0.0177304835757082,0.0074099975741977,0.0062208804241677,1.1975178401042232,1.1782838855366995,0.0002185920688502,0.0774838278970539,0.8221377756393831,0,0,0
2021-03-26,1.1911493340090975,1.1932284879363009,1.186794115971147,1.1888732698983502,7647.0,-0.0019108134016134,-0.0019126413344716,1.1889862014361916,1.1887991734077608,1.1770593179412752,49.81828036924939,1.1872216571443104,1.1973998568939872,1.1770434573946336,0.0171462501352258,0.0076908699489799,0.006469041018676,1.1975178401042232,1.1782838855366995,-0.0040026485426198,0.076324900904519,0.3245392691555768,0,0,0
2021-03-29,1.1888732698983502,1.193027600283617,1.187947563436099,1.192101893821366,6741.0,0.0027157006594082,0.0027120198069289,1.1892829340443036,1.1889286918553532,1.1772089953132163,52.391149302091065,1.187645229986633,1.1978989726342766,1.1773914873389888,0.0172673495228188,0.0077021525448124,0.0064609850757997,1.1975178401042232,1.1782838855366995,0.0011722597833225,0.0764833593642033,0.8692755392602949,0,0,0
2021-03-30,1.192101893821366,1.1940450454972569,1.191477044154004,1.1934201958298944,9899.0,0.00110586353009,0.0011052525134422,1.1896769589762648,1.1891048292661195,1.177370300790994,53.44083538539381,1.18822325324781,1.1984069077614423,1.1780395987341774,0.0171409783233868,0.0070646760214095,0.0059196886780492,1.1975178401042232,1.1782838855366995,0.0048728761185532,0.0761995919468408,1.0206439299620134,0,0,0
2021-03-31,1.1934201958298944,1.194296427229549,1.1928390488839595,1.1937152802836144,3532.0,0.000247259477216,0.0002472289136294,1.190061561005536,1.1892856312668056,1.1775329374028611,53.68698034076534,1.188911012430306,1.1985903962876243,1.1792316285729876,0.0162827726484462,0.0069605630022151,0.0058310077094442,1.1975178401042232,1.1782838855366995,0.0070280953407992,0.0758034038466923,0.9926805102735956,0,0,0
2021-04-01,1.1937152802836144,1.1950883522326703,1.1902217601099712,1.191594832059027,3052.0,-0.00177634337066,-0.0017779229393933,1.1902075868201545,1.1893761881606182,1.1776728567526735,51.57686251442821,1.1892788762391155,1.1987677612313916,1.1797899912468397,0.0159573758213599,0.0067219684084554,0.0056411527035915,1.1975178401042232,1.1782838855366995,0.0020103112199976,0.0753589158688076,0.4881407713965777,0,0,0
2021-04-02,1.191594832059027,1.1937872534957057,1.190050762128469,1.1922431835651477,7619.0,0.0005441039929654,0.0005439560220598,1.1904014531768203,1.1894886193529528,1.1778178351289177,52.19555317582935,1.1897202760255192,1.1988761491271462,1.1805644029238922,0.015391640011741,0.0066515146560711,0.0055789915578977,1.1975178401042232,1.1782838855366995,-0.0010051630140973,0.0752658846555388,0.5511014649558527,0,0,0
2021-04-05,1.1922431835651477,1.1930508035261067,1.1888159491510877,1.189623569112047,6464.0,-0.0021972148712707,-0.0021996322895734,1.1903273689801752,1.1894939115003684,1.1779353051187993,49.4465924163455,1.1900804856368068,1.1985695344696066,1.181591436804007,0.0142663440586664,0.0063729832399948,0.0053571427176343,1.1975178401042232,1.1782838855366995,-0.0022851345791239,0.075710790746611,-0.1076484618616986,0,0,0
2021-04-06,1.189623569112047,1.1931235050199145,1.188516223563151,1.1920161594710184,3473.0,0.0020112163385912,0.0020091965507111,1.1904882061697797,1.189592823185492,1.178075413122304,51.936406546014005,1.1907277698757095,1.1974782196446978,1.1839773201067212,0.0113383595138508,0.0063816846884724,0.0053536897446964,1.1975178401042232,1.1784911925361572,0.0094394740116303,0.0749894183271215,0.3817196303652965,0,0,0
2021-04-07,1.1920161594710184,1.1941338892739584,1.1866491554210186,1.1887668852239586,6749.0,-0.0027258642605161,-0.0027295861936945,1.190324270841606,1.1895604334615104,1.1781817959292855,48.44674131683599,1.1906958849843954,1.1974785972149782,1.1839131727538126,0.0113928540715023,0.0065049377407867,0.0054720044961222,1.1975178401042232,1.1785791368194225,-0.0062846398758839,0.0691753746837871,-0.5687989390849018,0,0,0
2021-04-08,1.1887668852239586,1.1947843087755128,1.1875803597572687,1.193597783308823,4110.0,0.0040637892465806,0.0040555543574241,1.190636033933722,1.1897187609065032,1.178335188838535,53.45421231899641,1.1908313233940608,1.197737331047131,1.1839253157409904,0.0115986328498434,0.0066069721389861,0.0055353421658262,1.1975178401042232,1.1785791368194225,0.0020555351288191,0.0705668425791354,0.8011748766400847,0,0,0
2021-04-09,1.193597783308823,1.1954976673655793,1.1856324531145566,1.187532337171313,3568.0,-0.0050816499681288,-0.0050946054601486,1.1903404437658731,1.1896330187992408,1.178426702752294,47.248774505720384,1.1905253884788318,1.197447543353566,1.1836032336040976,0.0116287396165131,0.0069412507899073,0.0058451046532689,1.1975178401042232,1.1785791368194225,-0.0011279021582779,0.0723785177233817,-0.8647744413935228,0,0,0
2021-04-12,1.187532337171313,1.1932513635515256,1.186493089858491,1.1922121162387034,1852.0,0.0039407592710591,0.0039330148185906,1.1905186982870952,1.1897341598752982,1.178563871045691,51.889419767597005,1.1906006904420885,1.1975637671669426,1.1836376137172344,0.0116967456524295,0.0062768885261442,0.0052649091891022,1.1975178401042232,1.1785791368194225,9.246056726230913e-05,0.0733393179197381,0.4628487837461383,0,0,0
2021-04-13,1.1922121162387034,1.194645231178532,1.1915958323145843,1.194028947254413,4799.0,0.0015239159130855,0.0015227559315571,1.190853007712554,1.1899025829097734,1.1787177524010015,53.596183428631626,1.190920487439261,1.1978971625217043,1.1839438123568171,0.011716441451847,0.0052174741453056,0.0043696379030867,1.1975178401042232,1.1785791368194225,0.0005100897627219,0.0728145199711655,0.8911006398948819,0,0,0
2021-04-14,1.194028947254413,1.1951424088422542,1.1868880524478758,1.188001514035717,4656.0,-0.0050479791403346,-0.0050607632277198,1.190581436886189,1.1898280311892222,1.1788101281386605,47.567214217709136,1.1910513488159171,1.1976803102833575,1.1844223873484772,0.0111312773778063,0.0054000667069143,0.0045455049030787,1.1975178401042232,1.1785791368194225,-0.0047865402598682,0.0748938406681527,-0.9201546260844766,0,0,0
2021-04-15,1.188001514035717,1.1907607771045112,1.1795956385421809,1.1823549016109751,5544.0,-0.0047530347041057,-0.0047643662941067,1.1897979573361683,1.189534967284193,1.1788453995164945,42.719112950229565,1.1907088858169603,1.1983673911456152,1.1830503804883057,0.0128637745462028,0.0057379786067126,0.004853008685374,1.1975178401042232,1.1785791368194225,-0.0077542552212027,0.0758575744629155,-2.1816226136784587,0,0,0
2021-04-16,1.1823549016109751,1.1845590140995816,1.1809822196565296,1.183186332145136,7098.0,0.0007031987883063,0.0007029516598852,1.1891682787465463,1.1892860012003084,1.1788885928759834,43.63014479590931,1.190196063018457,1.1984353168284847,1.1819568092084292,0.013845204275222,0.0056306041492507,0.0047588482019077,1.1975178401042232,1.1785791368194225,-0.0075964799336731,0.0746050526279833,-1.701545075547858,0,0,0
2021-04-19,1.183186332145136,1.1843048096469504,1.1762376803571517,1.177356157858966,5368.0,-0.0049275199753194,-0.0049397002306474,1.1880433148524912,1.1888181642065303,1.1788733447663613,38.95180596328269,1.1894464586455162,1.1994090025230433,1.1794839147679892,0.0167515633933988,0.0060233990025754,0.0051160381354178,1.1975178401042232,1.1762376803571517,-0.0103120109348855,0.0762977191730902,-2.4271513250391714,0,0,0
2021-04-20,1.177356157858966,1.179891460718182,1.1765708492203029,1.1791061520795187,5873.0,0.0014863762412684,0.0014852726775084,1.1871921564931602,1.188437300985863,1.1788756612570397,40.99692879195663,1.189358297564153,1.1996656627258386,1.1790509324024674,0.0173326493501503,0.0061564870848818,0.0052213170748231,1.1975178401042232,1.1762376803571517,-0.0108303962902891,0.0687219997006757,-1.9892853942428328,0,0,0
2021-04-21,1.1791061520795187,1.1800308207613064,1.1786299898792836,1.1795546585610712,4869.0,0.0003803783745521,0.0003803060490383,1.1864647757377231,1.1880889620672437,1.1788824174491197,41.53748500388708,1.1885217751769075,1.199172040337998,1.1778715100158177,0.0179218679598949,0.0059089327105478,0.0050094607042254,1.1965662504234649,1.1762376803571517,-0.0077493971083757,0.0483284854350676,-1.6839236357413785,0,0,0
2021-04-22,1.1795546585610712,1.1823810191496509,1.1776654826621555,1.180491843250735,2197.0,0.0007945241730527,0.0007942087058084,1.1858959250246766,1.1877910358391452,1.1788984316362003,42.71841036941169,1.1879889006389897,1.1991403021451157,1.1768374991328638,0.0187735786085673,0.0059788645048519,0.0050647232668613,1.1954976673655793,1.1762376803571517,-0.0109801980544538,0.0466562823900945,-1.344594647432668,0,0,0
2021-04-23,1.180491843250735,1.1817032829180685,1.178398089320638,1.1796095289879716,8245.0,-0.0007474124178052,-0.000747691869719,1.1852972206402286,1.187470192433217,1.1789055072317405,41.86109939194765,1.187525713593471,1.199275931995586,1.1757754951913555,0.0197894130082604,0.0059124601635956,0.0050122180419042,1.1954976673655793,1.1762376803571517,-0.0066716567922802,0.0463533371476466,-1.347410632652471,0,0,0
2021-04-26,1.1796095289879716,1.1805751293805171,1.172001533300712,1.1729671336932577,8482.0,-0.0056310118996857,-0.00564692581628,1.1841229266452789,1.18690144503165,1.1788464189378252,36.003100270759866,1.1865689755870652,1.1997760321166744,1.173361919057456,0.0222609166451109,0.0061957683509557,0.0052821329540986,1.1954976673655793,1.172001533300712,-0.0161422470744229,0.0483682044684578,-2.059784004605907,0,0,0
2021-04-27,1.1729671336932577,1.174633999935792,1.166644457475789,1.1683113237183234,1412.0,-0.0039692586784377,-0.0039771570931614,1.1826170596998546,1.1861724206664217,1.1787415921197206,32.56337830743283,1.1853135319814867,1.2004160238312729,1.1702110401317003,0.0254826954089343,0.0062318261086031,0.0053340457993417,1.1954976673655793,1.166644457475789,-0.0215385260091269,0.0490597691308478,-2.2515765520381947,0,0,0
2021-04-28,1.1683113237183234,1.1713907308332348,1.1659040205403284,1.1689834276552398,3760.0,0.0005752781157486,0.0005751127067278,1.1813186185527484,1.1854983425091206,1.178644495955895,33.55034399126153,1.184076939350068,1.2002919726048067,1.1678619060953297,0.0273884791027835,0.0061091661996504,0.0052260503058664,1.1954976673655793,1.1659040205403284,-0.0160084698174092,0.0491891721392576,-1.8616689164565692,0,0,-1
2021-04-29,1.1689834276552398,1.176195293169542,1.1678109177121836,1.1750227832264857,9105.0,0.0051663312142582,0.0051530315125927,1.1807190151883429,1.1850875362627429,1.178608459013314,41.79388335606711,1.183248336908441,1.199539323008928,1.166957350807954,0.0275360388725355,0.006003392000103,0.0051091707206036,1.1954976673655793,1.1659040205403284,-0.0062012838738176,0.0537736645007764,-1.0098288257344288,0,0,-1
2021-04-30,1.1750227832264857,1.176935680107772,1.1711282157610412,1.1730411126423277,2173.0,-0.0016864954556172,-0.0016879191900511,1.1799877863744366,1.1846151274933143,1.1785530625320106,40.038684506704406,1.1822882333623002,1.198610489837204,1.1659659768873962,0.0276112981831599,0.0059354770467955,0.0050599053885039,1.1954976673655793,1.1659040205403284,-0.0085744901096137,0.0536750254973609,-1.1330689153415172,0,0,-1
2021-05-03,1.1730411126423277,1.174824564770401,1.16893230901506,1.1707157611431336,1964.0,-0.0019823273661363,-0.0019842947774951,1.179104736352408,1.1840700543031113,1.1784750794336138,38.02088658899495,1.1813428429638544,1.198061669229928,1.1646240166977808,0.0283047827574388,0.0061385382533236,0.0052434061768586,1.1954976673655793,1.1659040205403284,-0.0056400917186418,0.0536065341001857,-1.2712712784492046,0,0,-1
2021-05-04,1.1707157611431336,1.1762252317157254,1.1700251361395655,1.1755346067121577,2892.0,0.0041161533217239,0.0041077051373868,1.1787647240057173,1.183735330868172,1.1784458209985746,44.286938332545446,1.1805187653259113,1.1966364236034734,1.164401107048349,0.0273060602693808,0.0059918053377365,0.0050970897015911,1.1954976673655793,1.1659040205403284,-0.0030290278454253,0.0555535375821231,-0.6184718062539364,0,0,-1
2021-05-05,1.1755346067121577,1.1768435005679916,1.16136552440562,1.162674418261454,7975.0,-0.0109398637668965,-0.0110001441188961,1.177232313934835,1.182909412726732,1.1782888916181058,34.31603106584119,1.1792141419777862,1.1966877203078374,1.161740563647735,0.029635971462731,0.0062998651663109,0.0054184258872153,1.1954976673655793,1.16136552440562,-0.0143106893581422,0.066180687291104,-1.8931123784630768,0,0,-1
2021-05-06,1.162674418261454,1.1721229828997486,1.1615223492923528,1.1709709139306472,9444.0,0.0071356998475968,0.0071103612093114,1.1766359901249124,1.1824412363033563,1.178216075919723,43.20057254344486,1.178082798508877,1.194535353090061,1.1616302439276935,0.0279310666483002,0.006801567963764,0.0058084858324388,1.1954976673655793,1.16136552440562,-0.0080652224532699,0.0701400634578815,-0.8645325615711571,0,0,-1
2021-05-07,1.1709709139306472,1.177051190433956,1.1707937948491318,1.1768740713524406,9622.0,0.0050412502578547,0.005028585701406,1.176658664527534,1.1822229161092026,1.1782027226404468,48.534712348194255,1.1775498852179338,1.1933928543180876,1.16170691611778,0.0269083616737335,0.0066723012705516,0.005669511660567,1.1951424088422542,1.16136552440562,-0.0023189517957503,0.0714184353624511,-0.0853140419855571,0,0,-1
2021-05-10,1.1768740713524406,1.1780606851695727,1.1748447895696856,1.1760314033868178,7710.0,-0.0007160222033394,-0.0007162786696683,1.1765989253712754,1.181980111688717,1.178181117473744,47.84398824069717,1.1767408495753393,1.191005140117664,1.1624765590330146,0.0242437246016782,0.0066648215635522,0.0056672139403406,1.1951424088422542,1.16136552440562,0.0026124088267605,0.0695166061663452,-0.0994716402356617,0,0,0
2021-05-11,1.1760314033868178,1.1793765036187198,1.173594600522612,1.176939700754514,5987.0,0.000772341082968,0.0007720429810748,1.176631380169679,1.1817824485148267,1.1781687650685777,48.69159982160886,1.1758863872503444,1.18761167732952,1.164161097171169,0.0199428961952584,0.0069777552931297,0.0059287279447336,1.1951424088422542,1.16136552440562,0.0073853405860431,0.0692521423982103,0.1796652359228517,0,0,0
2021-05-12,1.176939700754514,1.1775894299114962,1.1690772557901492,1.1697269849471317,4763.0,-0.0061283647775315,-0.0061472202800239,1.1759738187199127,1.181309685237662,1.1780847672564236,42.75023209778979,1.174972660795915,1.1855108674682855,1.1644344541235443,0.017937790425238,0.0072489436955477,0.0061971244476978,1.1907607771045112,1.16136552440562,0.0006360717135085,0.0702484510338945,-0.995553799971822,0,0,0
2021-05-13,1.1697269849471317,1.171302815899184,1.1685038103389995,1.170079641291052,4036.0,0.0003014860291836,0.0003014405914031,1.1754124684885927,1.1808692913574028,1.1780051142617434,43.11571097867536,1.174358897779919,1.1845095068776188,1.1642082886822194,0.0172870646561099,0.007212787407173,0.0061643559571846,1.1845590140995816,1.16136552440562,-0.0042068477360585,0.0687176144066809,-0.8431526517628715,0,0,0
2021-05-14,1.170079641291052,1.176858600457955,1.1680507545159582,1.1748297136828612,9017.0,0.0040596145973172,0.0040513965957493,1.175356968030904,1.1806324451740875,1.1779735182360829,47.93687593991388,1.173941066856805,1.1832115295778292,1.164670604135781,0.0157937446482649,0.0072295195401867,0.0061536744057345,1.1843048096469504,1.16136552440562,0.0015247556298387,0.0705146602713171,0.1917157433880246,0,0,0
2021-05-17,1.1748297136828612,1.1756723008057577,1.1723685065547405,1.173211093677637,4504.0,-0.0013777486101794,-0.0013786985784411,1.1751525990448786,1.18034141178207,1.1779261309270437,46.490913229674895,1.1737338136477389,1.1828671298954103,1.1646004974000672,0.0155628408101954,0.0068948232395448,0.0058768820689649,1.1823810191496509,1.16136552440562,0.002131458905163,0.0685534976200977,-0.1144644411574275,0,0,0
2021-05-18,1.173211093677637,1.177260028948652,1.1718250322022936,1.1758739674733083,4170.0,0.0022697311762747,0.0022671592274881,1.1752213007999672,1.180166217887609,1.1779057113901907,49.20544476398327,1.1735722044174284,1.1824150290350433,1.1647293797998135,0.0150699285213635,0.0068911294147914,0.005860431989662,1.1823810191496509,1.16136552440562,0.0002886863212816,0.068859855889933,0.5205945284259108,0,0,0
2021-05-19,1.1758739674733083,1.182108158504103,1.1736142300014412,1.1798484210322355,4012.0,0.0033799996163426,0.0033743002565844,1.1756619789173262,1.1801537552658292,1.17792504183439,53.03503968028187,1.1735868925409867,1.182472429836363,1.1647013552456105,0.0151425298831307,0.0068989546323131,0.0058473228504025,1.1823810191496509,1.16136552440562,0.0147711194991815,0.0699680282256396,1.409375321514244,0,0,0
2021-05-20,1.1798484210322355,1.1811176952689606,1.172806671647429,1.174075945884154,3535.0,-0.0048925565735225,-0.0049045643101323,1.1755109281522622,1.1799154097998814,1.1778867423721988,47.44061633875023,1.1732660976726577,1.1815445200216983,1.1649876753236168,0.0141117558335015,0.0070777802947988,0.0060283837000585,1.182108158504103,1.16136552440562,0.0026516729976528,0.0720170706506644,0.1956527892274704,0,0,0
2021-05-21,1.174075945884154,1.1773358575709074,1.1731265626096177,1.1763864742963708,5624.0,0.0019679548161397,0.0019660209298454,1.17559431349932,1.1797770201722928,1.1778718143316431,49.72655715280228,1.1731049449380773,1.1809790402297038,1.1652308496464507,0.0134243663801829,0.0069575688095095,0.0059143563459202,1.182108158504103,1.16136552440562,-0.0004143154037793,0.0724185394876875,0.8335000369586868,0,0,0
2021-05-24,1.1763864742963708,1.1812144566713756,1.175657689321278,1.1804856716962828,6354.0,0.0034845669254772,0.0034785098888362,1.176060157137126,1.1798048104281356,1.177897822862635,53.58363207154775,1.1734808718382288,1.1820173108097958,1.1649444328666618,0.0145489188216504,0.0069116167933622,0.0058548925743678,1.182108158504103,1.16136552440562,0.0037875419794379,0.0704309229473282,1.641152682373887,0,0,0
2021-05-25,1.1804856716962828,1.181738394635433,1.1776636840123584,1.1789164069515086,6127.0,-0.0013293382396749,-0.0013302225935765,1.176332180928972,1.179769971076111,1.1779079580276983,51.940737746685656,1.174011125999888,1.1825129360694788,1.1655093159302972,0.0144833551936741,0.0060970978262695,0.0051717812987569,1.182108158504103,1.16136552440562,0.0016795305619543,0.068900933681068,1.1539380229548226,0,0,0
2021-05-26,1.1789164069515086,1.1887172114125908,1.1773466734114792,1.1871474778725617,7776.0,0.0069818953002249,0.0069576347269636,1.177362209209314,1.1800592850681286,1.1779998935485427,59.03539002349296,1.1749193285107542,1.1849100930096634,1.164928564011845,0.0170067242175219,0.0061520909972492,0.0051822466137688,1.1887172114125908,1.16136552440562,0.0148927853675338,0.072690734872241,2.4478906220124323,0,0,0
2021-05-27,1.1871474778725617,1.1902665647246815,1.1863786116369892,1.1894976984891097,6131.0,0.0019797208521723,0.0019777637873817,1.178517970093104,1.1804294189277749,1.1781142995678515,60.81416139727784,1.1756430742738853,1.1875741486270606,1.16371199992071,0.020297103116172,0.005982845104597,0.0050297239853396,1.1902665647246815,1.16136552440562,0.0165955004367324,0.0710015482442365,2.322443697040085,0,0,0
2021-05-28,1.1894976984891097,1.1957460439508008,1.1883992007283513,1.1946475461900423,7022.0,0.0043294305718071,0.0043200855499756,1.1800541201975745,1.180986992545903,1.1782788094844905,64.45620803660893,1.176723395951271,1.191285227040924,1.162161564861618,0.0247497944542541,0.0062779127919229,0.0052550334296875,1.1957460439508008,1.16136552440562,0.0168686851178256,0.0716160521131847,2.461798949379071,0,0,0
2021-05-31,1.1946475461900423,1.195093450032815,1.1911728656571008,1.1916187694998732,7642.0,-0.0025352889225183,-0.0025385082098454,1.181155515369222,1.1814039249754704,1.1784115454050414,60.872792792562535,1.177768546369108,1.1934707525935335,1.162066340144683,0.0266643327720596,0.0061449614547519,0.0051568182811781,1.1957460439508008,1.16136552440562,0.0156899946833388,0.0719397132204654,1.7641117347217767,0,0,0
2021-06-01,1.1916187694998732,1.192944367032094,1.191133263461183,1.192458860993404,8454.0,0.0007050002190576,0.0007047518231424,1.1822320244762867,1.1818374518781347,1.1785513196895028,61.51194220918531,1.1786147590831704,1.1955831502528491,1.1616463679134914,0.0287937870095542,0.0056663135582922,0.0047517895532025,1.1957460439508008,1.16136552440562,0.0141043121787385,0.0709258161182205,1.631751858122147,0,0,0
2021-06-02,1.192458860993404,1.193957068201552,1.1922629693000324,1.1937611765081806,9587.0,0.0010921261582907,0.0010915302223699,1.1833300389555146,1.1823050489224505,1.178702661548395,62.533678713964505,1.1801690969955063,1.196678425064335,1.163659768926678,0.0279779026765878,0.0055873916541018,0.004680493690074,1.1957460439508008,1.1615223492923528,0.0117919855024877,0.0559617426548745,1.6465939081236705,0,0,0
2021-06-03,1.1937611765081806,1.194138439548218,1.1921189284125495,1.1924961914525871,4543.0,-0.0010596634238798,-0.0010602252641085,1.1842030058599975,1.182704701570691,1.1788399106021683,60.84407418432153,1.1812453608716036,1.1980340406136782,1.164456681129529,0.0284253895053383,0.0051025105965069,0.0042788485473413,1.1957460439508008,1.1680507545159582,0.0156891431367851,0.0521057787516159,1.3402877121763797,0,0,0
2021-06-04,1.1924961914525871,1.199077524692815,1.1907809257368889,1.197362258977117,4445.0,0.0040805728013286,0.0040722698436865,1.185456268061628,1.183279507743492,1.1790242125760484,64.78563611389156,1.1822697702528375,1.200383398948062,1.1641561415576132,0.0306421244135348,0.0054591395040004,0.0045593048077731,1.199077524692815,1.1680507545159582,0.017830691816898,0.0512008186946791,1.6664235508215206,0,0,0
2021-06-07,1.197362258977117,1.1990612299542778,1.1895839368640608,1.191282907841222,1383.0,-0.0050772864188054,-0.0050902196331565,1.186011186135875,1.183593366570854,1.1791461896433637,57.05792917553019,1.1830323454755576,1.2013234468210126,1.1647412441301026,0.0309224027819835,0.0057478749571332,0.0048249453755272,1.199077524692815,1.1680507545159582,0.0091464355763202,0.0551766986697306,0.9021394840955788,0,0,0
2021-06-08,1.191282907841222,1.1933077793140294,1.1835357239593922,1.1855605954321995,3512.0,-0.0048034873759683,-0.0048150611994714,1.185968272735525,1.1836705128007108,1.179210014576586,50.90311057457887,1.1834633902094418,1.2015551829513995,1.165371597467484,0.0305743175355106,0.0058391697322743,0.0049252393802322,1.199077524692815,1.1680507545159582,0.005635843594604,0.0584648300841454,0.2318405094144322,0,0,0
2021-06-09,1.1855605954321995,1.1926341118883603,1.183818750509975,1.190892266966136,3264.0,0.0044971733663199,0.0044870912980814,1.1864372245670118,1.1839537188464138,1.1793262558938948,55.69820416875543,1.1845216543103922,1.2016824266161867,1.1673608820045978,0.0289750250547934,0.0058751938577638,0.0049334385827622,1.199077524692815,1.1680507545159582,0.0031544430354055,0.0548515907781371,0.7424622321447112,0,0,0
2021-06-10,1.190892266966136,1.1929097047400683,1.1873107168010442,1.1893281545749768,2953.0,-0.0013133953713074,-0.0013142586309584,1.1867125512344372,1.1841644810318477,1.1794257772738062,54.031049966394285,1.1854840799745885,1.2013442780597945,1.1696238818893825,0.0267573362698316,0.0059744576418877,0.0050233887248913,1.199077524692815,1.1680507545159582,-0.000142534041342,0.0553832982617085,0.4847448411094122,0,0,0
2021-06-11,1.1893281545749768,1.1982145966676545,1.1885834896269387,1.1974699317196162,8619.0,0.006845694448013,0.0068223690735255,1.1877370636615971,1.18468626341176,1.1796053210991375,60.63600264151779,1.186616090876426,1.202506234084169,1.170725947668683,0.0267822816998994,0.0062654819055033,0.005232266581012,1.199077524692815,1.1718250322022936,0.0023625256993786,0.058347164902295,1.366109883503299,0,0,0
2021-06-14,1.1974699317196162,1.2032399341309443,1.1959746777575768,1.2017446801689051,2113.0,0.0035698169415829,0.0035634602686986,1.1890711223765789,1.1853552209316482,1.179825613229185,63.59372501858493,1.1880427702009897,1.2039889367371857,1.1720966036647935,0.0268444317598064,0.0064933780305242,0.0054032925110279,1.2032399341309443,1.1718250322022936,0.0084976092423265,0.0583596359331015,1.718520866668957,0,0,0
2021-06-15,1.2017446801689051,1.2035531605184815,1.200742122394698,1.2025506027442745,2008.0,0.0006706271212748,0.0006704023513925,1.1903548824115977,1.1860295496301827,1.180051732527843,64.1407744366534,1.189376601964538,1.205498808820204,1.173254395108872,0.0271103481084733,0.0058819851821437,0.0048912579385189,1.2035531605184815,1.172806671647429,0.0084629684771373,0.0582499526533342,1.6342676778280545,1,0,0
2021-06-16,1.2025506027442745,1.208669389250923,1.2006397313717072,1.206758517878356,4193.0,0.0034991584757257,0.0034930506646922,1.1919171334084315,1.1868424503457975,1.1803174716855596,66.93450001326403,1.190722106806844,1.2079498902690804,1.1734943233446071,0.0289366987708596,0.006177821238681,0.0051193516740553,1.208669389250923,1.172806671647429,0.0108877232950339,0.0583125369783489,1.8616917384252143,1,0,0
2021-06-17,1.206758517878356,1.207648089338366,1.204745123024034,1.205634694484044,9342.0,-0.0009312744659865,-0.0009317083714629,1.1932235677965852,1.187579401096317,1.1805693843502212,65.46751897608983,1.1923000442368383,1.2088769866979776,1.175723101775699,0.0278066624945061,0.0058604014595298,0.0048608434099831,1.208669389250923,1.1731265626096177,0.0110176477926129,0.0544494390874231,1.6088190302241523,1,0,0
2021-06-18,1.205634694484044,1.2066551129002805,1.1930858281369778,1.194106246553214,3991.0,-0.0095621401603441,-0.0096081509653315,1.1933076324400738,1.187835355820117,1.1807040794965198,52.70624553560736,1.1931860328496804,1.207980039414043,1.1783920262853178,0.0247974853158985,0.0065495943443575,0.0054849343291377,1.208669389250923,1.175657689321278,-0.002719321073878,0.0666748162944778,0.1244035818870433,1,0,0
2021-06-21,1.194106246553214,1.1993878939705882,1.1932555594268264,1.1985372068442006,5106.0,0.0037106918281155,0.003703824195064,1.1938056871452287,1.188255036252434,1.1808815235497303,56.23714594424211,1.1940886096070764,1.2077817925995344,1.1803954266146184,0.0229349528708156,0.0068582536995612,0.0057221867292875,1.208669389250923,1.1773466734114792,0.0060894846683601,0.0668022520590404,0.649753565635461,1,0,0
2021-06-22,1.1985372068442006,1.1992417054822748,1.1943120912645566,1.1950165899026308,8856.0,-0.0029374281594809,-0.002941750868751,1.1939210112173622,1.1885201952191082,1.1810221709761275,52.86025869716905,1.1948936187546324,1.2065766708672376,1.1832105666420272,0.0195549661145262,0.0070893619364325,0.0059324380902613,1.208669389250923,1.1773466734114792,0.0079759689271587,0.0677094392543861,0.021051202513381,1,0,0
2021-06-23,1.1950165899026308,1.1962790571669593,1.1896754820382958,1.1909379493026242,3679.0,-0.0034130409857648,-0.003418878696833,1.1936369100826252,1.1886150091047365,1.1811208354370877,49.17617585005783,1.1950831423261357,1.2063527693710865,1.183813515281185,0.0188599883067803,0.0074167950787893,0.006227692285003,1.208669389250923,1.1835357239593922,3.835975575250394e-05,0.0648870847755177,-0.7356397877192806,1,0,0
2021-06-24,1.1909379493026242,1.1922395422117926,1.1854306700091426,1.186732262918311,9657.0,-0.0035314068098811,-0.0035376569457629,1.1929793246384048,1.1885411759209548,1.1811766705364033,45.64364055172165,1.1949448705475958,1.2065654418494407,1.1833242992457509,0.0194495521730967,0.0073105288821267,0.0061602175238324,1.208669389250923,1.1835357239593922,-0.0021826538341669,0.0657881246346388,-1.413460219116932,1,0,0
2021-06-25,1.186732262918311,1.1941327710283796,1.1856057997848324,1.193006307894901,6586.0,0.0052868243096055,0.0052728981159607,1.1929818944723567,1.1887162791356194,1.1812943783708163,51.26763254702277,1.1948628086328386,1.20651535665136,1.183210260614317,0.0195044116099894,0.0072426487502217,0.0060709224270588,1.208669389250923,1.1835357239593922,-0.0037275456414219,0.06672574710862,-0.318642881365825,0,0,0
2021-06-28,1.193006307894901,1.1947652636132813,1.187688605113874,1.1894475608322543,5621.0,-0.002983007750333,-0.002987465785729,1.1926452912685377,1.188744956849213,1.1813755045644625,48.2200454593807,1.1947542481994575,1.2065733168178552,1.1829351795810603,0.0197849367536616,0.0070501204034196,0.0059272225490013,1.208669389250923,1.1835357239593922,-0.0102327220911203,0.0669645008986762,-0.897987402990966,0,0,0
2021-06-29,1.1894475608322543,1.2015385357568455,1.1877527104681018,1.199843685392693,4512.0,0.0087402966745036,0.008702321397892,1.193330852613695,1.18918020110582,1.1815592675577784,56.37793971399344,1.1951234894194225,1.2071009780080255,1.1831460008308188,0.0200439346973625,0.0074051535398738,0.0061717652307768,1.208669389250923,1.1835357239593922,-0.0022509799965206,0.0739302128951296,0.7881779119809851,0,0,0
2021-06-30,1.199843685392693,1.2037554567784023,1.198767511578846,1.2026792829645554,4729.0,0.0023633058259038,0.0023605176107631,1.194221179313777,1.189709576864986,1.1817694169648112,58.30738873355662,1.195569394742241,1.2079891887461118,1.1831496007383702,0.0207763665722615,0.0073615076299118,0.0061209232870179,1.208669389250923,1.1835357239593922,-0.0033803241107196,0.0742435508823021,1.1449285262055915,0,0,0
2021-07-01,1.2026792829645554,1.2040730751509114,1.2014092755747308,1.2028030677610868,1593.0,0.0001029241945751,0.0001029188982436,1.1950385020230443,1.1902230470962056,1.1819787070224856,58.39390375076969,1.196084738557666,1.208818973034609,1.183350504080723,0.0212931978252626,0.0068638428110164,0.0057065391625521,1.208669389250923,1.1835357239593922,-0.0023486606149544,0.0740584693607936,1.055160279259061,0,0,0
2021-07-02,1.2028030677610868,1.2090843328680112,1.201327352370673,1.2076086174775973,4704.0,0.0039952922014536,0.003987332216167,1.1962356558758591,1.1909048341699855,1.1822337310071138,61.71528177619496,1.1965970564826898,1.210332770902471,1.1828613420629086,0.0229579612374382,0.0068989659627286,0.0057129154784758,1.2090843328680112,1.1835357239593922,0.0113075121777126,0.0740034765612797,1.6033473991057203,0,0,0
2021-07-05,1.2076086174775973,1.210260125744289,1.2056351920109722,1.208286700277664,1569.0,0.0005615087456753,0.0005613511586279,1.1973833743903168,1.19158647597813,1.182492964532194,62.174135789827744,1.197447246104512,1.21188501046609,1.183009481742934,0.0241142386999451,0.0070285299348381,0.0058169389212204,1.210260125744289,1.1835357239593922,0.0081344937627212,0.0710803529255951,1.5015419148962106,0,0,0
2021-07-06,1.208286700277664,1.2187561902203552,1.2072816823288424,1.2177511722715335,4505.0,0.0078329687744593,0.0078024503375967,1.1993231646647184,1.19261254249944,1.182843792469899,67.94840549361669,1.1990567749464789,1.2150124914973113,1.183101058395646,0.0266137799047001,0.0072745906500022,0.0059737907182076,1.2187561902203552,1.183818750509975,0.0190244910079073,0.0722042490573808,2.34328521260668,1,0,0
2021-07-07,1.2177511722715335,1.227320142070086,1.216747695242326,1.2263166650408783,9758.0,0.0070338612389648,0.0070092390290479,1.2018939742243528,1.193934272795183,1.1832763583661274,72.09948516398595,1.200827994850216,1.2204184127498432,1.1812375769505885,0.0326281831929991,0.0078224106866756,0.0063787852759995,1.227320142070086,1.1854306700091426,0.0297065987014444,0.0742043565722953,2.6021568627331177,1,0,0
2021-07-08,1.2263166650408783,1.2281491311930326,1.221584312647107,1.2234167787992616,5731.0,-0.0023647124142441,-0.0023675127621946,1.203943765136249,1.1950904495012251,1.1836757655346164,68.84846986175617,1.20253242606143,1.2237723158812706,1.1812925362415896,0.035325267509677,0.0073220916711487,0.005984952796164,1.2281491311930326,1.1854306700091426,0.0309122091201423,0.0748199975017796,1.9665217583495287,1,0,1
2021-07-09,1.2234167787992616,1.226789096645989,1.221771751052874,1.2251440688996014,1711.0,0.0014118574555066,0.0014108617218817,1.2059628416851396,1.1962690228109656,1.1840883854685964,69.72416313258044,1.203916132920429,1.2272681125157774,1.1805641533250812,0.0387933660108058,0.0072424496032453,0.0059115085214021,1.2281491311930326,1.1854306700091426,0.026938466956984,0.0720323364261332,1.818084491937543,1,0,1
2021-07-12,1.2251440688996014,1.2277509908484463,1.2245201281578262,1.2271270501066711,6191.0,0.0016185698134678,0.0016172613410596,1.2079784805824283,1.1974791415284445,1.184516630887881,70.74104258838962,1.2051852514173176,1.2306991867292991,1.1796713161053358,0.042340271393094,0.0071211102084526,0.0058030749202648,1.2281491311930326,1.1854306700091426,0.031678142454681,0.0714949457811881,1.7199854448991716,1,0,1
2021-07-13,1.2271270501066711,1.2283168314279405,1.2269883334558802,1.228178114777149,5996.0,0.0008565247342453,0.0008561581262594,1.2099022552676395,1.198683022832315,1.1849510735136448,71.29144480795425,1.2064666270189617,1.2339236026447529,1.17900965139317,0.0455163450208886,0.0067443189829809,0.0054913199493094,1.2283168314279405,1.1854306700091426,0.0236151006413662,0.0714847262601816,1.5814915709648267,1,0,1
2021-07-14,1.228178114777149,1.2297946478989037,1.2254923553841033,1.2271088885058574,4233.0,-0.0008705791598362,-0.0008709583339563,1.211540982242708,1.19979776266265,1.185370554259836,69.85190249455353,1.2074841455503365,1.2364533380966602,1.1785149530040129,0.0479827294678398,0.0065652775767059,0.0053501996751893,1.2297946478989037,1.1854306700091426,0.0203126518327347,0.0711930751792467,1.3548698621226376,1,0,1
2021-07-15,1.2271088885058574,1.228775589843884,1.2252193042568664,1.226886005594893,8504.0,-0.0001816325454506,-0.0001816490426391,1.213002413038154,1.2008600466992088,1.1857836433278466,69.53669762811938,1.2085467111058787,1.2387624192809632,1.1783310029307943,0.0500033766132806,0.0062102286012395,0.0050617812681206,1.2297946478989037,1.1854306700091426,0.0200223448703322,0.0709943105547266,1.2138914224844517,1,0,1
2021-07-16,1.226886005594893,1.2286051471430075,1.224906232070033,1.2266253736181478,8265.0,-0.0002124337351282,-0.0002124563023702,1.2142998378552965,1.201870451676422,1.1861900287038696,69.14377830033911,1.2101726674591256,1.2406154842178023,1.1797298507004486,0.0503115259124049,0.0059689612136372,0.0048661647981655,1.2297946478989037,1.1854306700091426,0.0157474498486702,0.0595901059893955,1.080892500154923,1,0,1
2021-07-19,1.2266253736181478,1.226875366311218,1.2253850229007268,1.225635015593797,4923.0,-0.0008073842638928,-0.0008077103741102,1.2153793785922964,1.2028023953594564,1.1865825161356105,67.58112034224638,1.2115275578966054,1.242201118917634,1.180853996875577,0.0506361754977866,0.0050907125080477,0.0041535305725427,1.2297946478989037,1.1854306700091426,0.0143577805765355,0.0593749344319982,0.9198447932093732,1,0,1
2021-07-20,1.225635015593797,1.226632746528579,1.2146722153523763,1.215669946287158,7819.0,-0.0081305357466562,-0.008163768810075,1.2154070517060926,1.2033070051997583,1.1868719433012973,54.28651216092396,1.212560225715832,1.24226877190113,1.1828516795305335,0.0490013535909275,0.0055887543635225,0.0045972629171194,1.2297946478989037,1.1854306700091426,-0.0017090732752021,0.0665192899087447,0.2093485525633095,1,0,1
2021-07-21,1.215669946287158,1.2190865461579827,1.2138465298032726,1.2172631296740972,9498.0,0.0013105394205104,0.0013096814132771,1.2155838210363787,1.2038543041987522,1.1871743431657034,55.78412150893418,1.2138764847344057,1.2418324006524546,1.1859205688163563,0.0460605609707743,0.0057727698477031,0.0047424174009515,1.2297946478989037,1.1854306700091426,-0.0073827059721799,0.0645744307532308,0.2422846705949089,1,0,1
2021-07-22,1.2172631296740972,1.2183343351192424,1.2155679548055576,1.2166391602507027,6516.0,-0.0005126002818811,-0.0005127317063197,1.215684329532981,1.2043556711027503,1.1874675254252556,55.02381776914783,1.215371829601025,1.24024364979127,1.19050000941078,0.0409287422737281,0.0054162984060136,0.0044518527620774,1.2297946478989037,1.1856057997848324,-0.0055399097560283,0.0625594049420514,0.1019089588123371,1,0,1
2021-07-23,1.2166391602507027,1.220691218471199,1.2153368618964686,1.2193889201169652,8092.0,0.002260127699404,0.0022575774526612,1.2160371476838363,1.2049452102797784,1.1877851512430837,57.75628390183036,1.2166909602121283,1.2392601692397467,1.19412175118451,0.0370993288610995,0.0054684000375432,0.0044845413529087,1.2297946478989037,1.187688605113874,-0.0046975281754457,0.060870424044645,0.2390832484678878,1,0,1
2021-07-26,1.2193889201169652,1.222412811923651,1.2177359757034714,1.2207598675101572,6780.0,0.0011242905118906,0.001123658970626,1.2164869305244386,1.205565392916264,1.1881132578726066,59.09074070658628,1.2182565755460233,1.236865197492132,1.1996479535999147,0.0305495940996964,0.0049828520610194,0.0040817626739174,1.2297946478989037,1.1877527104681018,-0.0051886906053946,0.0589303306872437,0.2690464636643759,1,0,1
2021-07-27,1.2207598675101572,1.2222559857387076,1.2193856167845831,1.2208817350131338,7906.0,9.98292180305338e-05,9.98242354257511e-05,1.2169054833328856,1.206166033782808,1.1884393123715171,59.21408085459486,1.2193084780270451,1.2357917123342226,1.202825243719868,0.0270370207444938,0.004432703641474,0.003630739583,1.2297946478989037,1.198767511578846,-0.0059408156489902,0.0520545024763051,0.1908917821308179,1,0,1
2021-07-28,1.2208817350131338,1.2218659045987734,1.2169643228009406,1.2179484923865802,1258.0,-0.0024025608234052,-0.0024054516037723,1.2170048175284756,1.206628090982956,1.1887329360532592,54.92194448222844,1.2200719384981469,1.2346120666921625,1.205531810304131,0.0238348702813603,0.0043139010166102,0.0035419404380206,1.2297946478989037,1.201327352370673,-0.0074650230351041,0.0529873180360316,-0.2920807964320977,1,0,1
2021-07-29,1.2179484923865802,1.2188369384029527,1.2153682393242846,1.2162566853406571,8629.0,-0.0013890628844311,-0.0013900285266083,1.2169335668439214,1.207005682918552,1.1890068042053727,52.55571952246923,1.220744619377125,1.2329836000393672,1.2085056387148827,0.0200516643169594,0.0042032834084355,0.0034559180303771,1.2297946478989037,1.201327352370673,-0.008663657589836,0.0534491616228694,-0.7333836306014062,1,0,1
2021-07-30,1.2162566853406571,1.2178479443953707,1.2151398369205828,1.2167310959752964,9541.0,0.0003900579872302,0.0003899819343895,1.2169142839040523,1.2073870716658754,1.1892826678050734,53.1650715455235,1.2212007433020102,1.2319701729388317,1.210431313665189,0.017637443632243,0.0041659437501617,0.0034238820425826,1.2297946478989037,1.2056351920109722,-0.0080662587417921,0.0518865755384604,-0.8300620325206288,1,0,0
2021-08-02,1.2167310959752964,1.2338574184127806,1.2149761409460704,1.232102463383555,1756.0,0.0126333316039211,0.0125541968635151,1.2183607771878144,1.2083563027136277,1.1897087354227698,67.65887312620654,1.2223915314573046,1.2323875662998387,1.2123954966147703,0.0163548823520023,0.0054197137140653,0.0043987524375058,1.2338574184127806,1.2072816823288424,0.0052768138209762,0.0677204947111097,1.942956798215448,1,0,0
2021-08-03,1.232102463383555,1.232775676625666,1.231240300830841,1.2319135140729525,5950.0,-0.0001533551926219,-0.0001533669527318,1.2196515140340185,1.2092801149237973,1.1901286834690403,67.3828285744654,1.2230996485473755,1.23369984723486,1.212499449859891,0.0173333361677829,0.0052220768054956,0.0042389962816711,1.2338574184127806,1.2138465298032726,0.0133618239353574,0.0627613632841228,1.6629623246558825,1,0,0
2021-08-04,1.2319135140729525,1.2320145192751946,1.2310544164492805,1.2311554216515226,5100.0,-0.0006153779569504,-0.0006155673796804,1.2207471242833043,1.2101379700895905,1.1905369097196123,66.21554624126843,1.223341586377908,1.2344591932287443,1.2122239795270715,0.0181758013863544,0.0050366351797025,0.0040909824146704,1.2338574184127806,1.2138465298032726,0.0114127271571471,0.0580332269912577,1.4056685721040296,1,0,0
2021-08-05,1.2311554216515226,1.232434515534056,1.225587518459068,1.2268666123416017,8950.0,-0.0034835644911247,-0.0034896462301011,1.2213299326698088,1.210793995275944,1.1908983992979407,59.8941851248184,1.2235140780550249,1.2347430884299175,1.2122850676801322,0.0183553431485528,0.0052614981798463,0.0042885657877707,1.2338574184127806,1.2138465298032726,0.0084063150562994,0.0588204297109667,0.5971201690351693,1,0,0
2021-08-06,1.2268666123416017,1.2383540545687333,1.2248181738396051,1.236305616066737,3465.0,0.0076935859450277,0.0076641412398303,1.222756188231421,1.21179445099323,1.1913502124001178,67.29443514402556,1.2240721554133818,1.236668464557779,1.2114758462689843,0.0205809912245628,0.0061218937026061,0.0049517640485066,1.2383540545687333,1.2138465298032726,0.0138730930474166,0.0645581493329224,1.9423881254607769,1,0,0
2021-08-09,1.236305616066737,1.2418746230351572,1.235345873708828,1.2409148806772483,9256.0,0.0037282566305696,0.0037213239077881,1.224485587511976,1.2129364286278972,1.191843393178995,70.18731444616006,1.2247615469419104,1.239404727991379,1.210118365892442,0.0239118889485562,0.005733909284758,0.0046207111978774,1.2418746230351572,1.2138465298032726,0.0165102193342896,0.0654873490695058,2.2062601945257256,1,0,0
2021-08-10,1.2409148806772483,1.248825929022224,1.239002379130698,1.2469134274756737,1604.0,0.004833971202885,0.0048223250803572,1.2266215722704237,1.2142688599552611,1.19239135371926,73.47549085743941,1.2256983125768366,1.2433498540138623,1.2080467711398108,0.0288024243093166,0.0060613045373877,0.0048610468087256,1.248825929022224,1.2138465298032726,0.0213220426811118,0.0672196861397855,2.4037690956934026,1,0,0
2021-08-11,1.2469134274756737,1.248023963486727,1.2415262702468235,1.242636806257877,6498.0,-0.0034297659513174,-0.0034356610816958,1.228146832650181,1.2153813284377166,1.1928913084708883,67.73917165646344,1.2264747084644376,1.2456846695810584,1.2072647473478169,0.0313254908300096,0.0063278268892604,0.0050922577356422,1.248825929022224,1.2138465298032726,0.0202704088273222,0.0686446814526819,1.682678865961443,1,0,0
2021-08-12,1.242636806257877,1.2445758866956529,1.2410691017108049,1.2430081821485808,5371.0,0.0002988611707246,0.0002988165206208,1.2295621992690762,1.2164647344655937,1.1933899838308657,67.97300402167289,1.227280817292122,1.2478672090000755,1.2066944255841685,0.0335479727506464,0.0061958574899831,0.0049845669392726,1.248825929022224,1.2138465298032726,0.0219949432799466,0.0685897749171921,1.5279379776284443,1,0,0
2021-08-13,1.2430081821485808,1.244063396288355,1.2381614144473627,1.2392166285871369,1444.0,-0.0030503045884139,-0.003054966249526,1.2304816687279392,1.217356965607615,1.1938459703458533,62.9558934523722,1.2279103800405715,1.2491714377785503,1.2066493223025927,0.0346296571534419,0.0062833678914697,0.0050704354238964,1.248825929022224,1.2138465298032726,0.0184802810466653,0.0697985891349686,1.0635640696623363,1,0,0
2021-08-16,1.2392166285871369,1.239919958511151,1.235744623562519,1.2364479534865331,5475.0,-0.0022342139677066,-0.0022367135474914,1.2310498863239958,1.2181056317989452,1.1942698706756114,59.50215544629639,1.2284510269352082,1.250016211510253,1.2068858423601632,0.0351095552076615,0.0063765797482203,0.005157176030127,1.248825929022224,1.2138465298032726,0.0035268901995739,0.070340109996533,0.7416515748795218,1,0,0
2021-08-17,1.2364479534865331,1.2379344712081215,1.2360900575950982,1.2375765753166863,3304.0,0.0009127936416335,0.0009123772988548,1.231671475751871,1.2188691982114055,1.1947007831596022,60.45453661924015,1.2295463583866846,1.2505974052330069,1.2084953115403625,0.0342419733956902,0.0061582105921625,0.0049760238800469,1.248825929022224,1.2138465298032726,0.0045969633249747,0.062611271743062,0.7629280376053968,1,0,0
2021-08-18,1.2375765753166863,1.2427619546683175,1.237572349660894,1.2427577290125251,7423.0,0.0041865318067393,0.0041777926650939,1.2327273093957427,1.219806003340861,1.1951789617253028,64.57334640490218,1.2308210883536062,1.2518279047898564,1.209814271917356,0.0341346384702422,0.0062811324442165,0.0050541890004638,1.248825929022224,1.2149761409460704,0.0094239176930552,0.0636840119051067,1.1364540357786734,1,0,0
2021-08-19,1.2427577290125251,1.2434058508323385,1.2393963005519486,1.2400444223717615,8556.0,-0.0021832949233955,-0.0021856817865404,1.2334241772982208,1.2205996668322692,1.1956253842192974,60.99076370727119,1.231991351459659,1.2522666285526154,1.2117160743667026,0.0329146419233127,0.0063740926446166,0.0051402131485138,1.248825929022224,1.2149761409460704,0.0107410291368259,0.0644967533191503,0.7943734505014838,1,0,0
2021-08-20,1.2400444223717615,1.2413496614032569,1.2385079598562303,1.2398131988877257,8254.0,-0.0001864638716684,-0.0001864812582174,1.2340326555448404,1.221353138677581,1.196065063967242,60.681791743906885,1.2330125653981971,1.2526630109748091,1.2133621198215851,0.0318738772467674,0.0052284086503535,0.0042170938775648,1.248825929022224,1.2149761409460704,0.0028371486592027,0.0644277942719991,0.6921607413953412,1,0,0
2021-08-23,1.2398131988877257,1.2404964818359536,1.2346729349745749,1.235356217922803,3729.0,-0.0035948810424997,-0.0036013581549796,1.2341587091046464,1.2219022790401388,1.1964560207230188,54.907722916484246,1.2337423829188294,1.2525425871915674,1.2149421786460914,0.0304767097783571,0.0055347065836787,0.0044802515285713,1.248825929022224,1.2149761409460704,-0.004479487546649,0.0663008014939946,0.1716827094601118,1,0,0
2021-08-24,1.235356217922803,1.2373374387603466,1.2341128828339585,1.236094103671502,5720.0,0.0005973060547179,0.0005971277384591,1.234343032396728,1.2224588211825451,1.196850429508576,55.65995647213971,1.2345030013517475,1.2523174839357434,1.216688518767752,0.0288609789761373,0.0056964532337126,0.0046084300675756,1.248825929022224,1.2149761409460704,-0.0086768845099977,0.0662742659207154,0.1786302029544821,1,0,0
2021-08-25,1.236094103671502,1.2497464504703122,1.233732780881356,1.2473851276801662,4970.0,0.0091344372367179,0.0090929705899384,1.2355851367094364,1.223436323398138,1.197353262326204,65.22084842917876,1.235974833116427,1.2528708721292705,1.219078794103584,0.0273404256464364,0.0063512155561389,0.0050916236014058,1.2497464504703122,1.2149761409460704,0.0038211659258575,0.0717080016328504,1.3506472795269755,1,0,0
2021-08-26,1.2473851276801662,1.2493761075749257,1.246127818458342,1.2481187983531017,7628.0,0.0005881669234744,0.0005879940211031,1.2367788187707378,1.2244042635924504,1.1978583920379144,65.737823680384,1.2375679387670495,1.252534022990831,1.222601854543268,0.0241862830394455,0.0056163875838143,0.0044998822157195,1.2497464504703122,1.2149761409460704,0.0041114903971806,0.0711004263929759,1.409969291671684,1,0,0
2021-08-27,1.2481187983531017,1.2595728423918566,1.2473900881526907,1.258844132191446,1276.0,0.0085931995035219,0.0085564881268726,1.2388802771917575,1.225754846674764,1.1984652153230242,72.23521989267736,1.2396735905778569,1.2541376983430532,1.2252094828126605,0.0233353487161957,0.0060202450775884,0.0047823594070444,1.2595728423918566,1.2149761409460704,0.0158386380165724,0.0755276267936571,2.650774168001902,1,0,0
2021-08-30,1.258844132191446,1.2605621333043766,1.2522762444520863,1.253994245565017,5562.0,-0.0038526506200461,-0.0038600911952187,1.2403197027511157,1.226862274082225,1.1990177429871236,66.12836448000039,1.24076817968693,1.256106786978201,1.2254295723956588,0.0247243724369871,0.0059104121462144,0.0047132689540783,1.2605621333043766,1.2248181738396051,0.0141908861016,0.0659814503305658,1.7245458635105555,1,0,0
2021-08-31,1.253994245565017,1.2548471954840066,1.246857927947763,1.2477108778667525,5516.0,-0.0050106830398041,-0.0050232786046045,1.2410236241907002,1.2276798663875006,1.199502251791896,59.15121711639486,1.24155804787662,1.2566008938385227,1.2265152019147172,0.0242322072457745,0.0060169531673816,0.0048223937725613,1.2605621333043766,1.2248181738396051,0.0081888286771043,0.0691748276713812,0.8180406826893127,1,0,0
2021-09-01,1.2477108778667525,1.2540049548750631,1.2464649286501446,1.2527590056584552,4556.0,0.0040459115018165,0.0040377488114841,1.2421412795685818,1.2286633620451852,1.2000321697408172,62.56827621661557,1.2426382270769665,1.2576384049724971,1.2276380491814358,0.0241424697368521,0.0063050418273867,0.0050329247675794,1.2605621333043766,1.2248181738396051,0.0080476479143498,0.0700208744510476,1.3494211404658418,1,0,0
2021-09-02,1.2527590056584552,1.260459409423104,1.2523580414246434,1.2600584451892922,3687.0,0.0058266909260815,0.0058097814150424,1.2438476762943638,1.2298945417763267,1.2006294461134388,66.88225482801988,1.244297818719351,1.259295436983555,1.229300200455147,0.0241061553569863,0.0064621408386344,0.0051284453219657,1.2605621333043766,1.2248181738396051,0.0161397627830548,0.070125631991052,2.101750583632136,1,0,0
2021-09-03,1.2600584451892922,1.2721797155494194,1.2595335172973536,1.2716547876574809,9333.0,0.0092030195206116,0.009160929774554,1.2464959726146605,1.2315321984775485,1.2013361659297974,72.3367814816863,1.246065277298888,1.2649302316028377,1.2272003229949386,0.030279239214246,0.0070672025031653,0.0055574850751625,1.2721797155494194,1.233732780881356,0.0256825695986471,0.0721145797980829,2.7129151702461973,1,0,0
2021-09-06,1.2716547876574809,1.275150263227905,1.2704750311129949,1.273970506683419,9843.0,0.0018210280403252,0.001819371978948,1.2491125949069233,1.2331964458581708,1.20205889568854,73.28308852848645,1.247718058599197,1.2701398637771837,1.2252962534212102,0.0359404995759371,0.0072694038247287,0.0057061005624482,1.275150263227905,1.233732780881356,0.0312576147676209,0.0716211146894357,2.341689072385332,1,0,0
2021-09-07,1.273970506683419,1.282814404701729,1.270639907680506,1.2794838056988158,5730.0,0.0043276504334073,0.0043183130837676,1.2520050911728178,1.2350116364401569,1.2028292928030702,75.43742542646571,1.2493465775103538,1.2758771008690504,1.2228160541516573,0.042471038599338,0.0077683246828572,0.0060714521342569,1.282814404701729,1.233732780881356,0.0351022643813572,0.0713139930797367,2.2718909673210934,1,0,1
2021-09-08,1.2794838056988158,1.281361627531456,1.2782345490399083,1.2801123708725486,9890.0,0.0004912646576167,0.000491144026641,1.2546819749537446,1.2367802926924076,1.203598278654508,75.67821971430668,1.2512203557410877,1.280866224521516,1.2215744869606588,0.0473871267269618,0.0077052909836542,0.0060192301543044,1.282814404701729,1.233732780881356,0.0262366790064645,0.069191714884949,1.949142752094668,1,0,1
2021-09-09,1.2801123708725486,1.281992784757273,1.2690144967723502,1.2708949106570746,2330.0,-0.0072005086625256,-0.0072265574433269,1.2562260640683474,1.2381181208478849,1.204267896883389,65.53266567414423,1.2526146921665122,1.283241247996307,1.2219881363367175,0.0489002021472752,0.0084293328720753,0.0066325962921019,1.282814404701729,1.233732780881356,0.018248352908414,0.0757246057450651,1.1937495415516923,1,0,1
2021-09-10,1.2708949106570746,1.2800829291522815,1.2695848794433642,1.2787728979385713,4741.0,0.0061987716021489,0.0061796382456229,1.2583733815797973,1.2397124258318333,1.2050092401774706,69.3185662062866,1.254592505634084,1.2866514704818208,1.2225335407863474,0.0511065779586078,0.0087632259326138,0.0068528398957629,1.282814404701729,1.233732780881356,0.015831003408208,0.0760838039669045,1.5084948886735032,1,0,1
2021-09-13,1.2787728979385713,1.281384545855593,1.2780744791606458,1.2806861270776675,2795.0,0.0014961445790573,0.001495026469853,1.2604984049605468,1.2413192376453954,1.2057622440272238,70.17535385492849,1.2568044143136403,1.2896861588442488,1.2239226697830323,0.0523259532766129,0.0087693338446537,0.0068473716231033,1.282814404701729,1.233732780881356,0.0212854896320706,0.0747418075438512,1.4525818568900166,1,0,1
2021-09-14,1.2806861270776675,1.281690368009346,1.2726701984472404,1.2736744393789188,5104.0,-0.0054749462420963,-0.0054899886897915,1.261753265381344,1.2425880690859257,1.206437987264554,63.20883823420894,1.2586093075167522,1.291006443516728,1.2262121715167764,0.0514808460520534,0.0082697981284501,0.0064928665228476,1.282814404701729,1.233732780881356,0.020808956604239,0.0790294819450587,0.9300286211829314,1,0,1
2021-09-15,1.2736744393789188,1.274800091090675,1.2692594206029462,1.2703850723147023,6156.0,-0.0025825807306146,-0.0025859213450736,1.2625753422321402,1.243678147643917,1.2070742766680382,60.19006642765465,1.259990674681861,1.291894184108877,1.2280871652548453,0.0506408659493787,0.0084335396549605,0.006638569547731,1.282814404701729,1.233732780881356,0.0140697984022735,0.0795719275955943,0.6516146856269938,1,0,1
2021-09-16,1.2703850723147023,1.2717817859381872,1.2643740612829464,1.2657707749064313,2774.0,-0.0036322037379292,-0.0036388162066712,1.2628796691535011,1.2445445251836236,1.2076583214266292,56.13964627005756,1.2612769923085945,1.2918407321149297,1.2307132525022593,0.0484647543604081,0.0080924661132515,0.0063933109167019,1.282814404701729,1.233732780881356,0.0045333847322304,0.0805281983132681,0.2940597339403709,1,0,1
2021-09-17,1.2657707749064313,1.2697511020089036,1.2649944489825595,1.268974776085032,1655.0,0.0025312649352624,0.0025280666801266,1.2634601555279326,1.2455025742385808,1.2082684354033295,58.2409905357819,1.2627350711684595,1.291729506114834,1.2337406362220855,0.045923227458226,0.0078403778399696,0.0061785135431599,1.282814404701729,1.233732780881356,-0.0021074992981275,0.0805572986505825,0.4304070714337271,1,0,1
2021-09-20,1.268974776085032,1.2746581054305106,1.2678781423656535,1.273561471711132,2653.0,0.0036144892022602,0.0036079726341529,1.2644221856406184,1.2466029231590732,1.2089181173566412,61.11321917988283,1.2646453338578765,1.2909546047779563,1.238336062937796,0.0416073506392852,0.0077539989491563,0.0060884371279999,1.282814404701729,1.233732780881356,-0.000321070990373,0.0789437757733542,0.6777943699268921,1,0,1
2021-09-21,1.273561471711132,1.2742814354115812,1.2684774721176515,1.2691974358181008,1650.0,-0.0034266393809541,-0.0034325237559439,1.264876971371807,1.2474889824790352,1.2095179115701882,57.08975554946719,1.266300500465206,1.288958607436744,1.2436423934936682,0.035786303429895,0.0076299944540857,0.00601166866459,1.282814404701729,1.233732780881356,-0.0080394686004617,0.0808474780377519,0.255708507028738,1,0,1
2021-09-22,1.2691974358181008,1.2717039899020153,1.2675290446070455,1.2700355986909602,5196.0,0.0006603880918802,0.0006601701316179,1.2653682692117263,1.2483731635069537,1.210120077611191,57.66622553409671,1.267433024015746,1.2883041021867374,1.2465619458447543,0.0329344080129195,0.0073495356895506,0.0057868737672596,1.282814404701729,1.246127818458342,-0.007871787204681,0.0754176623042811,0.2493953262876061,1,0,1
2021-09-23,1.2700355986909602,1.273569248393715,1.267639232013576,1.271172881716331,8385.0,0.0008954733446393,0.000895072647575,1.2659210894502604,1.2492672701033998,1.210727568199302,58.481276054751625,1.2685857281839072,1.2874116997673086,1.249759756600506,0.0296802512674526,0.0068698084129844,0.0054043069292894,1.282814404701729,1.2464649286501446,0.0002187207273596,0.0754081093899994,0.2748494037571837,1,0,1
2021-09-24,1.271172881716331,1.2717808396798935,1.2677680634103994,1.268376021373962,8593.0,-0.0022002202710561,-0.0022026443119453,1.2661548924906127,1.2500166328983238,1.211301184648801,55.64399257926028,1.269062322643033,1.287324069649315,1.2508005756367515,0.0287799057311046,0.0068224901383118,0.0053789176264318,1.282814404701729,1.2464649286501446,-0.0081303541710725,0.0704211340321844,-0.0751627178752787,1,0,1
2021-09-27,1.268376021373962,1.26959510277748,1.2660079578845078,1.2672270392880258,7139.0,-0.000905868659273,-0.00090627920624,1.266257001709414,1.250691550795959,1.2118576608143654,54.4747403219598,1.2697239623291836,1.2865928071363244,1.2528551175220428,0.0265708851807389,0.0062091078434368,0.0048997595939282,1.282814404701729,1.2464649286501446,-0.0105092789756013,0.0688271689777492,-0.2960396007793961,1,0,1
2021-09-28,1.2672270392880258,1.268879222239274,1.2647294927522466,1.2663816757034947,6401.0,-0.0006670971801596,-0.0006673197884899,1.266268875423136,1.2513068498119408,1.2124001883257,53.5826090737818,1.2706575022210207,1.2841194579880606,1.2571955464539808,0.0211889604295561,0.0062821543431139,0.0049607116587691,1.282814404701729,1.2464649286501446,-0.0057257674724007,0.065848723418515,-0.6352459615110168,1,0,1
2021-09-29,1.2663816757034947,1.2680726241801834,1.259543526936121,1.2612344754128098,2252.0,-0.0040644936589323,-0.0040727761636942,1.2657894087554855,1.2516961684629553,1.2128861016300494,48.38658915357112,1.2710812757087386,1.282558124512909,1.2596044269045683,0.0180584027528388,0.005964355004481,0.0047289818988883,1.282814404701729,1.2523580414246434,-0.0072030104110242,0.066753449188435,-1.715941451167466,1,0,1
2021-09-30,1.2612344754128098,1.2621235521155625,1.25160954716011,1.2524986238628628,2627.0,-0.0069264293993293,-0.0069505284561881,1.2645236197180931,1.2517276373021673,1.2132802560801272,41.10166226368376,1.2707032846424169,1.2840537460165906,1.2573528232682432,0.0210127124648625,0.0059654946649478,0.0047628752250038,1.282814404701729,1.25160954716011,-0.0104854301479268,0.0681989041595763,-2.727195752915415,1,0,0
2021-10-01,1.2524986238628628,1.2561867593876477,1.250609857256286,1.254297992781071,5650.0,0.0014366234692206,0.0014355925130036,1.2635497504859958,1.251828435556242,1.2136883927637188,43.00508796260522,1.2698354448985965,1.2850516462119468,1.254619243585246,0.0239656270022694,0.0061274114818345,0.0048851321752087,1.282814404701729,1.250609857256286,-0.0115658589757325,0.0587789283955087,-2.042224836220282,0,0,0
2021-10-04,1.254297992781071,1.2553102237485048,1.2519560080095753,1.2529682389770094,8229.0,-0.0010601578027825,-0.0010607201675647,1.26254198748514,1.2518731337296056,1.2140792370046471,41.92673812597749,1.2687853315132762,1.2856134399139396,1.2519572231126128,0.0265263287377267,0.0057227004944648,0.0045673148899106,1.282814404701729,1.250609857256286,-0.016169798782036,0.0580377559163154,-1.879842007155526,0,0,0
2021-10-05,1.2529682389770094,1.253502117261574,1.2506437049312658,1.2511775832158305,9994.0,-0.0014291310070565,-0.001430153188778,1.2614596632690152,1.2518458572388695,1.2144483747778927,40.4556307938086,1.267370020389127,1.2851442962558246,1.2495957445224293,0.0280490710380546,0.0055311106260776,0.0044207238846634,1.281992784757273,1.250609857256286,-0.0141978324992875,0.054764893449337,-1.8220080857004344,0,0,0
2021-10-06,1.2511775832158305,1.2535239717237436,1.246634469700395,1.2489808582083084,8247.0,-0.0017557259952466,-0.0017572690885623,1.260271205644186,1.2517335043357103,1.2147919815781951,38.66336977014295,1.2658134447559148,1.284326475319692,1.2473004141921378,0.0292508041220037,0.0054940947237996,0.0043988622305077,1.281992784757273,1.246634469700395,-0.0165780711220638,0.0544723001370841,-1.8184582464354908,0,0,0
2021-10-07,1.2489808582083084,1.2510472794073684,1.247312044562769,1.249378465761829,7896.0,0.0003183455942559,0.0003182949330487,1.2592338018458662,1.2516411498818327,1.2151361256994255,39.1885055084522,1.2647376225111526,1.2844680040898662,1.245007240932439,0.0312007506182011,0.0054211362822464,0.0043390665285245,1.281690368009346,1.246634469700395,-0.0171451234273306,0.0498766258903985,-1.5569041772505878,0,0,0
2021-10-08,1.249378465761829,1.2511420097736958,1.248467542433001,1.2502310864448678,7954.0,0.000682435872239,0.000682203118766,1.2583764003791045,1.2515858532764617,1.2154853292889325,40.36752349147639,1.2633105319364677,1.2828948257458048,1.24372623812713,0.0310047186566513,0.0051278865876634,0.0041015510198558,1.281690368009346,1.246634469700395,-0.0143056432976702,0.042893501623778,-1.3357076460284425,0,0,0
2021-10-11,1.2502310864448678,1.2520007382671738,1.2486947305334897,1.2504643823557955,9763.0,0.0001866022317451,0.0001865848237142,1.2576228748530751,1.2515418740246709,1.2158333795682048,40.706273600891805,1.2617994447003738,1.2803766307027122,1.2432222586980353,0.0294455447422546,0.004949461190503,0.0039580984955193,1.281690368009346,1.246634469700395,-0.013227824543302,0.0420764240298357,-1.2203207033779122,0,0,0
2021-10-12,1.2504643823557955,1.25275212379704,1.2491533796973302,1.2514411211385743,7460.0,0.0007811008426634,0.0007807959421619,1.2570341364040751,1.2515379229310983,1.216187685454477,42.18701088447559,1.2606877787883564,1.2789308428504953,1.2424447147262174,0.0289414466755159,0.0049083039622702,0.0039221213682067,1.274800091090675,1.246634469700395,-0.01179782908389,0.0394015031559293,-1.013717609967951,0,0,0
2021-10-13,1.2514411211385743,1.2536379489312697,1.2498113824508672,1.252008210243562,8660.0,0.0004531488500807,0.0004530462091471,1.2565554767697409,1.2515563655708029,1.2165441085867068,43.07585043750749,1.2597689356847996,1.2778054865319357,1.2417323848376636,0.0286346969451688,0.0047580575408604,0.0038003405264689,1.2746581054305106,1.246634469700395,-0.0073152655981971,0.0391313974400496,-0.8605553807944168,0,0,0
2021-10-14,1.252008210243562,1.253353741901664,1.249903903249575,1.2512494349076766,7309.0,-0.0006060466134946,-0.000606230333976,1.256050139449544,1.2515443290742096,1.2168894352167663,42.14224746386656,1.2590428686848618,1.2772306198804353,1.2408551174892883,0.0288913930541087,0.0047178477110458,0.0037705093640213,1.2746581054305106,1.246634469700395,-0.0009973575470554,0.037594088249735,-0.8569980635189224,0,0,0
2021-10-15,1.2512494349076766,1.2545421101663998,1.2500981776631808,1.253390852921904,5236.0,0.0017114237613105,0.001709960944427,1.2557968740659593,1.2516167417741193,1.217252633402887,45.71792028884044,1.2582636725267051,1.275989255934186,1.2405380891192248,0.0281746724387043,0.0047790468260634,0.0038128942898558,1.2746581054305106,1.246634469700395,-0.00072322515414,0.0368001493225036,-0.549806400475928,0,0,0
2021-10-18,1.253390852921904,1.2538908953517378,1.2517805796731694,1.2522806221030032,3729.0,-0.0008857818104485,-0.0008861743469746,1.2554619929266302,1.2516427762968207,1.2176011706038832,44.19300316960068,1.257199630046299,1.2735610928774197,1.2408381672151785,0.026028424508076,0.0046333744111735,0.0036999489805987,1.2742814354115812,1.246634469700395,-0.0005487903464876,0.0332343685604102,-0.6012919497564256,0,0,0
2021-10-19,1.2522806221030032,1.2578619447584645,1.2504963995704133,1.2560777222258743,2975.0,0.003032147951387,0.0030275602621497,1.2555206338122724,1.251816695745019,1.2179840218638036,50.29889707387406,1.2565436443666878,1.2719009190218349,1.2411863697115406,0.0244436788550824,0.0045502635500299,0.003622597128756,1.273569248393715,1.246634469700395,0.003916421678088,0.0344528411009781,-0.060677711543961,0,0,0
2021-10-20,1.2560777222258743,1.2573082355426544,1.2542080888749856,1.2554386021917654,6283.0,-0.0005088220440504,-0.0005089515379147,1.255512821276986,1.2519587312919502,1.2183567042551269,49.3207473954041,1.2558137945417278,1.2697972631599883,1.241830325923467,0.0222699713588726,0.0040207022437596,0.0032026275412754,1.273569248393715,1.246634469700395,0.0051704106920587,0.0341716484855352,-0.0536622722451652,0,0,0
2021-10-21,1.2554386021917654,1.2567530733928598,1.251117298878279,1.2524317700793737,4577.0,-0.0023950451317512,-0.0023979178401035,1.2552193878295943,1.2519772818326336,1.2186957596364625,44.89713640692489,1.25487673895988,1.2669010799896183,1.2428523979301416,0.0191641786900998,0.0040249074139895,0.0032136739981727,1.2717808396798935,1.246634469700395,0.0024438586074737,0.034288817734416,-0.4066699163737503,0,0,0
2021-10-22,1.2524317700793737,1.2538738469840929,1.2466103607419818,1.2480524376467013,5331.0,-0.0034966634808334,-0.0035027910968934,1.2545368211455092,1.251823366374362,1.2189878658853206,39.35999370251277,1.2538605597735168,1.264428293700198,1.2432928258468356,0.0168563144351394,0.0043041410213597,0.0034486860419707,1.26959510277748,1.2466103607419818,-0.0017425968861177,0.0353144770761385,-1.099218085374268,0,0,0
2021-10-25,1.2480524376467013,1.250115859518013,1.2449806019816916,1.2470440238530034,5732.0,-0.0008079899235639,-0.0008083165233602,1.253823221403366,1.251635941177446,1.2192670316362428,38.1919621021516,1.252851409001766,1.2617709373511174,1.2439318806524144,0.0142387649249775,0.0044667728217892,0.0035818886393346,1.268879222239274,1.2449806019816916,-0.0027352706330976,0.0353124770759993,-1.3021731466742377,0,0,0
2021-10-26,1.2470440238530034,1.2484126326476186,1.2439451492749256,1.2453137580695408,5102.0,-0.0013874937455027,-0.0013884572062499,1.253012796323954,1.2513880124281165,1.2195262030435392,36.20657263558086,1.251798013120068,1.2587482973288016,1.2448477289113349,0.0111044819306112,0.0042937714895995,0.0034479435096386,1.2680726241801834,1.2439451492749256,-0.0048962455888128,0.03536903852623,-1.86589637367042,0,0,0
2021-10-27,1.2453137580695408,1.2473052519351242,1.2413017030567317,1.2432931969223149,2337.0,-0.0016225317789455,-0.0016238495091981,1.2520871201904646,1.2510705686827908,1.219762690544821,33.984786990252715,1.2509009491955434,1.2573351709335687,1.244466727457518,0.0102873400842219,0.0044557939205847,0.0035838641533749,1.2621235521155625,1.2413017030567317,-0.0069608276127453,0.0334212736200605,-2.3647777720397385,0,0,0
2021-10-28,1.2432931969223149,1.244596456321475,1.2415975794826095,1.2429008388817695,1042.0,-0.0003155796569276,-0.0003156294626662,1.2512122362563032,1.2507501871219664,1.2199929208765317,33.554203946802986,1.2504210599464889,1.2577262790093038,1.2431158408836736,0.0116844146293053,0.0044789660275969,0.0036036390735938,1.2578619447584645,1.2413017030567317,-0.0066722076294267,0.0240462594499892,-2.058862574840023,0,0,0
2021-10-29,1.2429008388817695,1.2430390801605768,1.2403912887323838,1.240529530011191,3620.0,-0.0019078825891792,-0.0019097049153915,1.2501948356615304,1.250349377039191,1.220197265246031,30.997995671291363,1.2497326368079948,1.2580275026810186,1.241437770934971,0.0132746247136668,0.0044319505772047,0.0035726280350333,1.2578619447584645,1.2403912887323838,-0.010261222890474,0.0236154572894131,-2.218988694376314,0,0,0
2021-11-01,1.240529530011191,1.2434182821337405,1.2391921240171406,1.2420808761396902,5502.0,0.0012505515515501,0.0012497702632516,1.2494220776118314,1.2500251221019558,1.220415012618107,34.512875501025945,1.2491882686661289,1.2580018513147664,1.2403746860174911,0.0141108956427337,0.0044767658641254,0.003604246671955,1.2578619447584645,1.2391921240171406,-0.0081449363531507,0.0243667372353458,-1.612827112374657,0,1,0
2021-11-02,1.2420808761396902,1.246025160629192,1.2404711422231458,1.2444154267126477,9108.0,0.0018795479568232,0.0018777838167402,1.248945253716671,1.2498051340474732,1.2206538227086,39.50672166860434,1.2488501608409697,1.2578590768415632,1.2398412448403762,0.0144275370786307,0.0046001552873857,0.0036966395535114,1.2578619447584645,1.2391921240171406,-0.009284692584596,0.025385734292701,-0.9845211406188804,0,1,0
2021-11-03,1.2444154267126477,1.2458013366564982,1.236956181554021,1.2383420914978718,3644.0,-0.0048804724567098,-0.0048924208541456,1.247935428743452,1.2493556029670967,1.2208298253831202,32.55218721779089,1.248318222505448,1.2584775424921593,1.2381589025187365,0.0162768111584897,0.004985535033842,0.0040259755911321,1.2578619447584645,1.236956181554021,-0.0136179584282706,0.0298435099301846,-1.963936763607218,0,1,0
2021-11-04,1.2383420914978718,1.239306799348734,1.233971429310924,1.2349361371617864,9848.0,-0.002750414735532,-0.0027542040759073,1.2466974009737697,1.2487901337198295,1.2209701866943508,29.423985045694263,1.2475961060754457,1.2593638856086646,1.2358283265422267,0.0188647262938913,0.0050492091434556,0.0040886398830793,1.2578619447584645,1.233971429310924,-0.0139693301747513,0.0308010567298977,-2.1516325790981576,0,1,0
2021-11-05,1.2349361371617864,1.2356930607851146,1.2300123660839395,1.230769289707268,2567.0,-0.0033741400296981,-0.0033798452773194,1.2451804379960076,1.2480834339546314,1.221067690206917,26.117276015958183,1.2466230162385656,1.2605025245557706,1.232743507921361,0.0222673705465243,0.0053042362164989,0.0043096917195265,1.2578619447584645,1.2300123660839395,-0.0138480943733598,0.0319416407523867,-2.284479560654952,0,1,0
2021-11-08,1.230769289707268,1.231614985096443,1.2291536530863083,1.2299993484754834,3866.0,-0.0006255772208678,-0.0006257729759417,1.243734619946434,1.2473742541319195,1.221156562428495,25.545992195146116,1.2455997645445502,1.2611979623049503,1.2300015667841502,0.0250452805217147,0.0049539352752192,0.0040275917880439,1.2578619447584645,1.2291536530863083,-0.013668062274864,0.0317444082275796,-2.0002844314068717,0,1,0
2021-11-09,1.2299993484754834,1.2322206875433923,1.221279584962817,1.2235009240307262,2388.0,-0.0052832747048294,-0.0052972805535776,1.241807601287795,1.2464380451083434,1.2211798894096118,21.309287822676357,1.2442027546891576,1.2623883331164674,1.226017176261848,0.0292324998618944,0.0055140035547125,0.0045067424522632,1.2578619447584645,1.221279584962817,-0.0175159343558753,0.0348292505246191,-2.276730513816714,0,1,0
2021-11-10,1.2235009240307262,1.2235129341854043,1.2215286915770789,1.221540701731757,5880.0,-0.0016021420666454,-0.0016034268687199,1.239877420377696,1.2454616787014186,1.2211834795819714,20.219938539905822,1.2426793792635675,1.2630812757289849,1.2222774827981504,0.0328353343683993,0.0052531798471228,0.0043004542048214,1.2578619447584645,1.221279584962817,-0.0174958692321366,0.0343541169018499,-2.072226723397242,0,1,0
2021-11-11,1.221540701731757,1.2235893712101176,1.2195190422234368,1.2215677117017971,4882.0,2.211139588070843e-05,2.2111151427397997e-05,1.2381336385990391,1.244524660387708,1.2211873027871438,20.28041226495654,1.2411952931032737,1.263225578339039,1.219165007867508,0.0354984994838075,0.0050250971860207,0.0041136460450646,1.2578619447584645,1.2195190422234368,-0.0171639816408569,0.0345767842187032,-1.7818726531612354,0,1,0
2021-11-12,1.2215677117017971,1.222851212115521,1.214505509945668,1.2157890103593916,9072.0,-0.0047305616275297,-0.0047417861470298,1.2360055787666917,1.2433977721513036,1.2211335884346288,17.265100065377084,1.2393152009751478,1.263294958079932,1.2153354438703636,0.038698399060894,0.0052544146598444,0.0043218145706804,1.2578619447584645,1.214505509945668,-0.0199435152918738,0.0349482095407423,-1.9621708854642717,0,1,0
2021-11-15,1.2157890103593916,1.2165928882680908,1.2128548871698652,1.2136587650785644,1305.0,-0.0017521504658094,-0.0017536872768486,1.2338773107963938,1.2422315365798238,1.2210592120828272,16.30281833515302,1.237384108123926,1.2631235095491549,1.2116447066986968,0.0416029287207415,0.0052023087830967,0.0042864674427329,1.2578619447584645,1.2128548871698652,-0.0228826573270011,0.0348750768943907,-1.8435038681285305,0,1,0
2021-11-16,1.2136587650785644,1.2191268922631235,1.2121289116350125,1.2175970388195716,4432.0,0.0032449596660328,0.0032397061463209,1.2323268087033632,1.2412654778441277,1.2210247625976207,24.662769885650988,1.2354600739536106,1.261068433961542,1.2098517139456793,0.0414555849238926,0.0052733396223623,0.0043309399203817,1.2573082355426544,1.2121289116350125,-0.0215509927933967,0.0352530952641549,-1.3950940340190918,0,1,0
2021-11-17,1.2175970388195716,1.2176666818830668,1.2147574344993108,1.214827077562806,7289.0,-0.0022749408617575,-0.0022775324709709,1.230660167642358,1.2402286778330955,1.2209630940898115,22.928112503649476,1.2334294977221627,1.2588070992793208,1.2080518961650046,0.0411496589047435,0.0052669375184259,0.0043355450464542,1.2567530733928598,1.2121289116350125,-0.0189891097916428,0.0351169833677909,-1.4660502977366356,0,1,0
2021-11-18,1.214827077562806,1.2160742024296145,1.2116591410607835,1.212906265927592,6996.0,-0.0015811399586742,-0.0015823912796417,1.2289693198599991,1.2391572106995463,1.2208829266454115,21.78390858656228,1.2314532225145736,1.2567560663464408,1.2061503786827064,0.0410942833544256,0.0053931710856143,0.0044464862925659,1.2538738469840929,1.2116591410607835,-0.0178388748788459,0.0350036911261888,-1.4659977914121252,0,1,0
2021-11-19,1.212906265927592,1.2134998793455354,1.208590228843332,1.2091838422612755,1346.0,-0.003069011819697,-0.0030737308942088,1.2270849886601205,1.237981784486281,1.220766517845569,19.729113992187223,1.2295097927453025,1.2554082341611417,1.2036113513294633,0.0421280766833292,0.0054419919703003,0.0045005496931908,1.250115859518013,1.208590228843332,-0.0175381752100155,0.0347281524165531,-1.5696659237258868,0,1,0
2021-11-22,1.2091838422612755,1.2098268621134995,1.2090467570439356,1.2096897768961596,9365.0,0.000418410019388,0.0004183225103247,1.2254283018254577,1.236872293992551,1.2206563015177143,20.822286890554352,1.22764208039746,1.2536039179828251,1.201680242812095,0.0422954507668225,0.0051009981605515,0.0042167820692341,1.2484126326476186,1.208590228843332,-0.0165118555587011,0.0353561703918773,-1.3829763353438649,0,1,0
2021-11-23,1.2096897768961596,1.2123369013022791,1.2084578947396656,1.211105019145785,3206.0,0.0011699216416101,0.0011692378165821,1.2240641796654887,1.2358618126260112,1.220561263882173,23.94256657254849,1.2259316434512724,1.251495825274985,1.2003674616275597,0.0417057214572645,0.004746273264847,0.0039189609404762,1.2473052519351242,1.2084578947396656,-0.0101315043098649,0.0366232019221087,-1.1599529691761583,0,1,0
2021-11-24,1.211105019145785,1.217953987805318,1.210430221466406,1.217279190125939,4652.0,0.0050979649844971,0.0050850143569214,1.2234179901855315,1.235133082331891,1.2205286064318623,35.82462156243774,1.2246309431114537,1.249099440992518,1.2001624452303894,0.0399606069382772,0.0049025872863543,0.0040274961784626,1.246025160629192,1.2084578947396656,-0.0034886366043935,0.043228990937486,-0.6009157588054548,0,1,0
2021-11-25,1.217279190125939,1.218370444726254,1.2096798625704752,1.2107711171707902,8631.0,-0.0053464094415969,-0.0053607526344522,1.2222135260888896,1.2341777111491026,1.2204315169864786,30.42842448846416,1.2230244570259048,1.2466467026895756,1.199402211362234,0.0386292285946828,0.0051175792473974,0.0042267107092509,1.246025160629192,1.2084578947396656,-0.0088383103348124,0.0457078593211856,-1.0374407268111092,0,1,0
2021-11-26,1.2107711171707902,1.2116485731476332,1.2070926482904574,1.2079701042673003,3282.0,-0.0023134123896472,-0.0023160924622961,1.2208570097249287,1.2331499618596202,1.2203075228300688,28.44267692148246,1.2213964857387103,1.2444193575470803,1.1983736139303405,0.0376992599490666,0.0052671930221861,0.0043603670352263,1.246025160629192,1.2070926482904574,-0.0064311373317809,0.0458014054598824,-1.1663515814329228,0,1,0
2021-11-29,1.2079701042673003,1.2091295950956729,1.206981630820987,1.2081411216493596,7921.0,0.0001415741842079,0.0001415641635288,1.2196459727653508,1.2321692230278454,1.220186464111853,28.74841457844498,1.2196994980141935,1.24125976995411,1.1981392260742771,0.035353416107851,0.0046391117146225,0.0038398756829742,1.246025160629192,1.206981630820987,-0.004546288947081,0.0451386655613989,-1.072192075966808,0,1,0
2021-11-30,1.2081411216493596,1.2204467468967302,1.207580956810948,1.219886582058319,7504.0,0.0097219275120146,0.009674973650818,1.2196688879361095,1.231687550832962,1.220183480210823,45.85812364869968,1.2184730557814771,1.236636581738119,1.2003095298248352,0.029813586554842,0.0054163651058694,0.0044400563015706,1.2458013366564982,1.206981630820987,0.0018803784550649,0.0590814104860861,0.1556444800657944,0,1,0
2021-12-01,1.219886582058319,1.2215582533546638,1.2153479715040552,1.2170196428004003,3574.0,-0.0023501686960774,-0.0023529346770584,1.219416578875566,1.231112338753254,1.220151999241565,43.13533225068702,1.2174069333466035,1.2329781040436592,1.201835762649548,0.0255808805922454,0.0055692188818643,0.0045761125671311,1.239306799348734,1.206981630820987,0.0018048373123136,0.0575329921357652,-0.0497445636860776,0,0,0
2021-12-02,1.2170196428004003,1.2191384115463362,1.2160046553211836,1.2181234240671197,1754.0,0.0009069543562825,0.0009065433216879,1.2192934212747617,1.230602969549876,1.2201318144139588,44.50157526983028,1.2165662976918703,1.2297914607225493,1.2033411346611913,0.0217417876128418,0.0051969370286714,0.0042663468462987,1.2356930607851146,1.206981630820987,0.0043013695996843,0.0574052492046923,0.2354793467025009,0,0,0
2021-12-03,1.2181234240671197,1.2268115296514197,1.216670715143495,1.225358820727795,3339.0,0.0059397894480328,0.005922218443071,1.2198710783655264,1.2303973166548925,1.220183824427032,52.54960055503047,1.2162957742428966,1.2284778859953769,1.2041136624904163,0.0200314956451497,0.0056542808436499,0.0046143878413439,1.2322206875433923,1.206981630820987,0.0133767735733807,0.0610124563944342,1.4879269980515786,0,0,0
2021-12-06,1.225358820727795,1.226829912896651,1.2244239476849093,1.2258950398537656,6505.0,0.0004376017186966,0.0004375059989882,1.220444788983454,1.2302207567803385,1.2202406524412284,53.09249530926896,1.2160905588118107,1.2274083041528228,1.204772813470799,0.0186133265471119,0.0053262797424807,0.0043448089512753,1.2322206875433923,1.206981630820987,0.013396213861694,0.0610338753773326,1.732585554196294,0,0,0
2021-12-07,1.2258950398537656,1.229868026928849,1.2247060680783464,1.2286790551534297,3624.0,0.002271006251886,0.0022684314147652,1.221229004809166,1.2301602978930086,1.22032461664732,55.91283821347606,1.2163494653679456,1.2285810038388782,1.204117926897013,0.0201118820194204,0.0054871877043911,0.0044659243448289,1.229868026928849,1.206981630820987,0.0145107449228802,0.0584599118182912,2.016032539943283,0,0,0
2021-12-08,1.2286790551534297,1.229450173324311,1.2213906499095963,1.2221617680804775,9845.0,-0.0053043038746503,-0.0053184216398554,1.2213178394064337,1.229846630057223,1.220342896761083,48.55318686010353,1.216380518685382,1.2286705632243335,1.2040904741464304,0.0202075655605437,0.0057475064219543,0.0047027378634019,1.229868026928849,1.206981630820987,0.0040110584277988,0.0613919013977906,0.9408020250492788,0,0,0
2021-12-09,1.2221617680804775,1.2281809707889133,1.220741366755264,1.2267605694636996,4339.0,0.003762841796667,0.0037557800168368,1.221836194649983,1.2297256080731631,1.22040675420091,53.231229160172695,1.216640161573477,1.229593152444021,1.2036871707029333,0.0212930516017022,0.0059282173884861,0.0048324159873167,1.229868026928849,1.206981630820987,0.0132060073668356,0.0628032381249466,1.5626364584626329,0,0,0
2021-12-10,1.2267605694636996,1.228837815835026,1.2255277413783658,1.2276049877496922,6753.0,0.0006883317796575,0.0006880949879926,1.2223856035166218,1.229642446491851,1.220478378415326,54.05730476286308,1.217230960442992,1.231068186799834,1.20339373408615,0.0227355806852073,0.0061089294875644,0.004976299011918,1.229868026928849,1.206981630820987,0.0162544448848769,0.0600224459805084,1.4994373928949212,0,0,0
2021-12-13,1.2276049877496922,1.2288829472242897,1.2263739726809466,1.227651932155544,7559.0,3.824064444191144e-05,3.8239913287107606e-05,1.222887158625091,1.2295643871061137,1.2205497570595072,54.10583721024302,1.2179306187968408,1.2324076248366178,1.203453612757064,0.0237731210897356,0.0060110700576165,0.0048963960387877,1.229868026928849,1.206981630820987,0.0161494465808331,0.0594691087605701,1.3430005253838877,0,0,0
2021-12-14,1.227651932155544,1.2286104589427946,1.225377710920734,1.2263362377079847,8779.0,-0.001071716186891,-0.0010722908853294,1.223215642347271,1.2294377930120692,1.2206073339813828,52.43403505303395,1.2183675787412618,1.2333218744960457,1.203413282986478,0.0245480855132955,0.00570456874927,0.0046517166938912,1.229868026928849,1.206981630820987,0.0052870945090515,0.0588745074114828,1.065735103463341,0,0,0
2021-12-15,1.2263362377079847,1.2282671931807323,1.221866951544157,1.2237979070169045,6606.0,-0.0020698488824112,-0.0020719939801391,1.2232710961253317,1.229216621012259,1.220639080976761,49.27095911443959,1.218816120213967,1.233861151530575,1.2037710888973585,0.0246879427783859,0.0055409729978983,0.0045276862839264,1.229868026928849,1.206981630820987,0.005569560242189,0.0587569566130958,0.662250107440901,0,0,0
2021-12-16,1.2237979070169045,1.225929582071528,1.2187896885687446,1.220921363623368,2751.0,-0.0023505052403205,-0.0023532720141574,1.2230473120775254,1.22889131680093,1.2206418897593148,45.8923058088952,1.2192168750987555,1.2340242002940216,1.2044095499034897,0.024289895420069,0.0057255421868703,0.0046895257610026,1.229868026928849,1.206981630820987,0.0022969261578655,0.0591586700084763,0.2302223395697965,0,0,0
2021-12-17,1.220921363623368,1.2261179844294838,1.219386707864097,1.2245833286702128,2009.0,0.0029993455401395,0.0029948564772322,1.223193599372067,1.2287223760899215,1.2206811080569355,50.54192876917881,1.2199868494192023,1.2341865532283145,1.2057871456100904,0.0232784538880431,0.0060529216362061,0.0049428417768671,1.229868026928849,1.206981630820987,-0.0006328693640297,0.0584434818306535,0.6474049477089691,0,0,0
2021-12-20,1.2245833286702128,1.2256746159350849,1.217426641254304,1.218517928519176,8404.0,-0.0049530317856141,-0.0049653387020654,1.2227482973860773,1.2283222016753828,1.2206595838824308,43.82446570892256,1.220428257000353,1.2338052305962297,1.2070512834044764,0.0219217697052597,0.005723077678706,0.0046967529527128,1.229868026928849,1.206981630820987,-0.0060177348751403,0.0617305845238716,-0.285614450456247,0,0,0
2021-12-21,1.218517928519176,1.21893720890538,1.2173071017593826,1.2177263821455866,6298.0,-0.000649597642401,-0.0006498087223658,1.2222700197441256,1.2279066793408808,1.220630397795497,43.02087609499851,1.2207593251503432,1.2334762140326787,1.2080424362680078,0.0208343915468666,0.0053959223426623,0.0044311451421089,1.229868026928849,1.206981630820987,-0.008914185492057,0.0617560506351577,-0.4769944965029319,0,0,0
2021-12-22,1.2177263821455866,1.2188921988360473,1.2057464551590276,1.2069122718494882,6906.0,-0.0088805748603757,-0.0089202421856941,1.2208073770874937,1.227083369243179,1.2204938990298653,33.88045782269549,1.2202409792365203,1.2343266000801738,1.2061553583928672,0.0230866215498947,0.00611106430351,0.0050633873281819,1.229868026928849,1.2057464551590276,-0.012477477719615,0.0670021174237795,-1.8925267881305945,0,0,0
2021-12-23,1.2069122718494882,1.208110857999402,1.202555938031553,1.203754524181467,5728.0,-0.0026163854172951,-0.0026198141354923,1.2191832958583482,1.2261685125740924,1.2203273380861002,31.758585342737035,1.2198901495870544,1.2352598784001774,1.2045204207739315,0.0251985456531897,0.0057835004077903,0.0048045513363474,1.229868026928849,1.202555938031553,-0.0187534926169744,0.0650105256247126,-2.09966299363862,0,0,0
2021-12-24,1.203754524181467,1.205753259864398,1.1990236119860007,1.201022347668932,3740.0,-0.002269712352186,-0.0022722920534593,1.2174536817450703,1.2251823884601645,1.220135248629213,30.00746751937072,1.219542761757136,1.2362984588602677,1.2027870646540044,0.0274786545065294,0.00609233488398,0.0050726240821452,1.229868026928849,1.1990236119860007,-0.0216540665328253,0.0649926025055192,-2.2106408314987345,0,1,0
2021-12-27,1.201022347668932,1.205324792386971,1.199383683723212,1.2036861284412508,3965.0,0.0022179277325595,0.0022154717616197,1.2161424861923258,1.2243393978711876,1.219971575791522,33.837817454496474,1.219320012096731,1.2368160065583178,1.2018240176351436,0.0286979534297992,0.0061479884420697,0.0051076342052984,1.229868026928849,1.1990236119860007,-0.0195216600785316,0.0655866007044521,-1.787138615047523,0,1,0
2021-12-28,1.2036861284412508,1.2061697318650462,1.2022664053645338,1.2047500087883292,7996.0,0.0008838519626841,0.000883461595539,1.215057488344326,1.2235711865346048,1.219820117413381,35.359316467071764,1.2185631834332311,1.2372265720679327,1.19989979479853,0.0306317947045115,0.0058511172339124,0.0048567065293464,1.229868026928849,1.1990236119860007,-0.017602210760729,0.054453494485037,-1.4802429414365803,0,1,0
2021-12-29,1.2047500087883292,1.2048962725132215,1.1992379363611465,1.1993842000860386,2711.0,-0.0044538772883572,-0.004463825349091,1.2135647942244892,1.222622677262112,1.2196167749524125,31.433084664783536,1.217681411297513,1.2382236927286292,1.1971391298663967,0.0337399934671372,0.0057238838138,0.0047723521898899,1.229868026928849,1.1990236119860007,-0.0199491327701123,0.0558352848709867,-1.7814195831003212,0,1,0
2021-12-30,1.1993842000860386,1.2056631012893306,1.1984455780898984,1.2047244792931904,5390.0,0.0044525175558995,0.0044426344252891,1.2127228594691275,1.221920787145684,1.2194685929060518,38.72540873234446,1.2170114640588163,1.238351519926156,1.1956714081914772,0.0350696053366149,0.0060029872954266,0.0049828715184309,1.229868026928849,1.1984455780898984,-0.0132661159127477,0.0585605371520759,-1.1515419492815135,0,1,0
2021-12-31,1.2047244792931904,1.209855655258831,1.2034892107535766,1.2086203867192171,7830.0,0.0032338576105905,0.0032286399388465,1.21233214777866,1.2213992028152345,1.2193606505559342,43.45049261118387,1.2161745423583876,1.2374490068288944,1.1949000778878809,0.0349858737040352,0.0062785208641345,0.0051947831867849,1.229868026928849,1.1984455780898984,-0.0130354068827066,0.0552813339658686,-0.7101617669053695,0,1,0
2022-01-03,1.2086203867192171,1.219276520296223,1.2061971718622553,1.216853305439261,2185.0,0.0068118317467669,0.0067887360442652,1.212762734222527,1.221220932329902,1.2193357018483058,51.89293066389469,1.215722455637663,1.2365057914856503,1.1949391197896748,0.0341909220342347,0.006981849464985,0.0057376262477791,1.229868026928849,1.1984455780898984,-0.0013661047088063,0.0612962583162397,0.1088227423999171,0,1,0
2022-01-04,1.216853305439261,1.2238894640176734,1.2162956135251597,1.223331772103572,5942.0,0.0053239504181421,0.0053098282955931,1.2137693092588169,1.2213037103602422,1.2193754637413932,57.29567042163741,1.2154550914851696,1.235666328780946,1.1952438541893933,0.0332570696151021,0.0070671072404092,0.0057769342720961,1.229450173324311,1.1984455780898984,0.0046031604801966,0.0639373056559197,0.7794357666611873,0,0,0
2022-01-05,1.223331772103572,1.2295112622629485,1.222405790380492,1.2285852805398685,8005.0,0.004294426545681,0.0042852318106798,1.2151803541427266,1.221589262131992,1.2194671037095373,61.10989413911084,1.2157762671081391,1.2366301765733316,1.1949223576429466,0.0343055050988877,0.007064648553243,0.0057502305010024,1.2295112622629485,1.1984455780898984,0.0179574018724395,0.062863891905297,1.228452003506485,0,0,0
2022-01-06,1.2285852805398685,1.2300850231471374,1.2257553282987577,1.2272550709060266,7330.0,-0.0010827165642561,-0.0010833031252598,1.2163303271678028,1.2218114507113662,1.2195445959204476,59.65694437955706,1.2158009921802555,1.2367108343691178,1.1948911499913932,0.0343968171162047,0.0068931070020282,0.0056166865107669,1.2300850231471374,1.1984455780898984,0.0195227068745929,0.0616336418692844,1.0955681656815344,0,0,0
2022-01-07,1.2272550709060266,1.2304826308490506,1.226452810337691,1.229680370280715,6753.0,0.0019761982917683,0.0019742481807055,1.2176017598452231,1.2221200357925173,1.2196454493966693,61.45632142677463,1.2159047613068066,1.2370801670564495,1.1947293555571636,0.0348306979682922,0.006591810275641,0.0053605883569046,1.2304826308490506,1.1984455780898984,0.0238613566745076,0.0619853695232025,1.3010951607518306,0,0,0
2022-01-10,1.229680370280715,1.235485847586768,1.229091840611152,1.234897317917205,9932.0,0.0042425233114022,0.0042335491823926,1.2192489558520785,1.22262110567976,1.2197972092824458,65.0657663116236,1.2162670305948895,1.2385096449530255,1.194024416236754,0.0365752154726362,0.0069320888348994,0.0056134941215932,1.235485847586768,1.1984455780898984,0.0259296744711778,0.0637098149540751,1.6751886286695148,0,0,0
2022-01-11,1.234897317917205,1.2358805828369803,1.2329592825702946,1.2339425474900705,4382.0,-0.0007731577462205,-0.0007734567868177,1.2206483455318873,1.2230650837899684,1.2199379589163526,63.88662897543491,1.216647346083994,1.2398540971990553,1.1934405949689326,0.038148689823319,0.006201771448447,0.0050259807160891,1.2358805828369803,1.1984455780898984,0.0242312002397089,0.0636332059430088,1.4905318991292649,0,0,0
2022-01-12,1.2339425474900705,1.2348104761534715,1.2311506375467898,1.232018566210191,8274.0,-0.0015592146358781,-0.0015604314760596,1.2217312236917257,1.223416200747624,1.2200581639640524,61.46918796902609,1.2170583790436582,1.2410754479164283,1.193041310170888,0.0394674064717294,0.0060664084940779,0.0049239586646318,1.2358805828369803,1.1984455780898984,0.0272092679908666,0.0634045887747352,1.245796249807512,0,0,0
2022-01-13,1.232018566210191,1.2326064088365958,1.230441197517559,1.231029040143964,2682.0,-0.000803174638245,-0.0008034973558054,1.2226167300205102,1.2237147434690492,1.2201673269111164,60.20734170986829,1.217563762869688,1.2423365898862797,1.1927909358530966,0.0406924512244091,0.0057403773112664,0.0046630722136296,1.2358805828369803,1.1984455780898984,0.0218345034926212,0.0627676641442161,1.0871005771975542,0,0,0
2022-01-14,1.231029040143964,1.2348897007623432,1.230275349154376,1.2341360097727554,1905.0,0.0025238800446398,0.0025207004082901,1.2237138042826288,1.2241234205789984,1.2203063187803864,62.790200988130415,1.2180413969248154,1.2437353197366905,1.1923474741129405,0.04218891554383,0.0056456089501385,0.0045745435717235,1.2358805828369803,1.1984455780898984,0.0211113624541778,0.062530739223088,1.2527952983887365,0,0,0
2022-01-17,1.2341360097727554,1.238077813890932,1.2324445814712237,1.2363863855894002,1460.0,0.0018234423101057,0.0018217818573634,1.2249207167880356,1.2246043211676416,1.2204663194451528,64.5833170620551,1.2189348197783263,1.2459092379469197,1.1919604016097334,0.0442590001219239,0.0057691736586524,0.0046661575425729,1.238077813890932,1.1984455780898984,0.0160521240011655,0.0593900882824667,1.2939345495424188,0,0,0
2022-01-18,1.2363863855894002,1.2370724241499975,1.2333123458219557,1.2339983843825533,5397.0,-0.0019314360257278,-0.0019333036534784,1.225785256558942,1.2249727158035206,1.220600966857465,61.21235149719623,1.219748419890175,1.2475386230977823,1.191958216682567,0.045567106715514,0.0056335838140786,0.0045653089058925,1.238077813890932,1.1984455780898984,0.0087193127181186,0.0599579742219114,1.0255387041198496,0,0,0
2022-01-19,1.2339983843825533,1.2345584027241092,1.2312997333025018,1.2318597516440577,4433.0,-0.0017330920085164,-0.0017345955499062,1.2263637799003817,1.2252427956404044,1.2207129945667847,58.278560720134486,1.2209957938799032,1.2485990047760662,1.1933925829837402,0.0452142604168185,0.005350808544234,0.0043436832294364,1.238077813890932,1.1984455780898984,0.002665237127658,0.049272304676141,0.7871517415145822,0,0,0
2022-01-20,1.2318597516440577,1.2324411417979717,1.2307992696532437,1.2313806598071575,9599.0,-0.0003889175178105,-0.0003889931658429,1.2268415779867412,1.2254834961959635,1.2208191404895743,57.61240869562921,1.222377100661188,1.2490983748073694,1.1956558265150063,0.0437201811645979,0.0050133390899107,0.0040713154376615,1.238077813890932,1.1984455780898984,0.0033616393192696,0.0476963043301254,0.6738869633771735,0,0,0
2022-01-21,1.2313806598071575,1.2323737460891662,1.2283313634980408,1.2293244497800495,3727.0,-0.0016698410931921,-0.0016712368318212,1.2270780419670564,1.225634121826712,1.2209037704327634,54.72136382530838,1.2237922057667436,1.24868699732601,1.1988974142074773,0.0406846708811468,0.0043678415297076,0.0035530421041322,1.238077813890932,1.1984455780898984,-0.0002894414754172,0.0471722751832582,0.444449916371897,0,0,0
2022-01-24,1.2293244497800495,1.2332312739496147,1.2283447187408902,1.2322515429104557,2717.0,0.0023810582559629,0.0023782280284877,1.2275707563426184,1.2258936285358786,1.2210166835917455,57.95580040248461,1.225220476490204,1.2484824738090938,1.201958479171314,0.037971936912982,0.0041744632951513,0.0033876713883365,1.238077813890932,1.1984455780898984,-0.0021425060758993,0.0472238910211285,0.6045109819131471,0,0,0
2022-01-25,1.2322515429104557,1.233532155714998,1.2245688465391344,1.2258494593436768,7335.0,-0.0051954356264448,-0.0052089788310499,1.2274068232951,1.2258918964106942,1.2210647709126603,49.60874946688997,1.226275449017971,1.2474485138201834,1.2051023842157589,0.0345323146103401,0.0043071659589661,0.0035136173745772,1.238077813890932,1.1984455780898984,-0.0065587236317082,0.0523749405765249,-0.0402388296898501,0,0,0
2022-01-26,1.2258494593436768,1.2274070698456854,1.22240806942275,1.2239656799247585,6045.0,-0.0015367135047128,-0.0015378954599502,1.2270790953550674,1.225816358509285,1.22109363567895,47.44350797240906,1.227504523009907,1.2445580116414576,1.210451034378357,0.0277856224753196,0.0043549735000057,0.0035580846517473,1.238077813890932,1.1984455780898984,-0.0065363351708278,0.0493771860257169,-0.4150286386096649,0,0,0
2022-01-27,1.2239656799247585,1.225365851143448,1.2156663256794782,1.2170664968981677,6121.0,-0.0056367454902942,-0.0056526918922612,1.2261255145496486,1.225473226681398,1.2210535646463052,40.47571972711773,1.228121623890156,1.2423661628721934,1.2138770849081186,0.023197277378631,0.0047599524251922,0.0039110044006005,1.238077813890932,1.2034892107535766,-0.011342172110061,0.0529331574776576,-1.552191616159578,0,0,0
2022-01-28,1.2170664968981677,1.21713359439835,1.2149911346321918,1.215058232132374,7974.0,-0.0016500863107414,-0.0016514492026237,1.225071487652765,1.2250647955226126,1.2209939095964153,38.69427304673955,1.2284435161608138,1.2410266242338417,1.215860408087786,0.0204862623433483,0.0044562704816595,0.003667536554062,1.238077813890932,1.2061971718622553,-0.0154584077357035,0.0524426756238425,-2.127500447545479,0,0,0
2022-01-31,1.215058232132374,1.2194574861790448,1.21307764227337,1.2174768963200409,8010.0,0.0019905747096764,0.001988596141063,1.2243481932401248,1.224767230848002,1.2209589144394364,42.00488984724852,1.228474695704853,1.2409394140357497,1.216009977373956,0.020292999724744,0.0047033093130158,0.0038631610400428,1.238077813890932,1.21307764227337,-0.0152941584360336,0.0469743162414607,-1.7646286250290042,0,0,0
2022-02-01,1.2174768963200409,1.2191545070441296,1.2108157827084844,1.2124933934325732,3267.0,-0.0040933038668173,-0.0041017043667931,1.2232191646870243,1.224285903890534,1.2208746803995671,37.51018759457438,1.2279327767713029,1.2421571631783033,1.2137083903643024,0.0231680213706839,0.0050375154365132,0.0041546745440418,1.238077813890932,1.2108157827084844,-0.0174270819331261,0.0447381470662706,-2.1708329480041817,0,0,0
2022-02-02,1.2124933934325732,1.2130962177527835,1.205841501187629,1.206444325507839,9882.0,-0.004988949183145,-0.0050014355366214,1.2216215609556735,1.2235862341500363,1.220731094778754,32.907287085271975,1.2268257290197015,1.2439807450617386,1.2096707129776645,0.0279665084229115,0.0054010515255217,0.0044768344558694,1.238077813890932,1.205841501187629,-0.0206317530078394,0.0438320125801776,-2.3761450833877817,0,0,0
2022-02-03,1.206444325507839,1.2076857395688625,1.203108786155503,1.2043502002165265,4397.0,-0.001735782785029,-0.0017372910015109,1.2199766694567071,1.222831879878134,1.2205681008030105,31.46767370657625,1.2256804854852263,1.2455571188897994,1.205803852080653,0.0324336295469437,0.0053983802259068,0.0044824007377059,1.238077813890932,1.203108786155503,-0.021951343295309,0.0439282757296132,-2.146267412044988,0,0,0
2022-02-04,1.2043502002165265,1.2056261168233084,1.2024620074021328,1.2037379240089148,3266.0,-0.0005083871846425,-0.0005085164572228,1.218430122271203,1.2220830972950274,1.220400636357298,31.040104544878915,1.2243833631716363,1.2464285752712727,1.2023381510720004,0.0360103097816199,0.0052220142974402,0.0043381654704779,1.238077813890932,1.2024620074021328,-0.0208134848173829,0.0426076933665475,-1.8730088936692488,0,1,0
2022-02-07,1.2037379240089148,1.2047561287465298,1.198609646878373,1.1996278516159875,2182.0,-0.0034144246109975,-0.0034202670615719,1.2166394298278491,1.221202499425261,1.220193941981763,28.26384683154876,1.2226198898565754,1.2466748899223965,1.1985648897907544,0.0393499243148137,0.0053924716931627,0.0044951204541464,1.238077813890932,1.198609646878373,-0.0264748634174267,0.0384279329754702,-1.911622380185009,0,1,0
2022-02-08,1.1996278516159875,1.2003863684906313,1.1988826220800166,1.1996411389546602,6771.0,1.1076217224070817e-05,1.1076155883229768e-05,1.2150205449827836,1.2203569558773943,1.2199894364790058,28.28617806377788,1.220904819429805,1.2464083608538294,1.1954012780057808,0.0417780993541088,0.0052671200495204,0.004390579714622,1.238077813890932,1.198609646878373,-0.0213797217833326,0.038709575585108,-1.6675080626343626,0,1,0
2022-02-09,1.1996411389546602,1.2031019775852103,1.198364048128152,1.2018248867587025,8799.0,0.0018203342092328,0.0018186794088051,1.2137638156281092,1.2196302080688184,1.2198086946907445,32.031028376641615,1.2193951354572308,1.245690986716306,1.1930992841981556,0.0431293360034853,0.0054882670004012,0.0045666112100598,1.238077813890932,1.198364048128152,-0.0180893905190356,0.0403557274219046,-1.3363513905992683,0,1,0
2022-02-10,1.2018248867587025,1.2030431245430024,1.198606939449214,1.199825177233514,9651.0,-0.0016638942554947,-0.0016652800649817,1.212436326257195,1.218853540192924,1.2196098537210207,30.46231494265892,1.2178349423117083,1.244915494636125,1.1907543899872917,0.0444732720068156,0.0055163957505914,0.0045976662727738,1.238077813890932,1.198364048128152,-0.0141662922351368,0.0403487170980886,-1.3300884607110577,0,1,0
2022-02-11,1.199825177233514,1.2021325331628248,1.1984571873515444,1.2007645432808551,1392.0,0.0007829190995201,0.0007826127782346,1.2113247278784962,1.2181441677649998,1.219422338194253,32.14350488988653,1.2161663689871132,1.2431300227936353,1.189202715180591,0.0443420480850475,0.0054298807936311,0.0045220195949449,1.238077813890932,1.198364048128152,-0.0117637891530795,0.0386076233378311,-1.1424138447091725,-1,1,0
2022-02-14,1.2007645432808551,1.2069404738868126,1.1999155445851557,1.206091475191113,1596.0,0.0044362834829407,0.0044264721838044,1.2108263228606502,1.2176715131542593,1.219289692791237,40.8733545707039,1.214651623467199,1.2401990975833257,1.1891041493510723,0.0420655167663659,0.0052914250883306,0.0043872502187217,1.2370724241499975,1.198364048128152,-0.0093516527199338,0.0423991301322902,-0.6701365651395221,-1,1,0
2022-02-15,1.206091475191113,1.209932701892831,1.2048022681314463,1.2086434948331646,8903.0,0.0021159420280683,0.0021137065755717,1.21061843447708,1.2173174732200986,1.2191837604732465,44.553627526470606,1.2133838789897295,1.237356915337419,1.1894108426420398,0.0395143478709307,0.0053008131839341,0.0043857541174007,1.2345584027241092,1.198364048128152,-0.0031751914033193,0.0439255321576261,-0.3954763249688887,-1,1,0
2022-02-16,1.2086434948331646,1.2101576965191867,1.2040930143372257,1.2056072160232478,3811.0,-0.0025121376343781,-0.0025152983466643,1.210141175576715,1.2168582474476732,1.2190486704787191,41.26285134605172,1.212071252208689,1.2346171799583223,1.1895253244590556,0.0372023141519926,0.0050411815209335,0.0041814460414081,1.233532155714998,1.198364048128152,-0.0006938649939265,0.0441763404156667,-0.5734105295841048,-1,1,0
2022-02-17,1.2056072160232478,1.2063932019937167,1.2016107317722449,1.2023967177427135,5275.0,-0.0026629720176394,-0.0026665240349726,1.2094036081639532,1.216291128635714,1.218882979406719,38.06161347330356,1.2106220551054667,1.2316145576587485,1.1896295525521852,0.0346805222402011,0.005229753696313,0.0043494410947254,1.233532155714998,1.198364048128152,-0.0016220219612713,0.0444460693113448,-0.7836452411403659,-1,1,0
2022-02-18,1.2023967177427135,1.2068625836138371,1.201671869231007,1.2061377351021307,7069.0,0.0031113003755034,0.003106470296448,1.2090925726342558,1.2158929563402794,1.2187561610554296,43.55668314261756,1.209462719371571,1.2285839552864597,1.1903414834566826,0.0316193886899196,0.0051448158732527,0.0042655293201792,1.233532155714998,1.198364048128152,0.0019936325385709,0.0469274254453268,-0.3477792214101931,-1,1,0
2022-02-21,1.2061377351021307,1.2074681045438644,1.204850395955192,1.2061807653969256,8199.0,3.567610360133422e-05,3.567546722428572e-05,1.208815257659272,1.2155120861072068,1.2186310327404195,43.61864409895379,1.2081591804958944,1.2240148410851843,1.1923035199066043,0.0262476349892604,0.0047361718913261,0.0039265854896695,1.233532155714998,1.198364048128152,0.0054624555207771,0.0454357955648468,-0.2495531596211318,-1,1,0
2022-02-22,1.2061807653969256,1.207211192116147,1.200942635158262,1.201973061877483,7112.0,-0.0034884518474788,-0.0034945506834195,1.2081636199657686,1.2149811439805511,1.2184652817865598,39.09879018674579,1.2069653606225847,1.2206611329282706,1.1932695883168989,0.0226945573626424,0.0046657319193782,0.0038817275256488,1.2274070698456854,1.198364048128152,0.0019438504125117,0.0437502833296972,-0.7290277077735713,-1,1,0
2022-02-23,1.201973061877483,1.2021683228583264,1.2007027196005662,1.2008979805814093,3815.0,-0.0008944304412236,-0.0008948306828073,1.2074716543101154,1.2144288630629378,1.218290482769593,38.01489596410696,1.205811975655417,1.2171644495988454,1.1944595017119888,0.0188295922956938,0.0044434926225497,0.0037001416393409,1.225365851143448,1.198364048128152,-0.0007712489460864,0.0437011412206183,-0.8657135173346796,-1,1,0
2022-02-24,1.2008979805814093,1.2024588090518742,1.1958222950043569,1.1973831234748218,8447.0,-0.0029268573712529,-0.0029311489943135,1.206510841849611,1.2137604026869333,1.2180824493437743,34.634386670387045,1.20482780698425,1.2154622416014895,1.1941933723670102,0.0176530364847045,0.0046915215244313,0.0039181456899245,1.2194574861790448,1.1958222950043569,-0.0020353413189102,0.0408071412679613,-1.4001089437062038,-1,1,0
2022-02-25,1.1973831234748218,1.201840542205595,1.1959665161408792,1.2004239348716528,5364.0,0.0025395475660343,0.0025363283641732,1.205931136423139,1.2132374039490792,1.2179067427321115,39.6356035096961,1.204096092121214,1.2137338201379486,1.1944583641044797,0.016008237348825,0.004672060395614,0.0038920086978385,1.2194574861790448,1.1958222950043569,-0.0002836596159574,0.0423464896820593,-0.7620379498539697,-1,1,0
2022-02-28,1.2004239348716528,1.201579760376782,1.1967679131727909,1.19792373867792,5627.0,-0.0020827610322515,-0.002084932995321,1.2051685271140706,1.2126368680560926,1.2177079068708765,37.12075172031787,1.2031184342391077,1.2108118118920228,1.1954250565861926,0.0127890612162063,0.0049083533094266,0.0040973837907609,1.2191545070441296,1.1958222950043569,-0.0067720705114001,0.0414984805876241,-1.3504330075930393,-1,1,0
2022-03-01,1.19792373867792,1.203928689896144,1.196462538415288,1.202467489633512,2530.0,0.0037930218835189,0.003785846514512,1.2049112854492554,1.212238068902266,1.217556260928216,44.066570977838936,1.202617139049155,1.2089192057991276,1.1963150722991822,0.0104805869554717,0.0051032263111265,0.0042439619824415,1.2130962177527835,1.1958222950043569,-0.0051098650892957,0.0426388824019079,-0.0474921709273939,-1,1,0
2022-03-02,1.202467489633512,1.203809420392139,1.1947013769923902,1.196043307751017,3174.0,-0.0053424994337709,-0.0053568216174851,1.2040667161446612,1.2116029802296682,1.217342201692622,37.72204277535338,1.2020970881613136,1.2087747817200083,1.1954193946026188,0.0111100735946523,0.0054369304758379,0.0045457638871466,1.2101576965191867,1.1947013769923902,-0.0079328558631042,0.0431575829478442,-1.813135136281942,-1,1,0
2022-03-03,1.196043307751017,1.1989266708091155,1.1949930248337035,1.1978763878918022,5374.0,0.0015326202060625,0.00153144694234,1.2034771610729604,1.2110646824909284,1.2171485120030618,40.36062984943329,1.2017733975450775,1.2086167937938497,1.194930001296305,0.0113888296458409,0.0054553804875616,0.0045542098856818,1.2101576965191867,1.1947013769923902,-0.0037594329593627,0.0434040061467698,-1.1389110060591785,-1,1,0
2022-03-04,1.1978763878918022,1.202830489527596,1.197103578208769,1.2020576798445626,9525.0,0.0034905871716188,0.0034845092118765,1.2033419723845415,1.210711466700875,1.2169983544691465,45.982552356578616,1.2016893853368598,1.2084722217907369,1.1949065488829829,0.0112888347631955,0.0053626649173595,0.004461237598892,1.2101576965191867,1.1947013769923902,-0.0033827440588471,0.0453837229710057,0.1085960159019615,-1,1,0
2022-03-07,1.2020576798445626,1.2027798284130262,1.192845256780546,1.1935674053490095,6311.0,-0.0070631173843928,-0.0070881792777716,1.2024110612383003,1.2100391505694292,1.2167652106968068,38.12394540715631,1.2013863630235109,1.2090422905021752,1.1937304355448466,0.0127451546218599,0.0057058176224378,0.0047804737268016,1.2101576965191867,1.192845256780546,-0.0104572717537618,0.0505124908960009,-2.0425892738120552,-1,0,0
2022-03-08,1.1935674053490095,1.1971056903067625,1.1921687716755431,1.195707056633296,4708.0,0.0017926522412539,0.001791047357937,1.2017725846092522,1.209477107669973,1.216555676825528,40.86672178562954,1.201189658907443,1.209227041110768,1.1931522767041174,0.0133823699591882,0.0056252630830991,0.0047045495398663,1.2101576965191867,1.1921687716755431,-0.0052130995634793,0.0510271139251193,-1.364275614982814,-1,0,0
2022-03-09,1.195707056633296,1.1968406300386387,1.1896266240465718,1.1907601974519146,3017.0,-0.0041371832289005,-0.0041457650493228,1.200723785832363,1.2087431111908336,1.2162990053889748,36.8046995552726,1.2006364244421033,1.2099168108859353,1.1913560379982713,0.0154591119424755,0.0057989442095701,0.0048699513319132,1.2101576965191867,1.1896266240465718,-0.0084418354376668,0.0523270513928304,-2.128408563579283,-1,0,0
2022-03-10,1.1907601974519146,1.1938213384370184,1.1900486675943502,1.193109808579454,9580.0,0.0019732026083565,0.0019712584012126,1.1999986451416096,1.2081300405001911,1.2160682671122631,39.86223100589598,1.2003006560094005,1.2101717566796453,1.1904295553391553,0.0164477135304801,0.0056976553852729,0.004775466050402,1.2101576965191867,1.1896266240465718,-0.0035688785081307,0.0528050897252815,-1.4569494669671454,-1,0,0
2022-03-11,1.193109808579454,1.1938470310197358,1.1882996665688168,1.1890368890090983,5688.0,-0.0034137005169748,-0.0034195404869781,1.1989546683670849,1.207381289461325,1.2157992981759136,36.560143563716295,1.1997142732958124,1.210789269762492,1.1886392768291327,0.0184627235220846,0.0059069165182905,0.004967816030681,1.2101576965191867,1.1882996665688168,-0.0094858537319748,0.0537817659384472,-1.928196423147936,-1,0,0
2022-03-14,1.1890368890090983,1.1906907195321188,1.1823822099137589,1.1840360404367791,8202.0,-0.0042057976657788,-0.0042146669096806,1.1975338466594367,1.206465789499578,1.2154832458601013,32.95089541625788,1.1986115015580958,1.2112891239357058,1.185933879180486,0.0211538473661066,0.0060526274226101,0.0051118608014477,1.2101576965191867,1.1823822099137589,-0.0115931405253458,0.0520126064625632,-2.299399790777558,-1,0,0
2022-03-15,1.1840360404367791,1.1890664876326515,1.1829839008937404,1.1880143480896128,1632.0,0.0033599548636764,0.0033543228273992,1.196627227748025,1.2057422035619323,1.2152099234942255,38.17944347909667,1.1975800442209183,1.2101775436073192,1.1849825448345177,0.0210382586904178,0.006382411956978,0.0053723357527131,1.2101576965191867,1.1823822099137589,-0.0120195694839985,0.0531498232980197,-1.5186658618347468,-1,0,0
2022-03-16,1.1880143480896128,1.1887805329336107,1.1832084944989627,1.1839746793429606,6685.0,-0.0034003535000635,-0.0034061478409599,1.1954222231380187,1.2048885751611884,1.2148991250449594,35.179520463339145,1.1964984173869038,1.209884056513349,1.1831127782604585,0.0223746875581814,0.0063063779846302,0.0053264466670266,1.2074681045438644,1.1823822099137589,-0.0100904610475599,0.053608642899167,-1.8712200329979944,-1,0,0
2022-03-17,1.1839746793429606,1.1859006168543886,1.1732168348026584,1.1751427723140864,3325.0,-0.0074595404639695,-0.0074875019760754,1.1934908468690728,1.203722073088753,1.2145035394456472,29.687335502407763,1.1951357201154724,1.211261656026157,1.1790097842047875,0.0269859491926604,0.0067927891265598,0.0057803947627431,1.2074681045438644,1.1732168348026584,-0.0189782650426274,0.0582078544840181,-2.479601545252199,-1,0,0
2022-03-18,1.1751427723140864,1.1836310582634664,1.1730238921998035,1.1815121781491835,7487.0,0.0054201123345674,0.0054054763875407,1.1923500212767024,1.202851096816613,1.2141752671939412,37.290863915600696,1.193904442267825,1.2102523264181049,1.1775565581175451,0.027385582248487,0.0072067404736792,0.0060995905137164,1.2074681045438644,1.1730238921998035,-0.0170919432901386,0.0609560938684463,-1.516069480884998,-1,0,0
2022-03-21,1.1815121781491835,1.182452907929214,1.1770628208612606,1.1780035506412907,6123.0,-0.0029696075696733,-0.0029740256029502,1.1909836907399964,1.2018766832411103,1.2138153496163029,35.042825349759696,1.192495581530043,1.2092406403474127,1.175750522712674,0.0280840601453374,0.0070584501584719,0.0059918751133045,1.207211192116147,1.1730238921998035,-0.0130397785981495,0.0611962371278441,-1.7309023571443418,-1,0,0
2022-03-22,1.1780035506412907,1.1818067913230634,1.1760447857564855,1.1798480264382585,2212.0,0.0015657642084045,0.0015645396776773,1.189923151282688,1.201012814346881,1.2134773663010985,37.186575482196055,1.1913893297580822,1.2084190120908782,1.1743596474252862,0.0285879383127494,0.0068194474561025,0.0057799371641864,1.203928689896144,1.1730238921998035,-0.0132633073519621,0.0612908410818208,-1.3554337766591518,-1,0,0
2022-03-23,1.1798480264382585,1.1840745681321116,1.179360906900151,1.183587448594004,3601.0,0.003169410018877,0.0031643980261907,1.189319751026623,1.2003294666702975,1.2131799541846102,41.40838582643756,1.190523803158712,1.2072759911699278,1.1737716151474962,0.0281425503072995,0.0068751628315703,0.005808749357504,1.203928689896144,1.1730238921998035,-0.0060236719981565,0.0629885944695832,-0.8281132661672528,-1,0,0
2022-03-24,1.183587448594004,1.1883581858247316,1.1815128285218437,1.1862835657525712,8569.0,0.0022779196938678,0.0022753291680625,1.1890305905243324,1.199778647026465,1.2129123284290677,44.31446595161852,1.1899688252725995,1.2064981573761806,1.1734394931690184,0.0277811178789402,0.0069550518304318,0.0058628914967894,1.203928689896144,1.1730238921998035,-0.0057213868981684,0.063276867578057,-0.4459054360980358,-1,0,0
2022-03-25,1.1862835657525712,1.18738287421609,1.1804620962044536,1.1815614046679723,5713.0,-0.0039806343280183,-0.0039885781407954,1.1883192394903934,1.199064245365348,1.2126003789389073,40.52337302628043,1.1890256987624153,1.20519177790959,1.1728596196152403,0.0271921442303576,0.0067397808575143,0.005704130848289,1.203928689896144,1.1730238921998035,-0.0062870079223158,0.0634127735989112,-0.9234513856437808,-1,0,0
2022-03-28,1.1815614046679723,1.1846488821975645,1.1796795608133803,1.182767038342972,6313.0,0.0010203732706877,0.0010198530437356,1.1877904584287342,1.1984251392076075,1.2123035297787488,41.890243065485855,1.188267863745668,1.20409511861202,1.172440608879316,0.0266392037506783,0.006742095339869,0.0057002732755509,1.203928689896144,1.1730238921998035,-0.0010717596850674,0.0635263998153373,-0.695107957652282,-1,0,0
2022-03-29,1.182767038342972,1.1841564224803822,1.1792705797746923,1.1806599639121025,8839.0,-0.0017814788225933,-0.0017830675431194,1.1871113637128643,1.1977284656666076,1.211988668426842,40.153431319161264,1.1871774874595975,1.2018483094829162,1.1725066654362788,0.0247154653424439,0.0065757979622706,0.0055695951105869,1.203809420392139,1.1730238921998035,-0.0061904843063019,0.0614270632693643,-0.8885014809852693,-1,0,0
2022-03-30,1.1806599639121025,1.182897668034275,1.1790375188603346,1.1812752229825072,3595.0,0.000521114536963,0.0005209788039356,1.1865555407861637,1.1970832404633096,1.2116830620045105,40.92365403653535,1.186439083221172,1.2007122526004894,1.1721659138418543,0.0240605178658914,0.0065820464145043,0.0055719838073687,1.202830489527596,1.1730238921998035,-0.0022799950096495,0.0593016609990711,-0.7235758367931164,-1,0,0
2022-03-31,1.1812752229825072,1.1942769171526513,1.180926554361621,1.193928248531765,6667.0,0.0107113273038192,0.0106543674204794,1.187257703428602,1.1969595152895236,1.2115063971938365,54.02744022679978,1.1862416762531702,1.1999467060507223,1.1725366464556182,0.0231066401929839,0.007139403438798,0.0059797592087947,1.202830489527596,1.1730238921998035,0.0159856969384974,0.0714210556207599,1.1217155149808884,-1,0,0
2022-04-01,1.193928248531765,1.1946400488487854,1.1899570882918655,1.190668888608886,2685.0,-0.002729946231599,-0.0027336793304667,1.1875825782076768,1.196712824047146,1.2112990587999566,50.89569216268811,1.1856722366913863,1.197416451479238,1.1739280219035346,0.0198102214497724,0.0068804356486951,0.0057786305785934,1.2027798284130262,1.1730238921998035,0.0077499924495456,0.0706179862527048,0.8509128975856826,0,0,0
2022-04-04,1.190668888608886,1.1946999805691836,1.1894083383879883,1.193439430348286,2613.0,0.00232687841759,0.0023241754282113,1.1881403736496396,1.1965844556667984,1.211121351054169,53.3700063321355,1.18566583794135,1.1973920663022026,1.1739396095804977,0.0197799885694819,0.0068239396088583,0.0057178767814524,1.1971056903067625,1.1730238921998035,0.0131034237533429,0.0667440107231665,1.325847010260812,0,0,0
2022-04-05,1.193439430348286,1.199123404216185,1.192624640316991,1.1983086141848895,4288.0,0.0040799589093369,0.0040716584463585,1.1891087775101397,1.1966520697263314,1.2109938611350717,57.42991209610947,1.1857959158189295,1.1980375304630475,1.173554301174812,0.0206470851869371,0.0068901342848972,0.0057498829628159,1.199123404216185,1.1730238921998035,0.0156465810282024,0.0680387162643278,2.0442888834067907,0,0,0
2022-04-06,1.1983086141848895,1.203799832782564,1.1967094720353553,1.2022006906330298,5156.0,0.0032479750225176,0.0032427117452269,1.1903556263789865,1.1968696627030646,1.2109063669012206,60.39800528225491,1.1863679404779854,1.20050821266743,1.1722276682885409,0.0238379202724367,0.0064906041917171,0.0053989356704657,1.203799832782564,1.1730238921998035,0.0157261232037704,0.0669552308140388,2.239384071667748,0,0,0
2022-04-07,1.2022006906330298,1.2073655507666845,1.201404577809854,1.2065694379435086,7350.0,0.0036339584102038,0.0036273715361348,1.1918997989089408,1.197250046045827,1.2108632133792534,63.4762856299784,1.1870409219461882,1.2036055595931443,1.1704762842992318,0.0279091265359212,0.0061587332555148,0.0051043338757294,1.2073655507666845,1.1730238921998035,0.0171003567583507,0.0676996562644203,2.3578561044960344,0,0,0
2022-04-08,1.2065694379435086,1.207418875086702,1.20303869430622,1.2038881314494134,8805.0,-0.0022222562662164,-0.0022247291419277,1.1930415448651763,1.1975103631204775,1.2107938095789563,60.37445181348848,1.187783484068204,1.2059763450752867,1.1695906230611213,0.0306332951267708,0.006086597092124,0.005055782952853,1.207418875086702,1.1730238921998035,0.0188959513176676,0.0668972066882674,1.7704359281302426,0,0,0
2022-04-11,1.2038881314494134,1.205068771950539,1.2003608294582395,1.2015414699593654,6971.0,-0.0019492355051484,-0.0019511377370096,1.1938510615408136,1.1976684457416105,1.2107017464981646,57.7162157913258,1.188658755544333,1.2077544852906272,1.1695630257980394,0.0321298769007077,0.0060113068725327,0.0050029957540592,1.207418875086702,1.1730238921998035,0.0158733131781352,0.0651918579656893,1.3492769939868263,0,0,0
2022-04-12,1.2015414699593654,1.203511329878879,1.193205664588742,1.1951755245082558,3322.0,-0.0052981487616277,-0.0053122337232866,1.1939772008710463,1.197570684124616,1.210547256727121,51.138360853734845,1.1890168143652653,1.2083289956504328,1.1697046330800978,0.0324842862638187,0.0064107357338311,0.005363844558705,1.207418875086702,1.1730238921998035,0.0122944463603695,0.0677736613322813,0.6378057508936732,0,0,0
2022-04-13,1.1951755245082558,1.1970195850037073,1.1885964239878923,1.1904404844833438,4683.0,-0.0039617946718413,-0.0039696633700058,1.1936403707388843,1.1972910684524094,1.210347189341611,46.86039049226274,1.1893401046222845,1.208512865029061,1.1701673442155078,0.0322410054655738,0.0065234359990401,0.0054798505965389,1.207418875086702,1.1730238921998035,0.0077587858633789,0.0682091404655633,0.1147857520475193,0,0,0
2022-04-14,1.1904404844833438,1.192879988779521,1.189016534787371,1.191456039083548,5188.0,0.0008530914509723,0.0008527277752782,1.1934323391526618,1.1970622437712777,1.2101592176972522,47.86769824175674,1.1901557679607575,1.2081363529463516,1.172175182975164,0.0302155154302234,0.006305055711934,0.0052918911861689,1.207418875086702,1.1730238921998035,-0.0020706516084674,0.0617762493850353,0.1446305694538951,0,0,0
2022-04-15,1.191456039083548,1.1986382673336542,1.18936061968989,1.1965428479399962,4210.0,0.0042694054078242,0.0042603173544301,1.1937285780847888,1.1970418753073058,1.210023731431011,52.703814741744445,1.1909073014502982,1.2086212205514322,1.1731933823491645,0.0297486111296181,0.006612793301904,0.0055265829496108,1.207418875086702,1.1760447857564855,0.0049333272980476,0.0607355963439786,0.6362845463528434,0,0,0
2022-04-18,1.1965428479399962,1.196559259575383,1.195185712902925,1.1952021245383115,3526.0,-0.0011204976102551,-0.0011211258370306,1.193868915842267,1.1969697282183256,1.2098762527554618,51.35167092063615,1.1917672301451494,1.2084854401370873,1.1750490201532116,0.0280561666222382,0.006361915013816,0.0053228779326957,1.207418875086702,1.1760447857564855,0.0014769867202317,0.0596228330082798,0.4109165269270515,0,0,0
2022-04-19,1.1952021245383115,1.2030704637943492,1.194414417214939,1.2022827564709766,5984.0,0.0059242129739354,0.0059067338237538,1.1946702339973825,1.1971780822674492,1.209800695578502,57.546282444236034,1.1928889666467852,1.2092465569445472,1.1765313763490233,0.0274251682346315,0.0067044791142067,0.0055764578491387,1.207418875086702,1.1790375188603346,0.0033164597492194,0.0623752085322569,1.1485542372921054,0,0,0
2022-04-20,1.2022827564709766,1.2038342177616463,1.2006522260456205,1.20220368733629,1124.0,-6.576583940920422e-05,-6.576800207684111e-05,1.195387705743945,1.1973751648191686,1.209725103456689,57.45829543902728,1.1938197785838995,1.2100670693886793,1.1775724877791198,0.0272190008847937,0.0059781668945635,0.0049726738967248,1.207418875086702,1.1790375188603346,2.4926813664283287e-06,0.0619034986320586,1.0320377536326288,0,0,0
2022-04-21,1.20220368733629,1.2030989157370369,1.2001468693920598,1.201042097792807,8966.0,-0.0009662169195779,-0.0009666840080425,1.195926219272408,1.1975189661122525,1.2096387053903817,56.10122009309785,1.194557705185911,1.2107041100676166,1.178411300304206,0.0270332773571493,0.005854530165139,0.0048745420130552,1.207418875086702,1.1790375188603346,-0.0045810377562046,0.0619388455969174,0.8031995548733613,0,0,0
2022-04-22,1.201042097792807,1.2051010772401645,1.1991549304952307,1.2032139099425885,8387.0,0.0018082731269561,0.0018066401693645,1.1966202850505203,1.1977422972428535,1.2095747770774683,58.094097872783856,1.195640330449642,1.2110022098561293,1.180278451043155,0.0256964891786646,0.0059012804911204,0.0049045979624703,1.207418875086702,1.1790375188603346,-0.0005600366755117,0.0595930908796195,0.98602251619657,0,0,0
2022-04-25,1.2032139099425885,1.2153064418799333,1.2016768724586655,1.2137694043960103,3950.0,0.0087727496883123,0.0087344927029252,1.1982535345119956,1.19837081124886,1.2096165146627276,66.13972202644074,1.197190448752294,1.2133203438295612,1.1810605536750267,0.0269462475148841,0.0064106237426971,0.0052815829098008,1.2153064418799333,1.1790375188603346,0.0101768725777384,0.0658045948711207,2.055680531621312,0,0,0
2022-04-26,1.2137694043960103,1.2155411182090303,1.2097731453519531,1.2115448591649731,7214.0,-0.001832757707502,-0.0018344392628122,1.1995193749551365,1.1988874405789036,1.2096357021702129,63.37805816209704,1.1987346935149374,1.2140964541645929,1.1833729328652822,0.0256299592107597,0.0063161674648305,0.0052133170448049,1.2155411182090303,1.1790375188603346,0.0136961762695504,0.0658367149418972,1.667799146489547,0,0,0
2022-04-27,1.2115448591649731,1.212938483513769,1.209089561330406,1.2104831856792018,4908.0,-0.0008762972974053,-0.0008766814703315,1.2005635474050471,1.1993421756808762,1.209644134841944,62.04649995951439,1.2001950916497723,1.214047404634204,1.1863427786653409,0.0230834354861266,0.0061653066952971,0.0050932609128625,1.2155411182090303,1.180926554361621,0.0168363739784576,0.0662416333680474,1.4853972821711523,0,0,0
2022-04-28,1.2104831856792018,1.2124131646354896,1.206913662342898,1.208843641299186,7198.0,-0.0013544544851286,-0.0013553725877171,1.2013521277759178,1.199714782175712,1.209636169732066,59.95171370193736,1.2009408612881434,1.214977369120754,1.1869043534555328,0.0233758518592744,0.0062452582318764,0.0051663077163266,1.2155411182090303,1.1885964239878923,0.0145935742866452,0.0564604193303416,1.1260322161730625,0,0,0
2022-04-29,1.208843641299186,1.210003189713641,1.2055346814170718,1.2066942298315269,6147.0,-0.0017780723612434,-0.0017796550082232,1.2018608994002615,1.1999884860053518,1.2096068966982298,57.224102375010816,1.2017421283492753,1.2151240416846494,1.1883602150139012,0.0222708566500129,0.0062281557893242,0.0051613371766879,1.2155411182090303,1.1885964239878923,0.0084839267636822,0.0558071191068374,0.740118600104969,0,0,0
2022-05-02,1.2066942298315269,1.2161877387247444,1.2054042968123584,1.214897805705576,4477.0,0.0067983882505133,0.0067753834141283,1.203102509524577,1.200573165209282,1.2096595425589995,63.96311733072203,1.20281504711714,1.2168204827567104,1.1888096114775697,0.0232877626084544,0.0062622826909134,0.005154575686534,1.2161877387247444,1.1885964239878923,0.016478954281371,0.0596854341932094,1.7254384510964924,0,0,0
2022-05-03,1.214897805705576,1.216488561153948,1.209778868303386,1.2113696237517582,3430.0,-0.0029040977251323,-0.0029083227989317,1.2038898537366896,1.2009965557403597,1.2096765582922608,59.61328234517369,1.2034680975954832,1.2178029386662277,1.189133256524739,0.0238225526698798,0.0061398921076811,0.0050685537983568,1.216488561153948,1.1885964239878923,0.0075580118169988,0.0598955034555171,1.1024225685209696,0,0,0
2022-05-04,1.2113696237517582,1.2133244996788504,1.2066955326618938,1.208650408588986,4708.0,-0.0022447443863999,-0.0022472676017696,1.2043432399130989,1.2012967068324627,1.209666347847452,56.42822794206448,1.2037905834932812,1.2182945684936068,1.1892865984929557,0.0240971896594116,0.0063374287523101,0.0052433927190813,1.216488561153948,1.1885964239878923,0.0053624201294706,0.0597859237793835,0.6701365308355816,0,0,0
2022-05-05,1.208650408588986,1.216282708721751,1.207185167139197,1.2148174672719625,7315.0,0.0051024337882579,0.0050894604845448,1.2053407853758475,1.201826932732051,1.209717602767099,61.45778439775069,1.204202984959704,1.2194876876229883,1.1889182822964195,0.0253855917219733,0.0063245640336522,0.0052061846359971,1.216488561153948,1.1885964239878923,0.0114695142697087,0.0610933520602245,1.388902688667343,0,0,0
2022-05-06,1.2148174672719625,1.216805068816332,1.209892318580437,1.211879920124807,2735.0,-0.0024180975548137,-0.0024210258742999,1.2059635601138436,1.2022211675317669,1.209739118362698,58.022129180130094,1.2046025743934734,1.2202657925217304,1.1889393562652164,0.0260056195482456,0.0067202214310406,0.0055452865580514,1.216805068816332,1.1885964239878923,0.0072023853037337,0.0612064683564568,0.9292274003648004,0,0,0
2022-05-09,1.211879920124807,1.2194121543140508,1.2111470005396856,1.2186792347289297,3632.0,0.0056105514178519,0.0055948708978148,1.207174576743852,1.2028665819316555,1.2098280747444516,63.15620217604308,1.2054594626319517,1.2222519720329157,1.188666953230988,0.02786076167887,0.0066923005163945,0.0054914372262058,1.2194121543140508,1.1885964239878923,0.0040451096519131,0.0633062079694506,1.5744844062697552,0,0,0
2022-05-10,1.2186792347289297,1.2224660934001694,1.2172633195585396,1.2210501782297796,3186.0,0.0019455025024508,0.001943612463444,1.2084960625996546,1.2035796641394252,1.2099397374656986,64.77407646148839,1.206753195318028,1.224184449228125,1.1893219414079308,0.0288895094336225,0.0068366420967947,0.005598985380524,1.2224660934001694,1.1885964239878923,0.0078456187510527,0.0592724117816669,1.6403849069595609,0,0,0
2022-05-11,1.2210501782297796,1.2224332587494604,1.2114173939277255,1.2128004744474064,9793.0,-0.0067562364999064,-0.0067791631895033,1.208906006585155,1.2039412645436598,1.2099682025102927,55.62183394897523,1.207871194816231,1.2236908861014268,1.1920515035310353,0.0261943348812165,0.0074126291308489,0.0061119939240017,1.2224660934001694,1.189016534787371,0.0019143502327165,0.0631284308426784,0.623182784330076,0,0,0
2022-05-12,1.2128004744474064,1.2196390424989394,1.2117607423189838,1.2185993103705168,4619.0,0.0047813602033364,0.0047699658066808,1.2098291783742368,1.2045160898702032,1.2100540841805438,59.909802885428974,1.2092283583805794,1.2237200603293337,1.1947366564318251,0.0239685115690833,0.0075506400904933,0.0061961631081159,1.2224660934001694,1.18936061968989,0.0080702489040238,0.0645813209833376,1.2932852225466775,0,0,0
2022-05-13,1.2185993103705168,1.2195976917343103,1.216259601513065,1.2172579828768584,5927.0,-0.0011007125001988,-0.0011013187290995,1.2105366835649627,1.2050157719488956,1.2101257647645869,58.50171561828022,1.2102641151274225,1.223872484256325,1.1966557459985196,0.0224882634440005,0.0068155344333488,0.0055990878919858,1.2224660934001694,1.194414417214939,0.0087542915049874,0.0639342048414684,1.0278774308938488,0,0,0
2022-05-16,1.2172579828768584,1.21830938531193,1.2099250438653235,1.2109764463003954,6968.0,-0.0051603987526269,-0.0051737595949403,1.210578565730242,1.2052495238842489,1.2101342292574804,52.30207711135368,1.2110528312155266,1.2226681026331234,1.19943755979793,0.0191821052198665,0.0070024179040295,0.0057824559060767,1.2224660934001694,1.194414417214939,-0.0032277277864561,0.0671277487197845,-0.0131524976705353,0,0,0
2022-05-17,1.2109764463003954,1.212758759748541,1.2103692146350813,1.212151528083227,5703.0,0.0009703589086489,0.0009698884147838,1.2107283716686217,1.205520190715581,1.2101543018826122,53.29911072245109,1.2115462697961392,1.2224067952183564,1.200685744373922,0.0179283708645227,0.0068981766847507,0.0056908534328697,1.2224660934001694,1.1991549304952307,0.0006454713046601,0.0642195655094153,0.1114602219611811,0,0,0
2022-05-18,1.212151528083227,1.2126762971048093,1.2106213245032291,1.2111460935248115,1745.0,-0.0008294627652741,-0.0008298069598578,1.2107681547025444,1.205740814355159,1.2101641704561663,52.29191180476034,1.2119933901055655,1.2219315703025155,1.2020552099086157,0.0163997267280218,0.0066521388496784,0.0054924330642215,1.2224660934001694,1.1991549304952307,0.0020648525976501,0.0643527224887261,-0.1705134267969502,0,0,0
2022-05-19,1.2111460935248115,1.2130549283298255,1.2051091160980858,1.2070179509030996,2366.0,-0.0034084596761551,-0.0034142817080422,1.2104109924359303,1.2057908981413528,1.2101328647889718,48.259510317614506,1.21229218276108,1.2211439910526594,1.2034403744695006,0.0146034238568111,0.0069005177021906,0.0057169967497398,1.2224660934001694,1.1991549304952307,-0.006420319578033,0.0656013391906626,-1.191673313349472,0,0,0
2022-05-20,1.2070179509030996,1.2082786785065165,1.200873822121466,1.2021345497248823,3418.0,-0.0040458397280366,-0.0040540462799974,1.209622759796783,1.2056475119289425,1.2100532795644536,43.94265101635293,1.2122382147501949,1.2213328996439436,1.203143529856446,0.0150047817055872,0.0066591901645238,0.0055394715725022,1.2224660934001694,1.200873822121466,-0.0080415313745942,0.0670398501597799,-2.221883472237102,0,0,0
2022-05-23,1.2021345497248823,1.2156595234185632,1.200230720947646,1.2137556946413266,5665.0,0.0096670916904464,0.0096206643314543,1.2100163726391204,1.2059654798784476,1.2100901195154672,54.3968550884316,1.2122375292624603,1.2213317302758817,1.2031433282490394,0.0150039918644561,0.0072819837088349,0.0059995464828585,1.2224660934001694,1.200230720947646,-0.0040400623456081,0.0686542399177185,0.3338754832063998,0,0,0
2022-05-24,1.2137556946413266,1.2147609916877793,1.213170986588179,1.2141762836346317,3733.0,0.0003465186570592,0.0003464586333352,1.210412554638693,1.2062874721826116,1.2101307778649115,54.7259351546682,1.2123691004859434,1.2214971843254392,1.2032410166464476,0.0150582588022691,0.0069220578575951,0.0057010320090209,1.2224660934001694,1.200230720947646,-0.0056294939534043,0.0683141040284438,0.3959611196533746,0,0,0
2022-05-25,1.2141762836346317,1.2147990595840918,1.2063036862952268,1.206926462244687,7374.0,-0.0059709792454868,-0.0059888768216621,1.2100805458392638,1.2063125306164186,1.2100988941273971,48.2610917197188,1.212191264314218,1.2216080714225248,1.202774457205911,0.0155368338075499,0.0068790458366174,0.005699639581871,1.2224660934001694,1.200230720947646,-0.0048433458977626,0.0716109840351259,-1.118171373583027,0,0,0
2022-05-26,1.206926462244687,1.2113964242775803,1.2064408217025475,1.210910783735441,7080.0,0.0033012131355076,0.0032957760940271,1.2101596161150905,1.206492854268145,1.2101069726309597,51.64208376417736,1.2122946214360304,1.2216014566527242,1.2029877862193366,0.0153540815114223,0.0067392495751273,0.0055654385654556,1.2224660934001694,1.200230720947646,-0.0063093147761081,0.072463411232458,-0.2973809395716496,0,0,0
2022-05-27,1.210910783735441,1.2155169345384342,1.2088865081201166,1.21349265892311,5304.0,0.0021321762282968,0.0021299063664869,1.210477048763473,1.2067673564114771,1.210140661051777,53.75116468010595,1.2126345428906096,1.2215692957261954,1.2036997900550237,0.0147361014709142,0.0066224833354096,0.0054573740407186,1.2224660934001694,1.200230720947646,-0.0030932834343379,0.0724519446644563,0.1920850074514773,0,0,0
2022-05-30,1.21349265892311,1.215495190969126,1.2088248249978817,1.2108273570438977,2545.0,-0.0021963889600926,-0.0021988045600375,1.2105104114568468,1.2069265721225526,1.2101474938477186,51.26547726678197,1.2124310204575257,1.221334085850457,1.2035279550645943,0.0146863041982738,0.0067273113446678,0.0055559624628004,1.2224660934001694,1.200230720947646,-0.0001231149102471,0.0686731923964657,-0.3602497213827669,0,0,0
2022-05-31,1.2108273570438977,1.220995502197508,1.209207630976343,1.2193757761299535,3569.0,0.007059981785451,0.0070351767941407,1.211354731901905,1.207414776201274,1.2102393175520196,57.97764905084361,1.2128313280764356,1.222239106137212,1.2034235500156591,0.015513745139973,0.0067824546589128,0.0055622350317954,1.2224660934001694,1.200230720947646,0.0059598555785762,0.0723974471362539,1.3912845331255184,0,0,0
2022-06-01,1.2193757761299535,1.2206918482186548,1.2159468147522603,1.2172628868409616,9886.0,-0.0017327630500399,-0.001734266020379,1.211917413324672,1.207800976618517,1.2103092038136012,55.9273090306954,1.2132619519890342,1.2226523698871932,1.2038715340908752,0.0154796214993212,0.0065586498936584,0.0053880307734342,1.2224660934001694,1.200230720947646,0.0050504174094705,0.0721775544292056,0.8521313737723633,0,0,0
2022-06-02,1.2172628868409616,1.2184206006621885,1.2100118949150482,1.211169608736275,5760.0,-0.0050057207613548,-0.0050182913489721,1.2118461938400626,1.2079330798388213,1.210317765056613,50.39264361345435,1.2130795590622498,1.222484459054241,1.2036746590702587,0.0155058255194101,0.0069208367169366,0.0057141763358459,1.2224660934001694,1.200230720947646,0.0034395990797562,0.0722960220131465,-0.4061606880671112,0,0,0
2022-06-03,1.211169608736275,1.2135203694891843,1.2096819537174184,1.2120327144703278,2866.0,0.000712621690494,0.0007123678962228,1.2118639577096115,1.2080938498243703,1.210334829229884,51.13038483822023,1.213087198779526,1.2224882431341175,1.2036861544249344,0.0154993711318524,0.0065961277401623,0.0054422027239132,1.2224660934001694,1.200230720947646,0.0082338243649269,0.071840569022876,-0.2243334398657886,0,0,0
2022-06-06,1.2120327144703278,1.2227810272285784,1.2107198894328732,1.2214682021911238,4742.0,0.0077848457456195,0.007754700185259,1.212778647660232,1.20861833423091,1.2104456090603442,58.411761961536776,1.2132266471526356,1.2230501924575197,1.2034031018477516,0.0161940810118855,0.0072869557888942,0.0059657351503891,1.2227810272285784,1.200230720947646,0.0063542503519016,0.0744533734242364,1.6779186704398126,0,0,0
2022-06-07,1.2214682021911238,1.2222560180503246,1.2185329830987233,1.219320798957924,7475.0,-0.0017580508680845,-0.0017595980531312,1.2134017096885836,1.2090380387300086,1.210533919407584,56.353825595244274,1.2131401781890427,1.222700691402242,1.2035796649758437,0.0157615968625671,0.00740610309961,0.0060739578181062,1.2227810272285784,1.200230720947646,0.0042370415174741,0.0744127352771732,1.2929474874525206,0,0,0
2022-06-08,1.219320798957924,1.2201303183464138,1.2122513135982973,1.2130608329867871,1896.0,-0.0051339778477386,-0.0051472019930728,1.2133692452407936,1.2091957953675294,1.2105590628262826,50.74155665124312,1.213153196116012,1.2227124706863133,1.2035939215457108,0.0157593857080967,0.007401331136494,0.0061013684847697,1.2227810272285784,1.200230720947646,0.0050826383661282,0.0726792804934018,-0.0193242967435724,0,0,0
2022-06-09,1.2130608329867871,1.219963438103907,1.2111553026223985,1.2180579077395184,8583.0,0.004119393369933,0.0041109318985248,1.2138157845263864,1.209543329186039,1.2106336781985536,54.62618045994296,1.213126125984462,1.2226233288831625,1.203628923085762,0.015657403950464,0.0075015653576696,0.0061586278534089,1.2227810272285784,1.200230720947646,0.0059022713316911,0.0721401664142346,1.0385756327752556,0,0,0
2022-06-10,1.2180579077395184,1.219503872978296,1.2169092763089704,1.218355241547748,7881.0,0.0002441048215691,0.0002440750328347,1.2142481137665162,1.209888894376694,1.210710509674665,54.85431845919709,1.2131809889180063,1.2227907022949254,1.2035712755410877,0.0158421760062188,0.0065848363718416,0.005404693267849,1.2227810272285784,1.200230720947646,0.004007096861182,0.0720289434544044,1.076879700110378,0,0,0
2022-06-13,1.218355241547748,1.227150455085315,1.2171121904368054,1.2259074039743725,9322.0,0.0061986538647218,0.0061795212335201,1.2153585223577408,1.210517071223662,1.2108617225532692,60.31260791461096,1.2139275368017053,1.2250214067573633,1.202833666846047,0.0182776477496945,0.007188283482478,0.0058636430934129,1.227150455085315,1.200230720947646,0.0124543328516222,0.0724051588824438,2.159727348625937,0,0,0
2022-06-14,1.2259074039743725,1.2315721836942035,1.2241569150995628,1.229821694819394,5992.0,0.003192974308118,0.0031878875906145,1.2167359673540887,1.2112741152862396,1.211050378993728,62.82159029588277,1.214811045138514,1.2279376318822262,1.2016844583948016,0.0216109110898239,0.0071111331471763,0.0057822472779036,1.2315721836942035,1.200230720947646,0.008566611617129,0.0729742735231185,2.2870606005891854,0,0,0
2022-06-15,1.229821694819394,1.2312085604735412,1.2243477107051532,1.2257345763593004,7544.0,-0.0033233423001973,-0.0033288768677965,1.2175929777355374,1.2118411921910657,1.211196490410301,58.65214960761672,1.215540469280238,1.2294098604196544,1.2016710781408215,0.0228201223898844,0.0072472222324159,0.0059125542937214,1.2315721836942035,1.200230720947646,0.0069596219599896,0.0742093732225118,1.4700150823623368,0,0,0
2022-06-16,1.2257345763593004,1.2259423356772812,1.225177512792877,1.2253852721108578,3689.0,-0.0002849754385489,-0.0002850160517653,1.2183351010093777,1.212372332580077,1.2113376723177691,58.29604361564801,1.216458835340626,1.2303844191353526,1.2025332515458995,0.0228952815996065,0.0068282505514221,0.0055723295414345,1.2315721836942035,1.200230720947646,0.0117371367907879,0.0727810215069736,1.2820197561285889,1,0,0
2022-06-17,1.2253852721108578,1.226396602989371,1.2237259030972527,1.2247372339757658,6965.0,-0.0005288443968121,-0.0005289842843314,1.2189448279585573,1.2128572306740255,1.2114710012894905,57.59736199398206,1.21758896955317,1.230229186139484,1.204948752966856,0.0207626989113619,0.0065425601171988,0.0053420112785828,1.2315721836942035,1.200230720947646,0.0104819938882507,0.0707395026358519,1.1310351169671269,1,0,0
2022-06-20,1.2247372339757658,1.2268449119937332,1.2203550801310874,1.2224627581490548,3660.0,-0.0018571133167296,-0.001858839889624,1.219279868929081,1.2132339180259877,1.211580372004511,55.10123313347674,1.2180243227285563,1.2307083431677892,1.205340302289324,0.0208272038621011,0.0061641287344474,0.0050423857032509,1.2315721836942035,1.2063036862952268,0.0008142299211284,0.0633245490391335,0.6998467783558353,1,0,0
2022-06-21,1.2224627581490548,1.232643877933998,1.2212460319564833,1.2314271517414266,9318.0,0.0073330606864006,0.007306304520324,1.2204367530064473,1.2139473781716912,1.2117778523999032,62.076992015040936,1.2188868661338963,1.2327595927057036,1.205014139562089,0.0227629437271881,0.0066393296280989,0.0053915731992021,1.232643877933998,1.2063036862952268,0.0099287675514507,0.0679823409213009,1.8079049626791024,1,0,0
2022-06-22,1.2314271517414266,1.244012220919889,1.2300833237267657,1.242668392905228,1429.0,0.0091286286386527,0.0090872145533113,1.2225540520444265,1.2150736924749672,1.212085220962145,68.65386029631259,1.2206739626669232,1.2370432860369347,1.2043046392969117,0.0268201401367616,0.0070336290170977,0.0056601013249027,1.244012220919889,1.2064408217025475,0.0244073166928828,0.0694021367541197,2.68727420689831,1,0,0
2022-06-23,1.242668392905228,1.2432623457841716,1.2343885156322163,1.23498246851116,5815.0,-0.0061850164033698,-0.0062042228530828,1.2237377107555438,1.215854428790112,1.2123130542710907,60.87966975339647,1.2218775469057093,1.2387562249988189,1.2049988688126,0.0276274461968027,0.0073933014728255,0.0059865639078573,1.244012220919889,1.2088248249978817,0.0138947094913166,0.0740914663303569,1.552837435865382,1,0,0
2022-06-24,1.23498246851116,1.2499310972070066,1.2343491913969562,1.2492978200928029,3384.0,0.0115915423470756,0.0115248751095603,1.2261720068829018,1.217165934331394,1.2126810618912072,68.1205536423512,1.2236678049641945,1.2440364650196818,1.2032991449087067,0.0332911595334218,0.0076447849024215,0.0061192653820957,1.2499310972070066,1.2088248249978817,0.0253970085980395,0.0830802504303393,2.5166127824597377,1,0,0
2022-06-27,1.2492978200928029,1.250743854456679,1.2466472113243563,1.248093245688232,7618.0,-0.0009642011578002,-0.0009646662987536,1.228259743911981,1.218378770070878,1.2130334219289889,66.99682973884654,1.2255310993964108,1.2476930806545696,1.203369118138252,0.0361671462585876,0.0076714712010445,0.0061465529338829,1.250743854456679,1.209207630976343,0.0180974857007418,0.0824723409813912,2.036112749036386,1,0,0
2022-06-28,1.248093245688232,1.2485781417773287,1.2432012572381312,1.243686153327228,1820.0,-0.0035310601801823,-0.003537309087696,1.229728925761052,1.219371216473088,1.2133384242314589,62.90807508496999,1.2267466182562743,1.250120679317544,1.203372557195005,0.0381073984039084,0.0074927483289788,0.0060246295328878,1.250743854456679,1.2096819537174184,0.0112735517402544,0.0816168830766311,1.4494302061204218,1,0,0
2022-06-29,1.243686153327228,1.2533639415690945,1.2430317421841897,1.252709530426056,2591.0,0.0072553490080178,0.0072291555820621,1.231917554776767,1.2206786013339888,1.2137301765319024,67.30741660719612,1.2285189504355292,1.254133318893225,1.2029045819778332,0.0416995903052455,0.0076016100363643,0.0060681345928444,1.2533639415690945,1.2096819537174184,0.0220071739730776,0.0838311557791135,1.888828922757125,1,0,0
2022-06-30,1.252709530426056,1.2542966225638974,1.2451194616335757,1.2467065537714168,8594.0,-0.0047919940807008,-0.0048035124965213,1.2333260308714953,1.221699305351143,1.2140582996885143,62.03592188027824,1.2302957976872864,1.2557727260493865,1.2048188693251864,0.0414159398251892,0.008071793197864,0.0064744932746571,1.2542966225638974,1.2096819537174184,0.0173996555579869,0.0836160358243779,1.2882837248577794,1,0,0
2022-07-01,1.2467065537714168,1.2524607023584893,1.2461992664473789,1.2519534150344511,8507.0,0.0042085775896196,0.0041997462964069,1.2351000674584434,1.2228857410249985,1.214435365512852,64.64249591428774,1.2322918327154926,1.2579983954165297,1.2065852700144557,0.0417215500720955,0.0078020197166212,0.0062318770194868,1.2542966225638974,1.2107198894328732,0.0222220573553852,0.0841208351969115,1.5296936076300454,1,0,0
2022-07-04,1.2519534150344511,1.2530444651130963,1.2401223676185011,1.2412134176971463,4969.0,-0.0085785918296402,-0.0086155997510999,1.2356822912907006,1.223604473443514,1.214701813793293,56.14488776577368,1.2332790934907936,1.2587509769048186,1.2078072100767685,0.0413075735224327,0.0081953646380465,0.0066027038712259,1.2542966225638974,1.2111553026223985,0.0153384300855774,0.0882081248459894,0.622986850040627,1,0,0
2022-07-05,1.2412134176971463,1.2420654324675184,1.2405302828689155,1.2413822976392876,2338.0,0.000136060358141,0.00013605110277,1.236225149038185,1.2243016430198188,1.214967291244497,56.24229510942319,1.2343821684248617,1.259211575680336,1.2095527611693877,0.0402296920525964,0.0078149574830619,0.0062953672675399,1.2542966225638974,1.2111553026223985,0.0080842345272174,0.0877297538878407,0.5638579400950136,1,0,0
2022-07-06,1.2413822976392876,1.2467547441885265,1.2400106159629736,1.2453830625122124,7394.0,0.0032228306143344,0.003217648426973,1.2370973312738067,1.225128365352854,1.2152699357347232,58.58888930707971,1.2359982799011329,1.2591342917346358,1.21286226806763,0.0374369644516876,0.0082420507217154,0.0066180848044371,1.2542966225638974,1.2111553026223985,0.0021845486877136,0.0850665717846335,0.8112705576584818,1,0,0
2022-07-07,1.2453830625122124,1.2466606357171062,1.2403931281973513,1.241670701402245,4280.0,-0.0029808989873997,-0.0029853507157557,1.237532890333658,1.2257770844136144,1.2155326299204698,55.608867921539456,1.2371789195842693,1.2588219452900056,1.215535893878533,0.0349877052754972,0.0084989655522608,0.0068447822298318,1.2542966225638974,1.2169092763089704,0.0054156500692257,0.0857090501434583,0.4150789154018504,1,0,0
2022-07-08,1.241670701402245,1.244378679004808,1.2416294831740684,1.2443374607766315,3510.0,0.0021477186917391,0.002145415640897,1.2381809446615604,1.2265049423102037,1.2158192451528695,57.28944199952032,1.2384780305457137,1.258415605436242,1.218540455655185,0.0321968971573008,0.0082317772642676,0.0066153897344936,1.2542966225638974,1.2171121904368054,-0.0039705178672311,0.0857603013269458,0.5877776272280407,1,0,0
2022-07-11,1.2443374607766315,1.2459307658294458,1.2429771515771022,1.2445704566299165,1054.0,0.0001872449079363,0.0001872273797965,1.2387894696109276,1.227213393852153,1.2161053268591089,57.44104278893461,1.2394111831784906,1.258604599077658,1.2202177672793233,0.0309718294617053,0.0076286178553268,0.006129518674245,1.2542966225638974,1.2203550801310874,-0.002822536753953,0.083619694054733,0.5376086756552461,1,0,0
2022-07-12,1.2445704566299165,1.2455866923857315,1.240411639496641,1.241427875252456,8655.0,-0.0025250329225796,-0.0025282261947539,1.239040746338692,1.2277708244953025,1.216357292514764,54.62474444534429,1.2399914922001438,1.2586587325997098,1.2213242518005778,0.0301086588367543,0.0070033432621816,0.00564136137249,1.2542966225638974,1.2203550801310874,-0.001815794176634,0.083884084066926,0.1538934541546353,1,0,0
2022-07-13,1.241427875252456,1.2426345012984918,1.2353115185015928,1.2365181445476288,1855.0,-0.0039549061227811,-0.0039627474452923,1.238800498549067,1.2281138566542171,1.2165578980076286,50.46202765901248,1.2405306706095602,1.2580518042073547,1.2230095370117655,0.0282478039647099,0.0068925684511061,0.0055741749375038,1.2542966225638974,1.2203550801310874,-0.0129250919588043,0.0842931384831609,-0.4580212849283412,1,0,0
2022-07-14,1.2365181445476288,1.2375961334677787,1.2359857019569394,1.2370636908770891,9228.0,0.0004411955715055,0.0004410982733567,1.238635088294593,1.22846483054531,1.2167619357476234,50.9096811222661,1.2411145915478718,1.2572327125148737,1.2249964705808702,0.0259736225434263,0.0058946060011625,0.0047649979905102,1.2542966225638974,1.2203550801310874,-0.0077346692893823,0.0842483980963419,-0.5026517270934824,1,0,0
2022-07-15,1.2370636908770891,1.2409147449799474,1.2368017431584533,1.2406527972613113,9473.0,0.002901310911225,0.0028971102317466,1.238827251053328,1.228942790024369,1.216999655762685,53.8635248170747,1.2419103697121492,1.2560774242798605,1.227743315144438,0.022814938844572,0.0058957744789605,0.0047521550686664,1.2542966225638974,1.2203550801310874,-0.009026388392278,0.0845786409279312,-0.1775347789940882,1,0,0
2022-07-18,1.2406527972613113,1.2413983425088324,1.2329128199969024,1.2336583652444235,9677.0,-0.0056377030159667,-0.0056536548463217,1.238334976214385,1.2291277145428026,1.217165414065986,47.82417791869182,1.2424701500669175,1.2540502574944357,1.2308900426393994,0.0186404597758657,0.0061178200484413,0.004959087718932,1.2542966225638974,1.2212460319564833,-0.0060868278935783,0.0870975821885511,-1.52188308746676,1,0,0
2022-07-19,1.2336583652444235,1.2353197683485524,1.225582601684745,1.227244004788874,7809.0,-0.0051994625386247,-0.0052130267822501,1.2372786932214792,1.2290538435720604,1.217265698550791,43.05637534383567,1.2422609927192898,1.2547929096159354,1.2297290758226442,0.0201759806837585,0.0060753177112201,0.0049503747319306,1.2542966225638974,1.225582601684745,-0.011389152944504,0.0853434122434918,-2.396598709401825,0,0,0
2022-07-20,1.227244004788874,1.2284788259489092,1.224143335230171,1.2253781563902062,8982.0,-0.0015203564991044,-0.0015215134138104,1.236145308761358,1.2289096989766937,1.2173464195243178,41.75242768485233,1.2413964808935387,1.2560208948280809,1.2267720669589968,0.0235612298884809,0.0057294841246784,0.0046756865175047,1.2542966225638974,1.224143335230171,-0.0160632553341876,0.0780354014900464,-2.1906278877266074,0,0,0
2022-07-21,1.2253781563902062,1.2274188133023822,1.2221016003497331,1.2241422572619092,9315.0,-0.0010085858980364,-0.0010090948630453,1.2350021609995057,1.2287227404780747,1.217414039800314,40.869523407109234,1.2408544703310764,1.257183922013652,1.2245250186485008,0.0263196886871329,0.0056620396276455,0.0046253118002069,1.2542966225638974,1.2221016003497331,-0.0141168218921011,0.0753157451864302,-2.046879882317182,0,0,0
2022-07-22,1.2241422572619092,1.2244089043062232,1.216831645941988,1.217098292986302,7035.0,-0.00575420400188,-0.0057708232179659,1.233297030712534,1.228266879792123,1.2174108980409706,36.17435200769066,1.239244493975751,1.2582060481134092,1.2202829398380928,0.0306017968687125,0.0052802654040483,0.0043384050692344,1.2542966225638974,1.216831645941988,-0.021890498879081,0.0627066685352436,-2.335905678265671,0,0,0
2022-07-25,1.217098292986302,1.2232902800893304,1.2153444054094924,1.2215363925125209,1330.0,0.0036464594123528,0.003639827197076,1.2321769699315803,1.2280029391144915,1.217451947737205,40.7897913244583,1.2379166513169657,1.2579578229960289,1.2178754796379023,0.0323788708355158,0.0057381743384222,0.004697505840673,1.2542966225638974,1.2153444054094924,-0.0185076417286716,0.0651208345324465,-1.6346607939651625,0,0,0
2022-07-26,1.2215363925125209,1.2240794822049368,1.219552907426414,1.22209599711883,5843.0,0.0004581153780922,0.0004580104752796,1.231216877282747,1.2277712943303478,1.2174981571837884,41.36554882437777,1.2368371435065455,1.257871100385021,1.21580318662807,0.0340124922491286,0.0055797776636344,0.0045657441614972,1.2542966225638974,1.2153444054094924,-0.0155722926148202,0.0646565566400107,-1.4016522400310076,0,0,0
2022-07-27,1.22209599711883,1.2237597066969068,1.2181881383941169,1.2198518479721934,5622.0,-0.0018363116743099,-0.0018379997614785,1.2301344935388847,1.2274607278064986,1.2175215769926284,39.69841191931927,1.2351942593838523,1.256140888844617,1.214247629923088,0.0339163322718375,0.0055300677195655,0.0045333929105885,1.2542966225638974,1.2153444054094924,-0.0134784084236245,0.0571229300840412,-1.4649050283146838,0,0,0
2022-07-28,1.2198518479721934,1.2212098277431642,1.2187359157181148,1.2200938954890856,9017.0,0.000198423699808,0.0001984040164294,1.2291782461055705,1.227171832421502,1.2175471722015485,39.97938615961257,1.233863626469736,1.2551100131398056,1.2126172397996664,0.0344387924471987,0.0055104045905876,0.0045163774779634,1.2530444651130963,1.2153444054094924,-0.0137178024972763,0.0558342587388926,-1.2961950843197387,0,0,0
2022-07-29,1.2200938954890856,1.2349013974953864,1.2189202559859047,1.2337277579922057,1129.0,0.0111744371097395,0.0111124643339352,1.2296115329519168,1.2274289275419217,1.2177081730551869,53.205577692934256,1.2329523436176235,1.2524208703222584,1.2134838169129891,0.0315803393463071,0.0064409422518117,0.0052207160048776,1.2530444651130963,1.2153444054094924,-0.005581770568198,0.0685905927880686,0.0796582490648496,0,0,0
2022-08-01,1.2337277579922057,1.240802708305547,1.2321133336615315,1.2391882839748731,7672.0,0.0044260380357772,0.0044162719355804,1.2305236044779126,1.2278900787745866,1.217921905502149,57.26716960405273,1.23285108693151,1.2521591072235805,1.2135430666394396,0.0313225506255209,0.0066919652343064,0.0054002812331641,1.2467547441885265,1.2153444054094924,0.0044825365646137,0.064234466829201,0.6564315706635004,0,0,0
2022-08-02,1.2391882839748731,1.2495298106393566,1.2385322987346945,1.248873825399178,8686.0,0.0078160369570612,0.0077856499746859,1.2322712445656523,1.2287129707990805,1.2182298848046071,63.34453125737649,1.233225663319505,1.25349718219672,1.212954144442289,0.0328756033549447,0.0069544315991466,0.0055685622179837,1.2495298106393566,1.2153444054094924,0.0176247107550753,0.0700857337553576,1.5438568934527652,0,0,0
2022-08-03,1.248873825399178,1.2507141566456417,1.2442628012557653,1.246103132502229,7263.0,-0.0022185531000807,-0.0022210177349667,1.2335885672262783,1.229394937924694,1.2185072305528422,60.68571065120855,1.2332616668190055,1.2536264439492462,1.2128968896887649,0.033025881981345,0.0073002118762207,0.0058584331311017,1.2507141566456417,1.2153444054094924,0.0169131267796347,0.0697471041477011,1.2611447305410906,0,0,0
2022-08-04,1.246103132502229,1.2534496833094897,1.2441496543815775,1.2514962051888383,6851.0,0.0043279505090239,0.0043186118663129,1.235294056556046,1.2302616542879938,1.2188354790566829,63.86507050845104,1.233752942008335,1.2554052140497414,1.2121006699669288,0.0350998507142931,0.0076707138123934,0.0061292345758539,1.2534496833094897,1.2153444054094924,0.0223453996172902,0.0703735567393017,1.6389285287541475,0,0,0
2022-08-05,1.2514962051888383,1.2641736589722352,1.2486020005850214,1.2612794543684185,1151.0,0.0078172423847691,0.00778684605308,1.2377688563477005,1.2314780386048734,1.2192578071692377,68.79504176642547,1.2346000416879244,1.2591302571672565,1.2100698262085925,0.0397379145489008,0.0081768663749137,0.0064829933973738,1.2641736589722352,1.2153444054094924,0.036300405346648,0.0749650769363689,2.175228562747247,0,0,0
2022-08-08,1.2612794543684185,1.2642676919089264,1.2608356942317636,1.2638239317722717,8590.0,0.0020173779847445,0.002015345810428,1.2402502921024217,1.2327465050035948,1.2197012511951384,69.9436032726855,1.235562715445042,1.2630708625702325,1.2080545683198518,0.044527318251558,0.0077264971615819,0.0061135866850907,1.2642676919089264,1.2153444054094924,0.0346183212542459,0.0750846534718499,2.054752448328268,0,0,1
2022-08-09,1.2638239317722717,1.2652942528411455,1.2629706393320828,1.2644409604009563,3131.0,0.0004882235675183,0.0004881044251695,1.2425541652737109,1.2339894248230994,1.2201464224310172,70.2297602783277,1.2367133697024673,1.2670358091249043,1.2063909302800302,0.0490371336888387,0.0075827916466051,0.0059969519211087,1.2652942528411455,1.2153444054094924,0.0346494574746643,0.0740814305689738,1.828849606207629,1,0,1
2022-08-10,1.2644409604009563,1.265417256441319,1.262321844020109,1.2632981400604717,4783.0,-0.0009038147104335,-0.0009042233972189,1.2445297819200687,1.2351387862049572,1.2205757927556886,68.92095190312065,1.2380523694781094,1.270620492652217,1.2054842463040016,0.0526118667949992,0.0074240916086452,0.0058767533753274,1.265417256441319,1.2153444054094924,0.0356160398990259,0.0721807980641125,1.550336225848779,1,0,1
2022-08-11,1.2632981400604717,1.2681078184737702,1.262330707847313,1.2671403862606117,4943.0,0.0030414405580905,0.0030368247345566,1.246683172809644,1.2363937509130225,1.2210391220442949,70.88547229163402,1.2395562042472854,1.2746144938394297,1.204497914655141,0.0565658732891959,0.0072955096273753,0.0057574596362639,1.2681078184737702,1.2153444054094924,0.0385597296613529,0.0724643466847645,1.5736182417471494,1,0,1
2022-08-12,1.2671403862606117,1.267745986106252,1.263039558601845,1.2636451584474853,4258.0,-0.0027583587825189,-0.0027621700643072,1.248298600013248,1.2374624335614326,1.2214630627050231,66.75188290315324,1.240705822306594,1.277385919284388,1.2040257253288005,0.059127790517823,0.007064120543416,0.0055902723135464,1.2681078184737702,1.2153444054094924,0.0242495966078999,0.0734916449564322,1.250778380154156,1,0,1
2022-08-15,1.2636451584474853,1.26466042801957,1.2560337359037286,1.2570490054758132,9354.0,-0.0052199408414432,-0.0052336123296303,1.249131971962064,1.2382305344208202,1.2218171516878171,59.679071632970754,1.2418753543181635,1.2790969300518396,1.2046537785844875,0.0599441410995905,0.0073569860675101,0.0058525849314247,1.2681078184737702,1.2153444054094924,0.0144132427105017,0.0730099570310449,0.815314819889335,1,0,1
2022-08-16,1.2570490054758132,1.2662349805848148,1.255142089484303,1.2643280645933046,7235.0,0.0057905929568244,0.0057738919150364,1.2505792188793248,1.2392539669766038,1.2222401458460808,64.18848874795914,1.2437295573083853,1.2815717601777707,1.205887354439,0.0608527837052961,0.0077513662673474,0.0061308187996608,1.2681078184737702,1.2153444054094924,0.0123745400694796,0.0711314733753221,1.0886526535474823,1,0,1
2022-08-17,1.2643280645933046,1.267272633923149,1.26349747057657,1.2664420399064145,2256.0,0.001672014860945,0.0016706186002598,1.2520899637390477,1.2403201659150278,1.2226799656874772,65.39878202375596,1.2457827514841957,1.283887660227713,1.207677842740678,0.0611742435799824,0.0078443127903138,0.0061939769394369,1.2681078184737702,1.2153444054094924,0.0163220096905976,0.0702310614859066,1.0843373782247188,1,0,1
2022-08-18,1.2664420399064145,1.271242155929918,1.265154158635014,1.2699542746585175,1104.0,0.0027733087195704,0.0027694701942495,1.253791326683759,1.2414822878265372,1.2231503568215174,67.37179294463971,1.248073352354026,1.2862086760252165,1.2099380286828356,0.061110708916687,0.0071376596321297,0.0056204067930311,1.271242155929918,1.2153444054094924,0.0147488017887309,0.06960626423993,1.1475409252142654,1,0,1
2022-08-19,1.2699542746585175,1.2717811403285224,1.2597359423064478,1.2615628079764527,5214.0,-0.0066076919850687,-0.0066296194283239,1.2545314677592538,1.2422697592049654,1.2235325702658453,58.75194900373562,1.2502965781035336,1.2859309650593216,1.2146621911477455,0.0570014948130766,0.007377361301991,0.0058477954925005,1.2717811403285224,1.2153444054094924,0.0002246556915306,0.0708965406587618,0.6323234850032505,1,0,1
2022-08-22,1.2615628079764527,1.262411546435175,1.2527424694631566,1.253591207921879,4174.0,-0.0063188293156487,-0.006338877616759,1.2544419192033134,1.2427137375860209,1.2238316611877955,51.95185844846161,1.2518993188740013,1.2848711602446377,1.218927477503365,0.0526749090338866,0.0072824730925165,0.005809288583468,1.2717811403285224,1.2181881383941169,-0.0080966371922102,0.0760976422661253,0.1026263003548466,1,0,1
2022-08-23,1.253591207921879,1.2573732300630205,1.2521130167048105,1.255895038845952,9278.0,0.0018377848452624,0.0018360981848568,1.2545803115502314,1.24323065136092,1.224150699771459,53.62252323855814,1.2535892709603575,1.2834469511514797,1.2237315907692354,0.047635506912481,0.007197391518826,0.0057308861777492,1.2717811403285224,1.2181881383941169,-0.006758656056424,0.0760511157974966,0.1544505715671802,1,0,0
2022-08-24,1.255895038845952,1.2622905676170535,1.2538425692079342,1.2602380979790355,7688.0,0.00345813861728,0.0034521730052513,1.255119148352975,1.2438976100518269,1.2245097783605892,56.68044608559128,1.2556085834606998,1.2809856381474956,1.230231528773904,0.0404219197305129,0.0071365321960551,0.0056628443525866,1.2717811403285224,1.2187359157181148,-0.0024222643763959,0.0754045060071264,0.3648583001828624,1,0,0
2022-08-25,1.2602380979790355,1.2627749281476863,1.251432128242797,1.2539689584114475,7725.0,-0.0049745675659554,-0.0049869819149809,1.2550096064537817,1.2442925648894592,1.2248029045302495,51.41091886108706,1.2573023366068177,1.2764581800792705,1.238146493134365,0.0304713399708617,0.0068344708758891,0.0054502711809925,1.2717811403285224,1.2189202559859047,-0.0103946081996749,0.078872734711319,-0.3480272951868256,1,0,0
2022-08-26,1.2539689584114475,1.2550843113094123,1.2499440905785488,1.2510594434765134,1602.0,-0.002320244783906,-0.0023229407228007,1.2546334004559463,1.2445579326771867,1.2250641636242423,49.12812890708564,1.2581689208810332,1.274137236236358,1.2422006055257084,0.0253834204458697,0.0069564868082963,0.0055604766380766,1.2717811403285224,1.2321133336615315,-0.0099598490025749,0.0707819654970386,-0.8904480211369314,1,0,0
2022-08-29,1.2510594434765134,1.25692272725636,1.250649292343325,1.2565125761231717,5468.0,0.004358811785557,0.0043493396802408,1.2548123695671107,1.2450267422240882,1.2253770831515949,53.31242189705517,1.259035135488448,1.2723227319863708,1.2457475389905257,0.0211075864737764,0.00723861690858,0.0057608789964633,1.2717811403285224,1.2385322987346945,-0.0004267370248136,0.0707355068137236,-0.3796863286255025,1,0,0
2022-08-30,1.2565125761231717,1.2568640157457809,1.254656808872706,1.2550082484953151,1716.0,-0.0011972244897838,-0.0011979417355499,1.2548310247031302,1.2454181738425678,1.2256719206177016,52.04076743129287,1.2593418566432548,1.271905321528005,1.2467783917585047,0.0199524296258011,0.0071751736551418,0.0057172322681898,1.2717811403285224,1.2441496543815775,-0.0073713590317139,0.0657774881779977,-0.6898746783142148,1,0,0
2022-08-31,1.2550082484953151,1.2617520000802276,1.2534205269238878,1.2601642785088,4920.0,0.0041083634467475,0.0040999471651965,1.2553389536370037,1.2459964524569298,1.226015128158907,55.92159435211202,1.2600449139435834,1.2709538176616333,1.2491360102255336,0.0173151029734457,0.007357628121562,0.0058386261593358,1.2717811403285224,1.2441496543815775,-0.0049570064794108,0.0664546717623376,0.0218838791324488,1,0,0
2022-09-01,1.2601642785088,1.2623981471052474,1.2583936226072678,1.2606274912037152,5730.0,0.0003675811977967,0.000367513656379,1.2558426238814524,1.2465702186822938,1.2263595297812433,56.26399991426458,1.2605014782443271,1.2706411326788238,1.2503618238098309,0.0160882864629708,0.0073074921925314,0.005796710164994,1.2717811403285224,1.2486020005850214,-0.0073441884018305,0.0649539156927187,0.0248554741587925,1,0,0
2022-09-02,1.2606274912037152,1.2682403226853118,1.2585810532960449,1.2661938847776415,9766.0,0.0044155736827626,0.0044058536398287,1.256828458252518,1.2473397742154448,1.2267558915225012,60.25912598023104,1.2607471997647886,1.2711996029255908,1.2502947966039863,0.0165812831672396,0.0073812477120618,0.0058294766708323,1.2717811403285224,1.2499440905785488,0.0036709046683272,0.0607696794848933,1.0421880842251916,1,0,0
2022-09-05,1.2661938847776415,1.2663291237685086,1.2626553285346884,1.2627905675255555,5974.0,-0.0026878326400097,-0.0026914513479353,1.2573962781832837,1.2479456876785864,1.2271144455125813,56.840418800791525,1.2606955315524526,1.271093974311345,1.2502970887935605,0.0164963585554831,0.0068513122930125,0.0054255333142356,1.2717811403285224,1.2499440905785488,0.0073384046932865,0.0611984732951897,0.4029518691750842,1,0,0
2022-09-06,1.2627905675255555,1.2641364770189465,1.2585952153148492,1.25994112480824,9479.0,-0.0022564649994963,-0.0022590146528344,1.2576386445285177,1.2484160969777889,1.227441079137414,54.07429192735882,1.2604705397728169,1.2707214408613812,1.2502196386842526,0.0162651974244664,0.0069774621756923,0.0055379271604888,1.2717811403285224,1.2499440905785488,0.0032216752492357,0.0616616880116211,-0.1032914004345493,1,0,0
2022-09-07,1.25994112480824,1.26072494537961,1.257679368717656,1.258463189289026,6200.0,-0.0011730195087004,-0.0011737080345731,1.2577171726009468,1.2488101005978374,1.2277497568503652,52.64329683083177,1.2602287922342446,1.2704268304097257,1.2500307540587636,0.01618442339728,0.0067601464161959,0.0053717474406343,1.2717811403285224,1.2499440905785488,-0.0014083915514505,0.0617115018350331,-0.3462632547235797,1,0,0
2022-09-08,1.258463189289026,1.2613474857042712,1.2534176088794224,1.2563019052946678,3086.0,-0.0017173994541541,-0.001718875875242,1.257582385238444,1.2491038968604582,1.2280338578299106,50.537101395589445,1.2596868681859474,1.2694824267181992,1.2498913096536957,0.015552370640107,0.0064661949021083,0.0051470071603463,1.2717811403285224,1.2499440905785488,0.0018604502667876,0.0607159580410461,-0.6911219774012297,1,0,0
2022-09-09,1.2563019052946678,1.2572688695607397,1.2524415195872411,1.2534084838533128,2507.0,-0.0023031258881011,-0.0023057821618015,1.2571848708208124,1.2492727041935114,1.2282863416709395,47.780998962076346,1.259175034456239,1.2691675281205692,1.2491825407919082,0.015871492669239,0.0061203572593569,0.0048829709852779,1.2717811403285224,1.2499440905785488,0.001877640897919,0.0605048045244809,-1.1541764841963806,1,0,0
2022-09-12,1.2534084838533128,1.2617714967029343,1.251219959116411,1.2595829719660323,6364.0,0.0049261579064294,0.0049140640916689,1.2574132614060711,1.249677028419885,1.2285977509276071,53.59676861603923,1.25930173278075,1.2692448608518097,1.24935860470969,0.0157914943055048,0.0064983089899507,0.0051590956170261,1.2717811403285224,1.2499440905785488,0.0024435854453079,0.0605029465455538,0.0565695590507844,0,0,0
2022-09-13,1.2595829719660323,1.272124204995557,1.2579428939339607,1.2704841269634852,7511.0,0.0086545747601187,0.0086173386157404,1.2586581057448725,1.2504929930686537,1.2290145307886609,61.70578299986646,1.2596095358992587,1.270539933910031,1.2486791378884865,0.0173552163575338,0.0069078313222705,0.0054371646017967,1.272124204995557,1.2499440905785488,0.0123312962179529,0.0647742152506234,1.9897886707344423,0,0,0
2022-09-14,1.2704841269634852,1.2750616851610228,1.267840364436704,1.2724179226342416,5837.0,0.0015220935308952,0.0015209363206428,1.259968564496241,1.2513527942280886,1.229446405334388,62.94290896725448,1.2599083300356502,1.2719003072153907,1.2479163528559096,0.0190362693758858,0.0066134399522297,0.0051975375657536,1.2750616851610228,1.2499440905785488,0.0097238465923996,0.0647327596559681,2.086326951943399,0,0,0
2022-09-15,1.2724179226342416,1.2737968319759294,1.2626897452677524,1.2640686546094402,4775.0,-0.0065617340625917,-0.0065833568802358,1.2603590492689267,1.251851455419514,1.2297909053271747,54.72289926590587,1.2596140490331962,1.2708319011144262,1.248396196951966,0.0178115702819291,0.0070396446648949,0.0055690366494136,1.2750616851610228,1.2499440905785488,0.0027297226418878,0.0682776720586166,0.7941993786310488,0,0,0
2022-09-16,1.2640686546094402,1.2649593853773708,1.2628059978551114,1.263696728623042,8415.0,-0.0002942292612366,-0.0002942725551581,1.2606769234931283,1.2523159759372997,1.2301282767032529,54.38219696054945,1.259720745065526,1.2710566118106554,1.2483848783203964,0.0179974280641697,0.0067453555655538,0.0053377961759098,1.2750616851610228,1.2499440905785488,-0.0019721751815583,0.0639913043303839,0.7014873492976574,0,0,0
2022-09-19,1.263696728623042,1.2649649592943215,1.2617744781947346,1.263042708866014,9801.0,-0.0005175448683328,-0.0005176788409047,1.260902236385784,1.2527366321305826,1.230455783490942,53.74848597371373,1.2601933201127324,1.2712375525202868,1.249149087705178,0.0175278383582709,0.0068155894388761,0.0053961670425185,1.2750616851610228,1.2499440905785488,0.0001996699586952,0.0594336897896632,0.5159957972873933,0,0,0
2022-09-20,1.263042708866014,1.2672274368820822,1.2620696855462852,1.2662544135623532,7938.0,0.0025428314290516,0.0025396039034246,1.2614119675454574,1.2532667412063383,1.2308119887652844,56.43332543279517,1.2607112888485523,1.271877755374656,1.2495448223224492,0.0177145499130129,0.0065888950231231,0.0052034527600078,1.2750616851610228,1.2499440905785488,0.0050107807657078,0.0597147218838264,0.9928162504840424,0,0,0
2022-09-21,1.2662544135623532,1.2681562090923455,1.2624274788841172,1.2643292744141097,8712.0,-0.0015203415108561,-0.0015214984027401,1.261689806294853,1.2537005660380158,1.2311454940951236,54.395049634661845,1.2609158476703062,1.2721951384603076,1.2496365568803047,0.0178906321319401,0.0067120525738551,0.0053087852268275,1.2750616851610228,1.2499440905785488,0.0046613084713251,0.0589626851973266,0.6052555621368242,0,0,0
2022-09-22,1.2643292744141097,1.2652554930652962,1.2563798361283196,1.257306054779506,5391.0,-0.0055548975861989,-0.0055703834045112,1.2612723061505342,1.2538419577533684,1.2314057981815356,47.63551254127618,1.2610827024887092,1.2720229317480876,1.250142473229331,0.0173505341684381,0.0066560802558344,0.0052939220570298,1.2750616851610228,1.2499440905785488,0.0007992899482252,0.0596658689758855,-0.6904147289172629,0,0,0
2022-09-23,1.257306054779506,1.269321448771612,1.2552369328543909,1.2672523268464968,1606.0,0.0079107803777618,0.007879654201802,1.2618418319311022,1.25436785458055,1.231762480058799,55.97865490976488,1.2618923466572085,1.2720801515142628,1.2517045418001542,0.0161468684456991,0.0073997031617916,0.0058391710987862,1.2750616851610228,1.250649292343325,0.0110449571480673,0.0648947377984646,1.0522345617126485,0,0,0
2022-09-26,1.2672523268464968,1.2692546695212297,1.2672051742334176,1.2692075169081505,5973.0,0.0015428577405092,0.0015416687583019,1.2625433257384402,1.2549498021228087,1.232135067490136,57.41501274846732,1.2625270936964574,1.2728840969797728,1.252170090413142,0.0164067818188231,0.0071502912749141,0.0056336660314875,1.2750616851610228,1.251219959116411,0.0076410567277638,0.0635160527381507,1.2900301426870466,0,0,0
2022-09-27,1.2692075169081505,1.2709117054202386,1.2635974535287846,1.265301642040873,1064.0,-0.0030774123342668,-0.0030821573049258,1.2628060225291482,1.2553557566293994,1.2324650831573074,53.64905498657766,1.2630417633737352,1.2728331461976692,1.2532503805498012,0.0155044482421231,0.0074551966484498,0.0058920311179119,1.2750616851610228,1.251219959116411,-0.0040791418110815,0.0645290294699223,0.4616056195073305,0,0,0
2022-09-28,1.265301642040873,1.276351778141403,1.2647480498461925,1.275798185946723,3947.0,0.0082956850422792,0.0082614649694936,1.26404337142606,1.2561574205241963,1.232896258309441,61.044029647893446,1.2638234587456312,1.2750401149529416,1.2526068025383208,0.0177503529147071,0.0077176146106185,0.0060492440698146,1.276351778141403,1.251219959116411,0.0026565668813303,0.0692459986344421,2.135168802497018,0,0,0
2022-09-29,1.275798185946723,1.2821295303515223,1.2745741970404412,1.2809055414452406,9378.0,0.0040032628630268,0.0039952711278292,1.2656492923802676,1.2571279350701197,1.23337396261925,64.04953211539745,1.2648373612577075,1.2782822735256807,1.2513924489897348,0.0212595115859067,0.007912470563303,0.0061772475075526,1.2821295303515223,1.251219959116411,0.0133195984050427,0.0702613938681007,2.390224624344901,0,0,0
2022-09-30,1.2809055414452406,1.2819464285544613,1.2780985105069915,1.2791393976162122,8864.0,-0.001378824411233,-0.0013797758643032,1.2669340643075004,1.2579911296797706,1.2338293400819065,62.26069142511198,1.265484636899636,1.2803734577557166,1.2505958160435553,0.0235306228490571,0.0074336405962278,0.0058114390113235,1.2821295303515223,1.251219959116411,0.0122202334178682,0.0693190608006208,1.8342299700650213,0,0,0
2022-10-03,1.2791393976162122,1.2819796146388924,1.2785209855007733,1.2813612025234535,6189.0,0.0017369529164545,0.0017354461582639,1.2683080774709246,1.258907603124621,1.234302293937046,63.63658518359727,1.2664131686495312,1.282832217841856,1.2499941194572064,0.0259300038862256,0.0066677347445508,0.0052036340193691,1.2821295303515223,1.251219959116411,0.0145034633657685,0.0683781545812344,1.8208160166679808,1,0,0
2022-10-04,1.2813612025234535,1.2851905900423568,1.2804784768706947,1.284307864389598,6264.0,0.0022996340612946,0.0022969939496391,1.2698318667012742,1.259903691801679,1.2347998618022458,65.43636523242378,1.267631505628599,1.2855739602635792,1.2496890509936187,0.0283086284228678,0.0064885056336468,0.0050521419463008,1.2851905900423568,1.251219959116411,0.0142573645816206,0.0676394899685465,1.8588714978258447,1,0,0
2022-10-05,1.284307864389598,1.2891744677047303,1.2827807110061262,1.2876473143212588,2779.0,0.0026001942557969,0.0025968195992888,1.2715285759984156,1.2609916769985254,1.2353257071009425,67.4052989329056,1.2690907118802106,1.2885743859500476,1.2496070378103736,0.0307049352539521,0.0061518392043916,0.0047775808918875,1.2891744677047303,1.251219959116411,0.018443011942403,0.0673818499667631,1.9048360565398612,1,0,0
2022-10-06,1.2876473143212588,1.2897654989051566,1.2869048687745,1.2890230533583975,8327.0,0.0010684129278553,0.0010678425809709,1.2731947166993662,1.2620909466596968,1.235860009053753,68.20876022235004,1.2707267692833972,1.291160875828317,1.2502926627384774,0.0321612907492981,0.0062023565335628,0.0048116723105947,1.2897654989051566,1.251219959116411,0.0252261559214823,0.0665266963570692,1.790759388944177,1,0,0
2022-10-07,1.2890230533583975,1.2899806468704833,1.2839637957022938,1.2849213892143794,3217.0,-0.0031819944052451,-0.0031870677144622,1.274311542653177,1.2629862581324296,1.2363481819906748,63.20626372989293,1.2723024145514503,1.2919588662224906,1.25264596288041,0.0308990243926717,0.0064042401098916,0.004984149352364,1.2899806468704833,1.251219959116411,0.0139428131190346,0.0672265711813129,1.2839524522648769,1,0,0
2022-10-10,1.2849213892143794,1.2862062776254264,1.2814436277360672,1.2827285161471145,7110.0,-0.0017066204093667,-0.0017080783449754,1.275113159176409,1.2637604643290838,1.236809677852928,60.64542198847016,1.2734596917605043,1.2926836899340213,1.2542356935869874,0.0301917654683527,0.0063760185780031,0.0049706687718727,1.2899806468704833,1.2552369328543909,0.0106531036562891,0.0665363285146245,0.9642972604292748,1,0,0
2022-10-11,1.2827285161471145,1.289001971440118,1.2818598068213205,1.2881332621143242,4382.0,0.0042134761168668,0.0042046242823244,1.27635316898002,1.264716260320662,1.2373203602833898,64.4666682571418,1.2743421485180464,1.2945843924383944,1.2540999045976984,0.0317689310424018,0.0064769781787581,0.0050281895276323,1.2899806468704833,1.2552369328543909,0.0180444087914284,0.0613540706904219,1.3626071941969418,1,0,0
2022-10-12,1.2881332621143242,1.2888658983951269,1.2813909216483026,1.282123557929105,9173.0,-0.004665436691973,-0.0046763538103873,1.276902729832314,1.2653988994425618,1.2377661632450387,57.75179600183235,1.2748274302827896,1.295339007523426,1.254315853042153,0.0321793785627699,0.0063769295937472,0.0049737246884748,1.2899806468704833,1.2552369328543909,0.0049579722342121,0.0641195469333581,0.7114155640708814,1,0,0
2022-10-13,1.282123557929105,1.284321924605747,1.2814145407964188,1.2836129074730604,5436.0,0.0011616271573395,0.0011609529905497,1.2775417943695278,1.266113174267287,1.2382223497547704,58.894492172596266,1.2758046429259706,1.2960181208096933,1.255591165042248,0.0316874185962584,0.0055785630146119,0.0043459854463399,1.2899806468704833,1.2552369328543909,0.0021136344095795,0.0586442899040132,0.7725800173534364,1,0,0
2022-10-14,1.2836129074730604,1.2891455830860767,1.2815680848028237,1.28710076041584,3738.0,0.0027172155425312,0.0027135305860835,1.2784521720882245,1.2669362168613485,1.2387087020996568,61.519380252638,1.2769748445156106,1.296945299087617,1.2570043899436043,0.0312777572052821,0.0059734203714292,0.0046409889226538,1.2899806468704833,1.2552369328543909,0.0062239993658739,0.0588905178334589,1.014089675697575,1,0,0
2022-10-17,1.28710076041584,1.2890572153070166,1.2816940073763232,1.2836504622674998,5338.0,-0.0026806744696704,-0.0026842739115369,1.2789472473433934,1.2675916774655112,1.2391558837928691,57.60085334737447,1.2780052321856847,1.297054288019214,1.2589561763521555,0.0298106069580809,0.0059769172313748,0.0046561874957899,1.2899806468704833,1.2552369328543909,0.0017865842508246,0.0600815616378922,0.5927044501469306,1,0,0
2022-10-18,1.2836504622674998,1.2856076539004548,1.2823782318463952,1.2843354234793505,9921.0,0.0005336041484693,0.0005334618324004,1.2794604069753892,1.26824829495625,1.2396054314514413,58.170476762292544,1.2789092826815347,1.297315571344994,1.2605029940180754,0.0287843538438725,0.005378752499864,0.004187965543528,1.2899806468704833,1.2552369328543909,2.1458320482503623e-05,0.0597381158612607,0.589596403384424,1,0,0
2022-10-19,1.2843354234793505,1.2875117664060862,1.2807351977389572,1.2839115406656931,4186.0,-0.0003300405843427,-0.0003300950597227,1.2798843244697038,1.268862539886032,1.240046288259543,57.654266444215246,1.279888395994114,1.2970718159864494,1.2627049760017783,0.0268514349315415,0.0053231264538675,0.0041460227478814,1.2899806468704833,1.2552369328543909,-0.002901239814673,0.0592949188614544,0.4682588999598148,1,0,0
2022-10-20,1.2839115406656931,1.2849122799088293,1.2775603594360263,1.278561098679163,7864.0,-0.0041672979929413,-0.0041760053784888,1.2797583029658428,1.2692428755249785,1.2404295202040172,51.448118948605526,1.2809511481890967,1.2944982812816284,1.267404015096565,0.0211516779725494,0.0055734123413912,0.0043591286698375,1.2899806468704833,1.2552369328543909,-0.0081161889633996,0.0575077666553673,-0.3528494912700945,1,0,0
2022-10-21,1.278561098679163,1.2798669480380886,1.2715478942674656,1.2728537436263916,1351.0,-0.004463889178755,-0.0044738820812835,1.279100725885895,1.269384478195622,1.240752149292797,45.78629850814268,1.2812312190280912,1.2937807783187862,1.2686816597373962,0.0195898431201431,0.0059205855294272,0.0046514264180575,1.2899806468704833,1.2635974535287846,-0.0093917384279563,0.0540107687417324,-1.3351027247484644,1,0,0
2022-10-24,1.2728537436263916,1.2752895983677692,1.2649811095829486,1.2674169643243265,7129.0,-0.0042713307238079,-0.0042804789161475,1.2779879866895552,1.2693073207889047,1.2410174708353994,41.14158331273189,1.2811416913989002,1.2940721796363492,1.2682112031614512,0.0201858831451031,0.0063203266446528,0.0049867776923929,1.2899806468704833,1.2635974535287846,-0.0119367049457813,0.0560358051438261,-2.1228474629170946,0,0,0
2022-10-25,1.2674169643243265,1.2684207050981628,1.2628963343263542,1.2639000751001908,4083.0,-0.0027748478386593,-0.0027787048656842,1.2766462808239014,1.269095271938367,1.241245158440024,38.4260743473644,1.2810716130518662,1.29437342296601,1.2677698031377225,0.0207666921640003,0.0062582276498817,0.0049515209098992,1.2899806468704833,1.2628963343263542,-0.0188126397530931,0.0558299643387466,-2.581834812331379,0,0,0
2022-10-26,1.2639000751001908,1.2686820227394595,1.263446333168368,1.2682282808076368,6717.0,0.003424484097054,0.0034186339035139,1.275844566536638,1.2690612722861814,1.2415136472198014,43.37920821417707,1.2806931177949117,1.2950181652347064,1.266368070355117,0.0223707728896981,0.00642787475277,0.0050683893822936,1.2899806468704833,1.2628963343263542,-0.0108377051771141,0.0483491085080214,-1.740285613665448,0,0,0
2022-10-27,1.2682282808076368,1.2695291713525876,1.2662618611203562,1.267562751665307,9299.0,-0.0005247707785747,-0.0005249085189499,1.2750558222631778,1.2690025067716373,1.241772842288911,42.80896280764705,1.2800259783059151,1.2955056292176492,1.264546327394181,0.0241864636719655,0.0062314789716301,0.0049161108303658,1.2899806468704833,1.2628963343263542,-0.0125038909427531,0.0456062463063932,-1.6102723132032135,0,0,0
2022-10-28,1.267562751665307,1.2687008510363404,1.267307064434488,1.2684451638055214,9187.0,0.0006961486830179,0.0006959064839213,1.2744262357434009,1.2689806501847307,1.2420382385229072,43.86267253396929,1.2794912666153806,1.2958156363283155,1.2631668969024457,0.0255169693437885,0.0059908458796653,0.0047229837367915,1.2899806468704833,1.2628963343263542,-0.0144942782912281,0.0456823938334692,-1.353326713876933,0,0,0
2022-10-31,1.2684451638055214,1.2697209394661144,1.2565592729629191,1.257835048623512,8794.0,-0.0083646620955827,-0.0083998421987143,1.272846122684364,1.2685435677705654,1.2421954207129629,35.41379849676652,1.2783149589203835,1.2972532247918471,1.2593766930489196,0.0296300465535636,0.0064208102999795,0.0051046520821676,1.2899806468704833,1.2565592729629191,-0.0201109370524326,0.0528751436510875,-2.1628073484521537,0,0,0
2022-11-01,1.257835048623512,1.267712697804788,1.256937992844759,1.2668156420260348,3615.0,0.0071397226626419,0.0071143555141618,1.2722717911930943,1.2684758059766623,1.242440398039461,45.060107506059175,1.2774403478022054,1.2968237132883211,1.2580569823160896,0.0303471947155328,0.0066565051723512,0.0052545176673895,1.2899806468704833,1.2565592729629191,-0.0136411260898288,0.0591982241055217,-1.0962704886084902,0,0,0
2022-11-02,1.2668156420260348,1.2724221183230844,1.2655357858848562,1.2711422621819055,7919.0,0.0034153510679353,0.0034095320021476,1.2721642170015524,1.2685803728866718,1.2427259887274456,49.01126281817403,1.2766150951952375,1.2955693806604138,1.2576608097300612,0.0296945971209553,0.0069407157887013,0.0054602195168836,1.2899806468704833,1.2565592729629191,-0.0099456061257667,0.0598640540858544,-0.5774771118000476,0,0,0
2022-11-03,1.2711422621819055,1.2718807535691317,1.2697676172802543,1.2705061086674805,5623.0,-0.0005004581574792,-0.0005005834284599,1.2720063019221168,1.2686558919368995,1.2430024078313264,48.45942382185245,1.2756892479606918,1.2938854122857495,1.257493083635634,0.0285275812336682,0.0065504042176744,0.0051557439771341,1.2899806468704833,1.2565592729629191,-0.0063000430875018,0.059528986075395,-0.5696958106796037,0,0,0
2022-11-04,1.2705061086674805,1.2755864860977313,1.2685910167419836,1.2736713941722346,2063.0,0.0024913579581873,0.0024882596708443,1.2721648821364138,1.2688525782990694,1.2433075718745197,51.39206741434514,1.2751267482085846,1.2928095561783113,1.257443940238858,0.0277349808473065,0.0065241371766069,0.0051223080038214,1.2891455830860767,1.2565592729629191,0.0006423758817046,0.0598182116222838,-0.1646066664119855,0,0,0
2022-11-07,1.2736713941722346,1.275659336185465,1.2678076003092629,1.2697955423224927,2668.0,-0.0030430548000655,-0.0030476943058946,1.271939230725564,1.2688895572803802,1.2435711337695243,47.80513242951223,1.2744800995173535,1.2919368723176698,1.2570233267170372,0.0273943434768847,0.006854302449617,0.005397957561798,1.2891455830860767,1.2565592729629191,0.0018767130826866,0.0603811122197056,-0.5367036907046125,0,0,0
2022-11-08,1.2697955423224927,1.2738803487905188,1.2689693422060977,1.2730541486741236,6875.0,0.0025662449134691,0.0025629577296027,1.2720454133873318,1.2690528745899388,1.2438644971019086,50.90749145064541,1.2737261438453436,1.2899597370699196,1.2574925506207677,0.0254899270192685,0.0067210480151379,0.005279467509012,1.2891455830860767,1.2565592729629191,0.0072427193844475,0.0589417187993661,-0.0827906874249663,0,0,0
2022-11-09,1.2730541486741236,1.2774007903945384,1.2715695551727244,1.2759161968931392,2555.0,0.0022481747708817,0.0022456514072488,1.272414059435504,1.269322024484182,1.2441834194878911,53.520583180829696,1.2734157757935454,1.2892046363581882,1.2576269152289026,0.0247976518977923,0.0066124276400673,0.0051824936905485,1.2891455830860767,1.2565592729629191,0.0060619339608216,0.0576846214805827,0.3167323049508951,0,0,0
2022-11-10,1.2759161968931392,1.2772665108172474,1.2751548199379594,1.2765051338620677,2067.0,0.000461579663588,0.0004614731684645,1.2728036855713671,1.2696037150480208,1.2445050285861416,54.06243921738489,1.2730603871129955,1.2881889949152752,1.257931779310716,0.0237673058645518,0.0061690445764005,0.0048327612735376,1.2891455830860767,1.2565592729629191,0.0070547846132369,0.0575128708612015,0.4553950758843904,0,0,0
2022-11-11,1.2765051338620677,1.2802879139959735,1.274742736928612,1.2785255170625178,5423.0,0.0015827458479054,0.0015814946257663,1.2733486219038577,1.2699535896368248,1.2448435409092895,55.95926489574394,1.272631624945329,1.286520007061864,1.2587432428287946,0.0218262407507457,0.0058288080251534,0.0045590079723598,1.2890572153070166,1.2565592729629191,0.0079470154048708,0.0568683634947016,0.848751433786018,0,0,0
2022-11-14,1.2785255170625178,1.2796212538596967,1.2749299913912426,1.2760257281884215,5781.0,-0.0019552123447952,-0.001957126267609,1.2736035844071494,1.2701917127172797,1.2451538114294802,53.04099524158392,1.2722503882413754,1.2852557501479462,1.2592450263348045,0.0204446577918488,0.0057693002891995,0.0045213040472077,1.2875117664060862,1.2565592729629191,0.0144618959257145,0.0565275963942935,0.5805820667149139,0,0,0
2022-11-15,1.2760257281884215,1.2778842018293768,1.2724608064088132,1.2743192800497685,1672.0,-0.001337314836963,-0.0013382098404729,1.273671745896923,1.2703535781028674,1.2454440150973438,51.08259776981443,1.2717495810698964,1.2835070280911711,1.2599921340486218,0.0184901920885767,0.0057827078498761,0.0045378799021625,1.2875117664060862,1.2565592729629191,0.0059232281121293,0.0565553657476258,0.4371185301064544,0,0,0
2022-11-16,1.2743192800497685,1.2755553856690132,1.2679627665295683,1.269198872148813,1779.0,-0.0040181514798673,-0.0040262459409817,1.2732457579209122,1.270308295516434,1.2456803818341744,45.63748333691103,1.2710139476440525,1.2813187562938946,1.2607091389942104,0.0162150992425268,0.0060916584861056,0.0047996091233458,1.2849122799088293,1.2565592729629191,-0.0015288532927517,0.058004183164198,-0.3522773797973108,0,0,0
2022-11-17,1.269198872148813,1.2709396703831857,1.2665444757882762,1.268285274022649,1514.0,-0.0007198226741388,-0.0007200818708711,1.2727733308829825,1.2702289613402071,1.245905306134557,44.72150382512453,1.2705001564112268,1.280229165432961,1.2607711473894927,0.0153152425407259,0.006306044771324,0.0049721028072201,1.2802879139959735,1.2565592729629191,-0.0017479921030529,0.0564379895061726,-0.4553151063237769,0,0,0
2022-11-18,1.268285274022649,1.2699153163375256,1.2606923201005629,1.2623223624154396,6404.0,-0.004701553924297,-0.0047126409935674,1.2717780005527404,1.2699188986372751,1.2460686599283968,39.1924107023359,1.269973587350679,1.2802885853320174,1.2596585893693406,0.0162444291504624,0.0060247111808788,0.0047727199963015,1.2802879139959735,1.2565592729629191,-0.008910486494965,0.0566709370865219,-1.4835145773332683,0,0,0
2022-11-21,1.2623223624154396,1.2672811125951726,1.260460548041857,1.26541929822159,5649.0,0.0024533636560351,0.0024503590726411,1.2711724098545356,1.269742443719013,1.246261203593006,43.1253289470423,1.2698737040455423,1.2803306515282438,1.259416756562841,0.016469271628175,0.0057422725803993,0.0045378417955767,1.2802879139959735,1.2565592729629191,-0.0034464163363642,0.0556099474474511,-0.851951457405929,0,0,0
2022-11-22,1.26541929822159,1.2774616028597725,1.264134407801511,1.2761767124396937,2537.0,0.0085010669848499,0.0084651364034884,1.271649010100741,1.2699947679825692,1.2465588703476993,54.2051787303469,1.2704875359125174,1.2809092712608685,1.2600658005641665,0.0164058836529483,0.0062023341961159,0.0048600904057078,1.2802879139959735,1.2565592729629191,0.0024528129999985,0.0623407858487106,1.09179063505512,0,0,0
2022-11-23,1.2761767124396937,1.2840936157992182,1.2749549612300517,1.282871864589576,4888.0,0.0052462578925163,0.005232544224295,1.272717853385392,1.2704997521632362,1.2469201936734893,59.494136638001685,1.2712197151016142,1.2829487194771028,1.2594907107261255,0.018453150523316,0.0067041569304223,0.0052258975471156,1.2840936157992182,1.2565592729629191,0.0054515082678423,0.0637962630564908,1.986894900015996,0,0,0
2022-11-24,1.282871864589576,1.2891674134621625,1.2819811441484388,1.2882766930210252,6065.0,0.0042130695828912,0.004204219454001,1.2741996476364048,1.2711968870988355,1.2473317011296838,63.19007577308711,1.2722554121694003,1.286093339289308,1.2584174850494925,0.0217533790582379,0.0067177854988492,0.0052145517614666,1.2891674134621625,1.2565592729629191,0.0092217092173711,0.0649131702767237,2.3155608080311576,0,0,0
2022-11-25,1.2882766930210252,1.29103356130262,1.286829552100878,1.289586420382473,9874.0,0.0010166506687134,0.0010161342294183,1.2756650545646018,1.2719180452668215,1.2477521460973733,64.04619730399361,1.273312474998248,1.2890274848848091,1.2575974651116868,0.0246836659423805,0.0064572335935306,0.0050072127710646,1.29103356130262,1.2565592729629191,0.0086512964914209,0.0649151115284742,2.0711339670414946,0,0,0
2022-11-28,1.289586420382473,1.2902315760696794,1.2860053655210617,1.286650521208268,3014.0,-0.0022766207272361,-0.0022792161681752,1.276711289483046,1.272495789421388,1.2481391946059397,60.64144919678365,1.2747532486274855,1.289761340979638,1.2597451562753337,0.0235466626475537,0.0064083195909732,0.0049806217658508,1.29103356130262,1.256937992844759,0.0083264724097142,0.0565272931122,1.5854476773760169,0,0,0
2022-11-29,1.286650521208268,1.2879324499660796,1.2850174278480264,1.286299356605838,3972.0,-0.0002729292816048,-0.0002729665335794,1.2776244387328357,1.2730371057815624,1.2485188977104162,60.22901781984388,1.2757274343564755,1.2910912998612922,1.2603635688516592,0.0240864389854038,0.0062000186549903,0.0048200433461697,1.29103356130262,1.260460548041857,0.0094011577346626,0.0520363472752329,1.376206039560559,0,0,0
2022-11-30,1.286299356605838,1.2944105401014616,1.2852420599827603,1.293353243478384,9962.0,0.0054838609973022,0.0054688793780381,1.2791224201371736,1.2738338170637906,1.24896501060363,65.3298423560015,1.2768379834212995,1.293921115663749,1.2597548511788508,0.0267584963233542,0.0067040750292341,0.0051834833700992,1.2944105401014616,1.260460548041857,0.019031195078732,0.053915897597827,1.93351662010158,0,0,0
2022-12-01,1.293353243478384,1.2994030592488517,1.291336509871838,1.2973863256423055,2379.0,0.0031183144931656,0.0031134626343243,1.280861839709091,1.2747574448511834,1.249446814733368,67.86738528123769,1.278181994270041,1.2972785528531692,1.2590854356869128,0.0298808130121314,0.0068841730513521,0.0053061859180178,1.2994030592488517,1.260460548041857,0.022945193968354,0.0542234738246797,2.011287142514935,0,0,0
2022-12-02,1.2973863256423055,1.3019759075425854,1.295967951194127,1.3005575330944072,8371.0,0.0024443046681039,0.0024413222144769,1.2827376200315022,1.2757692130175844,1.2499553790951694,69.74264249512555,1.2795263012161495,1.3009316577139778,1.2581209447183217,0.0334582516631083,0.0069782226142095,0.0053655624119959,1.3019759075425854,1.260460548041857,0.0302895455371676,0.0542071729566698,1.9650438319391268,0,0,0
2022-12-05,1.3005575330944072,1.3114726936125771,1.2992329331786243,1.3101480936967944,3328.0,0.0073741917280416,0.0073471353076232,1.2853481413329586,1.277117404416769,1.2505543115787676,74.57519361167883,1.281543928784865,1.306414072365836,1.2566737852038934,0.0388127835844888,0.0074651058294516,0.0056979099274095,1.3114726936125771,1.260460548041857,0.0353470154422854,0.0563432965650005,2.3002814454047145,0,0,0
2022-12-06,1.3101480936967944,1.310939016196709,1.3008319536138009,1.3016228761137152,9676.0,-0.0065070640671039,-0.0065283272994933,1.286898116073983,1.2780784033068453,1.2510624564995134,64.68518942406352,1.2829723651568443,1.309042183755475,1.2569025465582135,0.0406397196177233,0.0076447089325562,0.0058732134113847,1.3114726936125771,1.260460548041857,0.0199393731494876,0.0630271623094609,1.430812484276388,0,0,1
2022-12-07,1.3016228761137152,1.310927243228264,1.3012926255857236,1.3105969927002723,9466.0,0.006894559669504,0.0068709008753809,1.2891551519431534,1.2793536421065874,1.2516548399442973,69.30053118620128,1.284706404947201,1.3132922350948468,1.2561205747995552,0.0445017321273814,0.0080189534359584,0.0061185501573879,1.3114726936125771,1.260460548041857,0.0216117672200772,0.0662100468114428,1.8114280830290124,0,0,1
2022-12-08,1.3105969927002723,1.319335065299845,1.3100084240780336,1.318746496677606,9202.0,0.0062181616642831,0.0061989086679834,1.2919733752511966,1.280898459932902,1.2523224186182609,72.77961861405585,1.286818473087978,1.318883247548828,1.254753698627128,0.0498357384999364,0.0080263566491619,0.0060863529642605,1.319335065299845,1.260460548041857,0.0236515989318482,0.0683054872023568,1.9914703363101056,1,0,1
2022-12-09,1.318746496677606,1.320756760053575,1.3174336964340738,1.3194439598100427,9411.0,0.0005288834011645,0.0005287435916316,1.2945896213996582,1.2824100481633782,1.2529902946500198,73.06099701879108,1.288864395225354,1.3237948364273435,1.2539339540233645,0.0542034388278404,0.0077765351538894,0.0058937972288031,1.320756760053575,1.260460548041857,0.0231528022904541,0.0684191138472348,1.750883386090586,1,0,1
2022-12-12,1.3194439598100427,1.3285275584388785,1.3180469726235846,1.3271305712524204,3858.0,0.0058256444960984,0.0058087410464213,1.2976887594808737,1.2841637941668702,1.2537280088450686,76.00486367417783,1.2914196373785545,1.329710843705598,1.2531284310515105,0.0593009510135231,0.0075732059222489,0.0057064512613118,1.3285275584388785,1.260460548041857,0.0314615735795438,0.0686532495693836,1.86522898071481,1,0,1
2022-12-13,1.3271305712524204,1.3324880334826934,1.3248945582914802,1.3302520205217532,4095.0,0.0023520287580949,0.0023492670679908,1.300790022437148,1.285971175592552,1.2544894417970751,77.0993021898495,1.2942162744021537,1.3353159900533116,1.2531165587509954,0.063512901922275,0.0074628359666808,0.0056100918108387,1.3324880334826934,1.260460548041857,0.0341698560993555,0.0675328501470334,1.7535764201124946,1,0,1
2022-12-14,1.3302520205217532,1.331524231570949,1.3245975583530196,1.3258697694022157,7793.0,-0.0032943014195302,-0.0032997395770227,1.3031785697671543,1.287535826330186,1.255199693813047,72.12556281059172,1.2970498192648234,1.338697793315043,1.255401845214604,0.0642195441248755,0.0074442933884097,0.005614649010186,1.3324880334826934,1.260460548041857,0.0251412567199202,0.0666984657477242,1.3839784908932462,1,0,1
2022-12-15,1.3258697694022157,1.3273942939769672,1.3218583731529538,1.3233828977277056,8249.0,-0.0018756530482109,-0.0018774142880507,1.3051027914776832,1.2889415938359712,1.255878133652994,69.38985714841054,1.299804700450076,1.3407240687331632,1.258885332166989,0.0629623331396141,0.0075394299328577,0.0056970888363475,1.3324880334826934,1.260460548041857,0.0200376492117948,0.0674898769897464,1.1524223499498596,1,0,1
2022-12-16,1.3233828977277056,1.3245857056788175,1.3149497681195812,1.3161525760706931,2720.0,-0.0054635145047039,-0.0054784940857615,1.3061551519151129,1.2900086911785094,1.2564778793486926,62.02391572281188,1.302496211132839,1.3399713049136104,1.2650211173520678,0.0575434975709872,0.0079258390050447,0.0060219758325489,1.3324880334826934,1.260460548041857,0.0119910442863535,0.0685596237815955,0.7288235230440561,1,0,1
2022-12-19,1.3161525760706931,1.3171006345899388,1.310878101140667,1.3118261596599126,9843.0,-0.0032871693521254,-0.0032925839623836,1.3066952478908078,1.2908642781777802,1.2570286085060185,58.05281473485107,1.3048165542047552,1.3381426566186454,1.271490451790865,0.0510816670841541,0.0081620898144175,0.0062219294487415,1.3324880334826934,1.264134407801511,0.0012808215889421,0.0711454860136991,0.4206675817113128,1,0,1
2022-12-20,1.3118261596599126,1.3140414053229126,1.3043558219805038,1.3065710676435038,5362.0,-0.004005936287908,-0.0040139815437221,1.3066834212005884,1.2914802307058475,1.257521568298431,53.56657649633588,1.3063362719649456,1.3368136498554968,1.2758588940743945,0.0466608461306952,0.008199025758968,0.0062752237226219,1.3324880334826934,1.2749549612300517,0.0038015554432806,0.0693789314903157,0.0154078660835854,1,0,1
2022-12-21,1.3065710676435038,1.3113050327654874,1.304173755563034,1.3089077206850177,9570.0,0.0017883857215115,0.0017867884638254,1.306895259246725,1.292163661685423,1.2580328732973027,55.22351959261306,1.3076380647697177,1.33604961104957,1.2792265184898652,0.043454755632027,0.0081322206036423,0.006212982378457,1.3324880334826934,1.2819811441484388,-0.001288933230172,0.0677622732744366,0.0893760517497899,1,0,0
2022-12-22,1.3089077206850177,1.3102258084548373,1.299603419484927,1.3009215072547469,8911.0,-0.0061014335113639,-0.0061201233186689,1.306326330485584,1.2925071066097102,1.2584596258739935,48.81234079914312,1.3082703054814036,1.3354016844095142,1.2811389265532929,0.0414767174863411,0.008461822933746,0.0065044838497616,1.3324880334826934,1.2850174278480264,-0.0135166155646796,0.0711116913691348,-0.5417194788461442,1,0,0
2022-12-23,1.3009215072547469,1.3021019344759248,1.2918638565595228,1.2930442837807008,7728.0,-0.0060551104967654,-0.0060735170182912,1.3050613736565473,1.2925281723811215,1.2588037518233142,43.45366859708752,1.308443198651315,1.3351134147045305,1.2817729825980997,0.0407663337326461,0.0083188456110638,0.006433534965052,1.3324880334826934,1.2850174278480264,-0.0200081828660178,0.0747643437554506,-1.1547649137816178,1,0,0
2022-12-26,1.2930442837807008,1.2935452951144164,1.2893694655530488,1.2898704768867644,5006.0,-0.0024545229685843,-0.002457540248419,1.3036146215832347,1.2924239490284015,1.2591128734657366,41.47789889486602,1.30860419643524,1.3347543048718584,1.2824540879986217,0.0399664138443905,0.0078951861095252,0.0061209138832149,1.3324880334826934,1.2850174278480264,-0.0280756808506743,0.0748433767053623,-1.4327833166643753,0,0,0
2022-12-27,1.2898704768867644,1.292932981329965,1.288774782835145,1.2918372872783457,7093.0,0.0015248123178448,0.0015236509719489,1.3024929706970547,1.292400942685262,1.2594384895235735,43.20141007925711,1.3088810929688657,1.334138811924407,1.2836233740133238,0.0385943674963642,0.0075040133132594,0.0058087913912664,1.3324880334826934,1.2852420599827603,-0.0288777860516539,0.0749851587559317,-1.3495918392725876,0,0,0
2022-12-28,1.2918372872783457,1.2942273567251668,1.283073136158974,1.285463205605795,4231.0,-0.0049341211430579,-0.0049463341088489,1.300871088307411,1.2921288745644988,1.2596974419224016,39.17478973792213,1.308486591075236,1.334981652964081,1.2819915291863908,0.0404972615991013,0.0076345546950009,0.0059391468084868,1.3324880334826934,1.283073136158974,-0.030475514812166,0.0744119189651535,-1.7379378516669222,0,0,0
2022-12-29,1.285463205605795,1.2919576318282018,1.2840732890051283,1.290567715227535,1836.0,0.0039709496152666,0.0039630862047737,1.299889814680756,1.292067652629716,1.2600046088209602,43.700322895066805,1.3081456605544974,1.3354065443989545,1.2808847767100404,0.0416786672409273,0.007960360352399,0.0061681074603633,1.3324880334826934,1.283073136158974,-0.0247964383977723,0.0749900283675215,-1.2896093484904816,0,0,0
2022-12-30,1.290567715227535,1.2946111521039894,1.2891872195488243,1.293230656425279,1725.0,0.0020633874273494,0.0020612615673247,1.2992556091326153,1.292113260621699,1.2603352162598092,45.95923760135577,1.307779316721041,1.3356594492686662,1.2798991841734155,0.0426373657866501,0.0075991708338183,0.0058761140528665,1.3324880334826934,1.283073136158974,-0.0174158528898272,0.0748203160458709,-1.043657900184663,0,0,0
2023-01-02,1.293230656425279,1.2973714910608487,1.2912536323777657,1.2953944670133355,5387.0,0.0016731822566271,0.001671784046618,1.2988878813117315,1.2922419353821553,1.2606840645260136,47.79227385911189,1.307041635386868,1.33543390056616,1.2786493702075763,0.0434450814887592,0.0074937696546662,0.0057849325788335,1.3324880334826934,1.283073136158974,-0.0125258156544436,0.0696513190075657,-0.8204465758531568,0,0,0
2023-01-03,1.2953944670133355,1.297924981105576,1.2837114641659852,1.2862419782582255,8928.0,-0.0070654067067402,-0.0070904848875507,1.29768350959235,1.2920066429459227,1.260938372125339,41.39618417876326,1.3062725904940935,1.336080775923144,1.2764644050650436,0.0456385376926194,0.0080142584919277,0.0062307548870239,1.3324880334826934,1.283073136158974,-0.0155591149143867,0.0703090332750044,-1.3439672323258554,0,0,0
2023-01-04,1.2862419782582255,1.2975898873634488,1.285227586870809,1.2965754959760325,8516.0,0.0080338831203441,0.0080017832909227,1.297577984486034,1.2921858136529858,1.26129297037261,49.59780957389442,1.3055715156578815,1.335610124786633,1.27553290652913,0.046016030172985,0.0085018570396867,0.0065571631317054,1.3324880334826934,1.283073136158974,-0.0094217678711002,0.0720122147505608,-0.5989637964454699,0,0,0
2023-01-05,1.2965754959760325,1.2973491096127054,1.2955853118584648,1.296358925495138,7418.0,-0.0001670326807551,-0.0001670466322669,1.2974618836297582,1.292349465097776,1.2616418853489535,49.44163776570612,1.304452137098758,1.3340893903553082,1.274814883842208,0.0454401543968742,0.0079395613393299,0.0061245085625475,1.3324880334826934,1.283073136158974,-0.0035071921973501,0.0675044624573895,-0.5461512599404901,0,0,0
2023-01-06,1.296358925495138,1.297177298752108,1.2948019997814293,1.2956203730383993,5093.0,-0.0005697129415425,-0.0005698752896245,1.2972865016686763,1.2924777359974082,1.2619799797538236,48.87643222810764,1.303260957760176,1.3322695203860602,1.274252395134292,0.0445168904249829,0.0076647588765733,0.0059158986969295,1.3324880334826934,1.283073136158974,0.0019922668465508,0.067319830142165,-0.5267813383458904,0,0,0
2023-01-09,1.2956203730383993,1.298259654769527,1.293124982115201,1.295764263846329,6690.0,0.0001110593897131,0.0001110532230756,1.2971415266379769,1.292606619442464,1.2623161417845947,48.99876157835119,1.3016926423898714,1.3285817286558774,1.274803556123865,0.0413140328067591,0.0073396938274245,0.0056643743250315,1.3324880334826934,1.283073136158974,0.0045692858819359,0.0626386148845794,-0.4409505391811911,0,0,0
2023-01-10,1.295764263846329,1.2975692538088957,1.2950241210281923,1.296829110990759,5991.0,0.0008217907949314,0.0008214533097583,1.297111772766813,1.2927722073463186,1.2626595544135115,49.95315000687065,1.3000214969133217,1.3233566764785096,1.2766863173481338,0.0358996826138541,0.0070121120830138,0.0054071211261263,1.331524231570949,1.283073136158974,0.0038641272872144,0.0617204415455675,-0.2736114297851937,0,0,0
2023-01-11,1.296829110990759,1.2983402977347722,1.295317213628503,1.296828400372516,8425.0,-5.479659863638631e-07,-5.47966136497279e-07,1.297084784919737,1.292931273739503,1.262999542930517,49.9524782142213,1.2985694284618368,1.3184977896032424,1.2786410673204311,0.0306927927065261,0.0064693045927537,0.0049885586951175,1.3273942939769672,1.283073136158974,0.0088413225031711,0.0613901165939564,-0.1747286770815559,0,0,0
2023-01-12,1.296828400372516,1.3012682159029831,1.295961881252223,1.30040169678269,6087.0,0.0027554119027215,0.0027516227142654,1.2974006812876375,1.2932242315059024,1.2633717036653644,53.34984788962036,1.297420368414586,1.313627288085637,1.281213448743535,0.024983297727714,0.0061170372166364,0.004703959731651,1.3245857056788175,1.283073136158974,0.0076198880842304,0.0627984528731633,0.3679080823025525,0,0,0
2023-01-13,1.30040169678269,1.3016574967994337,1.2958757554104663,1.29713155542721,9401.0,-0.0025147163092531,-0.0025178835191816,1.2973750502533112,1.2933774598949734,1.263707622588368,50.00442638203153,1.2964693173824116,1.3100708112072417,1.2828678235575814,0.0209823613138669,0.0062317452043221,0.0048042507163197,1.3171006345899388,1.283073136158974,0.0030163984920634,0.060776226404242,0.0973772518411966,0,0,0
2023-01-16,1.29713155542721,1.302073641460214,1.2959962787568318,1.3009383647898356,7647.0,0.0029347904973076,0.0029304924069524,1.297714413542504,1.2936739659692815,1.2640780777346514,53.64829460622296,1.2959249276389078,1.3076853929797267,1.2841644622980888,0.0181499176225366,0.0063688283620766,0.0048955650278677,1.3140414053229126,1.283073136158974,0.0042796985147557,0.0613020114880204,0.8525916289259151,0,0,0
2023-01-17,1.3009383647898356,1.3018140096725146,1.2967467416861391,1.297622386568818,9725.0,-0.0025489126239682,-0.0025521666323821,1.2977056490688197,1.293828805992793,1.2644118519519068,50.21508341241648,1.2954774935851736,1.3061644528206389,1.2847905343497084,0.0164988728687051,0.0059340460349468,0.0045730145351743,1.3113050327654874,1.283073136158974,0.0088477973063851,0.0603795225133215,0.4014037924888072,0,0,0
2023-01-18,1.297622386568818,1.2987557944007244,1.2927847912392485,1.2939181990711548,8002.0,-0.0028545958639462,-0.0028586779931229,1.2973449395452326,1.293832311603709,1.2647054474456307,46.62557653851095,1.2947280175044804,1.3033526923339855,1.2861033426749753,0.0133227592403982,0.0057973789162612,0.0044804833260888,1.3102258084548373,1.283073136158974,-0.0020494733342751,0.0604614023893119,-0.1877910644364717,0,0,0
2023-01-19,1.2939181990711548,1.2978951929989833,1.2920651790594218,1.2960421729872502,9858.0,0.0016415055585585,0.0016401597608641,1.2972208665397105,1.293918972834436,1.2650172556599752,48.881973869494416,1.2944840507911055,1.3026340410370978,1.2863340605451137,0.0125918743317251,0.0058263847294324,0.0044955209412693,1.3021019344759248,1.283073136158974,-0.0002443401296186,0.0572244902619005,0.3823617327421329,0,0,0
2023-01-20,1.2960421729872502,1.2984725126429064,1.287619511627936,1.2900498512835925,6619.0,-0.0046235545636962,-0.0046342762530733,1.2965379127057943,1.2937672425775402,1.265266336213444,43.31804176969336,1.2943343291662504,1.302702778494098,1.2859658798384026,0.0129308929528869,0.0061646091817101,0.0047785821420593,1.302073641460214,1.283073136158974,-0.0042995015135053,0.0554745673093043,-1.023959807798711,0,0,0
2023-01-23,1.2900498512835925,1.295266815043453,1.2880182111105445,1.2932351748704052,4512.0,0.0024691476718077,0.0024661043352971,1.296223366245281,1.2937463771772604,1.2655446331155034,46.78546218136333,1.2945025640654322,1.3026248283088886,1.2863802998219758,0.0125488577140367,0.0056671153955185,0.0043821228386294,1.302073641460214,1.283073136158974,-0.0019518125684501,0.0554679018819482,-0.3120778041783247,0,0,0
2023-01-24,1.2932351748704052,1.3037302400323332,1.2923442502252322,1.3028393153871602,2349.0,0.0074264454782693,0.0073990052041027,1.2968534566397456,1.2941029629894134,1.2659157244813906,55.60397540426026,1.295052665470873,1.3038749885831853,1.2862303423585606,0.0136246553480581,0.00559737891798,0.0042962926063654,1.3037302400323332,1.283073136158974,0.0046345384642156,0.0610978171773689,1.7652153105615351,0,0,0
2023-01-25,1.3028393153871602,1.3041815715456326,1.3027081613560487,1.304050417514521,3267.0,0.0009295867211382,0.0009291549229774,1.2975388814849622,1.2944930592453,1.2662951741633122,56.58110196281614,1.295982026066309,1.3044603098825154,1.2875037422501028,0.0130839527797162,0.0055766369490759,0.0042763967360287,1.3041815715456326,1.2837114641659852,0.0055689844083692,0.0577203800005504,1.903307703096532,0,0,0
2023-01-26,1.304050417514521,1.3047899482063643,1.2997982597623616,1.3005377904542048,4057.0,-0.0026936282624802,-0.0026972626069374,1.297824491862985,1.2947301075280022,1.2666358967134703,52.94161726711864,1.2964805298276427,1.304789133681753,1.2881719259735325,0.0128171671891051,0.0057635219114562,0.0044316450884855,1.3047899482063643,1.2837114641659852,0.0001046551014594,0.057596291405106,0.9766407684860262,0,0,0
2023-01-27,1.3005377904542048,1.30249887509201,1.2931793236552849,1.29514040829309,8536.0,-0.0041501155912047,-0.004158751221773,1.2975688648563286,1.2947461977540842,1.2669195236943624,47.84861703505393,1.2965760174210337,1.3047704719837585,1.2883815628583084,0.0126401452018591,0.0060624418244847,0.0046809147376342,1.3047899482063643,1.2837114641659852,-0.0015350386981097,0.0593983233413608,-0.3503855240039507,0,0,0
2023-01-30,1.29514040829309,1.2975196147790298,1.2941161652755333,1.2964953717614731,1501.0,0.0010461904050764,0.0010456435292855,1.2974666274187232,1.2948147928131974,1.2672138107398063,49.17058432500493,1.2966310626584403,1.304806867776379,1.2884552575405015,0.0126108425956975,0.0061237501618271,0.0047233104685188,1.3047899482063643,1.2837114641659852,-0.0034152217726934,0.0592167525656838,-0.0331932806640574,0,0,0
2023-01-31,1.2964953717614731,1.2982588115475635,1.2924571581032878,1.2942205978893784,9652.0,-0.0017545561069023,-0.0017560971432888,1.2971574817492617,1.294791491051479,1.2674825349900511,47.01584634589066,1.2970299936399978,1.303713868130427,1.2903461191495686,0.0103064301106429,0.0063222194002562,0.00488496274172,1.3047899482063643,1.285227586870809,-0.0026215551724834,0.0534765264328259,-0.840648864559715,0,0,0
2023-02-01,1.2942205978893784,1.2960135664312549,1.281255525520534,1.2830484940624105,2861.0,-0.0086323025960083,-0.0086697767346532,1.2958137686362283,1.2943309813656332,1.2676374201549503,38.16911890617195,1.2963536435443168,1.3055110865308035,1.28719620055783,0.0141280013090403,0.0069973412759676,0.0054536841813457,1.3047899482063643,1.281255525520534,-0.0084006121998648,0.0542854433980813,-2.9058656442721245,0,0,0
2023-02-02,1.2830484940624105,1.2843738891470886,1.278293200051685,1.2796185951363628,1773.0,-0.002673241846992,-0.0026768213386326,1.2942713711600506,1.2937540250429167,1.2677566358264072,35.93363967241865,1.295516627026378,1.3073432606981743,1.2836899933545816,0.0182577875498863,0.0070186946835702,0.0054849895978749,1.3047899482063643,1.278293200051685,-0.0126721014124352,0.0547966499992083,-2.688513457202625,0,0,0
2023-02-03,1.2796185951363628,1.2898310121545498,1.2785507253266448,1.2887631423448318,7680.0,0.0071463069099073,0.0071208930636148,1.2937467779395535,1.2935583041527958,1.267965655791765,45.1562019296062,1.2951737654916995,1.3073792579180172,1.2829682730653815,0.0188476523405862,0.0073903321210362,0.0057344378328432,1.3047899482063643,1.278293200051685,-0.0009974102454104,0.0613843874637951,-1.0504489164312554,0,0,0
2023-02-06,1.2887631423448318,1.2985040102907943,1.2866189194933508,1.2963597874393136,1976.0,0.0058945238615841,0.0058772191246313,1.29399563598715,1.2936681662424634,1.2682481844648743,51.4134314530865,1.295203541671349,1.307418001978604,1.2829890813640938,0.0188610668736952,0.0078773194646839,0.00607649168156,1.3047899482063643,1.278293200051685,0.0024161209265141,0.0651624332774687,0.1893240861862375,0,0,0
2023-02-07,1.2963597874393136,1.297828532198351,1.2950214401837474,1.2964901849427848,8756.0,0.0001005874331605,0.0001005823745839,1.2942332120781628,1.293778833642476,1.268529199395003,51.51568724807656,1.2951865953689503,1.3073924970872142,1.2829806936506865,0.018848097659298,0.0076513258113359,0.0059015686352253,1.3047899482063643,1.278293200051685,-0.0048733027698728,0.0650966008087296,0.2135998804388026,0,0,0
2023-02-08,1.2964901849427848,1.3070457319100106,1.2955485207827873,1.306104067750013,9051.0,0.0074153147620261,0.007387956479123,1.2953637697611962,1.2942621761564972,1.2689030786821176,58.45757759681515,1.295650378737825,1.3087882545081813,1.2825125029674689,0.0202799705629764,0.0080561256104546,0.0061680579743792,1.3070457319100106,1.278293200051685,0.0015748242613242,0.0702239058356685,1.591381924279625,0,0,0
2023-02-09,1.306104067750013,1.3078275229277312,1.303041104148913,1.304764559326631,9136.0,-0.001025575569709,-0.001026101832179,1.2962590830531424,1.2946740343200318,1.2692599093352968,57.228109639594685,1.295868521865022,1.3094750952765082,1.282261948453536,0.0209999289000452,0.0076227983078723,0.0058422787876813,1.3078275229277312,1.278293200051685,0.0032500161882647,0.0697986250212989,1.3076087847509468,0,0,0
2023-02-10,1.304764559326631,1.309099801355475,1.3031486409068809,1.307483882935725,8806.0,0.0020841488908138,0.0020819800654282,1.2973281116133883,1.295176381324569,1.2696402473810722,59.1083408585125,1.296386138240448,1.3109490494213003,1.2818232270595955,0.0224669344283769,0.0075301237732784,0.0057592478741465,1.309099801355475,1.278293200051685,0.0095306073099077,0.0693542282127711,1.524110743718378,0,0,0
2023-02-13,1.307483882935725,1.308352064400924,1.301564267053372,1.302432448518571,8228.0,-0.0038634773881968,-0.0038709598955109,1.2978142389376917,1.2954609329792357,1.2699665379396543,54.3304661724064,1.2964608424268846,1.3111369655482903,1.281784719305479,0.0226402875291365,0.0072016814547392,0.0055294088095936,1.309099801355475,1.278293200051685,0.0045793273824275,0.0702596655440846,0.8137852268323621,0,0,0
2023-02-14,1.302432448518571,1.305980871993077,1.2949731420619677,1.2985215655364737,4423.0,-0.0030027530307202,-0.0030072703387754,1.297881603375671,1.295580957785402,1.2702506675674834,50.900033944117375,1.2965058013752675,1.3112024015600188,1.2818092011905162,0.0226710905098332,0.0078827042934196,0.006070522433074,1.309099801355475,1.278293200051685,0.0033232106289369,0.0705018037256193,0.2743170714132187,0,0,0
2023-02-15,1.2985215655364737,1.30041971272233,1.284946019014075,1.2868441661999317,3228.0,-0.0089928420493483,-0.0090335217209674,1.2968304188827435,1.2952383385075406,1.2704157770066122,42.3098429563379,1.2961520997317062,1.311439536487893,1.2808646629755194,0.0235889549680955,0.0086314189551519,0.0067074313905782,1.309099801355475,1.278293200051685,0.002958323208426,0.0769234141721736,-1.2177232429769964,0,0,0
2023-02-16,1.2868441661999317,1.288113061223568,1.2853986903077226,1.2866675853313592,6286.0,-0.0001372200871017,-0.0001372295026392,1.295862529973088,1.2949022305398472,1.270577486542182,42.19388076359117,1.2956833703489117,1.3115489369505926,1.2798178037472303,0.0244898822733346,0.0081596203465176,0.0063416693165673,1.309099801355475,1.278293200051685,0.0055086650208027,0.0765977807982422,-1.136522286773792,0,0,0
2023-02-17,1.2866675853313592,1.288063955453937,1.283757401651453,1.285153771774031,8112.0,-0.0011765381941586,-0.0011772308585705,1.2948426482398443,1.294519938039227,1.2707225242061806,41.152558224594,1.2954385663734336,1.3118130606375369,1.2790640721093305,0.0252802327939692,0.0082241277964453,0.0063993336650234,1.309099801355475,1.278293200051685,-0.0028006469553698,0.0750089459615994,-1.256196916194167,0,0,0
2023-02-20,1.285153771774031,1.286106816445402,1.2840349253194987,1.2849879699908695,4106.0,-0.0001290131864394,-0.0001290215093564,1.293904107454228,1.2941461353706638,1.2708644689403568,41.033112187666326,1.2950262061294568,1.3120373387545403,1.2780150735043734,0.0262714878580348,0.0079577162022758,0.0061928332312188,1.309099801355475,1.278293200051685,-0.0087721152404044,0.0743562619376837,-1.1801960939138698,0,0,0
2023-02-21,1.2849879699908695,1.2866561638097718,1.2795590353147694,1.2812272291336717,6733.0,-0.0029266739806326,-0.0029309650653762,1.2926967857094132,1.293639511596664,1.2709675809820813,38.31648838356192,1.2939456018167823,1.31160054884313,1.2762906547904351,0.0272885459814674,0.0074105081725817,0.0057839140505876,1.309099801355475,1.278293200051685,-0.0117725193652636,0.0689558742775588,-1.4407715485218668,0,0,0
2023-02-22,1.2812272291336717,1.285562042161755,1.2804131264386134,1.284747939466697,8734.0,0.0027479203165281,0.0027441516858477,1.2919397527339165,1.293290822493528,1.2711046989769532,42.17610324156435,1.2929804779143912,1.31041862058089,1.2755423352478923,0.0269735590975461,0.0073439529317058,0.0057162597472266,1.309099801355475,1.278293200051685,-0.0163510158268672,0.0698663165632429,-0.9441990015955318,0,0,0
2023-02-23,1.284747939466697,1.2883631348246722,1.2836394841522072,1.2872546795101825,7117.0,0.0019511531923732,0.0019492521653781,1.291493555284037,1.293054111003985,1.271265395300667,44.82334692155546,1.29231632236719,1.309553196159305,1.2750794485750747,0.0266759360595889,0.0068756217777458,0.0053413064929483,1.309099801355475,1.278293200051685,-0.0134199535780502,0.0700853434473011,-0.5873040457397555,0,0,0
2023-02-24,1.2872546795101825,1.292384543920678,1.2849193789452755,1.290049243355771,8252.0,0.0021709486786656,0.0021685955746129,1.2913560017670591,1.2929362730569962,1.2714522992614143,47.698055475359226,1.292061764120324,1.3092733870231088,1.2748501412175393,0.0266421054793816,0.0065599127904571,0.0050850096027288,1.309099801355475,1.278293200051685,-0.0133344967440877,0.069311059338806,-0.2338560141504258,0,0,0
2023-02-27,1.290049243355771,1.2920319960583864,1.2866630923424784,1.2886458450450935,1171.0,-0.0010878641399976,-0.0010884562936852,1.2910978916030629,1.292768020978098,1.2716233793189635,46.39091283285156,1.291669287784505,1.3088130802589395,1.2745254953100706,0.0265451731903292,0.0067428993405503,0.0052325465266326,1.309099801355475,1.278293200051685,-0.0105852733392498,0.0692210093694553,-0.3527157417380402,0,0,0
2023-02-28,1.2886458450450935,1.2888685685986243,1.27894957082622,1.279172294379751,6184.0,-0.007351554891337,-0.0073787107446854,1.2899621204389378,1.2922348552291434,1.271698492901658,38.6841516453374,1.2909168726090237,1.308890032632922,1.2729437125851253,0.0278455730268262,0.0066301698152061,0.0051831718403665,1.309099801355475,1.278293200051685,-0.0149010010078103,0.073505261091537,-1.3069018707513034,0,0,0
2023-03-01,1.279172294379751,1.2802327318833513,1.271822170226217,1.272882607729817,6728.0,-0.0049169972470235,-0.004929125450549,1.2883355001809265,1.2914759435625032,1.271710275138754,34.577114402879744,1.2904085782923942,1.3098349296438656,1.2709822269409228,0.0301088378956352,0.0068890371636573,0.0054121543666496,1.309099801355475,1.271822170226217,-0.0108494554638601,0.0691578974875374,-1.8043502092069088,0,0,0
2023-03-02,1.272882607729817,1.2760649207736905,1.2724042585496826,1.2755865715935562,2905.0,0.0021242837692327,0.002122030668719,1.287121316505939,1.29085283093627,1.2717488452527324,37.64220200776175,1.2902069771152536,1.3101807764682842,1.2702331777622229,0.0309621629820816,0.0067254301476153,0.0052724215646245,1.309099801355475,1.271822170226217,-0.0086121806938574,0.069152584042848,-1.4639583850109152,0,0,0
2023-03-03,1.2755865715935562,1.2785484270327137,1.2741988501795694,1.2771607056187269,8462.0,0.0012340471907008,0.0012332863803193,1.286172686897633,1.2903158848453862,1.271802694609608,39.421533948179125,1.2896268552789487,1.31043381186889,1.2688198986890076,0.0322681813034058,0.0065512715408719,0.005129559273199,1.309099801355475,1.271822170226217,-0.0062195406735416,0.0638625150797161,-1.1982674742781485,0,0,0
2023-03-06,1.2771607056187269,1.2810084206175,1.2754541459200688,1.279301860918842,5373.0,0.0016764963803657,0.0016750926290127,1.2855183225187008,1.2898839623384628,1.271877313179849,41.852013814551086,1.288773958952925,1.3098159687741115,1.2677319491317385,0.0326543063273598,0.0061617390241806,0.0048164856258046,1.309099801355475,1.271822170226217,-0.0044250290312586,0.0599445173654112,-0.9003035465315519,0,0,0
2023-03-07,1.279301860918842,1.2807942670666697,1.277551073126012,1.2790434792738397,9427.0,-0.000201970819316,-0.0002019912181686,1.284901670781095,1.2894588453555365,1.2719486183151127,41.63492884423569,1.2879016236694776,1.3090430624322955,1.2667601849066596,0.0328308286506883,0.0052881318979237,0.0041344426390618,1.309099801355475,1.271822170226217,-0.0017044204261162,0.0599035238859411,-0.837988794898573,0,0,0
2023-03-08,1.2790434792738397,1.2854117687245832,1.2774818020089147,1.2838500914596582,3926.0,0.0037579740358377,0.0037509304921983,1.2848015203695295,1.289238894222365,1.2720670409334665,47.128985664355376,1.2867889248549598,1.3061654490464167,1.2674124006635028,0.0301160879102856,0.0056606744550539,0.004409139737349,1.309099801355475,1.271822170226217,-0.0006988514863167,0.0545209029307592,-0.3033395841548556,0,0,0
2023-03-09,1.2838500914596582,1.2857318813100889,1.2811262991280714,1.283008088978502,3655.0,-0.0006558417425501,-0.0006560569008241,1.284630717379908,1.288994548918684,1.2721759070831684,46.306662397008544,1.2857011013375534,1.303178244976515,1.268223957698592,0.0271869466717879,0.0056820336250206,0.0044286810611962,1.309099801355475,1.271822170226217,-0.0032989513258528,0.0545212018508606,-0.3081753419990086,0,0,0
2023-03-10,1.283008088978502,1.2860363311205163,1.2818159445732542,1.2848441867152685,9791.0,0.0014310882000971,0.0014300651692941,1.2846510477927997,1.2888317896165893,1.2723019596168212,48.42015917869711,1.2845691165265305,1.2987224650067264,1.2704157680463346,0.0220359469928196,0.0058354975836891,0.0045417939731724,1.308352064400924,1.271822170226217,-0.0040347736083028,0.0541051715529099,0.0388699803615876,0,0,0
2023-03-13,1.2848441867152685,1.2936971694702566,1.2833969887876084,1.2922499715425966,3169.0,0.005763955586133,0.0057474075517739,1.2853747548165897,1.288965835966629,1.2725004472976749,55.95149985359803,1.284059992677732,1.2960794489204508,1.272040536435013,0.018721019751817,0.0060642870256638,0.0046928126594769,1.305980871993077,1.271822170226217,0.0027968324356619,0.0577070454472078,1.3627869180564538,0,0,0
2023-03-14,1.2922499715425966,1.293191224222347,1.2832467716225595,1.2841880243023098,9507.0,-0.0062386902053191,-0.0062582321528926,1.2852617328628486,1.2887784708033223,1.2726167415962284,47.7737282696508,1.2833433156160237,1.2932569064158266,1.2734297248162207,0.0154496317223489,0.0064068253739956,0.0049890088154936,1.30041971272233,1.271822170226217,0.0039210745453104,0.0607177967243491,0.1704142733635854,0,0,0
2023-03-15,1.2841880243023098,1.2866583959471651,1.2829622157435483,1.2854325873884038,4973.0,0.0009691439746684,0.0009686746578458,1.2852780047224253,1.288647259689012,1.272744262449882,49.01265963816053,1.2832727366754473,1.2931011173428837,1.273444356008011,0.015317680157218,0.0063334346262207,0.0049270842270214,1.2936971694702566,1.271822170226217,0.0098594949623591,0.0520140791514462,0.4395130359801082,0,0,0
2023-03-16,1.2854325873884038,1.2868454226280004,1.2831824532972638,1.2845952885368603,4381.0,-0.0006513751555378,-0.0006515873925033,1.2852129841333235,1.288488358859516,1.272862183107464,48.18450040408808,1.2831691218357224,1.2928899133501004,1.2734483303213444,0.0151512241823139,0.0060618492230303,0.0047188786048987,1.2936971694702566,1.271822170226217,0.007062411241951,0.0520575454724125,0.293426044376835,0,0,0
2023-03-17,1.2845952885368603,1.2858794323730591,1.2826705954396012,1.2839547392758,4843.0,-0.0004986389618398,-0.0004987633235898,1.28509315128975,1.288310569856233,1.272972556800681,47.522945862637485,1.2831091702108108,1.2927931446759988,1.2734251957456229,0.0150945448602739,0.0059075587385696,0.0046010646309088,1.2936971694702566,1.271822170226217,0.0053196388106708,0.0519228161824111,0.1746326506805181,0,0,0
2023-03-20,1.2839547392758,1.2861030553567954,1.2828182572000466,1.284966573281042,8724.0,0.0007880604933261,0.000787750136698,1.2850810962413015,1.288179432735637,1.2730919002482473,48.720630263565006,1.2831081003753195,1.2927912055918376,1.2734249951588017,0.0150932025348225,0.0054336873374513,0.0042286604573509,1.2936971694702566,1.271822170226217,0.0044279716423858,0.0520043152481016,0.3838588684448443,0,0,0
2023-03-21,1.284966573281042,1.285408692997613,1.27566228289602,1.276104402612591,8663.0,-0.0068968102771905,-0.0069207031931676,1.2842261730385671,1.2877059021425763,1.2731218753961513,40.09029414046362,1.2828519590492653,1.29300420992396,1.2726997081745706,0.0158276265676339,0.005529105083484,0.0043327999434562,1.2936971694702566,1.271822170226217,-0.0022978707986669,0.05667201148301,-1.3292729897944522,0,0,0
2023-03-22,1.276104402612591,1.2770114049605612,1.2759642805594682,1.2768712829074385,4680.0,0.0006009541956577,0.0006007736949965,1.2835257073117932,1.2872810151137477,1.273159182933577,41.063205945946265,1.2824581262213024,1.2929074586008882,1.2720087938417166,0.0162957872322493,0.0053424238104187,0.0041839955850945,1.2936971694702566,1.271822170226217,-0.0054358437941032,0.055697730844591,-1.0693206246895917,0,0,0
2023-03-23,1.2768712829074385,1.2778658462655033,1.2744728123643512,1.275467375722416,3299.0,-0.0010994899829102,-0.0011000948654369,1.282758247160424,1.286817735137617,1.2731821500260034,39.78929794932603,1.2818687610319142,1.2925069468849322,1.271230575178896,0.0165979329185839,0.0052740993138478,0.0041350327058429,1.2936971694702566,1.271822170226217,-0.0058773700032473,0.0551108120280822,-1.203473110536434,0,0,0
2023-03-24,1.275467375722416,1.2781110640070417,1.2736502863226875,1.2762939746073134,1223.0,0.0006480752864646,0.0006478653763629,1.282142602155366,1.286405038646233,1.2732131134546734,40.95085337535445,1.2811809975944914,1.2913610588430695,1.2710009363459132,0.015891683169969,0.0051959923843423,0.0040711564010486,1.2936971694702566,1.271822170226217,-0.0066546684775947,0.0544093759950245,-0.9601166177385244,0,0,0
2023-03-27,1.2762939746073134,1.283499310722852,1.2745077505317703,1.281713086647309,9554.0,0.0042459747893606,0.0042369860733299,1.2821016959165032,1.2862210405286278,1.2732976903023614,48.02936957459923,1.280834359674602,1.2903976209298007,1.2712710984194036,0.0149328618223954,0.0056065899736583,0.0043742940850545,1.2936971694702566,1.271822170226217,-0.0081539060764763,0.0569205941456257,0.1837714037623269,0,0,0
2023-03-28,1.281713086647309,1.2826506684643562,1.2769157313907389,1.2778533132077858,1248.0,-0.0030114176719686,-0.0030159611139265,1.281697088039483,1.285892894359183,1.27334301988351,43.98499374935956,1.280768410616004,1.290397894169336,1.271138927062672,0.0150370410036901,0.0054498021420832,0.0042648104330556,1.2936971694702566,1.271822170226217,-0.0049328532696492,0.051587524207612,-0.6054524922490712,0,0,0
2023-03-29,1.2778533132077858,1.2791635622030415,1.2734206089167948,1.2747308579120504,3923.0,-0.0024435162185377,-0.0024465064764485,1.2810336375511555,1.2854551674396877,1.2733568292171276,40.97876138269383,1.2808608231251155,1.2902028434543351,1.2715188027958957,0.014587096678352,0.0055310429352425,0.0043389888154916,1.2936971694702566,1.2724042585496826,-0.0083253914529239,0.0491812969429859,-1.31234251201356,0,0,0
2023-03-30,1.2747308579120504,1.2768458409541747,1.2725289694599964,1.2746439525021207,1159.0,-6.817549711790605e-05,-6.817782117273935e-05,1.2804250961179142,1.2850311982264495,1.2733696364139933,40.89498466751815,1.2808136921705435,1.2902764803185556,1.271350904022532,0.014776213286689,0.005537934717165,0.0043446914774075,1.2936971694702566,1.2725289694599964,-0.0077466701953065,0.0485829977133553,-1.3040003795750963,0,0,0
2023-03-31,1.2746439525021207,1.2860812336557708,1.2739973575673706,1.2854346387210207,1617.0,0.0084656473658528,0.0084300147341532,1.280902195413448,1.2850470194223151,1.2734896861881926,53.58379865414983,1.2812273888256585,1.2907410537413992,1.2717137239099177,0.0148508609770835,0.0056653415318616,0.0044073353566219,1.2936971694702566,1.2725289694599964,0.001152610290652,0.057115655750107,0.8844645954265467,0,0,0
2023-04-03,1.2854346387210207,1.2870991888806242,1.2771953660899074,1.278859916249511,6741.0,-0.0051147855157003,-0.0051279108056263,1.2807076926359302,1.2848043879253424,1.2735431213131807,46.967605696507896,1.2812052915921917,1.290739817755861,1.271670765428522,0.0148836821487379,0.0056624394026423,0.0044277245151669,1.2936971694702566,1.2725289694599964,-0.0047523859052133,0.0600049481460884,-0.4919752282221509,0,0,0
2023-04-04,1.278859916249511,1.2805040330926618,1.2725552225835186,1.2741993394266695,7703.0,-0.0036443216052226,-0.0036509783229384,1.2800878494731436,1.2843885036704925,1.2735496508466484,42.92184683583755,1.2809630845998332,1.290963566664424,1.2709626025352423,0.0156140050947916,0.0059661987101799,0.0046823118844689,1.2936971694702566,1.2725289694599964,-0.0014928740799116,0.0613790315040229,-1.3526838265351948,0,0,0
2023-04-05,1.2741993394266695,1.2757959231581095,1.273730857624322,1.275327441355762,5989.0,0.0008853417940084,0.000884950110128,1.2796344772714885,1.2840331678934442,1.2735673403044503,44.175337299957086,1.2805369520946386,1.2907436545897857,1.2703302495994917,0.0159412853779057,0.0058520627246836,0.0045886746688854,1.2936971694702566,1.2725289694599964,-0.001209081582727,0.0597585731881807,-1.020801917436801,0,0,0
2023-04-06,1.275327441355762,1.2770886653386329,1.2700729537574798,1.2718341777403506,2048.0,-0.0027391111507001,-0.0027428693800221,1.278891591601856,1.2835547761227348,1.273550094905803,41.16091661426212,1.279978256532731,1.2908190045600494,1.2691375085054124,0.0169389565361593,0.0061239823423761,0.0048150792371821,1.2936971694702566,1.2700729537574798,-0.0028485228640267,0.0603654324035497,-1.5024938817611977,0,0,0
2023-04-07,1.2718341777403506,1.2728527538379006,1.2658095284522783,1.2668281045498284,4079.0,-0.0039361052550234,-0.0039438721047705,1.277742688073091,1.282898828217915,1.273483209429624,37.23921111565954,1.279077452424459,1.2911408716335142,1.2670140332154038,0.0188626876131531,0.0063924414301528,0.0050460211667188,1.2936971694702566,1.2658095284522783,-0.0074166847496067,0.0611712880179339,-2.0308252017696438,0,0,0
2023-04-10,1.2668281045498284,1.2687015652048708,1.2610157923348664,1.2628892529899087,6284.0,-0.0031092233790624,-0.0031140670567292,1.2763280752080264,1.2821141389932875,1.2733777969277364,34.457388687784174,1.2776094164968246,1.290063025955699,1.26515580703795,0.0194951748133197,0.0062452530564679,0.0049452103909208,1.293191224222347,1.2610157923348664,-0.0146864644306936,0.0566817255292758,-2.363999538531552,0,0,0
2023-04-11,1.2628892529899087,1.26384332420325,1.2570025525061617,1.257956623719503,4246.0,-0.0039058288434458,-0.0039134765130771,1.2745784131615003,1.281166785453139,1.273224352418202,31.303704424034223,1.2762978464676844,1.2911319374326529,1.261463755502716,0.0232455002662954,0.0066590850061818,0.0052935728312256,1.2870991888806242,1.2570025525061617,-0.0155704017688355,0.0544611967833458,-2.472847549808773,0,0,0
2023-04-12,1.257956623719503,1.259567299853109,1.249394006575623,1.251004682709229,9786.0,-0.0055263757741651,-0.0055417026830179,1.2723332959755698,1.2799839578945544,1.2730032611773168,27.48555711953061,1.2745764512337256,1.292595594973468,1.2565573074939833,0.0282747162358142,0.0071433892473485,0.0057101219092789,1.2870991888806242,1.249394006575623,-0.0186126938526332,0.0561596698989602,-2.6163028460123408,0,0,0
2023-04-13,1.251004682709229,1.2560020143796558,1.2494045081020713,1.254401839772498,5217.0,0.0027155430433019,0.002711862617689,1.270625538241944,1.2789807375760422,1.2728181724071197,31.859342764658905,1.2730667787955074,1.292551352718592,1.2535822048724228,0.0306104506811806,0.0072960127182936,0.0058163281390091,1.2870991888806242,1.249394006575623,-0.0158806015514273,0.0579585115788548,-1.9158683270867805,0,0,0
2023-04-14,1.254401839772498,1.255672038482211,1.2480887540378385,1.2493589527475517,7962.0,-0.0040201527652901,-0.0040282553023333,1.26860014914724,1.277819098955317,1.2725847473358805,29.05752493191507,1.271336989469095,1.292794417871468,1.2498795610667215,0.0337556896088325,0.0071954215935286,0.0057592908568868,1.2870991888806242,1.2480887540378385,-0.0280649710897502,0.0587502180678572,-2.0485247634905206,0,0,0
2023-04-17,1.2493589527475517,1.2509222781836813,1.244098995745422,1.2456623211815516,2979.0,-0.0029588226489036,-0.0029632086183111,1.2664155941028887,1.2765580488465422,1.2723168624985242,27.17117153206496,1.2693717768641204,1.292691895510283,1.2460516582179575,0.0367427716153783,0.0072731605481459,0.0058387898746484,1.2870991888806242,1.244098995745422,-0.0259587423502312,0.0584393162297694,-2.033390656566851,0,0,0
2023-04-18,1.2456623211815516,1.2458529854313751,1.2347507485626774,1.234941412812501,9477.0,-0.0086065928034827,-0.008643843411201,1.2634180530276136,1.2749260239040308,1.2719449674767729,22.59075226431941,1.267313627374116,1.2949906549667711,1.239636599781461,0.0436782608421914,0.007655966518321,0.0061994572688958,1.2870991888806242,1.2347507485626774,-0.0308098783286395,0.0607839340449659,-2.33928404726566,0,0,-1
2023-04-19,1.234941412812501,1.2362190592175382,1.2268783180438734,1.2281559644489106,1524.0,-0.0054945508290444,-0.0055097013959767,1.260059758877261,1.2730919039253987,1.2715092560038588,20.26254081547556,1.2648778614511895,1.2971982949148555,1.232557427987523,0.0511044337934495,0.00801481435257,0.0065258929521759,1.2870991888806242,1.2268783180438734,-0.0369877377191106,0.0616598338193086,-2.272364140385716,0,0,-1
2023-04-20,1.2281559644489106,1.2288997239940045,1.223766065166548,1.2245098247116415,1129.0,-0.0029687921101331,-0.002973207714937,1.2566740508614878,1.2711867243483883,1.2710415999711004,19.12211486180091,1.262329983900651,1.298891414452621,1.225768553348681,0.057926898700439,0.0075183702625026,0.0061399019516018,1.2870991888806242,1.223766065166548,-0.0372095308154002,0.0616805436889654,-2.068855546297632,0,0,-1
2023-04-21,1.2245098247116415,1.2328554217475711,1.222407384612383,1.2307529816483127,6479.0,0.0050984947696448,0.0050855414548029,1.25420537760309,1.269601087379758,1.2706407181967443,26.72668478822554,1.2600529342527007,1.2985727074439084,1.221533161061493,0.061139928560307,0.0075572427156791,0.0061403407737903,1.2870991888806242,1.222407384612383,-0.028476730798718,0.0661069424736612,-1.521294139451256,0,0,-1
2023-04-24,1.2307529816483127,1.2319421352252742,1.224784489894968,1.2259736434719295,1653.0,-0.0038832635367516,-0.0038908229811555,1.2515166410191705,1.26789020722651,1.2701962696920197,24.803972486773446,1.2572659620939317,1.2972259762763294,1.217305947911534,0.0635665251222513,0.0075007309171908,0.0061181828476743,1.2870991888806242,1.222407384612383,-0.0292310742454898,0.0624305349120394,-1.5661815573522218,0,0,-1
2023-04-25,1.2259736434719295,1.2273851328944736,1.2198754448270237,1.2212869342495676,6364.0,-0.0038228466389287,-0.0038301723932579,1.248637621326827,1.266062627894081,1.2697096096378662,23.05261672930571,1.254437643146021,1.296227787139529,1.212647499152513,0.0666276944443439,0.0078896325267381,0.0064600973820996,1.2870991888806242,1.2198754448270237,-0.0291502018261259,0.062634228622104,-1.5865324082924062,0,0,-1
2023-04-26,1.2212869342495676,1.222391953177886,1.2207940702748783,1.221899089203197,6457.0,0.0005012376178457,0.0005011120402319,1.24609109445791,1.2643307244160071,1.269233883066377,23.80933279133353,1.2517960547105782,1.294845254908897,1.2087468545122595,0.0687798943547108,0.0075026447640134,0.0061401508768665,1.2870991888806242,1.2198754448270237,-0.0232657750273161,0.0633837097736749,-1.3889672918266651,0,0,-1
2023-04-27,1.221899089203197,1.223421982981334,1.2184470423175824,1.2199699360957197,7585.0,-0.0015788154067087,-0.0015800630491239,1.2436033650900824,1.2625910856583489,1.2687436945393058,23.040347327143397,1.2490623538902583,1.2929384300191873,1.2051862777613294,0.0702544208337959,0.0073549101410226,0.0060287634337618,1.2870991888806242,1.2184470423175824,-0.0274488625455326,0.0629647818350752,-1.3261175730049968,0,0,-1
2023-04-28,1.2199699360957197,1.2296552709501674,1.218630580290773,1.2283159151452212,2046.0,0.0068411350169919,0.0068178406325043,1.242147417476286,1.2612469613245003,1.268341428077673,33.106229810387774,1.2462064177114682,1.287472223502156,1.2049406119207804,0.0662262771306671,0.0075934042688362,0.0061819635935747,1.2870991888806242,1.2184470423175824,-0.0168430678437556,0.0594892981203003,-0.8670860642825131,0,0,-1
2023-05-01,1.2283159151452212,1.235025191011378,1.2280094416536715,1.2347187175198284,3995.0,0.005212667438124,0.0051991285160981,1.2414399222423378,1.2602066380380428,1.2680068737437642,39.62984775114737,1.2439993577749842,1.2825436889809294,1.205455026569039,0.0619684101362971,0.007605902673166,0.0061600286488278,1.2805040330926618,1.2184470423175824,-0.008785369418048,0.0640445823257562,-0.4815566888717605,0,0,-1
2023-05-02,1.2347187175198284,1.2350737651777766,1.2322776881848825,1.2326327358428304,5918.0,-0.0016894387745154,-0.0016908674855751,1.240601142585242,1.2591253085401912,1.2676548922721131,38.31873779565487,1.241921027595792,1.2780135491983604,1.205828505993224,0.0581236983682271,0.0070789586528381,0.005742958504179,1.2770886653386329,1.2184470423175824,-0.001869462749988,0.0636511905383205,-0.5146934234875311,-1,0,-1
2023-05-03,1.2326327358428304,1.234446793529893,1.2255437865708168,1.2273578442578794,9482.0,-0.0042793700277189,-0.0042885527384779,1.239339876077874,1.2578795256271595,1.2672539266202305,35.15171652293698,1.239522547740898,1.2725097119609912,1.2065353835208048,0.0532255976790647,0.0072436372729446,0.0059018136453305,1.2770886653386329,1.2184470423175824,-0.0006498524732477,0.0635635517662176,-0.7375416329730349,-1,0,-1
2023-05-04,1.2273578442578794,1.2360263128218594,1.2273551351852712,1.2360236037492511,5439.0,0.0070604995372083,0.0070356909160734,1.2390240406180053,1.2570224306515552,1.266943177138927,43.42440536281701,1.2377320190413432,1.2670139807276883,1.208450057354998,0.0473155113318063,0.0073213439295314,0.0059233043020566,1.2728527538379006,1.2184470423175824,0.0094027657477724,0.0709518176709756,-0.1166872158629162,-1,0,-1
2023-05-05,1.2360236037492511,1.238259608230226,1.2339259950863584,1.2361619995673332,4282.0,0.0001119685883523,0.0001119623203378,1.238751465279846,1.2562043745306053,1.2666368967650803,43.54826406501167,1.2361987137922184,1.2620796978719575,1.2103177297124792,0.0418718832028962,0.0071435104085035,0.0057787817543362,1.2687015652048708,1.2184470423175824,0.0043948850822821,0.0704995714079632,-0.0028371583377234,-1,0,-1
2023-05-08,1.2361619995673332,1.2519708684148658,1.234507925294697,1.2503167941422295,8919.0,0.0114505983680543,0.0113855364606882,1.2398529251715016,1.2559734890251788,1.2664745076842563,54.51608851597735,1.2355700908498344,1.25923753384194,1.2119026478577286,0.0383101584723973,0.0075978465693228,0.0060767371956603,1.26384332420325,1.2184470423175824,0.019856177822356,0.0831246555256978,1.246159401107597,-1,0,-1
2023-05-09,1.2503167941422295,1.2507562380390431,1.245877926678378,1.246317370575191,6419.0,-0.0031987281829499,-0.0032038550498325,1.2404685866385197,1.2555948177134146,1.266273939155808,51.473088658074346,1.2349881281926187,1.2568406283813085,1.2131356280039292,0.0353890044605858,0.00727910158268,0.0058404879483631,1.259567299853109,1.2184470423175824,0.0204951315073258,0.082776111167332,1.0368829456353403,0,0,0
2023-05-10,1.246317370575191,1.2471532000493424,1.2459107870601582,1.2467466165343093,6083.0,0.000344411439054,0.0003443521430488,1.2410664942476424,1.2552478294318812,1.266079637438181,51.78416033881089,1.2347752248838728,1.2560459181122754,1.2135045316554702,0.0344527373075581,0.0070011554513749,0.0056155399649983,1.2560020143796558,1.2184470423175824,0.0203351713334327,0.080597080661747,1.125623083544002,0,0,0
2023-05-11,1.2467466165343093,1.2527909408359037,1.244353646094768,1.250397970396362,2810.0,0.0029287056516766,0.0029244253484087,1.2419552062618062,1.2550576388814685,1.2659236009502028,54.458505717146735,1.234575031415066,1.2551313262447454,1.2140187365853865,0.0333010052959163,0.0068575309946568,0.0054842787312611,1.255672038482211,1.2184470423175824,0.0249416263469752,0.0807013724250428,1.5394738314855052,0,0,0
2023-05-12,1.250397970396362,1.2574128491718872,1.2481023804111224,1.2551172591866475,6201.0,0.0037742294069698,0.0037671248736429,1.243208735111791,1.255059976932652,1.2658160751615106,57.722464990341855,1.234862946737021,1.256427668700862,1.2132982247731794,0.0349265026063394,0.0070113040968324,0.005586174555018,1.2574128491718872,1.2184470423175824,0.0218195854266511,0.0804830022124216,1.8784672933495987,0,0,0
2023-05-15,1.2551172591866475,1.2551232839320252,1.2505240403862543,1.250530065131632,3561.0,-0.0036547932246491,-0.0036614882991265,1.2439060046374903,1.2548823333326122,1.2656639755592234,53.69418239075393,1.235106333934525,1.257285386272421,1.212927281596629,0.0359144014220102,0.0068034152024268,0.0054404251382078,1.2574128491718872,1.2184470423175824,0.0128056272148879,0.080887028552209,1.3908377113798946,0,0,0
2023-05-16,1.250530065131632,1.2572433883608525,1.2489563991013766,1.255669722330597,7321.0,0.0041099829122652,0.0041015600032832,1.2450263587035004,1.2549132113325334,1.265564530253466,57.29060107366242,1.2361427494104296,1.2601511550654725,1.2121343437553869,0.0388440666201267,0.0072812085136031,0.0057986653529311,1.2574128491718872,1.2184470423175824,0.0186892541613499,0.0748807335919164,1.626678022750424,0,0,0
2023-05-17,1.255669722330597,1.2581127464551245,1.2533914677267437,1.255834491851271,9066.0,0.0001312204298182,0.0001312118211707,1.2460557047175738,1.254949339980327,1.2654677139509565,57.40481592941049,1.2375266757805474,1.262756515120578,1.212296836440517,0.0407746189779986,0.0072630898039338,0.0057834769239591,1.2581127464551245,1.2184470423175824,0.0232015851991478,0.0711345321006744,1.4512828103249658,0,0,0
2023-05-18,1.255834491851271,1.2596626393606714,1.2539972213241746,1.257825368833575,3627.0,0.0015853020403742,0.0015840467755687,1.247176625109574,1.2550621254255525,1.2653916707159576,58.83718977862141,1.2391924529866445,1.2651911979816253,1.2131937079916633,0.0419607865304861,0.0068802846165839,0.0054699839795442,1.2596626393606714,1.2184470423175824,0.0176386316719132,0.0694763619032606,1.4333704069583206,0,0,0
2023-05-19,1.257825368833575,1.2595928627321509,1.2530573291525555,1.2548248230511314,1232.0,-0.0023855026753245,-0.0023883525199416,1.2479050249135315,1.255052819450085,1.2652865279531236,55.79204011702496,1.240396045056785,1.266972107341552,1.213819982772018,0.0428509303793376,0.006845983489576,0.0054557284521435,1.2596626393606714,1.2184470423175824,0.0150973929714151,0.0692023150991739,1.0858476955494447,0,0,0
2023-05-22,1.2548248230511314,1.2565027245086795,1.251375378669381,1.2530532801269292,7847.0,-0.0014117850489239,-0.0014127825563907,1.2483953349338552,1.2549744061432946,1.2651648040941563,54.01456429033737,1.2417500268895352,1.2679894037164412,1.2155106500626291,0.0422619307569223,0.0070125026928906,0.0055963324178683,1.2596626393606714,1.2184470423175824,0.002188634110587,0.0674331208831446,0.86154890887527,0,0,0
2023-05-23,1.2530532801269292,1.2555925620027193,1.252029470279732,1.2545687521555222,6034.0,0.0012094234559918,0.0012086926925861,1.2489832794311568,1.2549584981437742,1.2650593707415334,55.32576599194204,1.2434141177848328,1.268379760889128,1.2184484746805375,0.0401566022891425,0.0066310801760271,0.0052855454630398,1.2596626393606714,1.2184470423175824,0.00662061026761,0.0648765078662303,0.8935988008873116,0,0,0
2023-05-24,1.2545687521555222,1.2561557712645552,1.251277870108941,1.2528648892179743,9143.0,-0.0013581263957199,-0.0013590494852495,1.249352956553711,1.2548763958329587,1.2649380326169208,53.47944377859133,1.244962407785572,1.2680825627269463,1.2218422528441972,0.037141932634735,0.0063601318559575,0.0050764706639097,1.2596626393606714,1.2184470423175824,0.0049073906458014,0.0655327428794819,0.6836010790101232,0,0,0
2023-05-25,1.2528648892179743,1.2549528756006316,1.2403910946190233,1.2424790810016806,4326.0,-0.0082896474357873,-0.008324197634893,1.248698301739232,1.254390226623889,1.2647145604615453,43.86927813655581,1.2460878650308698,1.2660630212951431,1.2261127087665964,0.0320605903080173,0.007090715272939,0.0057069091796881,1.2596626393606714,1.218630580290773,-0.0063330952082171,0.0732622996059083,-0.3613272388405456,0,0,0
2023-05-26,1.2424790810016806,1.2474637733555305,1.2401026251951357,1.2450873175489854,5970.0,0.0020992196868232,0.0020970194038899,1.248354398483018,1.2540254066601677,1.2645192645121668,46.47079214596403,1.246926435151058,1.2650858318345282,1.228767038467588,0.0291266528185685,0.006369158490098,0.0051154311832811,1.2596626393606714,1.2255437865708168,-0.0079912387183344,0.0700462368169033,-0.2025527206800605,0,0,0
2023-05-29,1.2450873175489854,1.2456889166964704,1.24425525551539,1.244856854662875,2458.0,-0.0001850977701418,-0.0001851149028483,1.248021299071576,1.2536658556014502,1.2643236186430198,46.26674375235978,1.2474333420082102,1.2647020738359531,1.2301646101804673,0.0276868210047078,0.006123112048699,0.0049187278246198,1.2596626393606714,1.2255437865708168,-0.0045366446013113,0.0680122561251642,-0.2983991379373759,0,0,0
2023-05-30,1.244856854662875,1.2479062255285285,1.2446967211008106,1.2477460919664638,7983.0,0.0023209393857346,0.0023182501661251,1.2479950888710891,1.2534337080079212,1.2641586681288253,49.27387048414465,1.2481890098143922,1.2639911576561829,1.2323868619726015,0.0253201201381199,0.0062636185800229,0.0050199464621454,1.2596626393606714,1.2255437865708168,-0.0063102822527459,0.0678539667038985,-0.0560579298919141,0,0,0
2023-05-31,1.2477460919664638,1.2495545380830375,1.2443165678570414,1.2461250139736153,1700.0,-0.0012992050251935,-0.0013000497237459,1.2478169864999011,1.2531470925555954,1.2639792287839977,47.66215770001266,1.249127368300179,1.2615990178377798,1.236655718762578,0.019968579432492,0.0060350954003701,0.0048430898446741,1.2596626393606714,1.2273551351852712,-0.0077314948272702,0.0657943902495948,-0.4814686810292033,0,0,0
2023-06-01,1.2461250139736153,1.2508579647894755,1.2448572011401289,1.249590151955989,8771.0,0.0027807306197347,0.002776871540729,1.247985859400481,1.2530076046889442,1.2638360538901865,51.32704004828343,1.2498056957105157,1.2606454632569664,1.238965928164065,0.0173463244465184,0.0057986878924116,0.0046404718245698,1.2596626393606714,1.2339259950863584,-0.0065471861846948,0.0620099204924075,-0.039769073202528,0,0,0
2023-06-02,1.249590151955989,1.2567588379589354,1.247467453855632,1.2546361398585784,7878.0,0.0040381143326799,0.0040299830317296,1.2486192194441093,1.2530714688132436,1.263744512457036,56.14310623960233,1.250729402725078,1.259653004964853,1.2418058004853028,0.0142694370506242,0.0061338407893782,0.0048889399838822,1.2596626393606714,1.234507925294697,-0.000150366161943,0.0631941665860013,0.8755964303489371,0,0,0
2023-06-05,1.2546361398585784,1.25557529348984,1.2536029080775053,1.2545420617087668,1007.0,-7.498440928233041e-05,-7.498722075369334e-05,1.249183299659791,1.2531291391228718,1.2636529457829242,56.03178797775133,1.2509406661034048,1.2600218113339647,1.241859520872845,0.0145189064143978,0.0056827976574396,0.0045297784991754,1.2596626393606714,1.2401026251951357,0.0011881231272838,0.0489450154728784,0.7931589053861898,0,0,0
2023-06-06,1.2545420617087668,1.256460101706092,1.253634165485378,1.255552205482703,9472.0,0.000805189243763,0.0008048652528082,1.249789862119116,1.2532241613330617,1.2635723414018276,57.01725752442424,1.2514024078487804,1.2604327254270993,1.2423720902704616,0.014432316130576,0.005547416049749,0.0044183077577537,1.2596626393606714,1.2401026251951357,0.0007838975149756,0.0473231203096037,0.9190812167860092,0,0,0
2023-06-07,1.255552205482703,1.2566419371561948,1.2521130986112494,1.253202830284741,7918.0,-0.0018711887786926,-0.0018729416393788,1.2501149067063184,1.253223324821363,1.2634691621867324,53.98655117555691,1.251725218536302,1.2605130990941418,1.242937337978462,0.0140412295409625,0.0054662318003525,0.0043618093322615,1.2596626393606714,1.2401026251951357,0.0002697346455113,0.0479899398359539,0.3362839853623166,0,0,0
2023-06-08,1.253202830284741,1.2544409246675985,1.2486129325839903,1.2498510269668477,4430.0,-0.0026745896489334,-0.0026781727541452,1.2500897753025593,1.2530910778466755,1.263333658353699,49.91049429686885,1.2516978713648264,1.2605065221531782,1.2428892205764746,0.0140747236052211,0.0054156931220677,0.0043330709062268,1.2596626393606714,1.2401026251951357,0.0059332555999442,0.0479829643199182,-0.4193251480512988,0,0,0
2023-06-09,1.2498510269668477,1.251127783063025,1.2390952715402186,1.240372027636396,1643.0,-0.007584103325862,-0.0076130088786995,1.2491642755248291,1.2525922915639196,1.2631051844162136,40.57946386816728,1.2509606097873136,1.260952975207596,1.2409682443670311,0.0159755076892167,0.0059089192423183,0.0047638281988494,1.2596626393606714,1.2390952715402186,-0.003787115848125,0.052777608360826,-2.119334452966462,0,0,0
2023-06-12,1.240372027636396,1.246835446715417,1.2385637620846603,1.2450271811636813,2580.0,0.0037530300777226,0.0037460050316604,1.2487702665380531,1.2522956205678315,1.262925303786835,45.92611118837553,1.250685465588916,1.261024773432207,1.240346157745625,0.0165338258543248,0.0062452473071589,0.0050161533833516,1.2596626393606714,1.2385637620846603,0.0001368241659016,0.0536076277905816,-1.0945189970151248,0,0,0
2023-06-13,1.2450271811636813,1.257262576447257,1.2443136607132492,1.2565490559968249,1811.0,0.0092543158956373,0.0092117570812665,1.2495111036293651,1.252462421957204,1.2628618585351934,56.38634288621312,1.2507294322722275,1.2611650123765683,1.2402938521678868,0.0166871904267611,0.0068217483484728,0.0054289550542546,1.2596626393606714,1.2385637620846603,0.0070550924479253,0.0616232228351914,1.11534263862852,0,0,0
2023-06-14,1.2565490559968249,1.2602824575268323,1.25524594671888,1.2589793482488874,1215.0,0.0019341005752733,0.0019322326109218,1.2504128412121769,1.2527179876941328,1.262823226592046,58.22212072984102,1.2508866750921084,1.2617328366908185,1.2400405134933985,0.0173415574962635,0.0061413719074974,0.0048780561142956,1.2602824575268323,1.2385637620846603,0.0103154451849758,0.0619889943067657,1.49226490553886,0,0,0
2023-06-15,1.2589793482488874,1.2606444264316177,1.2534318710494468,1.255096949232177,8090.0,-0.00308376703884,-0.0030885316462291,1.250858946737891,1.252811280303468,1.262746348210356,54.29070095870888,1.2507502541120386,1.2612933488897982,1.240207159334279,0.0168588329174389,0.0061307581376242,0.0048846889010246,1.2606444264316177,1.2385637620846603,0.0044068827427681,0.0627483855796064,0.8245577246080986,0,0,0
2023-06-16,1.255096949232177,1.2559365565681353,1.2503246969443629,1.251164304280321,6830.0,-0.0031333395832583,-0.0031382587700731,1.2508880284085986,1.2527466930084423,1.2626311039921467,50.5660172488338,1.250567228173498,1.2609381833770286,1.2401962729699676,0.0165860018876037,0.0064292008835308,0.0051385744154753,1.2606444264316177,1.2385637620846603,-0.0027672051425591,0.0631642474531164,0.1151438985330425,0,0,0
2023-06-19,1.251164304280321,1.2545301432408291,1.2505838372825273,1.2539496762430355,2798.0,0.0022262239684951,0.0022237496035627,1.2511796139166402,1.2527938688215638,1.262544721626484,53.02423825647533,1.2506120479793033,1.2610358537853257,1.240188242173281,0.0166699270535009,0.0064818295642869,0.0051691305377638,1.2606444264316177,1.2385637620846603,-0.0004721925902781,0.0635107271406851,0.6403857335492686,0,0,0
2023-06-20,1.2539496762430355,1.2560428140221105,1.2521659824915086,1.2542591202705833,2233.0,0.000246775475452,0.0002467450313928,1.2514729002360634,1.252851329662702,1.262462277831898,53.302066615632185,1.2505965663850565,1.2609965212463188,1.240196611523794,0.0166319901090472,0.0063846053717587,0.0050903400011804,1.2606444264316177,1.2385637620846603,-0.0010298936248713,0.0633680739813694,0.7043403427007368,0,0,0
2023-06-21,1.2542591202705833,1.2559934637621295,1.2521717676691726,1.2539061111607188,6293.0,-0.0002814483101293,-0.000281487924138,1.2517046346098402,1.2528926936430165,1.2623771418451204,52.917571225453386,1.2506486274821935,1.2611066551848824,1.240190599779505,0.0167241661212914,0.0062289576891594,0.0049676428192804,1.2606444264316177,1.2385637620846603,0.0005611867919401,0.0631780572337186,0.622963291192586,0,0,0
2023-06-22,1.2539061111607188,1.2539789618743475,1.2518696716376845,1.251942522351313,5105.0,-0.0015659775416423,-0.0015672049660528,1.2517272905852186,1.252855432023734,1.2622733147854803,50.7256544177013,1.2511217995496753,1.2608546951475907,1.2413889039517598,0.0155586699894745,0.0057159509843994,0.0045656656614427,1.2606444264316177,1.2385637620846603,0.0016733957402437,0.0554422255739194,0.1686492562015112,0,0,0
2023-06-23,1.251942522351313,1.2538891743655805,1.2465114986696857,1.248458150683953,4320.0,-0.0027831722344696,-0.0027870524595417,1.251415943927955,1.2526829896182523,1.2621358504660625,47.00494049198793,1.2512903412064236,1.2606944376921008,1.2418862447207464,0.0150310382426676,0.0061020431475109,0.0048876633503237,1.2606444264316177,1.2385637620846603,0.0065191110952134,0.0561446009504502,-0.6023312344326098,0,0,0
2023-06-26,1.248458150683953,1.2540560095246795,1.2474984773288005,1.2530963361695269,6175.0,0.0037151309261211,0.0037082468720619,1.2515759812842953,1.25269919928693,1.2620459050501764,52.04715504428022,1.2517023152817564,1.2606295452028866,1.242775085360626,0.0142641422199826,0.0063685857171655,0.0050822794172657,1.2606444264316177,1.2385637620846603,0.0064811075034552,0.0575337628898121,0.3123076027135661,0,0,0
2023-06-27,1.2530963361695269,1.2544865493688304,1.2512050316877807,1.2525952448870843,1828.0,-0.0003998824894615,-0.0003999624637851,1.2516730540083705,1.2526951226437988,1.2619518686306432,51.47731204512996,1.251944772927787,1.2606809435686483,1.2432086022869258,0.0139561597760114,0.0062794913697444,0.0050131847421395,1.2606444264316177,1.2385637620846603,-0.0031465632725369,0.0570978132936624,0.1489146643392746,0,0,0
2023-06-28,1.2525952448870843,1.2532658790095763,1.241442190877997,1.242112825000489,3472.0,-0.0083685611368741,-0.0084037741370063,1.25076255600762,1.2522801305793554,1.261754465211438,41.29239148917844,1.2517441634791309,1.2611978282177925,1.2422904987404693,0.0151047874070142,0.0067077553731709,0.0054002786527611,1.2606444264316177,1.2385637620846603,-0.0133969816676167,0.064583360873645,-2.03758833106357,0,0,0
2023-06-29,1.242112825000489,1.2436576286725418,1.2374872114324782,1.239032015104531,2263.0,-0.0024802979519646,-0.0024833789865735,1.2496453616358971,1.2517605966391665,1.2615283711805234,38.8589501614002,1.251216256636558,1.2622272671898718,1.2402052460832445,0.0176004915136137,0.006289034352975,0.0050757642064999,1.2606444264316177,1.2374872114324782,-0.0127997555387844,0.0641115286775913,-2.213101417537054,0,0,0
2023-06-30,1.239032015104531,1.2451444290073956,1.2378570609590962,1.2439694748619607,5873.0,0.0039849331552688,0.0039770143394727,1.2491048009907604,1.2514550624518248,1.261353655794269,44.50362360412228,1.250682923386727,1.2620248116209023,1.2393410351525511,0.018137112168227,0.0062187260256566,0.0049990985722111,1.2606444264316177,1.2374872114324782,-0.0057505072625124,0.0640627795852596,-1.183832601089663,0,0,0
2023-07-03,1.2439694748619607,1.2446075145846829,1.2398289542223109,1.240466993945033,5601.0,-0.0028155682174728,-0.002819539385481,1.248282152700691,1.2510241578044996,1.2611458283131822,41.571649819157,1.2499791699985403,1.2620369207318365,1.2379214192652448,0.0192927226672262,0.005635129213397,0.0045427482076534,1.2606444264316177,1.2374872114324782,-0.0107521717605112,0.0646038763143047,-1.5777695631476274,0,0,0
2023-07-04,1.240466993945033,1.2412272943751064,1.239586205181349,1.2403465056114225,8904.0,-9.713143050049666e-05,-9.71361480633771e-05,1.2475263767874276,1.2506054263459476,1.260938869878339,41.47043195433117,1.2492188850049764,1.2617069277811537,1.236730842228799,0.0199933621338546,0.0053925990980973,0.0043476553315551,1.2606444264316177,1.2374872114324782,-0.011092296985777,0.0644308661345502,-1.4209399427233247,0,0,0
2023-07-05,1.2403465056114225,1.2430081548543606,1.2387072590995831,1.2413689083425214,3433.0,0.0008242879924871,0.0008239484537121,1.2469399512212462,1.2502432099536565,1.260744143892908,42.74434557364018,1.2486271889078653,1.26143768203273,1.2358166957830006,0.0205193243246122,0.0051846234104263,0.0041765371885694,1.2606444264316177,1.2374872114324782,-0.0099985179963688,0.0644366301460503,-1.1331773874115405,0,0,0
2023-07-06,1.2413689083425214,1.244741970813407,1.2404596321712291,1.2438326946421152,5063.0,0.0019847333721958,0.0019827663911084,1.2466440220232338,1.2499918171963411,1.2605758707660346,45.80550236706268,1.2483262722916286,1.2612974538427817,1.2353550907404756,0.0207817168300737,0.0050896576260267,0.0040919149721267,1.2606444264316177,1.2374872114324782,-0.0064777955572324,0.0644414643230762,-0.6928555632025568,0,0,0
2023-07-07,1.2438326946421152,1.2463864868400942,1.2405256280981416,1.2430794202961206,8962.0,-0.0006056074496508,-0.0006057909039136,1.2463045361444611,1.2497207428080972,1.2604017767315083,45.013108650225945,1.248461641924615,1.2611364226496646,1.2357868611995655,0.0203046378029048,0.0052264113962875,0.0042044066621604,1.2606444264316177,1.2374872114324782,-0.0043082985079521,0.0583576405045269,-0.8492804325770201,0,0,0
2023-07-10,1.2430794202961206,1.2442944833436569,1.2388548166093525,1.2400698796568883,5286.0,-0.0024210364921938,-0.0024239719398831,1.245710759336121,1.249342277586481,1.26019946929793,41.89482597472606,1.2482137768492754,1.2613565973978054,1.2350709563007454,0.0210586051721123,0.0053380424822663,0.0043046303840097,1.2606444264316177,1.2374872114324782,-0.0103954150504164,0.0573599814692096,-1.239292153813626,0,0,0
2023-07-11,1.2400698796568883,1.2421715701053626,1.238716670606716,1.2408183610551902,3544.0,0.000603580016401,0.0006033979352462,1.245244816642699,1.2490080063499598,1.2600066224497437,42.95328152622438,1.2474272421021937,1.2603507236682514,1.234503760536136,0.0207202169872108,0.0053118427255298,0.0042809188614944,1.2606444264316177,1.2374872114324782,-0.0094019866991876,0.0454437542771118,-1.0227709945222736,0,0,0
2023-07-12,1.2408183610551902,1.247350950755577,1.2389103646847837,1.2454429543851702,2388.0,0.0037270510133708,0.0037201227680226,1.245263686903887,1.2488682003905562,1.2598617103296983,49.12035486194096,1.2467504224090078,1.2584901644340751,1.2350106803839405,0.0188325454943635,0.0057640781422534,0.0046281350116906,1.2606444264316177,1.2374872114324782,0.0026810200471765,0.04719522789583,-0.2227422069489857,0,0,0
2023-07-13,1.2454429543851702,1.2542173975094746,1.2440938953866187,1.2528683385109232,5546.0,0.0059620427411857,0.0059443400921473,1.2459879394378903,1.2490250685521394,1.2597921245404566,57.133399299963465,1.246638991872945,1.258083764345492,1.2351942194003982,0.0183610051460884,0.005960208601322,0.0047572505570744,1.2560428140221105,1.2374872114324782,0.0111670426895504,0.0514499825275583,1.0885924823618505,0,0,0
2023-07-14,1.2528683385109232,1.2589271796367856,1.2513890676783843,1.257447908804247,3722.0,0.0036552685965125,0.0036486043370912,1.247079365091829,1.2493553760130065,1.2597687990107431,61.19275220541424,1.2469531720991411,1.259235366563251,1.2346709776350313,0.0196995279998105,0.0060302500129307,0.004795626101653,1.2589271796367856,1.2374872114324782,0.010835019841449,0.0517555252746737,1.7089351151006111,0,0,0
2023-07-17,1.257447908804247,1.2625479894553375,1.2560325522172484,1.2611326328683392,6784.0,0.002930319449651,0.0029260344325509,1.2484177715467346,1.2498172292230196,1.2597823694968886,64.1355903356222,1.2473123199304066,1.2608153388773184,1.2338093009834947,0.021651383909469,0.0062612442670049,0.0049647785679483,1.2625479894553375,1.2374872114324782,0.0166595637160675,0.0521697893897532,2.046996007673293,0,0,0
2023-07-18,1.2611326328683392,1.2660194922513852,1.2590497133763503,1.2639365727593963,5438.0,0.0022233505168125,0.0022208825305076,1.249895752614607,1.2503709289695444,1.2598237048527343,66.23396033803195,1.2477961925548473,1.262941105308886,1.232651279800809,0.0242746577436329,0.0059145364629661,0.0046794566993608,1.2660194922513852,1.2374872114324782,0.0190189330491523,0.0526175486833761,2.131458987803673,0,0,0
2023-07-19,1.2639365727593963,1.2654818839102773,1.2566863441775402,1.2582316553284212,8521.0,-0.0045136105354719,-0.0045238276310903,1.250689648111161,1.2506791927483238,1.2598078635639351,58.70770677117872,1.2480124697632322,1.2636405960769368,1.2323843434495276,0.0250448239778717,0.0061020452124427,0.0048496993273071,1.2660194922513852,1.2374872114324782,0.0135839933420074,0.0554041689913355,1.3077940835719395,0,0,0
2023-07-20,1.2582316553284212,1.2592676608953,1.256290899929095,1.2573269054959737,8479.0,-0.0007190645924508,-0.0007193232433935,1.2513217678620954,1.2509398873658786,1.2597831774140051,57.59004758661237,1.2482816889204655,1.264373503760041,1.23218987408089,0.0257823454151473,0.0057941447065788,0.0046083040784793,1.2660194922513852,1.2374872114324782,0.0108488954438854,0.055131482020774,1.1242009264564414,0,0,0
2023-07-21,1.2573269054959737,1.2635524604603736,1.2550476768795815,1.2612732318439814,8382.0,0.0031386637244121,0.003133748401769,1.2522695263365606,1.2513451165610985,1.2597980038262435,61.07128404422869,1.2489224429784669,1.2660322040058714,1.231812681951062,0.0273992370360497,0.0060603035078946,0.0048049093209045,1.2660194922513852,1.2374872114324782,0.0146360813724411,0.0548592195646934,1.4437126089291905,0,0,0
2023-07-24,1.2612732318439814,1.2626108568516294,1.2596548331274091,1.2609924581350571,6852.0,-0.0002226113278515,-0.0002226361094309,1.2531002817459411,1.2517234436816458,1.2598098889437446,60.689578922495215,1.2493172490767432,1.2671803546938996,1.231454143459587,0.0285965884651913,0.0061542274029276,0.0048804632916119,1.2660194922513852,1.2374872114324782,0.016872096340214,0.0535797609682009,1.3071869257830149,0,0,0
2023-07-25,1.2609924581350571,1.2622205591944506,1.2603325849947609,1.2615606860541544,5274.0,0.0004506196015934,0.000450518103071,1.2539060345371995,1.2521092178923323,1.2598273098105148,61.2178701571277,1.2497655211350969,1.2684079606162897,1.2311230816539045,0.029833499429974,0.0059818758632785,0.0047416473336597,1.2660194922513852,1.2374872114324782,0.0167166489874674,0.0535133096643674,1.2654100265104298,0,0,0
2023-07-26,1.2615606860541544,1.262072267444155,1.2602887199561963,1.260800301346197,8575.0,-0.0006027333574698,-0.0006029150742414,1.2545626313761518,1.2524500446944449,1.2598369913183327,60.0547920897972,1.2506998949523822,1.269598845851515,1.2318009440532494,0.0302213999943645,0.0058033907808343,0.0046029420953007,1.2660194922513852,1.2374872114324782,0.0123308312973742,0.0427206858149602,1.0688854050918053,0,0,0
2023-07-27,1.260800301346197,1.261487776959947,1.2589268798045596,1.2596143554183097,9088.0,-0.0009406294768656,-0.0009410721463858,1.2550437479515952,1.252730998056165,1.2598347760357451,58.19762031594466,1.251729011968071,1.2701892434074724,1.2332687805286695,0.0294955717457992,0.0055676792389368,0.0044201459081401,1.2660194922513852,1.2378570609590962,0.0053844579673905,0.0415088020550246,0.8543060227737183,0,0,0
2023-07-28,1.2596143554183097,1.2610253840237575,1.2547927200797944,1.2562037486852422,2441.0,-0.0027076594660869,-0.0027113318064417,1.255154224211943,1.2528671843553445,1.2597986464103672,53.11088238049194,1.2523407256592354,1.270527098044652,1.2341543532738188,0.0290438089455937,0.0056243218967695,0.004477236994919,1.2660194922513852,1.2387072590995831,-0.0009894327314026,0.0415545211127244,0.4248261219048344,0,0,0
2023-07-31,1.2562037486852422,1.2571735230033951,1.2547234114842356,1.2556931858023883,7733.0,-0.0004064331788438,-0.0004065157951943,1.255205553887223,1.2529780079415032,1.259757796056059,52.3729049539702,1.253102035252103,1.2704510610450863,1.2357530094591196,0.027689725664667,0.0055525513268062,0.0044219012968985,1.2660194922513852,1.2387072590995831,-0.0043131443308853,0.0398558710846132,0.2987084786436285,0,0,0
2023-08-01,1.2556931858023883,1.2566511651390049,1.2418183163894416,1.2427762957260575,3004.0,-0.0102866609633441,-0.0103399343117177,1.254021815014731,1.2525779407957995,1.259588825903522,37.99058490335633,1.2532235247578347,1.270227044345088,1.2362200051705814,0.0271356533792149,0.0060091415181469,0.0048352559819595,1.2660194922513852,1.2387072590995831,-0.0167415655891196,0.0555760052890672,-1.228831357904126,0,0,0
2023-08-02,1.2427762957260575,1.244508541202357,1.2392095113272654,1.240941756803565,6632.0,-0.001476161823171,-0.0014772524234355,1.252776095185096,1.2521216198549276,1.2594032829274031,36.45920436858197,1.253202167180887,1.2702693362982826,1.2361349980634917,0.0272376948657671,0.0056645363575923,0.0045647076718436,1.2660194922513852,1.238716670606716,-0.0137414270668172,0.0557799246232196,-1.4367245432431688,0,0,0
2023-08-03,1.240941756803565,1.2526257755345924,1.2389077510910531,1.2505917698220803,7713.0,0.0077763625614244,0.0077462824957736,1.2525680641981425,1.252061625735993,1.2593156061800863,48.27124253172712,1.253540120939885,1.2700858289019623,1.2369944129778083,0.0263983700013865,0.0061059586779593,0.0048824555105044,1.2660194922513852,1.238716670606716,-0.0053567100524556,0.0619733622041029,-0.3563886325761894,0,0,0
2023-08-04,1.2505917698220803,1.2545437631902605,1.2492283531838435,1.2531803465520237,5373.0,0.0020698814692434,0.0020677422160867,1.2526263768032735,1.252105497140543,1.2592545588206034,50.90759992654058,1.2540451672526804,1.269846325710747,1.2382440087946138,0.0252003019838324,0.0060202424471256,0.0048039713227945,1.2660194922513852,1.238716670606716,-0.0064164410118543,0.0621945588958005,-0.1094629489289437,0,0,0
2023-08-07,1.2531803465520237,1.254514634153911,1.2508642412680782,1.2521985288699655,6757.0,-0.0007834608041528,-0.0007837678699617,1.252585629381054,1.2521091454436577,1.2591843495673634,49.86944712289887,1.2546515997133345,1.269064387122438,1.2402388123042305,0.0229749635873366,0.0057831434478969,0.004618391824111,1.2660194922513852,1.238716670606716,-0.0069738159085402,0.0614726523101445,-0.3404020018805371,0,0,0
2023-08-08,1.2521985288699655,1.2535127759132103,1.250700147717713,1.252014394760958,1528.0,-0.0001470486546358,-0.0001470594673493,1.252531226083902,1.2521054297306105,1.2591130067334688,49.66488924537186,1.2552114013986226,1.268156946406976,1.242265856390269,0.0206268760687302,0.0053557926238083,0.0042777404526813,1.2660194922513852,1.2389077510910531,-0.0075670488140009,0.0615126214564352,-0.4939161133195381,0,0,0
2023-08-09,1.252014394760958,1.253705404766354,1.244467279259684,1.24615828926508,1693.0,-0.004677346778426,-0.0046883197946404,1.2519242797202046,1.251872208535884,1.258984104072092,43.54702943724156,1.255247168142618,1.2680825599290158,1.2424117763562204,0.020450779913553,0.0058030329481272,0.0046567382315047,1.2660194922513852,1.2389077510910531,-0.0116132682277148,0.0628063100725995,-1.416221495812857,0,0,0
2023-08-10,1.24615828926508,1.2468196250316346,1.2377878914045837,1.2384492271711385,4162.0,-0.0061862623395043,-0.0062054765440978,1.2506409413821984,1.2513458171098155,1.2587797769387492,37.072867427430495,1.254526212575629,1.2693846040933596,1.2396678210578982,0.0236876541419177,0.0058406722371457,0.0047161176324418,1.2660194922513852,1.2377878914045837,-0.0168028636353089,0.0624062574602161,-2.164027699136309,0,0,0
2023-08-11,1.2384492271711385,1.2409993088789069,1.2368366906727142,1.2393867723804828,4688.0,0.0007570316075742,0.0007567452036822,1.2495691157629871,1.2508768349635673,1.258586811719264,38.27475327477037,1.2536231557544408,1.2698648963337829,1.2373814151750988,0.0259116792870144,0.0059268575572866,0.0047820887630606,1.2660194922513852,1.2368366906727142,-0.0133871406786998,0.0606254442196164,-1.7530612934509469,0,0,0
2023-08-14,1.2393867723804828,1.2423984503395742,1.2381729601289524,1.2411846380880438,2838.0,0.0014506090815442,0.0014495579645742,1.2487705940796594,1.250496748811586,1.2584136557627346,40.61702327386188,1.252625756015426,1.2693680786952442,1.2358834333356077,0.0267315638360737,0.0060938229866389,0.0049096828945821,1.2660194922513852,1.2368366906727142,-0.0115542139420576,0.0596649251837481,-1.3667300703950265,0,0,0
2023-08-15,1.2411846380880438,1.2521780001942455,1.240219502053019,1.2512128641592206,8209.0,0.0080795602551322,0.008047095358997,1.2490031912300938,1.2505248317663953,1.258342006095038,51.64027023058343,1.251989570585417,1.2678668469748893,1.2361122941959446,0.0253632726062538,0.0068206051761581,0.0054511948937971,1.2654818839102773,1.2368366906727142,0.0067884851539061,0.0667843711399711,-0.0978387485540428,0,0,0
2023-08-16,1.2512128641592206,1.252975674384534,1.245893551758163,1.2476563619834764,3020.0,-0.0028424437420838,-0.0028464911568159,1.248874921778035,1.2504123427553004,1.2582356812780076,48.221485141215815,1.2514608059181698,1.26716624436433,1.2357553674720096,0.0250993692681208,0.0071435498526569,0.0057255748219809,1.2635524604603736,1.2368366906727142,0.0054108947040407,0.0657061714683352,-0.4844747184531498,0,0,0
2023-08-17,1.2476563619834764,1.2483375814891742,1.239730975890182,1.2404121953958798,3498.0,-0.0058062194113129,-0.0058231410354719,1.2480689478368776,1.2500201801137547,1.2580583331597777,42.106659023604166,1.250615070413165,1.266804697267954,1.234425443558376,0.0258906633028825,0.0073131171137304,0.0058957152637445,1.2635524604603736,1.2368366906727142,-0.0081398060277088,0.0684439411439301,-1.260421269594279,0,0,0
2023-08-18,1.2404121953958798,1.2420134367299076,1.2400539214015072,1.241655162735535,4620.0,0.0010020599154609,0.0010015581885695,1.2474581111605594,1.2496921402165695,1.257895117533666,43.43212733248584,1.2496341669577429,1.265478370233066,1.2337899636824197,0.0253581467188852,0.0072780745286762,0.0058615908402793,1.2626108568516294,1.2368366906727142,-0.0091967479766171,0.0672780599911969,-1.0071827637600326,0,0,0
2023-08-21,1.241655162735535,1.2430044788373409,1.2387937757693297,1.2401430918711354,6903.0,-0.0012177864754883,-0.0012185285799826,1.2467614426568048,1.249317667732435,1.2577184804623969,42.16734976823805,1.2485916986445469,1.2640276042711729,1.2331557930179204,0.0247253055476553,0.0065193498371367,0.0052569335586108,1.2622205591944506,1.2368366906727142,-0.0096274166762593,0.067262430247337,-1.0946693997452073,0,0,0
2023-08-22,1.2401430918711354,1.242403469406918,1.2386547536829429,1.2409151312187254,5565.0,0.0006225405379836,0.0006223468400086,1.2462046510912734,1.2489881564966032,1.2575512829574846,43.078791968775526,1.2475594209027752,1.2620775926249312,1.233041249180619,0.0232745173959734,0.0064086131120569,0.0051644249883253,1.262072267444155,1.2368366906727142,-0.0088651245454345,0.0673084178074974,-0.9153066668732004,0,0,0
2023-08-23,1.2409151312187254,1.2489562995673136,1.2396792823794738,1.247720450728062,9611.0,0.0054841135691954,0.0054691305723847,1.2463490129614438,1.2489384425448955,1.2574534637313213,50.486345350460574,1.2469054283718684,1.2600230590493762,1.2337877976943603,0.0210402976505379,0.0060913983080784,0.0048820216936606,1.261487776959947,1.2368366906727142,0.0012535818895873,0.0709345218394941,0.1242636534341603,0,0,0
2023-08-24,1.247720450728062,1.2500915162054398,1.2464687853786154,1.2488398508559932,6593.0,0.0008971561917399,0.0008967539876656,1.2465862356180677,1.2489345762041546,1.257367756140522,51.60204980021312,1.2463667031437526,1.258098475393384,1.2346349308941214,0.0188255546622672,0.0059704926523932,0.0047808313037904,1.2610253840237575,1.2368366906727142,0.0083900279937911,0.0710869673242733,0.4216153637517723,0,0,0
2023-08-25,1.2488398508559932,1.249837947918131,1.2456367212024098,1.2466348182645477,4198.0,-0.0017656648207809,-0.0017672254442064,1.24659086253678,1.2488443896182877,1.2572609607387712,49.24794062180303,1.2458882566227178,1.2566731386323662,1.2351033746130695,0.0173127597155195,0.0060098379259567,0.0048208487665402,1.2571735230033951,1.2368366906727142,0.005848090398886,0.0707627872978127,0.1384459544688099,0,0,0
2023-08-28,1.2466348182645477,1.2546320133747555,1.244366607711628,1.252363802821836,7322.0,0.0045955595603079,0.0045850322168396,1.247140666373452,1.2489824058223484,1.2572122327992994,54.99291216805285,1.2457217874736903,1.2559582733286234,1.2354853016187572,0.0164346260262374,0.0065421791736446,0.0052238647898507,1.2566511651390049,1.2368366906727142,0.0090068507059617,0.0729257276611038,1.297713969866875,0,0,0
2023-08-29,1.252363802821836,1.2641508747269057,1.2509951821713996,1.262782254076469,5561.0,0.0083190293676311,0.0082846169629668,1.2486303413927868,1.249523576342118,1.2572676558965847,63.159950802343786,1.2467220853912109,1.2593720571675044,1.2340721136149173,0.0202931702654872,0.0068220053914185,0.0054023608340994,1.2641508747269057,1.2368366906727142,0.0092465400961352,0.0682905869696963,2.5391627695732177,0,0,0
2023-08-30,1.262782254076469,1.27265092673847,1.2615796685124716,1.2714483411744726,9885.0,0.0068626931286277,0.0068392520350505,1.2508034842291378,1.250383371041426,1.2574087572426331,68.31101124861365,1.2482474146097562,1.2647369419094758,1.2317578873100363,0.0264202867263695,0.0069676857199148,0.0054801170399723,1.27265092673847,1.2368366906727142,0.0190693366506564,0.0709549403550537,2.814019606870231,0,0,0
2023-08-31,1.2714483411744726,1.2728941908598306,1.270148049327679,1.271593899013037,7015.0,0.0001144819131466,0.0001144753605925,1.2527835237323663,1.2512151564520777,1.257549902931891,68.39095509684917,1.249297521069304,1.2688129901632914,1.2297820519753166,0.0312423082009858,0.0068665088146261,0.0053999227425954,1.2728941908598306,1.2368366906727142,0.0251381788512694,0.0666533775765987,2.284995337427237,0,0,0
2023-09-01,1.271593899013037,1.2731018407604888,1.2707045210093015,1.272212462756753,1440.0,0.0004864475554622,0.0004863292782056,1.254633898877546,1.2520385802287315,1.2576957990495514,68.75172989776064,1.2502491268795404,1.2722585097243788,1.228239744034702,0.0352079955452894,0.0067359252103808,0.0052946543188114,1.2731018407604888,1.2368366906727142,0.024610134068058,0.0665031260309463,1.9958156966099103,0,0,0
2023-09-04,1.272212462756753,1.2737833251742945,1.264528543566032,1.2660994059835735,7424.0,-0.0048050596516977,-0.0048166410653084,1.2557258519352628,1.252589985160294,1.2577794170289949,61.304789475266126,1.250944170735221,1.274062770643109,1.2278255708273331,0.0369618412215794,0.0065428026008834,0.0051676847567909,1.2737833251742945,1.2368366906727142,0.0209300961175979,0.0692195256158543,1.3110859056115909,0,0,0
2023-09-05,1.2660994059835735,1.2682592074976102,1.2658424851857768,1.2680022866998135,1841.0,0.0015029473256578,0.0015018190306964,1.2568950361985534,1.253194389142236,1.257881137125222,62.66060121288648,1.2517435653321638,1.2760909814900858,1.2273961491742418,0.0389016038623872,0.0062095597212735,0.0048971202863009,1.2737833251742945,1.2368366906727142,0.0218283706916244,0.0692433997677331,1.3355603126173612,0,0,0
2023-09-06,1.2680022866998135,1.2739037908989157,1.2678788858182284,1.2737803900173306,7266.0,0.0045568555972841,0.0045465045643463,1.2585031651336749,1.2540016832942005,1.2580393386465365,66.49906561506216,1.2531246703697765,1.2792098002753445,1.227039540464208,0.0416321384812748,0.0060251525413946,0.0047301344789212,1.2739037908989157,1.2368366906727142,0.0208860400373034,0.0675697887974782,1.5837160652318656,0,0,0
2023-09-07,1.2737803900173306,1.2800148095968744,1.2725094335673646,1.2787438531469084,8513.0,0.0038966396158055,0.0038890673801325,1.260430849706364,1.254971964464895,1.258245353716192,69.4082955739218,1.2551394016685649,1.2826381195692786,1.227640683767851,0.0438177908591784,0.0064212854486167,0.0050215572358876,1.2800148095968744,1.2368366906727142,0.0239454260451554,0.0624212671022003,1.7167674190170723,0,0,0
2023-09-08,1.2787438531469084,1.2797997152438574,1.2707188710759656,1.2717747331729146,2879.0,-0.0054499733913427,-0.0054648786765986,1.261511219560321,1.2556308965710916,1.2583799744073036,61.35212644566772,1.2567587997081862,1.2841660307322351,1.229351568684137,0.0436157376107698,0.0067691526700368,0.005322603518902,1.2800148095968744,1.2381729601289524,0.0201662223291376,0.0672474255999297,1.0957643587965724,0,0,0
2023-09-11,1.2717747331729146,1.2728900523009583,1.2708502439190497,1.2719655630470936,7418.0,0.0001500500593394,0.0001500388029552,1.2625068713209662,1.2562714717270131,1.2585151543937694,61.48395575553405,1.258297845956139,1.2854787616989518,1.231116930213326,0.0432026738822858,0.0066470878598892,0.005225839482608,1.2800148095968744,1.2386547536829429,0.0156518099461919,0.0673669378593633,1.0056848135860654,0,0,0
2023-09-12,1.2719655630470936,1.284345304167461,1.2695391537767435,1.281918894897111,6571.0,0.0078251582740758,0.0077947005110971,1.2643556354710752,1.2572772530278014,1.2587480274336036,67.67700787218928,1.2598331474930335,1.2887428957224176,1.2309233992636497,0.045894566731971,0.007042025945809,0.0054933474916712,1.284345304167461,1.2386547536829429,0.0151543472826496,0.0670292815350694,1.5279100481151466,0,0,0
2023-09-13,1.281918894897111,1.28249838563093,1.278806156042268,1.2793856467760871,6968.0,-0.0019761375942798,-0.0019780927303454,1.2657870651191716,1.2581442488610677,1.2589533768797974,64.82028619262707,1.261419611732664,1.290990625544933,1.2318485979203948,0.0468852926293906,0.0070469901430831,0.0055081047382709,1.284345304167461,1.2386547536829429,0.0062427275608245,0.066400250552618,1.2151112002774165,0,0,0
2023-09-14,1.2793856467760871,1.2805141570533076,1.2720073375760623,1.273135847853283,3246.0,-0.0048850000299385,-0.0048969706427922,1.2664869491890869,1.2587321547038997,1.2590944959939616,58.28375545838796,1.2630557943555345,1.2913252863776123,1.2347863023334562,0.0447636472567744,0.007354532483192,0.0057767067792435,1.284345304167461,1.2386547536829429,0.0012126110713825,0.0651682145958799,0.7131400514644123,0,0,0
2023-09-15,1.273135847853283,1.2735108883675623,1.2729644121256196,1.273339452639899,7962.0,0.0001599238501996,0.0001599110637439,1.2671395685653548,1.259304989917076,1.2592362368561103,58.4308221831032,1.2646400088507523,1.2913690655170078,1.2379109521844969,0.0422714076404171,0.0066603232388216,0.0052305952077534,1.284345304167461,1.2386547536829429,0.0008858503718032,0.0652895782173357,0.6509353396021135,0,0,0
2023-09-18,1.273339452639899,1.2756622448525388,1.2732518931909136,1.2755746854035537,8343.0,0.0017554099647352,0.0017538710333701,1.2679429130261357,1.2599430171910555,1.259398808483448,60.09410362001084,1.2664115885273732,1.2909077753523002,1.2419154017024463,0.0386859802087123,0.0058927988892587,0.0046197207867875,1.284345304167461,1.2386547536829429,0.0074838352938164,0.0646375103317474,0.7481243461823999,0,0,0
2023-09-19,1.2755746854035537,1.276975276696024,1.263990196969969,1.2653907882624396,6621.0,-0.0079837717521745,-0.0080158127102814,1.2676998535248314,1.2601566552722865,1.2594584301727911,50.23235784648473,1.267635371379559,1.2890157355193916,1.2462550072397265,0.0337326720641513,0.0060295004249771,0.0047649314985582,1.284345304167461,1.2396792823794738,-0.0020595376402441,0.072751111567356,-0.209966780962128,0,0,0
2023-09-20,1.2653907882624396,1.2674290547218925,1.2653110290940996,1.2673492955535526,3056.0,0.0015477489715269,0.0015465524425461,1.2676664670513762,1.260438719597042,1.2595369462462316,51.8682310417189,1.2686168136208331,1.2878414308351998,1.249392196406467,0.0303079968796823,0.0059846350032372,0.0047221669860346,1.284345304167461,1.244366607711628,-0.0050488251461388,0.0708405890628137,-0.1318640629508659,0,0,0
2023-09-21,1.2673492955535526,1.2686991675004748,1.266462508167024,1.2678123801139465,4558.0,0.0003653961555969,0.0003653294146791,1.2676803635335256,1.2607278827545676,1.2596192888717812,52.2677471508001,1.269565440083731,1.2864055805518146,1.2527252996156475,0.0265289837552177,0.0059731592591132,0.0047113905439039,1.284345304167461,1.244366607711628,-0.0085486026040794,0.0708550887966536,-0.2082001599817189,0,0,0
2023-09-22,1.2678123801139465,1.274868611561094,1.2669990698227205,1.2740553012698683,5818.0,0.0049241680029665,0.0049120839407718,1.2682875004607963,1.2612505266179128,1.2597629307861902,57.40122628740493,1.2709364642339973,1.2839450068864786,1.257927921581516,0.0204707993177639,0.0058742135541211,0.0046106425272641,1.284345304167461,1.244366607711628,0.0017932170198602,0.0716624098813882,0.4795059860569532,0,0,0
2023-09-25,1.2740553012698683,1.2751903148808053,1.2711972903106703,1.2723323039216072,9701.0,-0.0013523724963458,-0.0013532877773239,1.2686727198380163,1.2616851061200185,1.2598879991755974,55.62320355564173,1.271934889288986,1.2815689618160109,1.262300816761961,0.0151486882043316,0.0059868065725712,0.0047053796827437,1.284345304167461,1.2509951821713996,0.000288326103448,0.0709186099481487,0.0825018976152658,0,0,0
2023-09-26,1.2723323039216072,1.2726721153359832,1.2703814964472684,1.2707213078616444,7297.0,-0.0012661755541357,-0.0012669778316903,1.2688678234593145,1.2620394669726314,1.2599957932918764,53.940807901070826,1.2723318419782443,1.2809820448808,1.2636816390756886,0.0135974006421252,0.0057200718445732,0.0045014369470194,1.284345304167461,1.2615796685124716,-0.0087350198831146,0.0653871938351839,-0.3723690957871347,0,0,0
2023-09-27,1.2707213078616444,1.2722538077430328,1.2650886288774894,1.2666211287588778,2882.0,-0.0032266548749909,-0.0032318717508934,1.2686538525354631,1.262219139983857,1.2600617170278663,49.81134611653517,1.2720904813574647,1.2811061416687628,1.2630748210461666,0.0141745582463243,0.005695772047147,0.0044968238077065,1.284345304167461,1.263990196969969,-0.0099770683291425,0.0617045631993314,-1.21330050373193,0,0,0
2023-09-28,1.2666211287588778,1.2685457160411977,1.2578340265361874,1.2597586138185073,4492.0,-0.0054179697342446,-0.0054327001623664,1.2678066869433722,1.2621226487616866,1.2600587010755346,43.77141788863077,1.2714987170977383,1.282070922820125,1.2609265113753516,0.0166295185047741,0.0058122609997983,0.0046137894482662,1.284345304167461,1.2578340265361874,-0.0105073107927421,0.0644162841507476,-2.2209373497852543,0,0,0
2023-09-29,1.2597586138185073,1.2599311018728088,1.2568372125418628,1.2570097005961642,1426.0,-0.0021820951983894,-0.0021844794371722,1.2667784025293525,1.2619221409904895,1.260028362762307,41.5956439888947,1.2707385789897088,1.283125165564878,1.2583519924145394,0.0194950980161744,0.0058875524961581,0.004683776500186,1.284345304167461,1.2568372125418628,-0.0128243509693189,0.0645926851541854,-2.216733126633288,0,0,0
2023-10-02,1.2570097005961642,1.259164374949127,1.2552821883071457,1.2574368626601085,7403.0,0.0003398239995615,0.0003397662724638,1.265888732065615,1.2617462477226318,1.2600025766916385,42.07746643380799,1.2703054518235355,1.2839200144715976,1.2566908891754731,0.0214351007130109,0.0051072693712484,0.0040616507459817,1.284345304167461,1.2552821883071457,-0.0142193341957916,0.0626968978326339,-1.890415358330824,0,0,0
2023-10-03,1.2574368626601085,1.2586350273645543,1.2546310877744151,1.255829252478861,6063.0,-0.0012784818299715,-0.0012792997851012,1.264930686390686,1.2615142086934643,1.259961051077581,40.716082781533295,1.2696968001124878,1.2847566046910617,1.2546369955339138,0.0237218910486971,0.0051295343713539,0.004084579461124,1.284345304167461,1.2546310877744151,-0.0075561920256334,0.0623916191207962,-1.8416636897608205,0,0,0
2023-10-04,1.255829252478861,1.2566218359001298,1.2515928423704457,1.2523854257917144,3217.0,-0.0027422730282392,-0.0027460399471093,1.2637358996669743,1.2611562172071211,1.2598856717215026,37.88808644121056,1.268627051901207,1.2854068009168964,1.2518473028855177,0.0264533993509639,0.0048811182322424,0.003897456910405,1.284345304167461,1.2515928423704457,-0.0118072182738715,0.0599146864650404,-1.9358604344208523,0,0,0
2023-10-05,1.2523854257917144,1.252753591601819,1.2454871242147203,1.2458552900248252,9679.0,-0.0052141582235045,-0.0052277993852729,1.2620329844629603,1.2605561808470311,1.2597460659334758,33.18179956032657,1.2669826237451027,1.2858981171618105,1.248067130328395,0.0298591204996876,0.0053611175997536,0.0043031623677953,1.284345304167461,1.2454871242147203,-0.0173188796966532,0.0590843709102816,-2.233865462014984,0,0,0
2023-10-06,1.2458552900248252,1.2473824583438031,1.2435074584287926,1.2450346267477703,7847.0,-0.000658714766976,-0.0006589318148685,1.2604140932519898,1.2599474924509817,1.2595996834540162,32.63319079989968,1.2656456184238456,1.2867844033216216,1.2445068335260696,0.0334039554043585,0.0054657353321382,0.0043900267628826,1.284345304167461,1.2435074584287926,-0.0227781906273396,0.0570279177629313,-1.950063996180164,0,0,0
2023-10-09,1.2450346267477703,1.2473090774005748,1.2441799083161489,1.246454358968953,4925.0,0.0011403154504152,0.0011396657845877,1.2590845947488436,1.2594183499614904,1.2594688842054087,34.64626299800983,1.2643700582199386,1.2869338892719466,1.2418062271679309,0.0356918149165518,0.004761741714879,0.0038202295018791,1.284345304167461,1.2435074584287926,-0.0203389828843398,0.0574126713570044,-1.5880015419093694,0,0,0
2023-10-10,1.246454358968953,1.2473123772060128,1.2379124045356005,1.23877042277266,2241.0,-0.0061646350233384,-0.0061837148396419,1.2571499117034928,1.2586086273266344,1.259262929365282,29.507004216987923,1.262212634613716,1.2859331159914524,1.2384921532359798,0.0375855552816513,0.0052818807893519,0.0042638092517012,1.28249838563093,1.2379124045356005,-0.0251438965344421,0.0498486126123467,-1.9765376147094964,0,0,0
2023-10-11,1.23877042277266,1.240017637513218,1.2355869639275403,1.2368341786680983,1901.0,-0.0015630370801297,-0.0015642598969581,1.255215079985836,1.2577547273792409,1.259039757716554,28.36520167300742,1.2600850612083168,1.2849267205405854,1.235243401876048,0.0394285435118921,0.0054385960930824,0.0043971909791003,1.2805141570533076,1.2355869639275403,-0.0235168586836748,0.0498404638476177,-1.8719266880868848,0,0,0
2023-10-12,1.2368341786680983,1.238182463088452,1.2343423741819686,1.2356906586023222,8163.0,-0.0009245540635105,-0.0009249817272378,1.2533556112826445,1.2568894697801458,1.2588074283721338,27.683866210444123,1.2582128017457683,1.2845143723166692,1.231911231174868,0.0418078254082413,0.0051507780336616,0.0041683393799283,1.276975276696024,1.2343423741819686,-0.0191052118653364,0.0484307607005731,-1.7126082324805474,0,0,0
2023-10-13,1.2356906586023222,1.2397753641382905,1.2350395163845105,1.2391242219204783,3376.0,0.0027786592819596,0.0027748059446808,1.2520002408672,1.2561927933934922,1.2586115755716198,32.89593236080516,1.2565020402097975,1.2831100885793412,1.2298939918402538,0.0423525748754071,0.0052038368324934,0.0041996086755759,1.276975276696024,1.2343423741819686,-0.014228592402432,0.0504614516074515,-1.3062076592742802,0,0,0
2023-10-16,1.2391242219204783,1.2420649714792822,1.238020916376413,1.2409616659352172,7322.0,0.0014828569906342,0.0014817586438669,1.250948948016535,1.2555954942774816,1.2584359545802128,35.57203562349044,1.254771389236381,1.2806487457789253,1.228894032693837,0.0412463286372708,0.0053290822763616,0.0042943165954651,1.276975276696024,1.2343423741819686,-0.0131022059350462,0.0502473672797269,-1.0673210208669948,0,0,0
2023-10-17,1.2409616659352172,1.247893818472718,1.2404494843192986,1.2473816368567994,7841.0,0.005173383753755,0.0051600477789922,1.2506092040965602,1.2552733822217683,1.2583259613690343,43.978483271328166,1.2538709316660988,1.279443938983979,1.2282979243482186,0.0407904939368833,0.0053490219397813,0.0042882000036973,1.2751903148808053,1.2343423741819686,-0.0067267230838802,0.0489657427296466,-0.5075112777027355,0,0,0
2023-10-18,1.2473816368567994,1.2483283025111351,1.2460480164150196,1.2469946820693554,7196.0,-0.0003102136315066,-0.0003102617577084,1.250264963903493,1.254948727313831,1.2582132123212766,43.60914229371176,1.2528532009918891,1.2777796183522605,1.2279267836315175,0.0397914413925542,0.0047467788391459,0.0038065750459086,1.2751903148808053,1.2343423741819686,-0.0043043807531943,0.0482677014271629,-0.4700650589159883,0,0,0
2023-10-19,1.2469946820693554,1.2489448163145649,1.242232394600236,1.2441825288454451,5777.0,-0.002255144520138,-0.0022576911879978,1.2496856843741553,1.2545265234523255,1.2580736035304725,40.91957856898399,1.251671708428464,1.2758412188580508,1.227502197998877,0.03861956816126,0.005005245437959,0.0040229189221968,1.2751903148808053,1.2343423741819686,-0.0013426608955093,0.0483213349820115,-0.6197212479612924,0,0,0
2023-10-20,1.2441825288454451,1.244756862296237,1.2422777829375855,1.2428521163883774,8814.0,-0.0010693064933988,-0.0010698786094685,1.24903486837551,1.254068703567465,1.2579221459469692,39.67296747987278,1.2501115491843895,1.2721300242085691,1.22809307416021,0.0352264164562676,0.0049050234891497,0.0039465865845755,1.2751903148808053,1.2343423741819686,-0.0017529716142065,0.0430802664186312,-0.6593946935961793,0,0,0
2023-10-23,1.2428521163883774,1.2507130786394267,1.2405671235692532,1.2484280858203023,5153.0,0.0044864303310101,0.0044763963025721,1.2489770795607282,1.2538475028714977,1.2578276776870023,46.965480850439945,1.248916338279324,1.2682927451322037,1.2295399314264446,0.031029151047179,0.0053437388805807,0.004280373808692,1.2726721153359832,1.2343423741819686,0.001583473022616,0.0476168887570699,-0.0503965944489811,0,0,0
2023-10-24,1.2484280858203023,1.2522752536869008,1.246728031456383,1.2505751993229812,2931.0,0.0017198535719162,0.0017183763172937,1.2491292814428476,1.253719177242144,1.257755513723181,49.49711397942925,1.247909032852391,1.2643910247096826,1.2314270409950994,0.0264153739149048,0.0053807552163546,0.0043026242798254,1.2722538077430328,1.2343423741819686,0.0095294304201252,0.0485197223543333,0.3235247891972153,0,0,0
2023-10-25,1.2505751993229812,1.251704330151477,1.2400803963758076,1.241209527204303,2644.0,-0.0074890915186452,-0.0075172755679874,1.248375019134415,1.253228602730856,1.2575908770414013,40.43093055023948,1.2466384527746623,1.2608015600167006,1.232475345532624,0.022722076654246,0.0056920028155382,0.0045858516960942,1.2685457160411977,1.2343423741819686,0.0035375385089344,0.0534612363125305,-0.7666291693739506,0,0,0
2023-10-26,1.241209527204303,1.2459673459495757,1.24009168785735,1.2448495066026224,4466.0,0.0029326067183175,0.0029283150157718,1.248039256036149,1.2529000107258277,1.2574640972360405,44.672534000146015,1.245892997413868,1.2586479119321508,1.2331380828955851,0.0204751363797027,0.0058349069710535,0.0046872388510462,1.2599311018728088,1.2343423741819686,0.0074119262264713,0.0525332947726114,-0.1636217647323017,0,0,0
2023-10-27,1.2448495066026224,1.2469835974649253,1.2394286182160867,1.2415627090783896,1348.0,-0.0026403171683,-0.0026438089533088,1.247422442040172,1.2524554106612222,1.2573058744683028,41.77963919379878,1.2451206478379793,1.2568725309195965,1.2333687647563625,0.0188766977754692,0.0061510362685116,0.0049542695053055,1.259164374949127,1.2343423741819686,0.0019679117838016,0.0527422584208137,-0.6055095570437085,0,0,0
2023-10-30,1.2415627090783896,1.2440107861274745,1.237425700438308,1.2398737774873927,4713.0,-0.0013603272542316,-0.0013612533392987,1.246703521606574,1.2519620132818563,1.2571324207670005,40.334233846849344,1.2442424935793437,1.2546694272631496,1.2338155598955374,0.0167602918845998,0.0059499729127083,0.0047988537387781,1.2586350273645543,1.2343423741819686,-0.0008766495192296,0.0526802065185418,-0.8379675606330408,0,0,0
2023-10-31,1.2398737774873927,1.240212079152352,1.2361267476696547,1.236465049334614,7064.0,-0.0027492541697967,-0.0027530403100085,1.2457284290092443,1.251354289205494,1.256926775280111,37.51340673309779,1.243274283422131,1.252721215898194,1.2338273509460682,0.0151968597790988,0.0059253056196382,0.0047921335284219,1.2566218359001298,1.2343423741819686,-0.0087516019152674,0.0531518075680023,-1.44157568708591,0,0,0
2023-11-01,1.236465049334614,1.244082635429793,1.2346651581835233,1.2422827442787023,4253.0,0.0047051026207487,0.0046940682238555,1.2454002685587169,1.2509985423456196,1.2567810635288534,44.630701308572704,1.2427691493464803,1.251189407607817,1.234348891085144,0.0135508002685201,0.0063236905010515,0.0050903794085325,1.252753591601819,1.2343423741819686,-0.0037786350322149,0.055987445718214,-0.115532101909899,-1,0,0
2023-11-02,1.2422827442787023,1.2437317387237126,1.2393343145316151,1.2407833089766254,7147.0,-0.0012070000239338,-0.0012077290351327,1.244960558122327,1.2505979449586002,1.2566218818915178,43.2629544147436,1.2425155502940706,1.250849521442537,1.234181579145604,0.0134146750058685,0.0062995173895028,0.0050770487835611,1.2522752536869008,1.2343423741819686,-0.0027320909834461,0.0531515372978468,-0.415706098949952,-1,0,0
2023-11-03,1.2407833089766254,1.242199978276712,1.2321859454097006,1.2336026147097874,7405.0,-0.0057872266776061,-0.0058040375642325,1.2438788492258948,1.2499314614194312,1.2563928344568738,37.358440474355454,1.2419439496921716,1.2510800174438983,1.2328078819404449,0.0147125282972575,0.0067259443726558,0.0054522779803268,1.2522752536869008,1.2321859454097006,-0.0074421578855804,0.056736920374392,-1.826023013195714,-1,0,0
2023-11-06,1.2336026147097874,1.236529371411045,1.2330216132174976,1.2359483699187552,2336.0,0.0019015485059745,0.0018997428512785,1.2431235654823576,1.249383104889993,1.256189406949032,40.22832448794734,1.2414186502396614,1.250670177920154,1.2321671225591686,0.0149047667017193,0.0064447603755221,0.0052144252400654,1.2522752536869008,1.2321859454097006,-0.009996343436432,0.0570840973959004,-1.18256800602575,-1,0,0
2023-11-07,1.2359483699187552,1.237637885085403,1.231112649337286,1.232802164503934,6041.0,-0.0025455799703252,-0.0025488254679703,1.242140574912984,1.248732871933677,1.2559566980689814,37.73146275231685,1.2411202373262251,1.2510886700635986,1.231151804588852,0.0160636051811522,0.0067479710649508,0.0054736852832069,1.2522752536869008,1.231112649337286,-0.0142118881204976,0.0535896232991036,-1.66888277052931,-1,0,0
2023-11-08,1.232802164503934,1.2394470992932138,1.230949651681824,1.2375945864711038,5164.0,0.0038874217657609,0.0038798852671534,1.2417076236328048,1.248296076425341,1.255773990490893,43.48552921342439,1.2411582577163751,1.2510634594069043,1.2312530560258463,0.0159612227190974,0.0068754729147409,0.0055555130815057,1.2522752536869008,1.230949651681824,-0.0029124339234987,0.055265747565611,-0.7195555136810702,-1,0,0
2023-11-09,1.2375945864711038,1.2391304189311434,1.229186448313203,1.2307222807732423,5666.0,-0.0055529539099367,-0.0055684288729256,1.2406614005033223,1.247606907968396,1.255524719747434,38.05491371694566,1.2409098388249211,1.2516097412670812,1.2302099363827614,0.0172452536153507,0.0074086794332615,0.0060197816753644,1.2522752536869008,1.229186448313203,-0.0113485411324418,0.0586703760516589,-1.904233820214588,-1,0,0
2023-11-10,1.2307222807732423,1.2322501194702844,1.2221262542598157,1.2236540929568576,8454.0,-0.005743121682939,-0.0057596768221533,1.2390416569274687,1.246667581889512,1.2552075990828513,33.430679775590775,1.2401363323767405,1.2533266292611294,1.2269460354923516,0.0212723335975641,0.0074071015861397,0.0060532642588896,1.2522752536869008,1.2221262542598157,-0.0144242542004386,0.0607046197039507,-2.499146086604012,-1,0,0
2023-11-13,1.2236540929568576,1.225336681528867,1.2199879644761595,1.2216705530481693,7457.0,-0.0016209972410545,-0.0016223124786054,1.2373872660818213,1.245687306248675,1.2548738971322575,32.246469635938325,1.239171776732388,1.254718786297099,1.223624767167677,0.0250925817657135,0.0073929226448676,0.0060514863245428,1.2522752536869008,1.2199879644761595,-0.014681514174864,0.0602761825743068,-2.2513942133210434,-1,0,0
2023-11-14,1.2216705530481693,1.2224615634570115,1.2159203680324808,1.2167113784413233,9160.0,-0.0040593387427342,-0.0040676002232597,1.2354181339255834,1.2445509953542693,1.254494170578119,29.43873622423609,1.2376382638116143,1.2556333193078926,1.219643208315336,0.029079668950858,0.0070298699055006,0.0057777629354516,1.2522752536869008,1.2159203680324808,-0.0159759233824852,0.057010231927141,-2.3258483836984176,-1,0,0
2023-11-15,1.2167113784413233,1.2225496624291845,1.2152048627417695,1.2210431467296308,9886.0,0.0035602266610317,0.003553904056253,1.2340490875259689,1.243629118937617,1.2541613245696763,34.7805793892839,1.236340687044628,1.2552161004316311,1.2174652736576248,0.0305343237261299,0.0071348085908712,0.0058432075967018,1.2522752536869008,1.2152048627417695,-0.0170972330146981,0.0594487764019361,-1.6208959243807142,-1,0,0
2023-11-16,1.2210431467296308,1.2243060514313295,1.2199312694686535,1.2231941741703525,6383.0,0.0017616309845256,0.001760081132574,1.2330152862540054,1.242827748554587,1.253853193719932,37.31822788455428,1.2352912693108733,1.25465834180842,1.2159241968133263,0.0313562849162707,0.0069076516418596,0.0056472241183987,1.2522752536869008,1.2152048627417695,-0.0141758312503252,0.0600702775014115,-1.2492435438606544,-1,0,0
2023-11-17,1.2231941741703525,1.22419465021397,1.2191656690934958,1.2201661451371133,2114.0,-0.002475509691904,-0.002478578832192,1.2317915585285872,1.2419390582244902,1.2535179992066705,35.23956602301037,1.2341569707483102,1.2543012760400196,1.2140126654566008,0.0326446404617319,0.0067965013155244,0.0055701441501319,1.2522752536869008,1.2152048627417695,-0.0108920566578363,0.0603471377959678,-1.3890601247941792,-1,0,0
2023-11-20,1.2201661451371133,1.2232443469624843,1.2185481791541182,1.2216263809794892,8295.0,0.0011967516458275,0.0011960361093993,1.230823446381054,1.241142482646255,1.2532006696720717,37.06025379532603,1.2328168855062696,1.252525025982756,1.213108745029783,0.0319725349452739,0.0068401324816437,0.0055992016774878,1.2522752536869008,1.2152048627417695,-0.0115878537387508,0.0575055989611472,-1.135622565724217,-1,0,0
2023-11-21,1.2216263809794892,1.222004108018455,1.219242119175142,1.2196198462141077,9227.0,-0.0016425109973252,-0.001643861397414,1.229756436841345,1.2402984576881315,1.252866532125226,35.579987390440635,1.2312691178508255,1.2499399154663862,1.2125983202352653,0.0303277282681307,0.006364740452861,0.0052186265028551,1.251704330151477,1.2152048627417695,-0.0106929714023747,0.05656654955617,-1.2478600943121338,-1,0,0
2023-11-22,1.2196198462141077,1.220717076203564,1.212859500635104,1.2139567306245602,5062.0,-0.0046433448972863,-0.0046541587110336,1.228251702915937,1.2392654487836776,1.252479369921239,31.728136397903327,1.2299064780218387,1.249478827015643,1.2103341290280345,0.0318273776804299,0.0066118941226012,0.0054465649028524,1.2469835974649253,1.212859500635104,-0.0190998377860919,0.0532030959163497,-1.6298245450587026,-1,0,0
2023-11-23,1.2139567306245602,1.2146292737500886,1.2075441036303791,1.2082166467559077,1968.0,-0.0047284089488917,-0.0047396232389498,1.2263436023292675,1.2380478487041573,1.2520389448151168,28.375028766011667,1.2280748350295028,1.248592716168408,1.2075569538905977,0.0334147082142797,0.0064026896406511,0.0052992893764893,1.2469835974649253,1.2075441036303791,-0.0182865252128164,0.0524379872757513,-1.9356958098310395,-1,0,0
2023-11-24,1.2082166467559077,1.2091641810989522,1.202389277043895,1.2033368113869396,8535.0,-0.0040388744701296,-0.0040470527517518,1.2241524793823793,1.2366866315544625,1.2515543464725478,25.87179658112065,1.2261635401449305,1.2484377049066795,1.2038893753831814,0.0363314746075654,0.0066360572021875,0.0055147130374404,1.244082635429793,1.202389277043895,-0.0166037785407336,0.0530770016606604,-2.049614789344707,-1,0,-1
2023-11-27,1.2033368113869396,1.2042630507305987,1.2012290602658124,1.2021552996094715,7960.0,-0.0009818629051214,-0.0009823452482594,1.2220575098801976,1.2353324616742667,1.25106281366794,25.29005230467672,1.2242776162510345,1.248003898822589,1.20055133367948,0.0387596444737898,0.0063866825390924,0.0053126934108822,1.244082635429793,1.2012290602658124,-0.0159742357626657,0.0531125993160107,-1.864794164433112,-1,0,-1
2023-11-28,1.2021552996094715,1.203767889659772,1.1993418152528117,1.200954405303112,1830.0,-0.0009989510562816,-0.0009994503404227,1.2200476903966655,1.233984302600888,1.2505642225399318,24.6825513094424,1.2225020840494591,1.2476598458691528,1.1973443222297655,0.041157822384008,0.0060958701673474,0.0050758547871839,1.244082635429793,1.1993418152528117,-0.0129504609042094,0.0529463814411316,-1.7130044318552642,-1,0,-1
2023-11-29,1.200954405303112,1.2015314951420937,1.1963403736214724,1.1969174634604538,5121.0,-0.0033614447183274,-0.0033671070662986,1.217844811640836,1.2325307010659692,1.2500304239421265,22.70783218263611,1.220233820008547,1.2460539855684991,1.1944136544485946,0.0423200293854689,0.0057563809461103,0.0048093382558458,1.2437317387237126,1.1963403736214724,-0.0197582561548245,0.0480209233587224,-1.8060578654272748,-1,0,-1
2023-11-30,1.1969174634604538,1.2051868540293391,1.1950648201077974,1.203334210676683,5307.0,0.0053610607348624,0.005346741403831,1.21646284964425,1.2313857406585462,1.2495657850041617,32.01797800469025,1.2183613650935496,1.2433241924506109,1.1933985377364886,0.0409777067334112,0.0057562501397584,0.0047835838860772,1.242199978276712,1.1950648201077974,-0.0162361495116996,0.0544268900343675,-1.2039625321220997,-1,0,-1
2023-12-01,1.203334210676683,1.2050335948406414,1.1906794014633468,1.1923787856273056,9961.0,-0.0091042247051352,-0.0091459214293848,1.214169129261684,1.2298560561475174,1.2489967601347405,26.212604631614997,1.2163001736394257,1.2427288526494542,1.1898714946293971,0.0434574944291068,0.0063994984486575,0.0053670012631856,1.2394470992932138,1.1906794014633468,-0.0227734228002901,0.0589566850007359,-1.8102598319835024,-1,0,-1
2023-12-04,1.1923787856273056,1.1955612464026233,1.191822578822301,1.1950050395976186,2153.0,0.0022025332905695,0.0022001112698569,1.2123439778651062,1.2284893496161489,1.24845952908462,29.51206717452077,1.2142530071233688,1.240616338533573,1.187889675713165,0.0434231272322067,0.0061993178883569,0.0051876918363828,1.2394470992932138,1.1906794014633468,-0.021791721099315,0.0592091084216218,-1.4602075303958242,-1,0,-1
2023-12-05,1.1950050395976186,1.1975731001689496,1.190420818193372,1.192988878764703,5349.0,-0.0016871567617777,-0.0016885816136049,1.2105006350936391,1.2270971742886412,1.2479075823152677,28.459940234958907,1.2122623428364074,1.2387405640110274,1.1857841216617877,0.0436839786884201,0.0061855666232256,0.005184932343737,1.2394470992932138,1.190420818193372,-0.0218354658068835,0.0591203081935594,-1.45579749822308,-1,0,-1
2023-12-06,1.192988878764703,1.19635959232602,1.1920042549475252,1.1953749685088422,2784.0,0.0020000938706234,0.0019980963459256,1.2090600954188966,1.2258531662188452,1.2473848697400791,31.56926440146084,1.2101513619382942,1.2347942555260174,1.185508468350571,0.0407269608790966,0.0061841777243555,0.0051734207987222,1.2391304189311434,1.190420818193372,-0.0153067746542812,0.0571287651436091,-1.199241751124024,-1,0,-1
2023-12-07,1.1953749685088422,1.2032917596975403,1.1953111911711751,1.2032279823598733,1694.0,0.0065694983230468,0.0065480132151905,1.208504656079942,1.224965904106729,1.246945497726346,40.7036426481841,1.2087766470176258,1.2315871553605435,1.185966138674708,0.0377414775495495,0.0063950053962049,0.0053148742299547,1.2322501194702844,1.190420818193372,-0.0041289485701335,0.0623320864783803,-0.4865007455631941,-1,0,-1
2023-12-08,1.2032279823598733,1.2051900033582423,1.201048306373315,1.203010327371684,2083.0,-0.000180892558501,-0.0001809089215332,1.2079813866791556,1.2241049010975114,1.2465083318521704,40.5421134222623,1.2077444587383668,1.2295672880368391,1.1859216294398944,0.0361381567774177,0.0063554003373878,0.0052829141968157,1.225336681528867,1.190420818193372,-0.0002713155719712,0.0599436624733531,-0.4338696235885482,-1,0,-1
2023-12-11,1.203010327371684,1.2132805376425877,1.2026349262281952,1.2129051364990986,9532.0,0.0082250408847548,0.0081913995775092,1.2084503152334358,1.2236656946426716,1.2461739716994036,50.214696595999925,1.2073061879109137,1.2282872585231253,1.1863251172987015,0.0347568343843524,0.0069185162353221,0.0057040868466363,1.2243060514313295,1.190420818193372,0.0089421365884416,0.0679094941773946,0.5337142886241747,-1,0,-1
2023-12-12,1.2129051364990986,1.2149220106832983,1.2094281925076933,1.2114450666918932,9203.0,-0.0012037790617489,-0.0012045041857481,1.2087355296580509,1.2231864543308766,1.2458284104555477,48.94928945971899,1.207042872323442,1.227655904970635,1.1864298396762487,0.0341545990119059,0.0067496764215467,0.0055715909925476,1.2243060514313295,1.190420818193372,0.0087352703337089,0.0665850344000031,0.4271272882353681,-1,0,0
2023-12-13,1.2114450666918932,1.2127109533303426,1.2036615529190051,1.2049274395574543,5993.0,-0.0053800434816548,-0.0053945680341599,1.208372854410375,1.2224704145358405,1.245421435620741,43.66014765366481,1.2062370869648331,1.2257778291114818,1.1866963448181844,0.0323995048035169,0.0068899785852345,0.0057181688780903,1.2243060514313295,1.190420818193372,0.0066921707983462,0.0674307116229321,-0.1340427500194214,-1,0,0
2023-12-14,1.2049274395574543,1.2079613499281074,1.2036318973130136,1.2066658076836665,6763.0,0.0014427160251662,0.0014416763102903,1.2082102785316409,1.2218506260318336,1.2450358074820636,45.35611433248656,1.2054106686404988,1.2232563493346107,1.187564987946387,0.0296092960820378,0.0067153034823799,0.0055651725934546,1.22419465021397,1.190420818193372,0.0027686381534106,0.0672884399641611,0.1406658635982189,-1,0,0
2023-12-15,1.2066658076836665,1.207714116630075,1.1994784936548746,1.2005268026012832,7689.0,-0.005087576894358,-0.0051005626765201,1.207478518919226,1.221014397662008,1.244592931811608,40.69698493598181,1.2044287015137072,1.2209693524867486,1.1878880505406657,0.0274663846058358,0.0070868486616953,0.0059031157374742,1.2232443469624843,1.190420818193372,0.0068334132342777,0.0688382319908349,-0.4717950845808235,-1,0,0
2023-12-18,1.2005268026012832,1.2043807628325296,1.2004707902116531,1.2043247504428995,8216.0,0.0031635677215926,0.0031585741700819,1.2071781600167186,1.2203599016926314,1.2441922533900287,44.49565520503711,1.203563619986878,1.217992032711069,1.189135207262687,0.0239761529587413,0.0070499842484036,0.0058538896969533,1.222004108018455,1.190420818193372,0.0077988883196835,0.0699408808844724,0.105504392003623,-1,0,0
2023-12-19,1.2043247504428995,1.2061945272785703,1.1920134447579922,1.193883221593663,8006.0,-0.0086700276195408,-0.0087078309716778,1.2059119754049992,1.2193216005122798,1.2436916660089703,37.40228345877579,1.2022767887558556,1.2151865134894524,1.189367064022259,0.0214754619806908,0.0076921243198291,0.0064429453238828,1.220717076203564,1.190420818193372,0.0007496656883223,0.0754254114792846,-1.3003479679700622,-1,0,0
2023-12-20,1.193883221593663,1.1947762397965689,1.1923006151328372,1.193193633335743,6229.0,-0.000577601096529,-0.0005777679723039,1.2047007047317366,1.2182969743484942,1.243189198022172,36.98296184122208,1.2012386338914147,1.2135175595703795,1.18895970821245,0.0204437741719765,0.0071459522299855,0.0059889292318866,1.2149220106832983,1.190420818193372,-0.0018248124902768,0.0742312952389453,-1.310375315562624,-1,0,0
2023-12-21,1.193193633335743,1.1939565388121347,1.1832231214301516,1.1839860269065434,1220.0,-0.0077167746893338,-0.0077467030615606,1.2027278782721944,1.2169514469978295,1.2426001117424146,31.8486551553528,1.2000271028989464,1.2140629270831254,1.1859912787147675,0.0233925119695581,0.0068873253731775,0.0058170664320865,1.2149220106832983,1.1832231214301516,-0.0159919447813962,0.0770071821995868,-2.285733389348716,-1,0,0
2023-12-22,1.1839860269065434,1.1855693298833434,1.1809178078935776,1.1825011108703776,8952.0,-0.0012541668587471,-0.0012549539841951,1.2008015194720214,1.215600453424204,1.2420021117337376,31.098823265386613,1.1989853178731185,1.2149475800661975,1.1830230556800392,0.0266262846677634,0.0069525292595663,0.0058795118208802,1.2149220106832983,1.1809178078935776,-0.0170482464154025,0.0761802439535583,-2.0653973482390207,-1,0,0
2023-12-25,1.1825011108703776,1.1866138450130452,1.181390348407891,1.1855030825505586,6556.0,0.002538662883768,0.0025354459225191,1.1993445254795012,1.2144201643703356,1.2414399323388805,34.45836070050852,1.198152707020173,1.215124061749823,1.181181352290523,0.0283292014952885,0.0068147588759647,0.0057484109288885,1.2149220106832983,1.1809178078935776,-0.0225920833575102,0.0771258816858649,-1.4907029722871494,-1,0,0
2023-12-26,1.1855030825505586,1.186495893257952,1.1803677978656026,1.181360608572996,2204.0,-0.0034942751634607,-0.0035003944019471,1.1976317714884055,1.2131237112018125,1.2408421281223043,32.13024397764866,1.197173017183667,1.215658043271283,1.1786879910960513,0.0308811271592162,0.0069413844483828,0.0058757541076027,1.2149220106832983,1.1803677978656026,-0.0248335305876057,0.0777661485987097,-1.7108343299839504,-1,0,0
2023-12-27,1.181360608572996,1.1847500336693702,1.179795549324316,1.18318497442069,6093.0,0.001544292093756,0.0015431009009293,1.196255886053385,1.211949643092749,1.240268425100398,34.2375375031351,1.196486392731679,1.2160027980834327,1.176969987379925,0.0326228621910128,0.0067252355782892,0.0056840102973603,1.2149220106832983,1.179795549324316,-0.0180446261102245,0.0775814573632549,-1.3631012546881154,-1,0,0
2023-12-28,1.18318497442069,1.188061365935411,1.1822200322293026,1.1870964237440231,9095.0,0.0033058646009667,0.0033004122437852,1.1953835563096362,1.210975007039858,1.239739350460036,38.636680201056414,1.1956745033850458,1.2153418607413842,1.1760071460287074,0.0328975106530391,0.0068466382012307,0.0057675501874033,1.2149220106832983,1.179795549324316,-0.0162177330417682,0.0758222154959906,-0.8723164465467079,-1,0,0
2023-12-29,1.1870964237440231,1.1875358412626322,1.182104249954037,1.1825436674726462,1076.0,-0.003835203426035,-0.0038425766766761,1.1941607097537323,1.2098600525470262,1.2391702391865298,35.64757404432092,1.195182747477313,1.2156717386642537,1.1746937562903723,0.0342859553991838,0.0064742081936737,0.0054748153254336,1.2149220106832983,1.179795549324316,-0.0149793699646451,0.0701408206359804,-1.23374351517343,-1,0,0
2024-01-01,1.1825436674726462,1.184651656895217,1.1811004652114343,1.1832084546340051,3771.0,0.0005621671145386,0.0005620091578022,1.193117637837568,1.208814891844555,1.2386134055093905,36.42105171574861,1.1945929182291324,1.2157710511794666,1.1734147852787982,0.0354566524330794,0.0063354491585436,0.0053544657610677,1.2149220106832983,1.179795549324316,-0.0175337223627836,0.06957145921023,-1.0751149425518705,-1,0,0
2024-01-02,1.1832084546340051,1.1857080190695004,1.1773182830737126,1.1798178475092078,3183.0,-0.0028656042065268,-0.0028697179109731,1.191850991139629,1.207677752851012,1.2380283750815275,34.165512767843,1.193934366666357,1.2161177849234504,1.1717509484092643,0.0371601972041937,0.0062883302717186,0.0053299162112137,1.2149220106832983,1.1773182830737126,-0.0117811975493549,0.0699657749893311,-1.2727091013248857,-1,0,0
2024-01-03,1.1798178475092078,1.182121415749901,1.174661870229436,1.1769654384701291,7563.0,-0.0024176690029741,-0.0024205962837605,1.1904333194568193,1.206473348365487,1.2374207836724591,32.3504280637563,1.1930138901644218,1.2164386537911631,1.1695891265376803,0.03926989252994,0.0065119083363879,0.0055327948668165,1.2149220106832983,1.174661870229436,-0.0136006381631835,0.0695901219404711,-1.3702124768483974,-1,0,0
2024-01-04,1.1769654384701291,1.1815859946000928,1.1759741297198485,1.180594685849812,2407.0,0.0030835632560293,0.0030788188255179,1.1894963067323423,1.2054584988550685,1.2368553498632786,36.94079001015855,1.1918822253389187,1.215415912360703,1.1683485383171346,0.0394899538250806,0.0063244970438911,0.005357043462667,1.2149220106832983,1.174661870229436,-0.0028643421287598,0.0657079611608248,-0.9592665593502908,-1,0,0
2024-01-05,1.180594685849812,1.1817075815002924,1.1732610955635634,1.1743739912140438,1907.0,-0.0052691196312563,-0.0052830503989024,1.1880560862067904,1.20423949855542,1.2362336448020923,32.82886874841611,1.1904504085310368,1.214609596117063,1.1662912209450105,0.0405883141589037,0.0066485337093091,0.0056613427741498,1.2149220106832983,1.1732610955635634,-0.0068728220055132,0.0673882255713693,-1.3308740006051647,-1,0,0
2024-01-08,1.1743739912140438,1.1786587853068662,1.1728084622020194,1.1770932562948415,7544.0,0.0023155017917135,0.0023128251484916,1.1870120071675572,1.2031749400353977,1.2356451832249058,36.17341762888957,1.188659814520824,1.21105572254666,1.166263906494988,0.0376826199594613,0.0060534794653283,0.0051427356608795,1.2149220106832983,1.1728084622020194,-0.0070938881387161,0.0591986655487782,-1.032917103663676,-1,0,0
2024-01-09,1.1770932562948415,1.1778198955668029,1.175781830712238,1.176508469984199,8980.0,-0.000496805420909,-0.0004969288696104,1.1860116702929515,1.2021291961118212,1.2350567582175358,35.761039752617805,1.1869129846854392,1.207174166006566,1.1666518033643123,0.0341409717183211,0.006022225193245,0.00511872659389,1.2127109533303426,1.1728084622020194,-0.0041072459616356,0.059297232542485,-1.027039296113608,-1,0,0
2024-01-10,1.176508469984199,1.1799639105501412,1.1757944882193307,1.179249928785273,5817.0,0.0023301649507978,0.0023274543264335,1.185367694911268,1.2012319699421528,1.234501466382389,39.257036355849465,1.18562910914683,1.2042736149774695,1.1669846033161906,0.0314508233423113,0.0055533684038755,0.0047092378539263,1.2079613499281074,1.1728084622020194,-0.0033258076467239,0.0588431972556386,-0.684295997920625,-1,0,0
2024-01-11,1.179249928785273,1.1835390810964843,1.1785508659331774,1.182840018244389,3249.0,0.0030443838676454,0.0030397591150493,1.1851269638001367,1.2005107169343974,1.2339874221223095,43.58677477285757,1.1844378196748662,1.2002527794118318,1.1686228599379005,0.0267045841905098,0.0055774179162713,0.0047152766479354,1.207714116630075,1.1728084622020194,-0.0035855600391834,0.0600133127677827,-0.2020620295026714,-1,0,0
2024-01-12,1.182840018244389,1.186002209198698,1.1825905534590937,1.1857527444134026,7061.0,0.0024624853100057,0.0024594583612475,1.1851865619537811,1.199931972913966,1.23350747508043,46.89417614936024,1.1836991167654722,1.1976161380380637,1.1697820954928808,0.0235144574756809,0.0054480007115892,0.0045945503708569,1.2061945272785703,1.1728084622020194,0.0027137069260325,0.0591537316952812,0.2951245970967716,-1,0,0
2024-01-15,1.1857527444134026,1.187478785461462,1.1853199081550243,1.187045949203084,7780.0,0.0010906192676123,0.001090024974478,1.1853636464537147,1.1994266386507944,1.233045171340357,48.34225998421407,1.1828351767034817,1.1930006829754856,1.1726696704314774,0.0171883732784054,0.0051644851340241,0.0043507036416671,1.2061945272785703,1.1728084622020194,0.0032432954261352,0.0578418513561762,0.8284432446220802,-1,0,0
2024-01-16,1.187045949203084,1.1924009998538745,1.186084340247653,1.1914393908984433,7963.0,0.0037011555435648,0.0036943231207696,1.185942288781784,1.199113413248741,1.2326311834752632,53.028340095674366,1.1827129851687206,1.1923651221012803,1.1730608482361606,0.0163220274971159,0.0052617833669646,0.0044163248312587,1.1947762397965689,1.1728084622020194,0.0098502861384666,0.0516124512600311,1.8081810879175693,-1,0,0
2024-01-17,1.1914393908984433,1.1924013937613789,1.19139897097724,1.1923609738401757,2231.0,0.0007735038381075,0.0007732048381889,1.186553592120679,1.1988486117033073,1.232230484871929,53.97156393565525,1.182671352193942,1.192138556897772,1.173204147490112,0.0160098656085101,0.0049161468725382,0.0041230357084776,1.1939565388121347,1.1728084622020194,0.0130807030239208,0.0516685256679427,2.0469868243819964,0,0,0
2024-01-18,1.1923609738401757,1.1931400823811382,1.1903045045983882,1.1910836131393507,7999.0,-0.0010712869079495,-0.0010718611459215,1.1869850226938856,1.1985441019557013,1.2318210632626496,52.40090652408554,1.1830262315055824,1.1932062099089522,1.1728462531022126,0.0172100637031762,0.0047307173349778,0.0039717760220956,1.1931400823811382,1.1728084622020194,0.0088844439291955,0.0432554381975302,1.5829859975147205,0,0,0
2024-01-19,1.1910836131393507,1.1939620983712091,1.1905412512115,1.1934197364433583,5454.0,0.0019613428295353,0.0019594219080015,1.187597852574788,1.1983431464454133,1.231438960508229,54.981245909246745,1.1835721627842315,1.1947552344400587,1.1723890911284045,0.0188971522100016,0.0047214070118297,0.0039561998747402,1.1939620983712091,1.1728084622020194,0.0162177852811824,0.0432266274951668,1.761157213724155,0,0,0
2024-01-22,1.1934197364433583,1.1947720340516212,1.1907292301066914,1.192081527714954,2840.0,-0.0011213227731531,-0.0011219519259001,1.1880248692548037,1.198097592769709,1.2310473442615295,53.20206773909135,1.1839010850424512,1.195693653877577,1.1721085162073253,0.0199215440953887,0.0044109118653398,0.0037001763409546,1.1947720340516212,1.1728084622020194,0.0127332913853328,0.042846529167819,1.3873894292032911,0,0,0
2024-01-23,1.192081527714954,1.192987240234704,1.189801171591191,1.1907068841109407,4836.0,-0.0011531456297694,-0.0011538110137634,1.1882802992411026,1.1978077610576006,1.230645946648091,51.36337419538161,1.1843683988193483,1.1964736779258534,1.1722631197128437,0.0204417461975042,0.0041056635169861,0.0034480891743997,1.1947720340516212,1.1728084622020194,0.0120682634158446,0.0408715582096121,1.0472266249831723,0,0,0
2024-01-24,1.1907068841109407,1.1929253655427705,1.1899951587677935,1.1922136401996235,3808.0,0.0012654298961307,0.001264629914529,1.188654903141914,1.1975883837690526,1.2302635356386535,53.26978352596409,1.1848198321082952,1.1974032459567776,1.1722364182598128,0.0212410587795296,0.003914116509467,0.003283066371235,1.1947720340516212,1.1728084622020194,0.0109931839705128,0.0407796416401568,1.1751672766003871,0,0,0
2024-01-25,1.1922136401996235,1.1976586428668925,1.1912962605247712,1.19674126319204,4431.0,0.0037976607880936,0.0037904678794294,1.1894250326704976,1.197555163354268,1.229929980688936,58.529947550239015,1.185302074080696,1.1989472964765229,1.1716568516848689,0.0230240420466825,0.003765251966995,0.0031462539838829,1.1976586428668925,1.1728084622020194,0.0117524303652523,0.0412813889302301,1.6766585079393652,0,0,0
2024-01-26,1.19674126319204,1.2017838661911793,1.1951768331860628,1.200219436185202,5582.0,0.002906370073582,0.0029021547456399,1.1904530711004695,1.1976596446417558,1.2296343533804412,62.06285115301296,1.1861858625163235,1.2012904780030764,1.171081247029571,0.0254675358458756,0.0038193026741571,0.0031821703257002,1.2017838661911793,1.1728084622020194,0.0122004286643724,0.03896176736775,1.858183504397899,0,0,0
2024-01-29,1.200219436185202,1.205439477654119,1.199247271653452,1.204467313122369,6495.0,0.0035392502479951,0.0035330018406143,1.1917877608168408,1.1979266120331524,1.2293839350694158,65.88531985425331,1.187248805440742,1.2043334813575404,1.1701641295239436,0.0287802789752331,0.0041160270417359,0.0034173007410768,1.205439477654119,1.1728084622020194,0.0146762338315384,0.0401902637862992,2.0156668777892497,0,0,0
2024-01-30,1.204467313122369,1.2070314752371871,1.2031004705506358,1.205664632665454,4779.0,0.0009940656172569,0.0009935718612213,1.193109367659566,1.1982300638226544,1.2291479221101724,66.89773761287347,1.1885411446985543,1.2071052864753018,1.1699770029218068,0.0312385345001343,0.0040989972100031,0.0033997822437083,1.2070314752371871,1.1728084622020194,0.0119395429391364,0.0376571280621097,1.8447917682192696,0,0,0
2024-01-31,1.205664632665454,1.2059644931134652,1.195850301212721,1.1961501616607324,8172.0,-0.0078914739198139,-0.0079227763906388,1.1933989670882483,1.1981484990319908,1.2288195861853026,53.34887160785178,1.1895003808580844,1.207520705312246,1.171480056403923,0.0302989805537715,0.0044651384055343,0.0037329246349262,1.2070314752371871,1.1728084622020194,0.0031778864821054,0.0480045502641543,0.7380311957826435,0,0,0
2024-02-01,1.1961501616607324,1.196932816421409,1.1923027337483176,1.1930853885089945,8460.0,-0.0025621976654528,-0.002565485711508,1.1933691024616528,1.1979499456781475,1.2284640220293197,49.84678380758293,1.1901249159910434,1.207706110713866,1.1725437212682208,0.0295451250311524,0.0045521689007833,0.0038154594336892,1.2070314752371871,1.1728084622020194,0.0016806337922552,0.0486418769672446,0.3367771718161743,0,0,0
2024-02-02,1.1930853885089945,1.1942580333359247,1.191761535885698,1.1929341807126284,1201.0,-0.0001267367766148,-0.0001267448083987,1.193327681342698,1.197753249012833,1.2281104912699494,49.67352818674546,1.1910529254659727,1.2070186370325082,1.1750872138994373,0.0268094074161973,0.0045762846253397,0.0038361585235205,1.2070314752371871,1.1728084622020194,-0.0004068608184554,0.0436814117337147,0.2356619357446942,0,0,0
2024-02-05,1.1929341807126284,1.1943662352433042,1.1854753858328186,1.1869074403634945,5641.0,-0.005052030905455,-0.0050648355581292,1.1927162298208691,1.1973279231834473,1.2277005106639152,43.22477297207896,1.1915436346694055,1.206256969227184,1.176830300111627,0.0246962580801512,0.0047601553256443,0.0040105531095049,1.2070314752371871,1.175781830712238,-0.004340380444765,0.0478901386118981,-0.6302030702428346,0,0,0
2024-02-06,1.1869074403634945,1.188025838455243,1.178195209891802,1.1793136079835502,7055.0,-0.0063979988006634,-0.0064185537154416,1.1914397896458864,1.1966214794501182,1.2272190489457029,36.75067315007985,1.1916838915693728,1.2058365513622322,1.1775312317765134,0.0237523724084601,0.0053907414527373,0.0045710839052851,1.2070314752371871,1.1757944882193307,-0.0095684977381292,0.0536255131754819,-1.748121380274252,0,0,0
2024-02-07,1.1793136079835502,1.181069179423286,1.1667042024436496,1.1684597738833853,3695.0,-0.0092035180690599,-0.009246132109066,1.1892512167161244,1.1955170988396582,1.2266343795420975,29.865391135906847,1.1911443838242788,1.2078797814868754,1.1744089861616822,0.0280996962078871,0.0062142699668006,0.0053183430920753,1.2070314752371871,1.1667042024436496,-0.0199241692221042,0.0622656431930445,-2.7109735183159995,0,0,0
2024-02-08,1.1684597738833853,1.169572372857242,1.1638936096386614,1.165006208612518,3810.0,-0.0029556561107698,-0.0029600326881917,1.1869421683253047,1.1943205933405547,1.2260211639109575,28.063738223172848,1.1902526933426851,1.2104031211470083,1.1701022655383615,0.0338590753325385,0.0063755496852914,0.0054725456724256,1.2070314752371871,1.1638936096386614,-0.0265178911729638,0.0614337704774509,-2.5058013631601623,0,0,0
2024-02-09,1.165006208612518,1.167399305204535,1.1630247280954251,1.165417824687442,6144.0,0.0003533166363243,0.0003532542346994,1.1848922308359844,1.1931871514325896,1.225418145610226,28.61646475966529,1.189235947356387,1.2121983169437012,1.1662735777690727,0.0386170122730623,0.0063992477684472,0.005490947223296,1.2070314752371871,1.1630247280954251,-0.0289960405976877,0.0604177550488211,-2.074535258948484,0,0,0
2024-02-12,1.165417824687442,1.166233888349559,1.16448377112267,1.1652998347847874,3047.0,-0.0001012425759716,-0.0001012477013471,1.183026288354918,1.1920935311718914,1.224819953462709,28.548749470300308,1.1881486416354723,1.213484412892189,1.1628128703787557,0.0426474775442948,0.0062966798101169,0.0054034846845059,1.2070314752371871,1.1630247280954251,-0.032518506655068,0.0600550456399957,-1.8036795974488076,0,0,0
2024-02-13,1.1652998347847874,1.1669130853846803,1.1616653749257604,1.1632786255256535,7978.0,-0.0017344971644204,-0.0017360031462932,1.1811455585616548,1.1909635348720389,1.2242076019409476,27.35461697750601,1.1867406033668326,1.214335677049389,1.1591455296842763,0.0465056535594517,0.0064622157875414,0.0055551745263275,1.2070314752371871,1.1616653749257604,-0.0351557190875662,0.0575584721966671,-1.7004468341760683,0,0,0
2024-02-14,1.1632786255256535,1.164195965634636,1.1611830845071658,1.1621004246161484,2657.0,-0.0010128277814549,-0.001013341038102,1.1793317362811304,1.1898316481953377,1.223589620077019,26.65472284068008,1.1852275759056314,1.2147744458528982,1.1556807059583647,0.0498585597364118,0.0062229657007807,0.0053549293752613,1.2070314752371871,1.1611830845071658,-0.028466105791692,0.0570980808437492,-1.5654552465800156,0,0,0
2024-02-15,1.1621004246161484,1.1628535674409877,1.1603549894426697,1.1611081322675088,2905.0,-0.0008538783117365,-0.0008542430734783,1.1775961549464995,1.188705235806011,1.2229679137306562,26.05019314758023,1.183728801862039,1.2150147871358876,1.152442816588191,0.0528600558246695,0.0059295046288665,0.005106763499526,1.2070314752371871,1.1603549894426697,-0.0268021522595693,0.0571137495919997,-1.4460576770416809,0,0,0
2024-02-16,1.1611081322675088,1.1623085643019335,1.1532988019214288,1.1544992339558535,9867.0,-0.0056918887466136,-0.0057081492768073,1.1753964481854855,1.18736382396875,1.2222866333348872,22.40541882215129,1.181782776737664,1.2152934170129006,1.1482721364624275,0.0567120132986594,0.0061307586559978,0.005310318513587,1.2070314752371871,1.1532988019214288,-0.0322188326717359,0.057831671931684,-1.6283510286714646,0,0,0
2024-02-19,1.1544992339558535,1.164707437490652,1.1532211689807752,1.1634293725155735,6244.0,0.0077350753444165,0.0077053130264497,1.174256726693113,1.1864252180294097,1.2217009889486254,35.5311481047642,1.1803501689776952,1.2144515971939236,1.1462487407614668,0.0577818839061356,0.0066704203576639,0.0057334123714283,1.2070314752371871,1.1532211689807752,-0.0197808751124946,0.0667609268675747,-0.992380515844156,0,0,0
2024-02-20,1.1634293725155735,1.164641145441165,1.1619164558303658,1.1631282287559572,9868.0,-0.0002588414619145,-0.0002588749671475,1.1731968697467172,1.1855116106069217,1.22111817541437,35.31420699291927,1.1789712362099458,1.2135365511808416,1.14440592123905,0.0586364008031499,0.006142598765525,0.0052811019573438,1.2070314752371871,1.1532211689807752,-0.0137244063987929,0.0668459660367103,-0.9166997301965,0,0,0
2024-02-21,1.1631282287559572,1.169285816755559,1.1617139830383356,1.1678715710379377,8281.0,0.004078090587702,0.004069797714694,1.172689698441119,1.1848198443493143,1.2205883584554007,41.38488910304521,1.1777541327518617,1.2120694791189046,1.1434387863848183,0.0582725127643818,0.0063527238401058,0.0054395740059499,1.2070314752371871,1.1532211689807752,-0.0005034001671215,0.068914550522278,-0.5759849606772613,-1,0,0
2024-02-22,1.1678715710379377,1.1689468359611048,1.1613712289090763,1.162446493832244,7529.0,-0.0046452686581557,-0.0046560914481269,1.1717141551450356,1.1839424580545277,1.22000983243925,37.096734731359774,1.1760393942838718,1.2097824960632602,1.1422962925044835,0.0573843052254819,0.0067155173830916,0.0057770550461661,1.2070314752371871,1.1532211689807752,-0.002197168359577,0.0675868561909001,-0.8056698842031799,-1,0,0
2024-02-23,1.162446493832244,1.1760836935009302,1.16174740529401,1.1753846049626964,6563.0,0.0111300702433188,0.0110685868008866,1.1720637217943366,1.1836068559724948,1.2195658003250558,50.318103501334285,1.1747976527227464,1.2065640740531216,1.1430312313923712,0.054079817501767,0.0071044772971227,0.006044385188581,1.2070314752371871,1.1532211689807752,0.0085521090068512,0.0798069005269111,0.0369542564361022,-1,0,0
2024-02-26,1.1753846049626964,1.176861933650819,1.1689398904551909,1.1704172191433135,9478.0,-0.0042261790722879,-0.0042351346077674,1.1719069120180488,1.183089615312527,1.2190767597162824,46.29484819721039,1.1730951480237937,1.2016541552480828,1.1445361407995045,0.0486900099661991,0.0069681497708504,0.0059535605396772,1.2070314752371871,1.1532211689807752,0.0043914743706037,0.0786583380184382,-0.1875365526153566,-1,0,0
2024-02-27,1.1704172191433135,1.173711111432063,1.1694738341039608,1.1727677263927103,2701.0,0.0020082644128538,0.0020062505456789,1.171988894339445,1.182684835354887,1.218615973315053,48.39738415115852,1.1714503027101564,1.195552741100717,1.1473478643195958,0.0411497411965312,0.0062447426528837,0.0053247906745283,1.2059644931134652,1.1532211689807752,0.0081572038365003,0.0791522063092508,0.1093187055356106,-1,0,0
2024-02-28,1.1727677263927103,1.173705792488467,1.171570697654787,1.1725087637505438,8393.0,-0.0002208132406261,-0.0002208376234592,1.1720384057119306,1.1822857737233443,1.218157195110431,48.173616686550346,1.1702682328146472,1.1914068595718148,1.1491296060574796,0.0361261224810425,0.0059916234825336,0.0051100884426382,1.196932816421409,1.1532211689807752,0.0089564885391324,0.0753630323904027,0.2119845306542338,-1,0,0
2024-02-29,1.1725087637505438,1.1747779812575818,1.1712724501857197,1.1735416676927577,7427.0,0.0008809349440679,0.0008805471486117,1.1721815735196284,1.1819428676044978,1.2177132595142353,49.18285291701693,1.169291046773835,1.1876069429549272,1.1509751505927437,0.0313282073468822,0.0059295487655874,0.0050526955529795,1.1943662352433042,1.1532211689807752,0.0107083354941004,0.0753995193188571,0.4641455571592704,-1,0,0
2024-03-01,1.1735416676927577,1.1742558771438725,1.1684823448112562,1.1691965542623712,5826.0,-0.0037025642548584,-0.0037094357124751,1.171897285971318,1.1814430121793165,1.217230506228147,45.19568294378724,1.1681041654513222,1.1826595381418883,1.1535487927607562,0.0249213608187798,0.0062169355588536,0.0053172715367569,1.1943662352433042,1.1532211689807752,0.0127304721166054,0.0760324568583309,0.1501011117024893,-1,0,0
2024-03-04,1.1691965542623712,1.1735388745032358,1.1676093175442226,1.1719516377850872,4622.0,0.0023563903884868,0.0023536184543074,1.1719024623345342,1.1810708014187583,1.2167799702237383,48.07033250801854,1.167356375322402,1.1791116495847045,1.1556011010600995,0.0201399923978755,0.0062656388802888,0.0053463288742276,1.188025838455243,1.1532211689807752,0.0073251247311099,0.0753320728151952,0.7818213952560321,-1,0,0
2024-03-05,1.1719516377850872,1.177615200285673,1.1697738734284706,1.1754374359290565,7673.0,0.0029743532340269,0.0029699385970733,1.1722391264863936,1.1808498851250449,1.216368601723294,51.53417322668799,1.1671625667196772,1.1781932668338329,1.1561318666055216,0.018901737304954,0.0066105278609839,0.0056238874642945,1.181069179423286,1.1532211689807752,0.0105828462148707,0.073116413239524,1.5003343620519922,-1,0,0
2024-03-06,1.1754374359290565,1.177180416008706,1.1741813842014484,1.175924364281098,5302.0,0.0004142528876125,0.0004141671085737,1.1725901015144606,1.18065672744489,1.2159661714999883,52.01566554036146,1.1675357962395627,1.1792361154739075,1.155835477005218,0.0200427588978934,0.0066462745616225,0.0056519575267799,1.177615200285673,1.1532211689807752,0.0068952729417015,0.0648298984286307,1.4339041309081035,-1,0,0
2024-03-07,1.175924364281098,1.1770474188288942,1.1664640462437958,1.167587100791592,9134.0,-0.0070899657688466,-0.0071152190100166,1.1721136252551398,1.1801441930663294,1.215484787711845,43.96230197111483,1.1676648408485166,1.1793044623991888,1.1560252192978444,0.0199365796476563,0.006758675290522,0.0057885833835778,1.177615200285673,1.1532211689807752,0.0044222310331043,0.0691246193099239,-0.013357832397914,0,0,0
2024-03-08,1.167587100791592,1.168231429464698,1.1634720924799258,1.1641164211530317,8215.0,-0.0029725231087319,-0.0029769498300787,1.1713519867692248,1.1795156529912982,1.2149736596863845,41.10895081210501,1.1675997706717962,1.179306640179216,1.1558929011643764,0.0200528807926779,0.006278180181586,0.0053930861789301,1.177615200285673,1.1532211689807752,-0.0095868056822322,0.0699783443311918,-0.595094959682727,0,0,0
2024-03-11,1.1641164211530317,1.164922603792584,1.1620710822961433,1.1628772649356955,2805.0,-0.0010644607316069,-0.0010650276722912,1.1705448704041268,1.1788631671851963,1.214455287599313,40.10802409680322,1.1674786421793415,1.1793348879951426,1.1556223963635404,0.0203108568969946,0.0062872396019889,0.0054066235462404,1.177615200285673,1.1532211689807752,-0.0064421080656493,0.0700717747732481,-0.7761946429136287,0,0,0
2024-03-12,1.1628772649356955,1.1634624101548166,1.1589713023983554,1.1595564476174764,9235.0,-0.0028556902936809,-0.0028597755565583,1.1694983539482553,1.1781060409276387,1.213909030485066,37.47468103175496,1.1672925332839328,1.1795368744420105,1.155048192125855,0.020979044770604,0.0060671877476488,0.0052323349674912,1.177615200285673,1.1532211689807752,-0.0112650429219007,0.070531260990713,-1.263618118211746,0,0,0
2024-03-13,1.1595564476174764,1.1726814729917394,1.1592640894929134,1.1723891148671763,9032.0,0.0110668758524581,0.0110060860726531,1.169773664511962,1.1778818477487971,1.2134958969963308,50.89246852406336,1.167806967796484,1.1799972380619614,1.1556166975310065,0.0208772007731365,0.0064844574938486,0.0055309772255803,1.177615200285673,1.1532211689807752,-0.0001020451932356,0.0808519953409219,0.7517712029189171,0,0,0
2024-03-14,1.1723891148671763,1.1725378551156096,1.163686336080383,1.1638350763288163,1238.0,-0.0072962452737622,-0.0073229930563138,1.1692080846849957,1.1773309939676215,1.213001759477251,44.0989848187884,1.1679433149995493,1.1798763958355374,1.1560102341635612,0.0204343493091404,0.006092688267299,0.0052350100037522,1.177615200285673,1.1532211689807752,-0.0082711944800603,0.0853425520496482,-0.6885461897389055,0,0,0
2024-03-15,1.1638350763288163,1.174535537059323,1.162715656721486,1.1734161174519924,8025.0,0.0082323013956568,0.0081986008316591,1.1696088497104238,1.1771774693983812,1.2126078724919251,51.85158214798589,1.1688891591743562,1.1792277258483528,1.1585505925003596,0.0176895586597778,0.0063711052060282,0.0054295361306803,1.177615200285673,1.1532211689807752,0.0036089425462626,0.0870376522661525,0.8757419515458246,0,0,0
2024-03-18,1.1734161174519924,1.1836733970354758,1.171866507216802,1.1821237868002854,1721.0,0.0074207855327581,0.0073933869662293,1.1708007484808869,1.1773714426298283,1.2123045482561874,57.60605182055431,1.1698238798885918,1.181391351121232,1.1582564086559517,0.0197764320450387,0.0069117918124976,0.0058469272758702,1.1836733970354758,1.1589713023983554,0.0086796661971675,0.0867133606948076,2.126637129986859,0,0,0
2024-03-19,1.1821237868002854,1.1840743634678932,1.174320682335266,1.176271259002874,6881.0,-0.0049508586687464,-0.0049631547704882,1.1713217494829806,1.1773282981738693,1.2119460080646125,53.01951120854522,1.170481031400938,1.1819397017294202,1.1590223610724557,0.019579420804056,0.0074559765481367,0.006338654023101,1.1840743634678932,1.1589713023983554,0.0007093725691647,0.0890494893976238,1.0106281856357089,0,0,0
2024-03-20,1.176271259002874,1.1770442861346475,1.1704787148307068,1.1712517419624804,5281.0,-0.0042673124944399,-0.0042764434581112,1.1713150821000755,1.177090001851854,1.2115410899939445,49.3875769159343,1.170650039947165,1.1820461960920157,1.1592538838023143,0.0194697915789844,0.007674550850428,0.0065524349509773,1.1840743634678932,1.1589713023983554,-0.0039735738628684,0.0896229709783528,0.1055973624206902,0,0,0
2024-03-21,1.1712517419624804,1.1733464990191889,1.1622983939366205,1.164393150993329,5086.0,-0.0058557786711672,-0.0058729909702584,1.1706558505661,1.176592086131912,1.2110719562725454,44.8651738022456,1.1707473728052191,1.1818786922757418,1.1596160533346964,0.0190157496469132,0.0080513060468532,0.0069145941299849,1.1840743634678932,1.1589713023983554,-0.0027355130902848,0.0905816030649735,-1.1416834866193533,0,0,0
2024-03-22,1.164393150993329,1.1646586207722347,1.1600562356404054,1.1603217054193111,8470.0,-0.0034966244610289,-0.0035027519401718,1.169671646266406,1.1759540319863198,1.2105669786521152,42.38402849627621,1.16999422782805,1.1818210561052036,1.1581673995508963,0.0202169002134458,0.0079565080591972,0.0068571569608981,1.1840743634678932,1.1589713023983554,-0.0032597390301924,0.0813679198828342,-1.635691697227679,0,0,0
2024-03-25,1.1603217054193111,1.1616724640731533,1.1548463001979548,1.156197058851797,6992.0,-0.0035547439544136,-0.0035610770695606,1.1683883522269192,1.1751792487261423,1.2100259844252463,39.972319072335566,1.1692832198134742,1.18261677993255,1.1559496596943983,0.0228063823941693,0.0078839964176255,0.006818903713053,1.1840743634678932,1.1548463001979548,-0.0057445495628191,0.0810086925158438,-1.96289075757874,0,0,0
2024-03-26,1.156197058851797,1.1604534558285629,1.155531901526128,1.159788298502894,6864.0,0.0031060792134027,0.00310126531502,1.1675692994912976,1.174575682050721,1.2095261069533825,43.01280075165501,1.1686342484189831,1.1825063077132996,1.154762189124667,0.0237406345280114,0.0080213194529953,0.0069161927770348,1.1840743634678932,1.1548463001979548,0.000199947907576,0.0815690521724416,-1.2753621835676232,0,0,0
2024-03-27,1.159788298502894,1.160331359014209,1.1584414623123498,1.1589845228236648,7342.0,-0.0006930365483654,-0.0006932768092069,1.166751701713428,1.1739642640418166,1.2090232056187582,42.49400826189415,1.1679580363726392,1.1823438606703138,1.1535722120749643,0.0246341458334464,0.0074003568899067,0.0063852076918828,1.1840743634678932,1.1548463001979548,-0.0114335691738576,0.0815614762608701,-1.247549443576174,0,0,0
2024-03-28,1.1589845228236648,1.1610677862274708,1.1579674496606982,1.160050713064504,1655.0,0.0009199348393726,0.0009195119586469,1.1661135123182924,1.173418634591726,1.2085359171356314,43.46804312668297,1.1672834886412269,1.181831197802743,1.1527357794797104,0.0249257516328796,0.0072818568600496,0.0062771883832674,1.1840743634678932,1.1548463001979548,-0.00325163190325,0.0815707784821744,-0.9943525123331132,0,0,0
2024-03-29,1.160050713064504,1.1611477451568786,1.1494751402735697,1.150572172365944,9888.0,-0.0081707985623497,-0.0082043624913587,1.1646333847037829,1.1725226948965972,1.2079591634563311,37.4026946698457,1.1663522695464053,1.1826620027741366,1.150042536318674,0.0279670793354295,0.0079119342448259,0.0068765214689283,1.1840743634678932,1.1494751402735697,-0.0194678978295038,0.0853064027360801,-1.9350527639079356,0,0,0
2024-04-01,1.150572172365944,1.1587944260889036,1.1480737525563238,1.1562960062792835,9776.0,0.0049747717273307,0.0049624384370846,1.1638393486633545,1.1718863541665063,1.207445102190888,42.61042957406399,1.1655694879711151,1.1822463279257347,1.1488926480164956,0.0286157798856739,0.0083569032288344,0.007227304412929,1.1840743634678932,1.1480737525563238,-0.0218486260148027,0.0870748128069676,-1.1121389564289554,0,0,0
2024-04-02,1.1562960062792835,1.1577754592169995,1.15339446565824,1.154873918595956,3481.0,-0.0012298647367151,-0.0012306216410073,1.162985498180745,1.1712191998304065,1.2069220058367094,41.68259194383943,1.16454131210446,1.181192100622187,1.1478905235867332,0.0285963037028494,0.007711446804544,0.0066773062239722,1.1840743634678932,1.1480737525563238,-0.0181908214139793,0.0860212312110245,-1.1611934771992252,0,0,0
2024-04-03,1.154873918595956,1.15873994087294,1.1532265081099045,1.1570925303868884,7563.0,0.0019210857178502,0.0019192427925833,1.1624242631527586,1.170665212793406,1.2064261901605915,43.740799877567575,1.1635997204097497,1.17965954393617,1.1475398968833292,0.0276036909337948,0.007473012070816,0.0064584394718349,1.1840743634678932,1.1480737525563238,-0.0120889566848093,0.0864842151108133,-0.8103688078709113,0,0,0
2024-04-04,1.1570925303868884,1.1575162577034472,1.1566328344457122,1.157056561762271,6545.0,-3.1085348555004444e-05,-3.108583171446465e-05,1.1619130534965216,1.1701315402039496,1.2059349500770262,43.7138636094944,1.1630731934582834,1.1792724740513942,1.1468739128651726,0.0278559951071417,0.0066918365650945,0.0057834999482673,1.1840743634678932,1.1480737525563238,-0.0063007835667868,0.0832359935537619,-0.7428270238829181,0,0,0
2024-04-05,1.157056561762271,1.1579936241087576,1.1503328052097097,1.1512698675561963,8639.0,-0.0050012198169994,-0.0050137677710288,1.1608994167403002,1.1693918667667829,1.2053910189076649,39.499485226550746,1.162430865778442,1.1794538086070891,1.1454079229497949,0.029288525158436,0.0063956886422641,0.0055553340033473,1.1840743634678932,1.1480737525563238,-0.0078011449935289,0.0843586373483095,-1.311288927489452,0,0,0
2024-04-08,1.1512698675561963,1.1529163590911766,1.1478326949546915,1.1494791864896718,7542.0,-0.0015553964513338,-0.0015566073361611,1.1598117757640498,1.168610977344151,1.2048346822666898,38.26994000529712,1.1617609618561406,1.179737725021197,1.1437841986910846,0.0309474388540903,0.0060621159996825,0.0052737936196959,1.1840743634678932,1.1478326949546915,-0.0058103178093157,0.0844169981037869,-1.3664056486367504,0,0,0
2024-04-09,1.1494791864896718,1.1526288442812955,1.148402617883702,1.1515522756753258,7546.0,0.0018035030212115,0.0018018786623686,1.159025156707981,1.167942008651256,1.2043045090667757,40.57614710720901,1.161360753259033,1.179891996396675,1.1428295101213912,0.0319129832580257,0.0058950199349434,0.0051191943774209,1.1840743634678932,1.1478326949546915,-0.0071013156782143,0.0843608091151819,-1.0585881919366429,0,0,0
2024-04-10,1.1515522756753258,1.155275406402368,1.1499131871899115,1.1536363179169538,3185.0,0.0018097678113706,0.0018081321547469,1.1585119339659784,1.1673810011714794,1.2038003479608073,42.88616908759749,1.1604231134115222,1.1784968913930514,1.142349335429993,0.0311503240027582,0.0054888852299354,0.0047578991270371,1.1840743634678932,1.1478326949546915,-0.0046145611105151,0.0734656469113978,-0.7510101652796978,0,0,0
2024-04-11,1.1536363179169538,1.1549936486281025,1.1505362832752086,1.1518936139863574,3172.0,-0.0015106181242136,-0.0015117602581359,1.157881617777443,1.166773652654416,1.2032838630456386,41.435624861969714,1.1598260402943992,1.1782115198816212,1.1414405607071771,0.0317038572138891,0.0054785266742972,0.0047561047372575,1.1840743634678932,1.1478326949546915,-0.0070316745520531,0.0694357629876419,-0.8629012118405478,0,0,0
2024-04-12,1.1518936139863574,1.1531261756515194,1.1423379597494243,1.1435705214145864,9640.0,-0.0072255740206487,-0.0072518049124902,1.1565186562190757,1.165863725939129,1.2026897004423447,35.29548007601612,1.1583337604925288,1.176918624453398,1.1397488965316596,0.0320889619119222,0.0057615303905041,0.0050381942194322,1.1840743634678932,1.1423379597494243,-0.0060853644121775,0.0651828167039191,-1.5887379223250342,0,0,0
2024-04-15,1.1435705214145864,1.155021475493151,1.1413354502718969,1.1527864043504614,3067.0,0.0080588671737316,0.0080265679179048,1.15616320366016,1.1653508897983966,1.2021931502324752,45.01197729494361,1.1568668913700375,1.1718223357798556,1.1419114469602194,0.0258550824150683,0.0063875640275626,0.005540977932648,1.1840743634678932,1.1413354502718969,-0.0030352106292533,0.0663414482088501,-0.5456858262128671,0,0,0
2024-04-16,1.1527864043504614,1.1581906477825696,1.1511682035959785,1.1565724470280865,4693.0,0.0032842534083825,0.0032788720274839,1.15620217921901,1.1650066371407373,1.201739212887158,48.43761439038684,1.155881950771298,1.167728027738458,1.1440358738041383,0.0204970359806295,0.0067541745621863,0.005839819701344,1.1770442861346475,1.1413354502718969,0.0014707479360132,0.0666834506039464,0.1165780466736166,0,0,0
2024-04-17,1.1565724470280865,1.1660397509093694,1.155100499537081,1.164567803418364,1643.0,0.0069129749812233,0.006889189923766,1.1569989053332344,1.164989427975154,1.2013693481163243,54.83641610152659,1.155547753844092,1.1658438452425368,1.1452516624456477,0.0178202785028888,0.0073140970482946,0.0062805248666719,1.1733464990191889,1.1413354502718969,0.0064603934734381,0.0707385686118576,1.7521308281382164,0,0,0
2024-04-18,1.164567803418364,1.165967101824943,1.1568829851633071,1.1582822835698858,5053.0,-0.0053972983196239,-0.0054119163565293,1.157121131831963,1.1647264027043591,1.200940621105912,49.62284426756704,1.15524221047292,1.164766855325695,1.1457175656201457,0.0164894335861836,0.0071292050324607,0.0061549806412373,1.1660397509093694,1.1413354502718969,0.001059344761632,0.070276181964129,0.6383593601561244,0,0,0
2024-04-19,1.1582822835698858,1.1593923873541785,1.156613625297262,1.1577237290815543,8142.0,-0.0004822265662303,-0.0004823428748538,1.15717852204621,1.1644517880524845,1.200510602279799,49.17541605122024,1.1551123116560325,1.1644135144600456,1.145811108852019,0.0161044128958827,0.0065619256413419,0.0056679546911832,1.1660397509093694,1.1413354502718969,0.0056058633229565,0.0692382110492085,0.5615225214518067,0,0,0
2024-04-22,1.1577237290815543,1.1605148253807345,1.1567039939115658,1.1594950902107457,8650.0,0.0015300378533282,0.0015288685379911,1.1573991475856895,1.1642574077449654,1.2001024877318482,50.69375893273235,1.1552772132239797,1.1647742708896078,1.1457801555583516,0.0164411754285798,0.0065211997777997,0.0056241719631728,1.1660397509093694,1.1413354502718969,0.0087134276451414,0.068221214518598,0.8882492104962971,0,0,0
2024-04-23,1.1594950902107457,1.159962190555729,1.1590293255007824,1.1594964258457656,7683.0,1.1519108888968788e-06,1.1519102254480405e-06,1.1575988883723636,1.1640707025724475,1.1996984473150714,50.69495499215213,1.1552626195911233,1.1647313448509298,1.1457938943313168,0.0163923338282297,0.0061940163700791,0.0053419883252861,1.1660397509093694,1.1413354502718969,0.0068986448450905,0.0673218789794235,0.8942716444871923,0,0,0
2024-04-24,1.1594964258457656,1.1606307177778392,1.1576374089036194,1.158771700835693,4314.0,-0.0006250342768792,-0.0006252296922346,1.1577105847974427,1.163862898582771,1.199291216006819,49.98640113615944,1.1552519784917248,1.1647035550638132,1.1458004019196364,0.0163627965985882,0.0063447224855423,0.0054753861187381,1.1660397509093694,1.1413354502718969,0.0044514747316657,0.0673130805020476,0.7447905261355937,0,0,0
2024-04-25,1.158771700835693,1.1602542001248088,1.1535497721019188,1.1550322713910346,8192.0,-0.0032270631410498,-0.0032322813386342,1.1574555073301658,1.1635165994772128,1.1988508284982042,46.38399208050443,1.1550010564080513,1.1641787135272024,1.1458233992889002,0.0158920324240962,0.006276408851531,0.0054339683894478,1.1660397509093694,1.1413354502718969,0.0027247806278005,0.0681650438239063,0.0068023859636618,0,0,0
2024-04-26,1.1550322713910346,1.1567206339329554,1.15441870765832,1.1561070702002407,7264.0,0.000930535739847,0.0009301030598607,1.1573270847463637,1.1632260297016452,1.1984255174703635,47.55392421631179,1.1552778012997662,1.164224027806631,1.1463315747929017,0.0154875762293702,0.0060777132899703,0.0052570505333193,1.1660397509093694,1.1413354502718969,0.0109626372408995,0.0613821210636488,0.1853896500023119,0,0,0
2024-04-29,1.1561070702002407,1.1572587635304166,1.148665310170386,1.1498170035005617,1618.0,-0.0054407302418707,-0.0054555849193485,1.15661183891343,1.1627001855368968,1.1979418506646942,41.80476030333503,1.1549538511608302,1.1642087309406035,1.1456989713810568,0.0160264061987782,0.0063896580730016,0.0055571086995135,1.1660397509093694,1.1413354502718969,-0.0025758465216917,0.0618745208172321,-1.110084146418643,0,0,0
2024-04-30,1.1498170035005617,1.1512663732992716,1.1435778353247847,1.1450272051234949,2778.0,-0.0041657049447736,-0.0041744056651129,1.1555085404572456,1.1620071274814694,1.197415336778712,38.03393624821304,1.1544615154872069,1.164726784707467,1.1441962462669468,0.0177836490563791,0.0065558236988609,0.0057254741804618,1.1660397509093694,1.1413354502718969,-0.0099822902873558,0.0633365710908689,-1.8381028614606936,0,0,0
2024-05-01,1.1450272051234949,1.151231869216543,1.1441635520251558,1.1503682161182045,6710.0,0.0046645275944632,0.004653682397693,1.155018985758289,1.1615506995848708,1.1969472062248765,44.09000639222506,1.154125299773773,1.164467923516872,1.143782676030674,0.0179228784693071,0.0067423202587533,0.0058610105566933,1.1660397509093694,1.1413354502718969,-0.0121930103670043,0.0653969352872219,-0.7265242841451296,0,0,0
2024-05-02,1.1503682161182045,1.1512071929951992,1.1494649537293231,1.1503039306063183,7756.0,-5.588255219957095e-05,-5.588411368756468e-05,1.154569932886673,1.1611096498210058,1.196483094029667,44.03422342051128,1.1537876682159751,1.1641681917508515,1.1434071446810985,0.0179938195230103,0.0060961790704519,0.0052996246541891,1.1660397509093694,1.1413354502718969,-0.00688809030125,0.0653957260105183,-0.6712065336496936,0,0,0
2024-05-03,1.1503039306063183,1.1543936421001588,1.1493796189961043,1.153469330489945,9982.0,0.0027517943731256,0.0027480151185564,1.1544651136107942,1.160810029455082,1.1960550963825056,47.552928646606446,1.1538976413626625,1.1642122468883154,1.1435830358370096,0.0178778518230995,0.0054767503477948,0.0047480675931526,1.1660397509093694,1.1413354502718969,-0.0036747960543095,0.0637491447257147,-0.0830493946961352,0,0,0
2024-05-06,1.153469330489945,1.1538141350776236,1.1497930463764638,1.1501378509641424,4906.0,-0.0028882254930762,-0.0028924044648071,1.1540529933587322,1.160391512651516,1.1955982083683927,44.38966446468824,1.153930574586386,1.1641898374345672,1.143671311738205,0.0177814212988655,0.0052623678131211,0.0045754235535416,1.1660397509093694,1.1413354502718969,-0.0080700982053338,0.0643814610309615,-0.7393754655415373,0,0,0
2024-05-07,1.1501378509641424,1.151081371932862,1.1489071382500315,1.149850659218751,1221.0,-0.0002497020206323,-0.0002497332013726,1.1536527710596864,1.159978145850231,1.1951430088743664,44.11721511692509,1.1538454937635574,1.1642154288611748,1.14347555866594,0.017974564451941,0.0046362951210169,0.0040320845875472,1.1660397509093694,1.1413354502718969,-0.0083189274343634,0.0640456802986383,-0.7704647150056443,0,0,0
2024-05-08,1.149850659218751,1.1529914400076973,1.1485893495146775,1.151730130303624,3135.0,0.001634534945738,0.0016332005473762,1.153469662416252,1.159654694260168,1.1947110399333642,46.43428532297149,1.1537501843828908,1.1641631642550327,1.1433372045107488,0.0180506664494473,0.0043018646804015,0.0037351325342747,1.1660397509093694,1.1413354502718969,-0.0060767539688713,0.0639805908452712,-0.3879877045899323,0,0,0
2024-05-09,1.151730130303624,1.1540760797125889,1.1500241215265656,1.1523700709355305,3381.0,0.0005556341846659,0.0005554798771487,1.153364939418088,1.159369022757241,1.1942897367592564,47.23648701883282,1.1537740072303495,1.1641712712486314,1.1433767432120676,0.0180230512268874,0.004392807261052,0.0038119761800875,1.1660397509093694,1.1413354502718969,-0.0023048710598345,0.0637857540177171,-0.2700587947657111,0,0,0
2024-05-10,1.1523700709355305,1.160270094230098,1.1504199705030689,1.1583199937976365,3413.0,0.0051632049566123,0.0051499213183786,1.1538368493589974,1.1593278843666683,1.193931828869091,54.116779465870565,1.154511480849502,1.163905400998209,1.145117560700795,0.0162734114030548,0.0048241852794706,0.004164812232632,1.1660397509093694,1.1413354502718969,0.001914116481454,0.0601552028343043,0.8108463533530544,0,0,0
2024-05-13,1.1583199937976365,1.15955138591533,1.1527450908267212,1.1539764829444148,2848.0,-0.0037498367260165,-0.0037568849891601,1.153850147795704,1.1591180254873643,1.1935342632379995,49.084846031211285,1.1545709847791996,1.163933921389375,1.1452080481690243,0.0162189016242528,0.0052437159961608,0.0045440406053867,1.1660397509093694,1.1435778353247847,0.0036175142924392,0.0552648438353888,-0.1269904645383885,0,0,0
2024-05-14,1.1539764829444148,1.154771828401713,1.1536488350907523,1.1544441805480503,5932.0,0.0004052921446391,0.0004052100359624,1.1539067223435466,1.1589347374505286,1.1931453071913336,49.62797290144205,1.154464571455198,1.1637799861461744,1.1451491567642216,0.0161380694069015,0.0051101220273565,0.0044264782251582,1.1660397509093694,1.1435778353247847,0.0082242372778733,0.0539648395078989,-0.0043778850054204,0,0,0
2024-05-15,1.1544441805480503,1.1561928039223015,1.1499595698495249,1.151708193223776,1952.0,-0.0023699606879006,-0.0023727734897637,1.1536973386178542,1.1586513435592831,1.1927329975996166,46.50284786832764,1.1538215909454683,1.1618929094022137,1.1457502724887236,0.0139905831544217,0.0050764653166342,0.0044077704287442,1.165967101824943,1.1435778353247847,0.0011648245203552,0.0476905887982074,-0.5236809160779512,0,0,0
2024-05-16,1.151708193223776,1.159153190812299,1.1499401778123146,1.1573851754008375,9339.0,0.0049291845021706,0.0049170758464726,1.1540485611686149,1.158601689906011,1.1923812779757483,53.1019357462086,1.153776735537016,1.1617530884573488,1.1458003826166834,0.0138265102331434,0.0055701143684448,0.0048126712583092,1.1606307177778392,1.1435778353247847,0.0061559772214172,0.047858380845094,0.9047844045674288,0,0,0
2024-05-17,1.1573851754008375,1.1586916400100862,1.1553268106116212,1.15663327522087,5775.0,-0.0006496542343452,-0.0006498653510975,1.1542947244116866,1.1585244971732604,1.1920255764557994,52.18378048246082,1.153722212843982,1.1615992558974548,1.145845169790509,0.0136550080526847,0.005196641228333,0.0044929031004582,1.1606307177778392,1.1435778353247847,0.0027429812369443,0.0478828426630285,0.7391256737144595,0,0,0
2024-05-20,1.15663327522087,1.1572845274298302,1.151426138594023,1.152077390802983,2126.0,-0.0039389186836394,-0.0039466966550873,1.154083549782286,1.1582716694724653,1.1916280820711942,46.89309586865987,1.1533513278735938,1.1607690207727506,1.1459336349744371,0.0128628505814139,0.0050659162898558,0.0043972013775263,1.1606307177778392,1.1435778353247847,0.0016863542376377,0.0494110646685905,-0.3434860644487864,0,0,0
2024-05-21,1.152077390802983,1.1550194742949862,1.15077372523289,1.1537158087248929,5590.0,0.0014221422406073,0.001421131954065,1.1540485268244391,1.1580930082666785,1.1912508455204849,48.89958778270212,1.15306229701755,1.159899580846257,1.1462250131888427,0.0118593485302435,0.0048643042806208,0.0042162066635776,1.1606307177778392,1.1435778353247847,0.0033614360918556,0.0497881427359132,0.1911612048629908,0,0,0
2024-05-22,1.1537158087248929,1.1562503561103556,1.1530367747116048,1.1555713220970676,6631.0,0.0016082932713086,0.0016070013526892,1.154193554945642,1.157994118612968,1.1908958253869184,51.15055982996403,1.1529022780806186,1.1593134678367023,1.146491088324535,0.0111218268503332,0.0049694001472547,0.0043003837601616,1.160270094230098,1.1435778353247847,0.0033351491745996,0.0501916556786029,0.8326205019641754,0,0,0
2024-05-23,1.1555713220970676,1.155996950664954,1.1471857621523378,1.1476113907202243,2531.0,-0.0068883081681172,-0.0069121420760877,1.1535666821622688,1.1575869528132523,1.1904651344947124,42.501318413908855,1.152531234047078,1.159273778873257,1.1457886892208993,0.0117004114543648,0.0052406262478663,0.0045665512648644,1.160270094230098,1.1435778353247847,-0.0041294722375451,0.0546675765858969,-1.4593431571272184,0,0,0
2024-05-24,1.1476113907202243,1.1493932908357278,1.142736906248235,1.1445188063637386,7570.0,-0.002694801028896,-0.0026984385415736,1.1527049797052658,1.157074476481899,1.1900079571003743,39.69304759460593,1.151951820855253,1.1593593856405704,1.1445442560699357,0.0128608934005897,0.0054288616683186,0.004743357328978,1.160270094230098,1.142736906248235,-0.0119148314004748,0.0550837048561378,-2.006871274686011,0,0,0
2024-05-27,1.1445188063637386,1.1477865665287144,1.1423784409515858,1.1456462011165616,4443.0,0.000985038206934,0.0009845533751586,1.15203271507777,1.156626308820513,1.1895665465930727,41.21787608098151,1.1517432807360533,1.1596236452982316,1.143862916173875,0.0136842379616786,0.0056598539464828,0.0049403157283345,1.160270094230098,1.1423784409515858,-0.0072187622113392,0.052076407285023,-1.54741054716034,0,0,0
2024-05-28,1.1456462011165616,1.1517839018500098,1.144189589782908,1.1503272905163562,1660.0,0.0040859816889651,0.0040776567351516,1.1518702936909688,1.15637928849486,1.1891761062341006,47.188722461894166,1.1520082850056963,1.1592698710752465,1.144746698936146,0.0126068295932685,0.0058878697732029,0.005118430051816,1.160270094230098,1.1423784409515858,-0.0035661230755564,0.0519299590872981,-0.4629827349672262,0,0,0
2024-05-29,1.1503272905163562,1.1560001875040695,1.1481853295900566,1.1538582265777702,5753.0,0.0030695056011658,0.0030648042868649,1.1520596206325688,1.1562804233216408,1.188824684545978,51.21415075301391,1.1521827855286746,1.1594461608840922,1.144919410173257,0.0126080261684952,0.0061566483252022,0.0053357060541677,1.160270094230098,1.1423784409515858,0.0018668212717805,0.0504123567254646,0.4613395197443258,0,0,0
2024-05-30,1.1538582265777702,1.1553639206500677,1.1437172515011018,1.145222945573399,9453.0,-0.0074838319001999,-0.0075119762766,1.151408508722172,1.1558467967432784,1.188390836396997,42.65178234466458,1.1519287362770283,1.1597988985614327,1.1440585739926243,0.0136643214750247,0.0062849729981977,0.0054879908078081,1.160270094230098,1.1423784409515858,-0.0105083684204145,0.0572573527433427,-1.704104810371615,0,0,0
2024-05-31,1.145222945573399,1.1464357972842882,1.1410671533267005,1.1422800050375892,2827.0,-0.0025697533804971,-0.0025730608642088,1.1505391274188783,1.1553147656959966,1.1879320221546148,40.18592686457164,1.151369270004411,1.160297957561844,1.142440582446978,0.0155096853634087,0.0061822836316962,0.0054122313306996,1.160270094230098,1.1410671533267005,-0.0124095255521157,0.0567133829137988,-2.0359688718763733,0,0,0
2024-06-03,1.1422800050375892,1.1471574025061475,1.1416610098300983,1.1465384072986569,9818.0,0.0037279845942217,0.0037210528818575,1.1501581064550477,1.1549705947784537,1.187520145389879,45.129273092612735,1.1511892978211369,1.1603642062131738,1.1420143894290995,0.0159398778452902,0.0064946693006311,0.0056645893929826,1.160270094230098,1.1410671533267005,-0.0048078224158759,0.057840495601346,-1.0138282201305266,0,0,0
2024-06-04,1.1465384072986569,1.151539617277919,1.144821774208559,1.1498229841878211,7801.0,0.0028647770264433,0.0028606813729625,1.1501261900486452,1.1547687276964682,1.1871450492585152,48.65412323825963,1.15118791406959,1.1603636808421067,1.1420121472970732,0.0159413883005065,0.0065292842289585,0.0056785125351886,1.160270094230098,1.1410671533267005,-0.0033741624303251,0.058817842979238,-0.2975075360147691,0,0,0
2024-06-05,1.1498229841878211,1.151510769806748,1.142735527004034,1.1444233126229608,9622.0,-0.0046960894321262,-0.0047071507035027,1.1495830588652467,1.154363025144566,1.1867199573516938,43.68576928875056,1.150822573185557,1.1604768186155667,1.141168327755547,0.016777991073439,0.0064980149291535,0.0056779819647857,1.160270094230098,1.1410671533267005,-0.0096471842636903,0.0607529116141663,-1.3256883946008793,0,0,0
2024-06-06,1.1444233126229608,1.1458321936084337,1.1365897821804596,1.1379986631659325,9552.0,-0.0056138750287281,-0.0056296920494423,1.1484797830843596,1.1537212854591294,1.1862351683548205,38.63105903182849,1.150104002797077,1.1612909520660843,1.1389170535280695,0.0194538045981935,0.0069178422169756,0.0060789546076706,1.160270094230098,1.1365897821804596,-0.0083762915147252,0.0634716154722636,-2.164189599872701,0,0,0
2024-06-07,1.1379986631659325,1.1393131987264318,1.1337052972137678,1.135019832774267,7603.0,-0.00261760447361,-0.0026210363904422,1.147197883054827,1.1529878951577623,1.185725563025661,36.521067259680414,1.1489389947459083,1.161313306109799,1.1365646833820178,0.0215404149749959,0.0068999502653225,0.0060791451092597,1.15955138591533,1.1337052972137678,-0.008299534736044,0.0599824701690945,-2.2496867199024435,0,0,0
2024-06-10,1.135019832774267,1.1371714824323451,1.1339075864938613,1.1360592361519393,2142.0,0.0009157578992533,0.0009153388488013,1.1461370595402662,1.152324026177142,1.1852313707184596,37.79772201884752,1.1480431324062847,1.1614343905184594,1.13465187429411,0.0233288414593043,0.0068298178993502,0.0060118501588739,1.159153190812299,1.1337052972137678,-0.0083681724386452,0.0594384340006368,-1.7898088669428769,0,0,0
2024-06-11,1.1360592361519393,1.1373624154440831,1.132427607291722,1.133730786583866,2913.0,-0.0020495846466248,-0.0020516879196187,1.144955509734895,1.1515948795264253,1.18471892709523,36.04867857365534,1.1470074627080755,1.1614749588492754,1.1325399665668756,0.0252265074318562,0.0069527626674652,0.0061326399086463,1.159153190812299,1.132427607291722,-0.0144276364381831,0.0594303987486916,-1.8353799433753784,0,0,0
2024-06-12,1.133730786583866,1.1341505096364255,1.132135450544354,1.1325551735969135,7380.0,-0.0010369419273642,-0.0010374799235906,1.1437745253408014,1.150848224391935,1.1841998847718636,35.16394047519975,1.1460498117267324,1.1616948546407329,1.130404768812732,0.027302553089605,0.006467324851712,0.0057103839199041,1.159153190812299,1.132135450544354,-0.0184624527434704,0.059180399249941,-1.7251008135928891,0,0,0
2024-06-13,1.1325551735969135,1.1331347203095896,1.1298714144647828,1.130450961177459,9391.0,-0.0018579336958672,-0.0018596617954711,1.142505614468102,1.150048331716857,1.1836650696117204,33.57554605750022,1.1447031010155635,1.1608680798668836,1.1285381221642434,0.0282430943656547,0.0062249620843773,0.0055066184188065,1.1586916400100862,1.1298714144647828,-0.0128987848637142,0.0551869033071502,-1.7633354140690107,0,0,0
2024-06-14,1.130450961177459,1.1318413028288283,1.128211118285212,1.1296014599365811,7831.0,-0.0007514711120177,-0.0007517536079677,1.141276647369862,1.1492464936078266,1.1831271232467937,32.92885542137277,1.143351510251349,1.159833721560793,1.126869298941905,0.0288313981512486,0.0060979662962693,0.005398334290938,1.1572845274298302,1.128211118285212,-0.0110993320771561,0.0551753309653929,-1.6684715487040416,-1,0,0
2024-06-17,1.1296014599365811,1.136766193768103,1.128286003934064,1.1354507377655856,4284.0,0.0051781783544548,0.0051648176916683,1.1407217988361211,1.1487054835747974,1.1826527313514583,41.31096564773093,1.1425201775994789,1.1588255500479288,1.126214805151029,0.0285428174804031,0.006161243279622,0.0054262532707905,1.1562503561103556,1.128211118285212,-0.0096705609358476,0.0585102602528421,-0.8671301261278939,-1,0,0
2024-06-18,1.1354507377655856,1.1366085922409432,1.133029849882805,1.1341877043581627,3462.0,-0.0011123630162135,-0.0011129821511312,1.1400995041239348,1.1481361588996355,1.1821704922768983,40.144319838703325,1.1415437723811428,1.157357691445028,1.1257298533172575,0.0277061983017941,0.0058586635970595,0.0051655149976916,1.1562503561103556,1.128211118285212,-0.0135979885988297,0.057968632140245,-0.9303282751433164,-1,0,0
2024-06-19,1.1341877043581627,1.1364510828345715,1.132405904936134,1.1346692834125431,5465.0,0.0004246026054857,0.0004245124873081,1.1395823402466594,1.147608046135436,1.181697843432477,40.83045448113586,1.1404986704469162,1.1551275665684824,1.12586977432535,0.0256535084180916,0.0053156999363075,0.0046848011257698,1.1560001875040695,1.128211118285212,-0.0085230955214132,0.0574536985592412,-0.7969688192370558,-1,0,0
2024-06-20,1.1346692834125431,1.1362838375479796,1.1327523775598918,1.1343669316953282,3551.0,-0.0002664668213328,-0.0002665023299242,1.139085634670342,1.147088786745628,1.1812268890868338,40.51642915684481,1.1398364474956717,1.154307896729702,1.1253649982616414,0.0253921503665292,0.0051844725099146,0.0045703664000204,1.1560001875040695,1.128211118285212,-0.0031913319304793,0.052939756945122,-0.7559043620153351,-1,0,0
2024-06-21,1.1343669316953282,1.135898133219935,1.133094289629089,1.1346254911536957,1533.0,0.0002279328241534,0.0002279068514139,1.1386608590973282,1.1466000300557482,1.1807631935850116,40.934784121823306,1.1393417817351694,1.1538156725740023,1.1248678908963363,0.0254074608179294,0.0049921475752572,0.0043998196886808,1.1560001875040695,1.128211118285212,-0.0003474314802125,0.0524013420332402,-0.6516963039157394,-1,0,0
2024-06-24,1.1346254911536957,1.1350172936242304,1.1295810197010276,1.1299728221715624,8275.0,-0.0041006208818756,-0.0041090514827089,1.13783342700916,1.1459479826877408,1.180257816755027,36.0248418277525,1.1385581127879196,1.1532896983334784,1.1238265272423609,0.0258776172776748,0.0049006069219602,0.0043369245930555,1.1560001875040695,1.128211118285212,-0.0053574794224575,0.0536754407762494,-1.165562334048353,-1,0,0
2024-06-25,1.1299728221715624,1.130882341368925,1.125627237353986,1.1265367565513489,2607.0,-0.0030408391713442,-0.0030454719167834,1.1367575536322254,1.1451867581333723,1.179723278842553,32.887520561809225,1.1373685860896692,1.151939957778921,1.122797214400417,0.0256229543658301,0.0046491684371192,0.0041269567194164,1.1560001875040695,1.125627237353986,-0.0063454482471929,0.0511804820939141,-1.4867275050447122,-1,0,0
2024-06-26,1.1265367565513489,1.1269878005398253,1.1254393724066636,1.1258904163951402,9381.0,-0.0005737408499542,-0.0005739055022171,1.1357225881810744,1.14443003884952,1.179187628469942,32.31738581900116,1.1359701955805377,1.1491832143765597,1.1227571767845153,0.0232629673690861,0.0040995982017754,0.0036412053447452,1.1553639206500677,1.1254393724066636,-0.0058847086280189,0.0488834234306694,-1.5257344806671678,-1,0,0
2024-06-27,1.1258904163951402,1.1262379013072623,1.1236160869827123,1.1239635718948346,3494.0,-0.0017113961290077,-0.0017128622403331,1.1346026818680992,1.1436274323022777,1.1786381353696922,30.61354057337047,1.1349072268966096,1.1484035885391426,1.1214108652540766,0.0237840791259011,0.0038863062597673,0.0034576799079133,1.151539617277919,1.1236160869827123,-0.0057387622333189,0.043018030193194,-1.6217192887432248,-1,0,0
2024-06-28,1.1239635718948346,1.1252935760269605,1.120748321886688,1.122078326018814,5404.0,-0.0016773193750777,-0.0016787276501924,1.1334098860729291,1.142782369310769,1.1780753511970463,29.0023984460784,1.1338971429456706,1.1480767308840902,1.119717555007251,0.0250103601135876,0.0039778318456093,0.0035450571973196,1.151539617277919,1.120748321886688,-0.0066599895490484,0.0426830007345603,-1.6670183898410171,-1,0,0
2024-07-01,1.122078326018814,1.123688734687638,1.1169454785472075,1.1185558872160315,7384.0,-0.0031392093770137,-0.003144147031031,1.1319952195151295,1.1418323111894069,1.1774831177245986,26.22524435608044,1.1324980169415393,1.1469453068597029,1.1180507270233755,0.0255140224566227,0.0041070067018999,0.0036717045154729,1.151539617277919,1.1169454785472075,-0.0148794218785753,0.0396877299731195,-1.9300685186609523,-1,0,0
2024-07-02,1.1185558872160315,1.1197410639301897,1.1142642922089254,1.1154494689230832,7572.0,-0.0027771686050306,-0.0027810320924562,1.1304194337444584,1.1407976899240608,1.1768658674877674,24.0390695820428,1.1307793411783025,1.1447180147939184,1.1168406675626863,0.0246532158981459,0.0043542718896994,0.0039036029968289,1.151510769806748,1.1142642922089254,-0.0165212824676878,0.0369203604447578,-2.199617076626974,-1,0,0
2024-07-03,1.1154494689230832,1.1172525868299903,1.108464887406052,1.1102680053129592,8829.0,-0.0046451800413033,-0.0046560024177083,1.1285002500843158,1.139600447390292,1.1762032021924955,20.908236338244933,1.1290715758128025,1.1442829922083153,1.1138601594172892,0.0269449992744039,0.0047488714310659,0.0042772298295017,1.1458321936084337,1.108464887406052,-0.0215051896233557,0.036862558179411,-2.4722971235459315,-1,0,0
2024-07-04,1.1102680053129592,1.1131369937877198,1.108962728502883,1.1118317169776433,5537.0,0.0014084091923762,0.001407418314415,1.126912770740823,1.1385114775701883,1.1755626899018008,24.120105937352804,1.127763228503388,1.1441940950724807,1.1113323619342954,0.0291388585011721,0.0047877343411531,0.004306168162002,1.1393131987264318,1.108464887406052,-0.0198658953183743,0.0348707589610027,-1.9392174428234716,-1,0,0
2024-07-05,1.1118317169776433,1.1129788569240693,1.1105469784789723,1.1116941184253986,2880.0,-0.0001237584340719,-0.0001237660927788,1.1254633752822112,1.1374598164272556,1.1749271817279063,24.027640454604352,1.1265969427859444,1.1441332334737484,1.1090606520981403,0.0311314366688033,0.0043557120990858,0.0039180850441623,1.1373624154440831,1.108464887406052,-0.0202105213632917,0.0346109541473212,-1.6996552607228734,-1,0,0
2024-07-08,1.1116941184253986,1.1128668657371592,1.1063806210131144,1.107553368324875,2367.0,-0.0037247207049979,-0.0037316747504516,1.1237576603338937,1.136287014540888,1.174256795524891,21.372401588395817,1.1251716493945914,1.1440519961250468,1.106291302664136,0.0335599403710788,0.0045633908395077,0.0041202446491672,1.1373624154440831,1.1063806210131144,-0.0198407018352901,0.0350579923487935,-1.8663090589641205,-1,0,0
2024-07-09,1.107553368324875,1.1086088993355594,1.1050504271113293,1.1061059581220136,8526.0,-0.0013068536869248,-0.0013077083649115,1.122076545837524,1.1351034437009322,1.173578677739788,20.518825459659823,1.1237904079714989,1.144027454703432,1.1035533612395652,0.0360156957887947,0.0045286261484929,0.0040942064503312,1.136766193768103,1.1050504271113293,-0.0181359359208833,0.0349371527221892,-1.7477302971860391,-1,0,0
2024-07-10,1.1061059581220136,1.1104623264419509,1.1050255340304518,1.109381902350389,1805.0,0.0029616911511238,0.002957313984301,1.1208675321720825,1.1340947558048324,1.1729399038553163,27.569637640590784,1.1226317444091725,1.1434023698200064,1.1018611189983385,0.0370034528495634,0.0046647213215937,0.0042047930579278,1.136766193768103,1.1050255340304518,-0.0146626295102572,0.0379813209592979,-1.2758250458719729,-1,0,0
2024-07-11,1.109381902350389,1.111221903312224,1.1085190162637255,1.1103590172255609,1160.0,0.0008807741257557,0.0008803864718324,1.1198667212247948,1.133163942527214,1.1723172084659657,29.57635936034633,1.1216271472115775,1.142746033998738,1.100508260424417,0.0376575885126589,0.0046575101399974,0.0041945983846154,1.136766193768103,1.1050255340304518,-0.0121040886105753,0.0384313622168627,-1.0671140102770278,-1,0,0
2024-07-12,1.1103590172255609,1.1109721963293802,1.1097239476682623,1.110337126772082,7500.0,-1.9714752741539776e-05,-1.971494707983183e-05,1.118959140800727,1.1322687732819148,1.1717004912351807,29.55660264132892,1.1206639305533526,1.1420075070421714,1.0993203540645338,0.0380909493148047,0.0043583654784199,0.0039252632136064,1.136766193768103,1.1050255340304518,-0.0104637964877107,0.0385548040997381,-0.9676732282127704,-1,0,0
2024-07-15,1.110337126772082,1.111993765307549,1.099704721538515,1.1013613600739818,1849.0,-0.0080838211041307,-0.0081166723481206,1.117283161683894,1.131056717861996,1.1710005993828303,22.82423504992361,1.1189594616687724,1.1407705621663395,1.0971483611712052,0.0389846124810258,0.0048607897465695,0.0044134376988158,1.1366085922409432,1.099704721538515,-0.015372076923975,0.039742682510443,-1.6136830506790285,-1,0,0
2024-07-16,1.1013613600739818,1.1024157815120563,1.094610011566494,1.0956644330045688,2526.0,-0.0051726229700216,-0.0051860472968807,1.115224235143006,1.129668785122489,1.170250985787027,19.749405034339304,1.1170332981010926,1.139957642144357,1.0941089540578286,0.0410450504604194,0.0053077427331696,0.0048443141652545,1.1364510828345715,1.094610011566494,-0.01773727673887,0.0417528204986486,-1.8642945731572769,-1,0,0
2024-07-17,1.0956644330045688,1.0962516359616383,1.089556001645034,1.0901432046021031,8131.0,-0.005039160016653,-0.0050518993986998,1.1128355655676818,1.1281187623569835,1.1694538934369283,17.314831545651998,1.1148069941605707,1.139125784501779,1.0904882038193624,0.0436287006963387,0.0055987298754592,0.0051357746870538,1.1362838375479796,1.089556001645034,-0.018126074618518,0.0425227274688449,-2.028373057411032,-1,0,0
2024-07-18,1.0901432046021031,1.092519127659231,1.0888698777090704,1.091245800766198,3694.0,0.0010114232326909,0.0010109120888393,1.1107793974913502,1.1266727638632272,1.168675703460105,19.450324362086008,1.1126509376141145,1.1373117268982624,1.087990148329966,0.0443279890403524,0.0055347295761655,0.0050719366546743,1.135898133219935,1.0888698777090704,-0.0185153165691343,0.0434441230576616,-1.7359652686927804,-1,0,0
2024-07-19,1.091245800766198,1.0924235271307408,1.0890264850649856,1.0902042114295285,3097.0,-0.0009544956195371,-0.0009549514405569,1.108819855961653,1.125242624552102,1.167894892594129,18.952359703748726,1.110429873627906,1.1347567961930582,1.0861029510627536,0.0438153243944588,0.0052957142851173,0.0048575434121404,1.1350172936242304,1.0888698777090704,-0.0193307733122745,0.0428631753379024,-1.6628212750058555,-1,0,0
2024-07-22,1.0902042114295285,1.0903835472664982,1.0836587860732598,1.0838381219102298,3837.0,-0.0058393550974739,-0.0058564707937274,1.1064406431948508,1.123618918566146,1.1670585068161798,16.219216198005782,1.1081231386148391,1.133378966124988,1.0828673111046905,0.0455830703828074,0.0053848563902583,0.0049683216353081,1.130882341368925,1.0836587860732598,-0.0214122832297585,0.044414246198925,-1.923121837512603,-1,0,0
2024-07-23,1.0838381219102298,1.0894113937668994,1.0826904167311424,1.088263688587812,2294.0,0.0040832358524005,0.0040749220686299,1.104709504660847,1.1222324389591525,1.1662744787741066,24.383134434390385,1.1062094852166624,1.13139057650861,1.081028393924715,0.0455268041514134,0.0052372333625311,0.004812467251689,1.1269878005398253,1.0826904167311424,-0.0161307055650389,0.0492972594005037,-1.4253390705579998,-1,0,0
2024-07-24,1.088263688587812,1.089813803710626,1.0860369860998025,1.0875871012226164,9849.0,-0.0006217127083176,-0.0006219060518037,1.1030787995714917,1.120873798263602,1.165491519793495,23.998125135061585,1.104294319458036,1.128994679095363,1.079593959820709,0.0447351022315311,0.0052088442429587,0.0047893582381615,1.1262379013072623,1.0826904167311424,-0.0196458956844322,0.0492827293487104,-1.352791496215453,-1,0,0
2024-07-25,1.0875871012226164,1.0895638932876262,1.0859490887118306,1.0879258807768404,3722.0,0.0003114964804595,0.0003114479755034,1.1016356644481915,1.1195817230680427,1.1647197223903445,24.639780505032505,1.1024924349021363,1.1263962880330485,1.0785885817712242,0.0433632964257645,0.00529333896658,0.0048655327169901,1.1252935760269605,1.0826904167311424,-0.0202034982385912,0.0498101748397969,-1.2187620167778466,-1,0,0
2024-07-26,1.0879258807768404,1.0915412707562673,1.0870981606824586,1.0907135506618857,7538.0,0.002562371145224,0.0025590938694851,1.10059546313521,1.1184496378756446,1.1639833425721509,29.885377951511074,1.1009241961342902,1.1234960460939027,1.0783523461746776,0.0410052754565116,0.0051474007772774,0.0047192966238971,1.123688734687638,1.0826904167311424,-0.0176735296308113,0.0519757117132441,-0.9047238476841244,-1,0,0
2024-07-29,1.0907135506618857,1.0913431863027212,1.0825995872178569,1.0832292228586926,7743.0,-0.0068618637759209,-0.006885514617825,1.098941535489827,1.1170684451298816,1.1631798189929123,24.8784411495062,1.0991578629164231,1.1214473782162837,1.0768683476165626,0.0405574413864797,0.0055177669816085,0.005093812893126,1.1197410639301897,1.0825995872178569,-0.0164633860171662,0.0551969544792276,-1.4292495680989672,-1,0,0
2024-07-30,1.0832292228586926,1.0914314255846644,1.0822005108545434,1.0904027135805152,9207.0,0.006622320161278,0.0066004889283921,1.098128314355607,1.1160227301671612,1.1624556686903014,35.95404658616002,1.0979055251492948,1.1191300197097451,1.0766810305888446,0.0386636082509269,0.0057887757186529,0.005308841996224,1.1172525868299903,1.0822005108545434,-0.0048023092340642,0.0621755596392206,-0.7069955468113119,-1,0,0
2024-07-31,1.0904027135805152,1.0922376556137272,1.084319346222144,1.086154288255356,6912.0,-0.0038961984157293,-0.0039038083698019,1.096987930917488,1.1148514187196394,1.161696450974531,32.86373717443993,1.0966998392964145,1.1177059193166077,1.0756937592762212,0.0383078017658316,0.0061613058860161,0.0056725880960363,1.1131369937877198,1.0822005108545434,-0.0036590755507239,0.0616683202021538,-1.0040474977645646,-1,0,0
2024-08-01,1.086154288255356,1.0903093162971993,1.0852713480791238,1.0894263761209673,9558.0,0.0030125442591284,0.0030080156405015,1.0962677828416287,1.113854358225574,1.1609773457521075,37.33145226425222,1.0955795722535808,1.1155521467078822,1.0756069977992797,0.0364602899873684,0.0064320001400845,0.0059040246142988,1.1129788569240693,1.0822005108545434,-0.0016672913141597,0.0627831337824965,-0.6161645457066645,-1,0,0
2024-08-02,1.0894263761209673,1.0909952121155049,1.084001853260537,1.0855706892550747,2858.0,-0.0035391899355523,-0.0035454676847269,1.0952490120238618,1.1127451947365348,1.1602270307620872,34.4243794490541,1.0942734007950643,1.1131980168006426,1.0753487847894865,0.0345884602364053,0.0060537369319369,0.0055765478856942,1.1128668657371592,1.0822005108545434,-0.0042501415109907,0.0633120665993967,-0.9197239761614884,-1,0,0
2024-08-05,1.0855706892550747,1.0871967159203604,1.0834232724139752,1.0850492990792608,5609.0,-0.0004802913167927,-0.0004804066936116,1.0942776107910428,1.1116590811813474,1.159478993630915,34.038372096142666,1.0931481973327837,1.1114127735754709,1.0748836210900965,0.0334164686677463,0.0057657136148528,0.0053137803229268,1.111993765307549,1.0822005108545434,0.0011174889907881,0.0626266984614113,-0.886842174262378,-1,0,0
2024-08-06,1.0850492990792608,1.08523618698152,1.0830583876980162,1.0832452756002753,5606.0,-0.0016626189063634,-0.0016640025910836,1.0932269122014455,1.1105448142958152,1.1587204491728986,32.673206786862366,1.092005163206697,1.1097080252660827,1.0743023011473112,0.0324226709833512,0.0054430111124885,0.0050247263801564,1.111993765307549,1.0822005108545434,-0.0046113943157002,0.0626611493251358,-0.989657782683481,-1,0,0
2024-08-07,1.0832452756002753,1.083602051972865,1.0818450966803916,1.0822018730529814,8743.0,-0.0009632191072476,-0.0009636833008759,1.0921769084730206,1.109433326403939,1.1579590703060338,31.87688834441451,1.0906461617418264,1.1068411871582573,1.0744511363253957,0.0296980377037526,0.005307847208368,0.0049046738326132,1.111993765307549,1.0818450966803916,-0.0049515373652198,0.0608628077866772,-1.042824999864178,-1,0,0
2024-08-08,1.0822018730529814,1.083891785512805,1.0805581971859552,1.0822481096457788,7233.0,4.272455440035294e-05,4.272364173257405e-05,1.0912313085847118,1.1083672394722468,1.157205727413892,31.95602966139583,1.0892406163628374,1.10291536435876,1.0755658683669147,0.0251087735629709,0.0053033147984462,0.004900276333291,1.111993765307549,1.0805581971859552,-0.0052188951760273,0.060548754924274,-1.0226889327896238,-1,0,0
2024-08-09,1.0822481096457788,1.084384070253323,1.0805166491608578,1.082652609768402,1309.0,0.0003737591399033,0.0003736893093553,1.0904142896498252,1.1073588226211155,1.156463905347768,32.692725671247885,1.0878563905126533,1.097570855429268,1.0781419255960385,0.0178598296637974,0.0050992190769624,0.0047099309889007,1.111993765307549,1.0805166491608578,-0.0073905205345544,0.0606728787959186,-1.0713468603610228,-1,0,0
2024-08-12,1.082652609768402,1.0839357069515294,1.0768472983472956,1.0781303955304231,4338.0,-0.0041769762499775,-0.0041857241837131,1.089244394971787,1.10621260979403,1.1556844674391378,28.922620473575364,1.0866948422854754,1.0950738678008227,1.078315816770128,0.0154211195071562,0.0051254641889964,0.004754029948738,1.1024157815120563,1.0768472983472956,-0.0047070621994608,0.0562653580150628,-2.0442584258432634,-1,0,0
2024-08-13,1.0781303955304231,1.0841527824761037,1.07723181321047,1.0832542001561507,7668.0,0.0047524906513805,0.0047412332208171,1.0886739002274406,1.1053122800043091,1.1549637682621927,37.69029014431934,1.0860743306430547,1.093432420961866,1.0787162403242434,0.013549883486252,0.0053500464500543,0.0049388651798286,1.0962516359616383,1.0768472983472956,-0.0065558470602949,0.0576547638626295,-0.7665386981440502,-1,0,0
2024-08-14,1.0832542001561507,1.084669927039862,1.0816207101237802,1.0830364370074916,4942.0,-0.0002010268214308,-0.0002010470300306,1.0881369989683978,1.104438717533846,1.1542480734238376,37.47869110298206,1.085718992263324,1.0929347622383336,1.0785032222883146,0.0132921502275045,0.0053096473315033,0.0049025565069392,1.092519127659231,1.0768472983472956,-0.002870541765178,0.0551775623557868,-0.7435257124667373,-1,0,0
2024-08-15,1.0830364370074916,1.0876660993688605,1.0807279924185054,1.085357654779874,8044.0,0.0021432499342275,0.0021409564505085,1.0878722995218717,1.103690440563102,1.15356259662141,41.26402816558444,1.0854245849640078,1.0921550543614162,1.0786941155665994,0.01240154219951,0.0054878613941138,0.0050562700414425,1.0924235271307408,1.0768472983472956,-0.0037347373170644,0.0556840629351506,-0.0198887121185373,-1,0,0
2024-08-16,1.085357654779874,1.0865478582615355,1.0819980096127162,1.0831882130943775,8163.0,-0.0019988265397513,-0.0020008268594919,1.0874261960525866,1.10288643164276,1.1528623539992504,38.89388490464394,1.0850737850472505,1.0914788259128472,1.0786687441816534,0.0118057240970354,0.0051883077915391,0.0047898488266573,1.0922376556137272,1.0768472983472956,-0.0021946762051321,0.0559782759771838,-0.5887774933647754,-1,0,0
2024-08-19,1.0831882130943775,1.0837644075079054,1.0732785424933755,1.0738547369069031,8168.0,-0.0086166707453466,-0.0086540088944637,1.0861336761339502,1.1017479338099814,1.1520762085555456,30.71887319142836,1.084574615797084,1.0927080216908864,1.0764412099032814,0.0149983334946946,0.0052779470975683,0.0049149544311466,1.0922376556137272,1.0732785424933755,-0.0103171000449998,0.0603126078683118,-2.6360122758287874,-1,0,0
2024-08-20,1.0738547369069031,1.075995172860664,1.072464551395579,1.07460498734934,1409.0,0.0006986517046037,0.0006984077611159,1.0850357057735112,1.1006835045370151,1.151305350633096,31.956924137006094,1.0838916807351602,1.0929607677508135,1.0748225937195068,0.0167343050543614,0.0049645408171041,0.0046198750941496,1.0922376556137272,1.072464551395579,-0.0079762990391509,0.0580899206239185,-2.0479885946162337,-1,0,0
2024-08-21,1.07460498734934,1.0758954596131003,1.069208727176963,1.0704991994407236,5248.0,-0.0038207415347512,-0.0038280592129403,1.08365127659896,1.099499806297945,1.1505013093276992,28.911998943395176,1.0830372856460655,1.0937171458357724,1.072357425456359,0.0197220545058812,0.0050823096898229,0.0047476071840858,1.0922376556137272,1.069208727176963,-0.0108137621119095,0.0591870756187889,-2.3479869553772432,-1,0,0
2024-08-22,1.0704991994407236,1.0716441482310288,1.0689974479295108,1.070142396719816,8699.0,-0.00033330498621,-0.0003333605446626,1.08236471661047,1.098348535334097,1.1497017181574716,28.65646383123949,1.0821481114432143,1.0940100310335668,1.0702861918528623,0.0219229132591332,0.0047718340788622,0.0044590646006445,1.0922376556137272,1.0689974479295108,-0.0111857094672357,0.0590727991805541,-2.024244833553453,-1,0,0
2024-08-23,1.070142396719816,1.073283330350951,1.0694969960793066,1.0726379297104416,3556.0,0.0023319634828737,0.0023292486757659,1.0814383559533245,1.097340276290032,1.148934914292327,33.10950504804289,1.0812443303956425,1.093112818542084,1.0693758422492006,0.0219533879860417,0.0047727548478093,0.0044495488324729,1.0922376556137272,1.0689974479295108,-0.0092501324687174,0.0589033902432179,-1.450294355777905,-1,0,0
2024-08-26,1.0726379297104416,1.0735318859327942,1.0698956747576795,1.0707896309800322,8892.0,-0.0017231338545974,-0.0017246201573823,1.0804241916701538,1.096299074513169,1.1481573492842445,31.53932997227379,1.0806223508017092,1.0933272074873783,1.06791749411604,0.0235139624425562,0.0048769271257815,0.0045545147101564,1.0922376556137272,1.0689974479295108,-0.0068087910152828,0.0545887948532357,-1.5478678846913836,-1,0,0
2024-08-27,1.0707896309800322,1.0720541051704326,1.0616556383120717,1.062920112502472,6469.0,-0.0073492666065113,-0.0073764055154782,1.0787571365113269,1.094990095610789,1.1473092175749733,25.906093345230005,1.079248220747807,1.0933654938390716,1.0651309476565425,0.0261613089924444,0.0054941779519163,0.0051689472118287,1.0922376556137272,1.0616556383120717,-0.018771298233367,0.0526621643721491,-2.313209943560302,-1,0,0
2024-08-28,1.062920112502472,1.0673007246506918,1.0618221497277656,1.0662027618759853,7288.0,0.0030883312253682,0.003083572126421,1.0775614817841517,1.0938611805623653,1.146502188165033,31.40948729393905,1.0782506444288384,1.093113170291223,1.0633881185664542,0.0275678497187582,0.0056473912802075,0.0052967329312399,1.0909952121155049,1.0616556383120717,-0.015543036740314,0.0538652770685058,-1.621242938704699,-1,0,0
2024-08-29,1.0662027618759853,1.0678232211503231,1.0597217445980551,1.0613422038723932,6642.0,-0.0045587557802232,-0.0045691785961331,1.0760167886496983,1.0925859265745232,1.1456548251372456,28.0833283262547,1.0768464358164098,1.0925463322488524,1.0611465393839672,0.0291590256702475,0.0059498238130505,0.0056059429195806,1.0909952121155049,1.0597217445980551,-0.022126762364201,0.0532328315541769,-1.9750744230360968,-1,0,0
2024-08-30,1.0613422038723932,1.0622626654741796,1.060833993027212,1.0617544546289983,7043.0,0.0003884239740028,0.0003883485569396,1.074658471123917,1.0913768492433262,1.1448199955799496,28.77228385280713,1.075655624085106,1.092161487154814,1.0591497610153982,0.0306898652321869,0.0055455569446744,0.0052230126471305,1.0876660993688605,1.0597217445980551,-0.0197876585124102,0.0528656441678561,-1.684391709467121,-1,0,0
2024-09-02,1.0617544546289983,1.0628996793262018,1.0586077067462905,1.059752931443494,8340.0,-0.0018851092894202,-0.0018868883440966,1.073238895916258,1.0901366956041172,1.1439735571308307,27.399843322142644,1.0743908057033178,1.0917220424377618,1.0570595689688738,0.0322624442473679,0.0053577714671228,0.0050556797798379,1.0876660993688605,1.0586077067462905,-0.0131319488369792,0.0528812615820609,-1.689189811911409,-1,0,0
2024-09-03,1.059752931443494,1.062571631763598,1.058979126337604,1.0617978266577082,9396.0,0.0019295961856211,0.0019277369062893,1.0721492702725866,1.0890253674101404,1.1431558881708992,31.02008029936158,1.0733184332561894,1.0909935583451251,1.0556433081672534,0.0329354729058624,0.0053965777892594,0.0050824908977696,1.0876660993688605,1.0586077067462905,-0.0119180171713351,0.0539667613733931,-1.3035954812781223,-1,0,0
2024-09-04,1.0617978266577082,1.0638250699994007,1.0556172751123043,1.0576445184539969,2905.0,-0.0039115809991672,-0.0039192512405041,1.0707678653374828,1.0877947458824486,1.142305028770731,27.969440032965664,1.07209056552624,1.0905613141913078,1.0536198168611723,0.0344574409271128,0.0054872697847409,0.0051881985761737,1.0876660993688605,1.0556172751123043,-0.0120081182624354,0.0549503611057129,-1.5642080712801747,-1,0,0
2024-09-05,1.0576445184539969,1.0641905939584333,1.0558964303926248,1.0624425058970612,4737.0,0.0045364840070061,0.0045262251777423,1.0699749739622046,1.0868005403928258,1.1415103768018389,35.82155905402293,1.0711002853388043,1.0894009721090856,1.052799598568523,0.0341717522080437,0.0057547208502401,0.0054165009572741,1.0876660993688605,1.0556172751123043,-0.0071952021024084,0.0584390737876197,-0.9461698951978692,-1,0,0
2024-09-06,1.0624425058970612,1.0702346390517656,1.061187715645224,1.0689798487999285,9079.0,0.0061531262789109,0.0061342730952295,1.069880200137226,1.086101689742124,1.1407886800058,44.671595716904655,1.0704166472903809,1.0879037235951232,1.052929570985638,0.0326734012386836,0.0056519393068124,0.0052872271756642,1.0876660993688605,1.0556172751123043,-0.0034103594597858,0.0635122139805237,-0.1643268966651143,-1,0,0
2024-09-09,1.0689798487999285,1.0703752470849883,1.0613930256173552,1.0627884239024152,3678.0,-0.0057919004782587,-0.0058087385817247,1.0692047928767678,1.08518744402292,1.1400125580545226,39.16338933351276,1.06964954870898,1.0870577065334128,1.0522413908845474,0.0325492734427712,0.0060413393069944,0.0056844233255867,1.0876660993688605,1.0556172751123043,-0.0074722493066111,0.0649515797799939,-0.7882654644749515,-1,0,0
2024-09-10,1.0627884239024152,1.0642861698156592,1.0593837468057543,1.0608814927189982,7800.0,-0.0017942716918339,-0.0017958833253802,1.0684120976236469,1.084234269461982,1.1392251842700896,37.62459810388888,1.0685309133371226,1.0851138733130978,1.051947953361147,0.0310388024698042,0.0059138886336921,0.0055745044797935,1.0876660993688605,1.0556172751123043,-0.0019179426181655,0.0617284258428964,-0.9225639607412104,-1,0,0
2024-09-11,1.0608814927189982,1.0665450825845586,1.059586082368948,1.0652496722345084,9490.0,0.0041174999710049,0.0041090462654759,1.0681109142532528,1.0834897754530617,1.1384891095234668,43.1362880523539,1.0676415750984731,1.082795258295708,1.0524878919012388,0.0283872107468966,0.0062219100561273,0.005840799784595,1.0876660993688605,1.0556172751123043,-0.0008939103100801,0.0643506368993944,-0.3156860062115428,-1,0,0
2024-09-12,1.0652496722345084,1.0721967744701335,1.0639106325406484,1.0708577347762736,5129.0,0.0052645522340331,0.0052507429242723,1.068372516207826,1.0829944013088737,1.137816160521007,49.32705710767767,1.0669165790982933,1.079704187107942,1.0541289710886446,0.0239711487480234,0.0065433248888302,0.0061103587118388,1.0865478582615355,1.0556172751123043,0.0089655634809981,0.0671497722143383,0.6164023287242614,-1,0,0
2024-09-13,1.0708577347762736,1.0723269484239075,1.061571184435702,1.0630403980833358,4261.0,-0.007300070251228,-0.0073268461542965,1.0678646954340651,1.0822118913784604,1.1370721230838166,42.39784531935464,1.0659091883477412,1.0762374413437694,1.055580935351713,0.0193792362594002,0.0070518643754795,0.0066336748708648,1.0837644075079054,1.0556172751123043,0.0012111495729838,0.0710699251419222,-0.5555228489287685,-1,0,0
2024-09-16,1.0630403980833358,1.0647417850276613,1.0549352490180766,1.056636635962402,3819.0,-0.0060240063618276,-0.0060422238866539,1.066795356436764,1.0812089401856737,1.1362717699781308,37.72301278987237,1.0650482833005162,1.0754580073282904,1.054638559272742,0.019547891285295,0.0070095836005669,0.0066338638676696,1.075995172860664,1.0549352490180766,-0.0029405867996489,0.067874196639816,-1.6161134177373102,-1,0,0
2024-09-17,1.056636635962402,1.0581462425119394,1.0508364108545842,1.0523460174041217,6216.0,-0.0040606376991388,-0.0040689044749107,1.0654192289098456,1.080077060860907,1.1354366878629667,34.94296996761679,1.0639353348032554,1.0747929303746646,1.0530777392318462,0.0204102546766472,0.0071403876530261,0.0067852089853865,1.0758954596131003,1.0508364108545842,-0.0089017033339939,0.0685799662297392,-2.134785242812211,-1,0,0
2024-09-18,1.0523460174041217,1.0544331116396266,1.0477802046459188,1.0498672988814235,5839.0,-0.0023554215834943,-0.0023581999525901,1.0639380927166626,1.078892364312692,1.1345852511566827,33.411079846026865,1.0629037397752903,1.074986843352277,1.0508206361983037,0.0227360260855627,0.0070369183988433,0.0067026741439997,1.0735318859327942,1.0477802046459188,-0.0073533398385512,0.0679857978552745,-2.1577967631918136,-1,0,0
2024-09-19,1.0498672988814235,1.0556660434474323,1.0495702470569428,1.0553689916229516,7515.0,0.0052403696613749,0.0052266867059602,1.0631219878505949,1.077969879109173,1.133797029668785,39.72710243342874,1.062165069520447,1.074191078288278,1.050139060752616,0.0226443311174986,0.0073702843948091,0.0069836090062444,1.0735318859327942,1.0477802046459188,-0.0066577854658941,0.0714613703820093,-1.1302299921274856,-1,0,0
2024-09-20,1.0553689916229516,1.059105063648098,1.0540147916538405,1.0577508636789867,1103.0,0.0022569092658031,0.0022543662715721,1.0626104522152036,1.0771769765432833,1.13304035140023,42.27967023317649,1.0614207162188742,1.072524924890878,1.0503165075468706,0.0209232936616509,0.0074273057815482,0.0070217912710703,1.0735318859327942,1.0477802046459188,-0.0105043936361829,0.0714198260076662,-0.6609840733883323,-1,0,0
2024-09-23,1.0577508636789867,1.0679602458461042,1.0571702446320128,1.0673796267991302,1310.0,0.0091030538955585,0.0090618708394881,1.0630646593184347,1.076792766749395,1.1323870108569354,51.26498117851182,1.0612502160098294,1.0718415931746457,1.050658838845013,0.0199601884740029,0.0079414126235551,0.0074401013699034,1.0723269484239075,1.0477802046459188,0.0043199594514369,0.0792501968806893,1.1574341455164587,-1,0,0
2024-09-24,1.0673796267991302,1.0733426923360696,1.0663223202387226,1.072285385775662,2901.0,0.0045960770220463,0.0045855473112975,1.0639428237429325,1.0766160067112094,1.1317889847367235,55.10002877126271,1.0617184796734889,1.0733934013702002,1.0500435579767775,0.0219924997449451,0.0078565967100016,0.0073269642711006,1.0733426923360696,1.0477802046459188,0.0107494504663627,0.0761350835995757,1.810188774996178,-1,0,0
2024-09-25,1.072285385775662,1.0724239617682023,1.0681630411084868,1.0683016171010271,3153.0,-0.0037152130649931,-0.0037221316102813,1.0643579469198938,1.0762899522166924,1.131157269635871,51.55230119004762,1.061823422434741,1.0737039831677515,1.0499428617017303,0.0223776580587545,0.007568507930995,0.0070846171248276,1.0733426923360696,1.0477802046459188,0.002865004276525,0.0768346852559392,1.0905536888147582,0,0,0
2024-09-26,1.0683016171010271,1.0713973035650668,1.067425764617703,1.070521451081743,2659.0,0.0020779094079623,0.0020757535401572,1.0649449473162604,1.07606373648591,1.1305539281577204,53.35456616053197,1.0622823847952083,1.0747779662281018,1.0497868033623148,0.0235259129055453,0.0072059804696251,0.0067312807812899,1.0733426923360696,1.0477802046459188,-0.0003140320918549,0.0750780833688818,1.3187167529228787,0,0,0
2024-09-27,1.070521451081743,1.0740975925143332,1.069443398628045,1.0730195400606355,7251.0,0.0023335253827641,0.0023308069406225,1.065713956149058,1.0759443562339386,1.1299814466841176,55.366787392874286,1.0628456390667902,1.0762253218050493,1.0494659563285311,0.0251770948601846,0.0068968356423862,0.0064275023752097,1.0740975925143332,1.0477802046459188,0.0093873591213391,0.0753768002585185,1.5207985410226772,0,0,0
2024-09-30,1.0730195400606355,1.0733811275912428,1.0718291387830496,1.072190726313657,1027.0,-0.0007724125386678,-0.0007727110029344,1.0663307914028293,1.0757971550605945,1.1294064146406304,54.52634737680656,1.0634675288102984,1.0773872720889726,1.0495477855316242,0.0261780315836181,0.0066575189136925,0.0062092673908699,1.0740975925143332,1.0477802046459188,0.0147203776793978,0.0750048401865262,1.2533560897955631,0,0,0
2024-10-01,1.072190726313657,1.0740351834140005,1.0717934908408808,1.073637947941224,7413.0,0.0013497800270507,0.0013488698928852,1.0670267110731526,1.0757124802715994,1.1288515045242185,55.78834052136661,1.064059534874474,1.078670248664486,1.049448821084462,0.0274622111097112,0.0063205683678003,0.0058870575317503,1.0740975925143332,1.0477802046459188,0.0202328228405561,0.0748960798638338,1.3111492298614291,0,0,0
2024-10-02,1.073637947941224,1.0745534096683227,1.0699874114417067,1.0709028731688053,6550.0,-0.0025474833277489,-0.0025507336847284,1.0673958693679766,1.0755238682283528,1.1282749012271498,52.80572672271634,1.0647224526102146,1.0793107405784033,1.050134164642026,0.0274029873840357,0.0060548438175953,0.005653961689055,1.0745534096683227,1.0477802046459188,0.0200364125159377,0.07396538906785,0.84731266233129,0,0,0
2024-10-03,1.0709028731688053,1.072040429216417,1.067912510326084,1.0690500663736957,3528.0,-0.0017301352359128,-0.0017316336484336,1.06755341193995,1.0752699936458172,1.127685599387812,50.82345414961521,1.065052830634046,1.0797227661187945,1.050382895149298,0.0275478080763653,0.0055814263106044,0.0052209213451874,1.0745534096683227,1.0477802046459188,0.0129633093821577,0.0729169068486382,0.5449561443273412,0,0,0
2024-10-04,1.0690500663736957,1.071422508821754,1.067411987967268,1.069784430415326,3068.0,0.0006869313839727,0.0006866955546025,1.0677658898899858,1.0750548735191314,1.1271094683532596,51.598991486684085,1.065093059714816,1.0798126669828032,1.050373452446829,0.0276400397762959,0.0051674252280974,0.0048303425261959,1.0745534096683227,1.0477802046459188,0.0113765605394877,0.0696245048169597,0.63743150412893,0,0,0
2024-10-07,1.069784430415326,1.0712776430220268,1.0584853856675236,1.0599785982742242,9471.0,-0.0091661757848681,-0.0092084436622548,1.067024243069437,1.074463647038939,1.126441499496752,42.06055085013693,1.0649525684334065,1.0798177102418856,1.0500874266249274,0.0279170025954233,0.005559027063608,0.0052444710418293,1.0745534096683227,1.0477802046459188,-0.0069338296694871,0.0742538402755985,-0.6692126080284109,0,0,0
2024-10-08,1.0599785982742242,1.0606063698371635,1.0548541533254872,1.0554819248884264,9273.0,-0.0042422303555175,-0.0042512541444154,1.0659249746712454,1.0737192657781347,1.1257354340777637,38.54201369180511,1.064682590041878,1.080046805196308,1.0493183748874475,0.0288615880416075,0.0054946920291771,0.0052058608485957,1.0745534096683227,1.0477802046459188,-0.015670698407477,0.0754833117709656,-1.197674604393776,0,0,0
2024-10-09,1.0554819248884264,1.0570780471665346,1.0448768694007686,1.0464729916788769,8230.0,-0.0085353742182765,-0.0085720091355722,1.0640724048624484,1.072650784440909,1.1249467530588697,32.6491571726405,1.0637437560140963,1.081124449861457,1.046363062166736,0.0326783471096211,0.0059307906988397,0.0056674092365488,1.0745534096683227,1.0448768694007686,-0.0204330172984151,0.0790628955936128,-1.9873503885280708,0,0,0
2024-10-10,1.0464729916788769,1.0483390604436371,1.0399777149027472,1.0418437836675076,5876.0,-0.004423628749312,-0.0044334419456196,1.0619553933200732,1.0714426667635206,1.1241198578410452,30.10227530683393,1.062293058458658,1.0818773168549478,1.0427088000623683,0.0368716678328025,0.0061644388093135,0.0059168552003193,1.0745534096683227,1.0399777149027472,-0.0267885032899217,0.0765196658649525,-2.088337927059265,0,0,0
2024-10-11,1.0418437836675076,1.0424260622526176,1.0384798756425797,1.0390621542276894,2126.0,-0.0026699102911823,-0.0026734808584761,1.0597750848350842,1.0701728427425077,1.1232735125314597,28.65575053370742,1.0610941462658758,1.0832524222599191,1.0389358702718323,0.0417649575620053,0.0056755949090239,0.0054622284970455,1.0745534096683227,1.0384798756425797,-0.0316465679935588,0.0734574051699455,-1.988601644289404,0,0,-1
2024-10-14,1.0390621542276894,1.0409815217574558,1.0363977594060432,1.0383171269358096,4663.0,-0.0007170189856771,-0.0007172761667331,1.057731469797058,1.0689235989853825,1.1224281753613536,28.26399272978128,1.0601781708145464,1.084519349557322,1.0358369920717707,0.0459190340130735,0.0055015513557429,0.0052985270232213,1.0745534096683227,1.0363977594060432,-0.0315928859917578,0.0711469731010523,-1.796219000710887,0,0,-1
2024-10-15,1.0383171269358096,1.0398368466421877,1.0338159950953447,1.0353357148017228,7679.0,-0.0028713887662483,-0.0028755191114177,1.0555985407498834,1.0676064270566117,1.1215615837139945,26.6914154739479,1.0593276556844262,1.0859069477476502,1.0327483636212025,0.0501814371041813,0.0056272607048235,0.0054352038902677,1.0745534096683227,1.0338159950953447,-0.0356751856740427,0.0705612303113855,-1.8053107528698669,0,0,-1
2024-10-16,1.0353357148017228,1.0369951712491192,1.029346601058331,1.0310060575057274,5707.0,-0.0041818873183802,-0.004190655863736,1.0532563994885351,1.0661711184467728,1.1206605337019715,24.55477872768671,1.0583845936156415,1.0875862748668417,1.0291829123644416,0.0551816068135335,0.0058899057936395,0.005712775158556,1.0745534096683227,1.029346601058331,-0.0372553073324223,0.0713865049617393,-1.8751342345255653,0,0,-1
2024-10-17,1.0310060575057274,1.0318041431542926,1.027360516301982,1.028158601950547,8867.0,-0.0027618223330996,-0.0027656432010599,1.0508661330563458,1.0646804315253522,1.1197401164706142,23.237330843468,1.0570240741320212,1.0892012247172067,1.0248469235468356,0.0608825311979917,0.0058748652912125,0.0057139679423653,1.0745534096683227,1.027360516301982,-0.0382502800470849,0.0678249799135056,-1.7941596229943229,0,0,-1
2024-10-18,1.028158601950547,1.030957709338952,1.0274038435180708,1.0302029509064756,7764.0,0.0019883595313505,0.0019863853610114,1.0488982109468343,1.0633283734618668,1.1188491994003245,26.29490965684478,1.0556466784933956,1.0899791179550429,1.0213142390317484,0.0650453227601604,0.0060178565064045,0.0058414281390957,1.0745534096683227,1.027360516301982,-0.03699949109699,0.0676448315258963,-1.482197477714522,0,0,-1
2024-10-21,1.0302029509064756,1.033367970623944,1.028958753382054,1.0321237730995223,2486.0,0.0018645085333492,0.0018627724948845,1.0473006454375666,1.0621046636437357,1.1179862598351424,29.150407074521496,1.0538838858084152,1.0892836156269237,1.0184841559899067,0.0671795636980519,0.006172679697031,0.0059805614965094,1.0745534096683227,1.027360516301982,-0.0262786675316398,0.0568911075386015,-1.2293942818465116,0,0,-1
2024-10-22,1.0321237730995223,1.0335967921249525,1.0281362696247274,1.0296092886501576,5887.0,-0.0024362237503876,-0.0024391961721062,1.0456157543149562,1.0608303352126152,1.1171068869875307,27.64074249181748,1.05175008095214,1.0876211880504252,1.015878973853855,0.0682122259801707,0.0062365742880031,0.0060572241885846,1.0745534096683227,1.027360516301982,-0.0245126284289556,0.0518698182982516,-1.2344638397313905,0,0,-1
2024-10-23,1.0296092886501576,1.0331913030839923,1.0284722794466672,1.0320542938805022,4826.0,0.0023746922811371,0.0023718771552464,1.044324186654532,1.0597018630035129,1.1162605925287543,31.36302636334653,1.0499377147911138,1.0859502120331015,1.013925217549126,0.0685993021007964,0.0062787960556454,0.0060837846350479,1.0745534096683227,1.027360516301982,-0.0137783754698174,0.053707436305965,-0.9931786063289652,0,0,-1
2024-10-24,1.0320542938805022,1.0336684174005295,1.0249641567906749,1.026578280310702,4045.0,-0.0053059355522958,-0.0053200620199135,1.042634100336072,1.0584028989763437,1.115368231213152,27.901183005684985,1.047740556252562,1.0838272870558037,1.01165382544932,0.0688848600693909,0.0066140631810289,0.0064428239987963,1.0745534096683227,1.0249641567906749,-0.0146523918423431,0.0531767743243422,-1.1728563641436245,0,0,-1
2024-10-25,1.026578280310702,1.0335555744460736,1.0253913437540922,1.032368637889464,1199.0,0.00564044426988,0.0056245965283745,1.041656437245919,1.057381947561172,1.1145423646129164,35.951680855781845,1.0457080111440031,1.0803500656738685,1.011065956614138,0.066255693101111,0.0062834898479916,0.0060864788190751,1.0745534096683227,1.0249641567906749,-0.0064418825293475,0.0579088418757925,-0.7701259890945145,0,0,-1
2024-10-28,1.032368637889464,1.0333274988273666,1.0286755288556055,1.0296343897935083,2225.0,-0.0026485191390018,-0.0026520326709589,1.0405114803456894,1.0562938080408713,1.1136975091420769,34.019954750710966,1.0435801943179956,1.0765612630070722,1.010599125628919,0.0632075404816023,0.0062049008094262,0.0060263146520102,1.0745534096683227,1.0249641567906749,-0.0083623171736798,0.0577973223372721,-0.8456854237174067,0,0,-1
2024-10-29,1.0296343897935083,1.0298895728435968,1.0274454721172823,1.027700655167371,6829.0,-0.0018780789038379,-0.001879844705245,1.039291401757278,1.055172507928185,1.1128418190527762,32.68248177511062,1.041283329679303,1.0717533190693538,1.010813340289252,0.0585239166355137,0.0055079667351797,0.0053595049370506,1.0745534096683227,1.0249641567906749,-0.0073744772108184,0.0564230997652255,-0.8915444201872202,-1,0,-1
2024-10-30,1.027700655167371,1.0329296772112675,1.0271252910431574,1.0323543130870538,3964.0,0.0045282231710992,0.0045180016139343,1.038630726645828,1.0542776767579447,1.1120409483466498,38.9072505046993,1.0393559016752154,1.0666481084300306,1.0120636949204005,0.0525175384309187,0.0053253267799811,0.0051584293420122,1.072040429216417,1.0249641567906749,0.0013077086904689,0.0611968302766212,-0.5130833611998983,-1,0,-1
2024-10-31,1.0323543130870538,1.0337056666120268,1.0297610915664177,1.0311124450913909,8344.0,-0.0012029474570117,-0.0012036715790827,1.03791469983112,1.0533692363004328,1.1112356896077915,37.90008471209463,1.0374590206111,1.0610893072175185,1.0138287340046817,0.0455541590307814,0.0053252116682362,0.0051645304967337,1.071422508821754,1.0249641567906749,0.0028729450254463,0.0612361834890064,-0.5371560341536904,-1,0,-1
2024-11-01,1.0311124450913909,1.0323128161944208,1.025795270263981,1.0269956413670112,3279.0,-0.0039925846535725,-0.0040005762983184,1.036874789501205,1.0523349776755926,1.1103974801725598,34.69387013400984,1.0353195811586846,1.053817722044022,1.016821440273347,0.0357341659946877,0.0054633390667381,0.0053197295554886,1.0712776430220268,1.0249641567906749,-0.0031132793170921,0.060969996953053,-0.8999758238701016,-1,0,-1
2024-11-04,1.0269956413670112,1.035314072292805,1.0262365765279111,1.034555007453705,2690.0,0.0073606603399327,0.0073337028819169,1.0366538578776336,1.051637723941401,1.109642828702721,44.05306708077008,1.0340484016176583,1.048452788934328,1.019644014300989,0.0278601800343878,0.0056816707965989,0.0054918982129165,1.0606063698371635,1.0249641567906749,0.0023555647273598,0.063491799271476,0.0703404907003978,-1,0,-1
2024-11-05,1.034555007453705,1.0411968448331126,1.0338233564240225,1.04046519380343,7814.0,0.0057127811543546,0.0056965251022236,1.037016842251519,1.051199585504618,1.108954494027106,50.07707014000465,1.0332975650634089,1.0441172787271351,1.0224778513996826,0.0209421061842186,0.0056620220979061,0.0054418178826421,1.0570780471665346,1.0249641567906749,0.0105437133026498,0.0669178377459886,1.32492022668787,-1,0,-1
2024-11-06,1.04046519380343,1.043319326494792,1.0393110619591612,1.0421651946505233,7002.0,0.0016338853593735,0.0016325520208404,1.0375071615276146,1.0508452956672023,1.1082899238840551,51.688430566216205,1.033082175211991,1.0429249347749407,1.0232394156490412,0.0190551338492119,0.0056309247895719,0.0054031019443708,1.0483390604436371,1.0249641567906749,0.0097968690503715,0.0605763578538055,1.845624569093944,-1,0,0
2024-11-07,1.0421651946505233,1.0438597068773858,1.0368309923044343,1.0385255045312969,5679.0,-0.0034924310828159,-0.0034985438566942,1.0376041465755843,1.0503621666030494,1.107595750557162,48.10819466452258,1.0329162612551803,1.0422350945077203,1.0235974280026408,0.0180437342349818,0.0058791282718626,0.0056610340778448,1.0438597068773858,1.0249641567906749,0.0116379086229829,0.0598002948835689,1.2038509809342512,-1,0,0
2024-11-08,1.0385255045312969,1.039902736716494,1.0364118278886671,1.0377890600738644,6642.0,-0.0007091250568418,-0.0007093766049413,1.0376217573849442,1.049869103601905,1.1069011566220048,47.3928888566106,1.0328526065474892,1.0420106830187927,1.0236945300761855,0.0177335592963572,0.0058135348137152,0.005601846307092,1.0438597068773858,1.0249641567906749,0.0052504715713583,0.059106642222443,1.0780546639555566,-1,0,0
2024-11-11,1.0377890600738644,1.039537176917694,1.033956691022175,1.0357048078660045,6908.0,-0.0020083582377632,-0.0020103776934822,1.0374391907640927,1.049313641024027,1.1061927352413483,45.33826401610339,1.032721990593999,1.0416228136292554,1.0238211675587428,0.0172375975651234,0.0058221036276648,0.0056213928751193,1.0438597068773858,1.0249641567906749,0.0058957025257417,0.0594751465915557,0.6702340357044456,-1,0,0
2024-11-12,1.0357048078660045,1.0366082889998631,1.0328502716148038,1.0337537527486624,8743.0,-0.0018837945933282,-0.0018855711658455,1.037088196667385,1.0487034493269536,1.1054719493458989,43.4397633472522,1.032642892491346,1.0414737586890868,1.0238120262936052,0.0171034270645788,0.0057534603239315,0.0055656004233441,1.0438597068773858,1.0249641567906749,0.0058899423201257,0.0589702037300565,0.2515857974613278,-1,0,0
2024-11-13,1.0337537527486624,1.0345522057154952,1.026957329158133,1.027755782124966,3130.0,-0.0058021270614481,-0.0058190247942297,1.036199395282393,1.0478819721817776,1.1046986541496706,38.150816699674536,1.0324803787223078,1.0415543593844672,1.0234063980601484,0.0175770520179538,0.0056742186058963,0.0055209795017299,1.0438597068773858,1.0249641567906749,-0.0044544115366137,0.0607230672191723,-1.0413503782401958,-1,0,0
2024-11-14,1.027755782124966,1.0291051726735092,1.022542736589061,1.0238921271376042,4392.0,-0.0037593123332988,-0.0037663963073956,1.0350272745066986,1.046941193944751,1.1038946091047743,35.17949279818713,1.0322670549816606,1.041949067761446,1.0225850422018752,0.0187587363813668,0.0055598047053582,0.0054300688109608,1.0438597068773858,1.022542736589061,-0.0070024544734754,0.0613914612310486,-1.7299972711339235,-1,0,0
2024-11-15,1.0238921271376042,1.0255466404109876,1.0207897113275617,1.022444224600945,7191.0,-0.0014141162904601,-0.001415117096517,1.033828888801389,1.045980528480288,1.1030841575176715,34.1074285596094,1.0318791186663845,1.0424868526258328,1.0212713847069357,0.0205600322122191,0.0055673017847629,0.0054450909407169,1.0438597068773858,1.0207897113275617,-0.0044317780745474,0.0609688225829823,-1.7788707939899238,-1,0,0
2024-11-18,1.022444224600945,1.0282912663162505,1.0220750400663408,1.027922081781646,7922.0,0.0053576097833982,0.0053433088485812,1.0332663357518894,1.0452723540999491,1.1023362761670643,41.385142908996826,1.0316690341004906,1.0424218028352723,1.020916265365709,0.020845384283841,0.0058367393221626,0.0056781923704237,1.0438597068773858,1.0207897113275617,-0.0064113803753985,0.0638597845161804,-0.696927909687899,-1,0,0
2024-11-19,1.027922081781646,1.02821535974712,1.0278786806184943,1.028171958583968,7318.0,0.0002430892445552,0.0002430597031522,1.0327811569739922,1.0446017503542246,1.1015983227582775,41.7014552825881,1.031597167597181,1.0424268379368662,1.0207674972574956,0.020995928798273,0.0054461888193422,0.0052969629971653,1.0438597068773858,1.0207897113275617,-0.0118151335505263,0.0633192289164301,-0.632560162179839,-1,0,0
2024-11-20,1.028171958583968,1.0288473361885964,1.027692808904568,1.0283681865091965,2764.0,0.0001908512711223,0.0001908330613354,1.032360874072583,1.0439651400073608,1.100869664686147,41.96631030301885,1.0314128622286156,1.042334847236795,1.0204908772204362,0.0211786868443347,0.005246899693515,0.0051021606486347,1.0438597068773858,1.0207897113275617,-0.0132387919037668,0.0626756986065963,-0.5575315690580449,-1,0,0
2024-11-21,1.0283681865091965,1.0293969610888989,1.0232154903497108,1.0242442649294132,2329.0,-0.004010160596062,-0.0040182228512422,1.0315878636779954,1.0431917723572453,1.100107222897523,38.05357696048395,1.0312961614595513,1.0424823330636428,1.0201099898554598,0.0216934223594126,0.0052228943227113,0.005099266358178,1.0438597068773858,1.0207897113275617,-0.0137514577538747,0.0614240760995506,-1.2608239493766975,-1,0,0
2024-11-22,1.0242442649294132,1.0243312133091045,1.0174832054860543,1.0175701538657451,8379.0,-0.0065161322276262,-0.0065374548952513,1.0302528436958762,1.0421870030046376,1.0992859585290478,32.7343249368794,1.0305562372583652,1.0432938557195208,1.0178186187972096,0.0247198900955508,0.0050636451840082,0.0049762123670505,1.0438597068773858,1.0174832054860543,-0.0194826742601044,0.0614955091572893,-2.039012776559746,-1,0,0
2024-11-25,1.0175701538657451,1.0177950942718552,1.014517038922796,1.014741979328906,2250.0,-0.0027793410863076,-0.0027832106262552,1.0287756185180694,1.0411107275663736,1.0984447249051656,30.77141654137561,1.0298116167351352,1.0443850218274917,1.015238211642779,0.0283030504910385,0.0047711142511489,0.004701800406744,1.0438597068773858,1.014517038922796,-0.0202401575988538,0.0615518047339637,-2.068101080115222,-1,0,0
2024-11-26,1.014741979328906,1.0229463583649947,1.0131644243038604,1.0213688033399493,3959.0,0.0065305507666353,0.0065093191061381,1.0280702075487247,1.0403365344594548,1.097677800312477,39.86996318553536,1.029495024143764,1.0445293355528482,1.01446071273468,0.0292071570167872,0.0051835192172563,0.0050750710226372,1.0438597068773858,1.0131644243038604,-0.0119805605307672,0.0664938917462859,-1.081023344894244,-1,1,0
2024-11-27,1.0213688033399493,1.0232150884468396,1.018799629171554,1.0206459142784443,1595.0,-0.0007077649710282,-0.0007080155548986,1.027363131999174,1.0395643532758858,1.0969113138842777,39.263744669814464,1.0289096042033337,1.0443806083204044,1.013438600086263,0.0300726206731243,0.0049968581245658,0.0048957802648908,1.0438597068773858,1.0131644243038604,-0.0069178573063547,0.0640014535636654,-1.0682810065018655,-1,1,0
2024-11-28,1.0206459142784443,1.0239668626313123,1.019493087948497,1.0228140363013651,8822.0,0.002124264637314,0.0021220115773556,1.026929884789859,1.0389074781004144,1.096174027540169,42.106939509303146,1.0284946837638325,1.0441608196223386,1.0128285479053265,0.0304642038618519,0.0050670628284936,0.004954041153773,1.0438597068773858,1.0131644243038604,-0.0010529340031678,0.0646462826620923,-0.7252136089938086,-1,1,0
2024-11-29,1.0228140363013651,1.023232761611443,1.0193302407963698,1.0197489661064476,8238.0,-0.0029967032971127,-0.00300120240301,1.026245987772391,1.0381561639045729,1.0954135791676942,39.30566815156912,1.0281323500008042,1.0442725048596466,1.0119921951419617,0.0313970372760468,0.0049472081798903,0.004851398083569,1.0438597068773858,1.0131644243038604,-0.0026360934216723,0.0640049149368415,-1.038823229104732,-1,1,0
2024-12-02,1.0197489661064476,1.0205804977667805,1.0155292762038235,1.0163608078641564,6427.0,-0.0033225414831531,-0.0033280733808117,1.025304542066845,1.0373014440598505,1.0946269844283556,36.42121261019443,1.027222640021327,1.0438812181826955,1.0105640618599576,0.0324342114597926,0.005039579906883,0.0049584555680315,1.0438597068773858,1.0131644243038604,-0.0112472279002423,0.0578846896641835,-1.304052729104896,-1,1,0
2024-12-03,1.0163608078641564,1.0204327451385335,1.0152452498131566,1.0193171870875335,7393.0,0.0029087890840557,0.0029045667430393,1.024734317783101,1.036596179080544,1.093877633211034,40.522697086330496,1.026165239685532,1.0419461950379505,1.0103842843331132,0.0307571426942013,0.0048676241045984,0.0047753772488684,1.0438597068773858,1.0131644243038604,-0.0086121503533606,0.0543994658174711,-0.867888216532927,-1,1,0
2024-12-04,1.0193171870875335,1.0197140211818172,1.0153319019283755,1.0157287360226592,8610.0,-0.0035204459517921,-0.0035266573037458,1.0238766433297255,1.0357778479802349,1.0931000322439854,37.37133026140779,1.0248434167541387,1.0393595482802842,1.0103272852279932,0.028328486652372,0.0047118871880979,0.0046389227960099,1.0438597068773858,1.0131644243038604,-0.0122907832548201,0.0541396913027577,-1.2558002405892628,-1,1,0
2024-12-05,1.0157287360226592,1.0243304506951034,1.0149344931857662,1.0235362078582104,1626.0,0.0076865717771492,0.0076571805998223,1.023844220903867,1.035297783661724,1.0924078548869132,47.02438378384253,1.0240939519204844,1.0371055756487535,1.0110823281922152,0.0254109961373532,0.0050432463613772,0.0049272769469782,1.039902736716494,1.0131644243038604,-0.0006912970816113,0.0620417102392846,-0.0857301246826218,-1,1,0
2024-12-06,1.0235362078582104,1.0250945719980726,1.018651589558615,1.0202099536984772,9046.0,-0.0032497669688632,-0.0032550589297426,1.023498100217639,1.0347061040553225,1.0916894678104112,43.91861012305009,1.023214996601715,1.0346053376439426,1.0118246555594874,0.0222638274068636,0.0050594432320592,0.004959217672517,1.039537176917694,1.0131644243038604,0.0025942190056413,0.0626882120607694,-0.5276475729913833,-1,1,0
2024-12-09,1.0202099536984772,1.0231513560637164,1.0196736146057943,1.0226150169710335,8030.0,0.0023574199250238,0.00235464557003,1.023413997051296,1.034231943777507,1.0910021598418602,46.66170949514676,1.0225605070569663,1.0323160651152188,1.012804948998714,0.0190806470442124,0.005283804827009,0.0051669540729604,1.0366082889998631,1.0131644243038604,0.0077586596420642,0.0635248687864679,0.0111751503587393,-1,1,0
2024-12-10,1.0226150169710335,1.023763001854369,1.0181662970995944,1.01931428198293,3896.0,-0.0032277396022212,-0.0032329599900862,1.0230235479971657,1.0336469374326216,1.0902888476243584,43.51585165042199,1.02183853351868,1.030134203273052,1.0135428637643078,0.0162367526419387,0.0056011032177766,0.0054949717832663,1.0345522057154952,1.0131644243038604,-0.0020115372138848,0.0640541211340949,-0.6085708834828193,-1,0,0
2024-12-11,1.01931428198293,1.019467303475987,1.0179367490637314,1.0180897705567882,2955.0,-0.0012013090052654,-0.0012020311553367,1.0225536644314157,1.0330368524570988,1.0895704488475666,42.37449889334013,1.0213552329402709,1.0293190187748926,1.013391447105649,0.0155945464962188,0.00526889490871,0.0051752753647927,1.0293969610888989,1.0131644243038604,-0.0025044373233622,0.061207811387571,-0.8200779004594473,-1,0,0
2024-12-12,1.0180897705567882,1.0288359562065397,1.0173434042430691,1.0280895898928206,7695.0,0.0098221390934549,0.0097742154382884,1.0230808954277395,1.0328428421604603,1.0889586990072209,53.17540982799572,1.0215651060780315,1.0300166864299136,1.01311352572615,0.0165463371871206,0.0056006480615971,0.0054476264682157,1.0293969610888989,1.0131644243038604,0.0051578814957726,0.0698843523260038,1.5439677653507968,-1,0,0
2024-12-13,1.0280895898928206,1.031008999545161,1.0274079981955,1.0303274078478404,4320.0,0.0021766760183352,0.0021743104911265,1.0237710394677493,1.0327441976776126,1.0883753030752867,55.19912527678076,1.0219592652403766,1.031274635715063,1.0126438947656902,0.0182304144431732,0.0056237156330687,0.0054581830884375,1.031008999545161,1.0131644243038604,0.0103735743727035,0.0699373156887068,1.7966311979117282,0,0,0
2024-12-16,1.0303274078478404,1.0346761862739258,1.029288292152889,1.0336370705789744,6451.0,0.0032122437061508,0.0032070954733098,1.024710661478342,1.0327792123011954,1.0878306440454728,58.08444753282428,1.0222450146802429,1.0326207911783307,1.011869238182155,0.0202999796508342,0.0053098556373475,0.0051370599879639,1.0346761862739258,1.0131644243038604,0.0169981590997427,0.0683133133654943,2.1958946206736285,0,0,0
2024-12-17,1.0336370705789744,1.0374601404717432,1.0332000987896923,1.0370231686824614,8855.0,0.0032759062149254,0.0032705521239743,1.0258832812120675,1.032945641963206,1.0873250970269352,60.86166960159865,1.0226875751851676,1.0347463564875763,1.010628793882759,0.0235825321339712,0.0052987543806878,0.0051095814835264,1.0374601404717432,1.0131644243038604,0.0173704336777822,0.0691313849967022,2.377618954650136,0,0,0
2024-12-18,1.0370231686824614,1.0427432184423084,1.0356648816733776,1.0413849314332246,5670.0,0.0042060417572973,0.0041972210884166,1.027359628852178,1.033276594491442,1.086867980951376,64.15622171318469,1.0233384124313691,1.037844799294098,1.0088320255686405,0.0283511039681641,0.005484794529696,0.0052668272452795,1.0427432184423084,1.0131644243038604,0.0252589047652906,0.0703988189345915,2.48807910234662,0,0,0
2024-12-19,1.0413849314332246,1.0420279258518927,1.0380081274200108,1.038651121838679,2496.0,-0.0026251672287818,-0.0026286190226187,1.0284350091366066,1.033487360269765,1.086388211208961,60.706980055748105,1.0240587552768323,1.040103745368494,1.0080137651851706,0.0313360732652967,0.0054931715023252,0.0052887551814327,1.0427432184423084,1.0131644243038604,0.0147673466404252,0.0693496894289323,1.8189312026350155,0,0,0
2024-12-20,1.038651121838679,1.0391994244844918,1.036655329519974,1.037203632165787,9825.0,-0.0013936245217061,-0.0013945965195314,1.0292701160917666,1.0336330964225502,1.0858988124125115,58.9012967086497,1.0250404291918342,1.041800408309351,1.0082804500743174,0.0327011084445337,0.0053140910310082,0.0051234790027796,1.0427432184423084,1.0131644243038604,0.0166570404510404,0.0644858371421193,1.4514580106177082,0,0,0
2024-12-23,1.037203632165787,1.0409005318596507,1.035251436382976,1.03894833607684,8467.0,0.0016821228319552,0.0016807096478885,1.0301918513284405,1.0338415371933067,1.0854316434937488,60.429108110872,1.026250747029231,1.0433715850195766,1.0091299090388854,0.0333657988360186,0.0053470624703866,0.005146610552915,1.0427432184423084,1.0131644243038604,0.0159721095766669,0.0629780454471102,1.4832906023372217,0,0,0
2024-12-24,1.03894833607684,1.0404350682398504,1.0359206435651571,1.0374073757281677,4091.0,-0.0014831924698883,-0.0014842934886562,1.0308790441284144,1.0339813739985957,1.084953790083146,58.36538515265698,1.0270526756486418,1.0447049299768,1.0094004213204837,0.0343745841799393,0.0053565128576188,0.0051633649258171,1.0427432184423084,1.0149344931857662,0.0177502602141903,0.0603280749835953,1.1731872753508357,0,0,0
2024-12-25,1.0374073757281677,1.0392053343718592,1.0272704579070773,1.0290684165507689,2041.0,-0.0080382686420997,-0.0080707497015671,1.0307066034067338,1.0337887090006417,1.0843977167146646,48.67732209786915,1.0274738007622584,1.0448826889127156,1.010064912611801,0.0338867777213239,0.0055378642115792,0.0053814344338163,1.0427432184423084,1.0149344931857662,0.0107835736213874,0.0678753003106489,0.1831955923582203,0,0,0
2024-12-26,1.0290684165507689,1.0300729475054209,1.0224889797706531,1.0234935107253051,4772.0,-0.0054174297216794,-0.0054321572082388,1.030019642198979,1.033384975734942,1.0837917047147705,43.48104881744573,1.027507774483455,1.0448809892342357,1.010134559732675,0.0338162205332492,0.0056193631612442,0.0054903749778169,1.0427432184423084,1.0149344931857662,-0.0044705045286905,0.0705882341035952,-0.4621210081996894,0,0,0
2024-12-27,1.0234935107253051,1.030060682986964,1.0217996459126677,1.0283668181743266,2548.0,0.0047614444038517,0.0047501445822315,1.029862230387107,1.033188185242369,1.083240213306408,48.64215783161682,1.0279386670868491,1.0449247994250892,1.010952534748609,0.0330489218512974,0.0059610271338423,0.005796596144968,1.0427432184423084,1.0149344931857662,-0.0019028802481427,0.0715234757912777,0.0504118393701237,0,0,0
2024-12-30,1.0283668181743266,1.0288459888113333,1.0280172611396334,1.02849643177664,8296.0,0.0001260382968633,0.0001260303547045,1.0297321543289673,1.0330041949103796,1.082695499062331,48.77613559725241,1.0285454482824732,1.0446334424657102,1.0124574540992362,0.0312830010771069,0.0056204573421941,0.0054647319801443,1.0427432184423084,1.0149344931857662,-0.004973349881361,0.0701579295146544,-0.0060935509144058,0,0,0
2024-12-31,1.02849643177664,1.0365605628564163,1.0280015939892997,1.036065725069076,2433.0,0.0073595717579308,0.0073326222534659,1.030335351542311,1.033124254916603,1.0822315212116518,55.995693147819296,1.0293828751815506,1.045189469255434,1.0135762811076672,0.0307108160723882,0.0061224869461128,0.0059093615375652,1.0427432184423084,1.0149344931857662,-0.0009232615454499,0.0737832743625144,0.8455774667570328,0,0,0
2025-01-01,1.036065725069076,1.0377670121311038,1.025508448386888,1.0272097354489158,8844.0,-0.0085477102522331,-0.0085844514460494,1.0300376738191306,1.0328923129766938,1.081684040756301,47.55132241957076,1.0299569251528633,1.044455392075552,1.0154584582301749,0.0281535403444892,0.0061772020733089,0.0060135743073047,1.0427432184423084,1.0149344931857662,-0.0136118696904898,0.0796364481598042,-0.3789627853202105,0,0,0
2025-01-02,1.0272097354489158,1.0292502966603954,1.0230762209023143,1.025116782113794,5065.0,-0.0020375131415659,-0.0020395916953339,1.0295690174662413,1.0325873901977565,1.0811211824613507,45.7937002043343,1.0300359538656427,1.0444037013217833,1.0156682064095022,0.027897564938815,0.0063609931024817,0.0062051399542649,1.0427432184423084,1.0173434042430691,-0.0130306889775707,0.0754902087252366,-0.6847519789535605,0,0,0
2025-01-03,1.025116782113794,1.0260740204608356,1.0236195626804503,1.024576801027492,6150.0,-0.0005267508012,-0.0005268895831411,1.0290935682815985,1.0322732494459814,1.0805585518003171,45.32818385454345,1.030254296232093,1.0441171689937023,1.0163914234704836,0.0269115553554294,0.0061514619352923,0.0060039051529601,1.0427432184423084,1.0173434042430691,-0.0121739172007417,0.0745057967643397,-0.8190936037909493,0,0,0
2025-01-06,1.024576801027492,1.0293520281991269,1.0233961530837743,1.028171380255409,2826.0,0.003508355083106,0.0035022151619033,1.0290057408505329,1.032112391830665,1.0800372864118108,49.04180370877345,1.0305321143963122,1.0439664591370508,1.0170977696555736,0.0260726367535056,0.0062725928948139,0.0061007269948087,1.0427432184423084,1.0173434042430691,-0.010372946803231,0.0750528910178341,-0.3514476048458329,0,0,0
2025-01-07,1.028171380255409,1.0318675927999894,1.026895720476943,1.0305919330215232,8262.0,0.002354230834078,0.002351463974368,1.0291568067715795,1.0320527659950125,1.0795452928457383,51.43410837736718,1.0310959969482416,1.043451198128546,1.018740795767937,0.0239651811603817,0.0061221311486793,0.0059404027457601,1.0427432184423084,1.0173434042430691,-0.0065696879221247,0.0742018102955257,-0.081595421938082,0,0,0
2025-01-08,1.0305919330215232,1.031383218584766,1.0207470032502932,1.021538288813536,4083.0,-0.0087848972206131,-0.008823711919496,1.0284312336327182,1.031640433556523,1.078968108726015,43.25458271023831,1.0312684228610791,1.042936512299342,1.0196003334228163,0.022628617689838,0.0065947323560072,0.0064556878858321,1.0427432184423084,1.0173434042430691,-0.0073174218702312,0.0811479933561551,-1.667819585893023,0,0,0
2025-01-09,1.021538288813536,1.0216936681688025,1.0153614021118722,1.0155167814671386,4463.0,-0.0058945488508228,-0.0059119902772339,1.0272012858074249,1.0310081334745864,1.0783367522358769,38.83147722729705,1.030639782439795,1.0442260830469232,1.0170534818326669,0.0263647897909895,0.0068653160054652,0.0067604161061196,1.0427432184423084,1.0153614021118722,-0.0077936295390028,0.0753534513867004,-2.2262132143200084,0,0,0
2025-01-10,1.0155167814671386,1.0166420056902388,1.0118333198955825,1.0129585441186826,9126.0,-0.0025191482751866,-0.0025223266682204,1.0258448342180209,1.0303003064410214,1.077686222801875,37.0959097848544,1.0297713392533372,1.045494173263378,1.0140485052432964,0.0305365539138835,0.0068052867424639,0.0067182282848355,1.0427432184423084,1.0118333198955825,-0.0149832470119938,0.074897081769242,-2.1386469034676376,0,0,0
2025-01-13,1.0129585441186826,1.0139546851238828,1.0088683495608628,1.009864490566063,1969.0,-0.0030544720419053,-0.0030591464626511,1.0243228967273583,1.0294989018969054,1.0770113796950511,35.055197960477685,1.0285827102526917,1.04651426219869,1.0106511583066933,0.034866524135124,0.0068461375202015,0.0067792635389765,1.0427432184423084,1.0088683495608628,-0.0181157081686632,0.0736948275695188,-2.0877411774507277,0,0,0
2025-01-14,1.009864490566063,1.0106679694365657,1.005012053236351,1.0058155321068536,8096.0,-0.0040094076948282,-0.0040174669188828,1.0225602905730244,1.0285701422972957,1.0763029633011387,32.532995821001506,1.0270223284239113,1.0471572672661071,1.0068873895817154,0.0392103234466096,0.0063976403584467,0.0063606497953415,1.0427432184423084,1.005012053236351,-0.0291971756523513,0.0724147186976853,-2.1064674179804928,0,0,-1
2025-01-15,1.0058155321068536,1.0078564973392738,0.9970064566289106,0.999047421861331,8556.0,-0.0067289776598952,-0.0067517193061683,1.0203209697433393,1.0274123885547086,1.0755342514460162,28.80250091380208,1.0249054529453163,1.047441565095396,1.002369340795237,0.043976958236131,0.006630931285275,0.0066372537881344,1.0420279258518927,0.9970064566289106,-0.0274163226999374,0.071348131031705,-2.2948085199242545,0,0,-1
2025-01-16,0.999047421861331,1.0022262519606318,0.9983746759210558,1.0015535060203564,7829.0,0.0025084736762108,0.0025053327077133,1.0185335922459122,1.026398314729832,1.0747981246258604,31.915668376988023,1.0230505721544003,1.0468920266463455,0.999209117662455,0.0466085551210603,0.006315969782795,0.0063061731049111,1.0409005318596507,0.9970064566289106,-0.0229859431672263,0.0731172292318274,-1.803335122973016,0,0,-1
2025-01-17,1.0015535060203564,1.0068722766549894,1.0002359319141436,1.0055547025487763,7786.0,0.003994990286958,0.0039870315030627,1.0172975075128516,1.0255809181737123,1.0741091353514616,36.6764872409565,1.0214681256735498,1.0455543070433972,0.9973819443037024,0.0471599274895927,0.0067307995734482,0.00669361851363,1.0409005318596507,0.9970064566289106,-0.0185658102541842,0.0759674586764221,-1.3213736856349272,0,0,-1
2025-01-20,1.0055547025487763,1.0105564497006854,1.004799191462616,1.0098009386145248,4918.0,0.0042227797801406,0.0042138888663972,1.016583548570154,1.0249620954459011,1.0734692527968652,41.36255389082783,1.020010755800434,1.0431522955337968,0.9968692160670714,0.0453750896287419,0.0065306773856591,0.0064672918551843,1.0404350682398504,0.9970064566289106,-0.0178671007515508,0.0779061057401241,-0.882380109841176,0,0,-1
2025-01-21,1.0098009386145248,1.015103790126463,1.009489087971179,1.0147919394831173,1299.0,0.0049425591497669,0.0049303848027667,1.0164129191332931,1.024563265800302,1.072885398933047,46.38481687761325,1.0188799839881817,1.0406093836788872,0.9971505842974762,0.0426535019476004,0.0060561158435926,0.0059678399166998,1.0392053343718592,0.9970064566289106,-0.0153309889512553,0.0810999256702457,-0.3762685176077836,0,0,-1
2025-01-22,1.0147919394831173,1.0166673199942473,1.009543326603133,1.011418707114263,2578.0,-0.0033240630296811,-0.0033296000007592,1.0159372798933857,1.0240477929106533,1.0722737900592283,43.66286802712212,1.0179974985163562,1.0394160504071075,0.9965789466256052,0.0420797731270791,0.006123967103095,0.0060548287865543,1.0377670121311038,0.9970064566289106,-0.0099062186998651,0.0773835363104956,-0.6143077679246824,0,0,-1
2025-01-23,1.011418707114263,1.0141029005794469,1.010058403688468,1.012742597153652,2995.0,0.0013089435958388,0.0013080876759894,1.0156330243943634,1.023604451900575,1.0716814398810637,45.02634885184727,1.0174599528377737,1.0388373238799682,0.9960825817955788,0.0420210564210838,0.0062375413252802,0.0061590589186345,1.0377670121311038,0.9970064566289106,-0.0027317956375657,0.0757887366457834,-0.4413410493563929,0,0,-1
2025-01-24,1.012742597153652,1.0136105681467542,1.0081876597428716,1.009055630735974,7108.0,-0.0036405760239969,-0.0036472190487488,1.0150066059507072,1.02303390989412,1.0710582975015104,41.97922132948219,1.016494393465856,1.0375394018037094,0.9954493851280024,0.0414070327847026,0.006199472274461,0.0061438359646626,1.0377670121311038,0.9970064566289106,-0.0038529843154681,0.0738714001911792,-0.7069384445433462,0,0,-1
2025-01-27,1.009055630735974,1.0114622242533968,1.008051092268374,1.0104576857857968,5714.0,0.0013894724999454,0.0013885080762881,1.014573375458811,1.0225407246349705,1.07045530634016,43.543865563594885,1.015592456166314,1.03600845548507,0.9951764568475576,0.0402051023415891,0.006087990821745,0.0060249834380849,1.0377670121311038,0.9970064566289106,0.000587400809985,0.0742477421243173,-0.5030143565688496,0,0,-1
2025-01-28,1.0104576857857968,1.0134665934681764,1.0093201748303615,1.0123290825127411,9348.0,0.001852028791774,0.0018503159010071,1.0143596332734712,1.022140268081157,1.0698769359538176,45.650611645781055,1.014405624038497,1.0324300831042812,0.996381164972713,0.0355369856764517,0.0056244339148409,0.0055559343419042,1.0377670121311038,0.9970064566289106,0.0064758896616401,0.0684985455873255,-0.2304137414806158,0,0,-1
2025-01-29,1.0123290825127411,1.0127482775865948,1.0096412317886336,1.010060426862487,2164.0,-0.0022410258575433,-0.0022435407139317,1.0139501850438537,1.0216665488176802,1.0692817468086304,43.52992559310225,1.0135481586091757,1.0306140733742732,0.996482243844078,0.0336755873317671,0.0053940610392002,0.005340334989616,1.0318675927999894,0.9970064566289106,0.0110235057517467,0.0628928092868398,-0.4087365716628959,0,0,-1
2025-01-30,1.010060426862487,1.016542927872419,1.0088605463116218,1.0153430473215537,8844.0,0.0052300043824859,0.005216375408641,1.014082838594111,1.0214185683668515,1.0687450433311472,49.421862934288406,1.0130594718695636,1.029268813901499,0.9968501298376282,0.0320007708965429,0.005599325022496,0.005514712527226,1.0318675927999894,0.9970064566289106,0.0137681523935646,0.0662493704708779,0.2817604129138663,0,0,-1
2025-01-31,1.0153430473215537,1.0167068933046672,1.012887418330258,1.0142512643133714,5851.0,-0.0010752848616655,-0.0010758633951951,1.0140988791388024,1.0211374976196566,1.068202816674254,48.30020523676608,1.0125431950338577,1.0278400389886333,0.997246351079082,0.0302146990465214,0.0055088349804524,0.0054314302326078,1.0318675927999894,0.9970064566289106,0.0086485217985174,0.0662841406576956,0.2233230965241645,0,0,0
2025-02-03,1.0142512643133714,1.0175563747099912,1.0134477760197946,1.0167528864164144,3942.0,0.0024664717620406,0.0024634350129098,1.0143516417366705,1.0209655520822745,1.0676908770696985,51.04200007449565,1.0119722703419078,1.025571272195986,0.9983732684878296,0.0268762341669372,0.0053983123011654,0.0053093651105254,1.0318675927999894,0.9970064566289106,0.0068844734997255,0.065547991162511,0.7030833771190163,0,0,0
2025-02-04,1.0167528864164144,1.017446386376491,1.016515516376482,1.0172090163365586,1225.0,0.0004486143351427,0.000448513737817,1.0146237726509453,1.0208182369549916,1.0671885699977268,51.54657096486846,1.0113031245076596,1.0220657067808516,1.0005405422344675,0.0212845822629721,0.0046898001075686,0.0046104586493529,1.031383218584766,0.9970064566289106,0.0023818447500405,0.0647725432253847,1.0974860268635942,0,0,0
2025-02-05,1.0172090163365586,1.020090364941987,1.0158610989279322,1.0187424475333606,8268.0,0.0015074887974593,0.0015063536768666,1.0150160274016515,1.020736833448261,1.0667065190279323,53.289475829269335,1.0111633324436509,1.0214272364298345,1.0008994284574673,0.0203011791604015,0.0047167779628886,0.0046300004228832,1.0216936681688025,0.9970064566289106,0.0072410569110328,0.0575152467409826,1.4768483999679245,0,0,0
2025-02-06,1.0187424475333606,1.0201772808750362,1.0155953934347068,1.0170302267763824,3317.0,-0.0016807199514694,-0.0016821339458215,1.015207855913531,1.0205914763238737,1.066212227562743,51.0800441578136,1.0112390047091129,1.0216591784505142,1.0008188309677115,0.020608725915193,0.0045700310128517,0.0044935055935722,1.0201772808750362,0.9970064566289106,0.0042336815245858,0.0537352329159671,1.1115404044099506,0,0,0
2025-02-07,1.0170302267763824,1.0184437475521149,1.011882727165395,1.0132962479411274,3764.0,-0.0036714531554193,-0.0036782094816486,1.015025798011397,1.0203053889363152,1.065685700402329,46.54759299998412,1.011255889900235,1.0216888824118049,1.0008228973886657,0.0206337339851713,0.0046274425948981,0.0045667223226183,1.0201772808750362,0.9970064566289106,0.0042025603702944,0.0546227920198481,0.391135724219043,0,0,0
2025-02-10,1.0132962479411274,1.016101637088043,1.012551911868564,1.0153573010154793,1564.0,0.0020340083944252,0.0020319426001053,1.0150573697260716,1.020111346272753,1.0651849203089276,49.22569938903794,1.011530530422706,1.0220976279502418,1.0009634328951702,0.0208932844036253,0.0044799442423406,0.0044121849893236,1.0201772808750362,0.9970064566289106,0.0048489068850738,0.0538014787645666,0.7242803584998441,0,0,0
2025-02-11,1.0153573010154793,1.02028084061478,1.015186139158557,1.020109678757858,8724.0,0.0046804979268142,0.0046695784555114,1.0155385420148133,1.020111280880012,1.064736410442748,54.84374127473811,1.0122452377552562,1.023114085679731,1.0013763898307817,0.0214747326420174,0.0043349948184198,0.0042495379748758,1.02028084061478,0.9970064566289106,0.0076858369274583,0.0534610306010632,1.4471526434539996,0,0,0
2025-02-12,1.020109678757858,1.0210032572605594,1.016672340952908,1.0175659194556097,7109.0,-0.002493613535111,-0.0024967277675476,1.0157316255806037,1.0200114627849373,1.064267052323473,51.55548509253735,1.0131711626349702,1.022326050704705,1.0040162745652357,0.0180717501787664,0.0043554533481822,0.0042802665310492,1.0210032572605594,0.9983746759210558,0.0074307362148979,0.0474152885825657,0.9600896891722804,0,0,0
2025-02-13,1.0175659194556097,1.0212281923562598,1.0160694861351245,1.0197317590357748,4796.0,0.0021284513747512,0.0021261894311798,1.0161125906715722,1.0200004940104603,1.0638239150768292,54.07998604003018,1.0140800752857413,1.0218890568857495,1.0062710936857329,0.0154011143504778,0.0043365817637002,0.0042526691213391,1.0212281923562598,1.0002359319141436,0.0043223930333677,0.0472657014039497,1.447482921467622,0,0,0
2025-02-14,1.0197317590357748,1.0213148125886415,1.018327626764132,1.0199106803169988,7616.0,0.0001754591632932,0.0001754437721345,1.016474313494946,1.0199969719048343,1.063386967467279,54.2918926782304,1.014797874174152,1.0219159044987098,1.0076798438495944,0.0140284691281017,0.0043062998950921,0.0042222323760289,1.0213148125886415,1.004799191462616,0.0055798954388868,0.0458769032642307,1.43657891571693,0,0,0
2025-02-17,1.0199106803169988,1.0224122148710657,1.0125798571154188,1.0150813916694854,6382.0,-0.0047350113502218,-0.0047462570294538,1.0163416542734736,1.019804204052468,1.062906314971778,47.87066774054626,1.0150618968269003,1.0217800113421664,1.008343782311634,0.0132368568582213,0.0047124384035087,0.0046424241860628,1.0224122148710657,1.008051092268374,-0.001643953776045,0.0477677319515153,0.0058036648648431,0,0,0
2025-02-18,1.0150813916694854,1.0156636016079454,1.0123467124061714,1.0129289223446314,7543.0,-0.0021204893937755,-0.0021227408147159,1.0160166321850124,1.0195345851619646,1.062409027482951,45.299027177099454,1.014968745969976,1.0217539498271735,1.008183542112778,0.0133702715165153,0.0047274272180668,0.0046670868150592,1.0224122148710657,1.008051092268374,-0.004207683891106,0.0450996377428479,-0.6012564009202542,0,0,0
2025-02-19,1.0129289223446314,1.0147706579308733,1.012731767174489,1.014573502760731,5979.0,0.0016235891579567,0.0016222725619612,1.0158791912874618,1.019340032910936,1.0619330521125807,47.61457666196807,1.0151264857522992,1.0217078152230394,1.008545156281559,0.0129665210456268,0.0043243207320373,0.0042622054688699,1.0224122148710657,1.008051092268374,-0.0040922460654542,0.0437916736684706,-0.16804598342227,0,0,0
2025-02-20,1.014573502760731,1.0145848118038143,1.0139813544016725,1.0139926634447558,9484.0,-0.0005724960433075,-0.0005726599817397,1.015699521969109,1.0191303321475562,1.061456033319866,46.86009659499844,1.0151889890668546,1.0216983427982052,1.008679635335504,0.0128239250059909,0.004094605191161,0.0040381013973521,1.0224122148710657,1.008051092268374,-0.0029866991674913,0.0436456007555669,-0.3675712433131561,0,0,0
2025-02-21,1.0139926634447558,1.0142768604377606,1.013476673533359,1.0137608705263634,7539.0,-0.0002285942756281,-0.000228620407282,1.0155148884983711,1.0189197650251565,1.0609814545856022,46.543145384967374,1.015424251056374,1.0213105416866743,1.0095379604260737,0.0115937562534608,0.0038582900636043,0.0038059173280194,1.0224122148710657,1.008051092268374,0.0004585259110354,0.0414272453650996,-0.5651710506607072,0,0,0
2025-02-24,1.0137608705263634,1.0181356886222823,1.0134440443600037,1.0178188624559223,4531.0,0.0040029084249937,0.0039949181029847,1.0157343145895668,1.0188765923753826,1.0605519760569486,52.58907839712997,1.0157923098898805,1.021277947206311,1.01030667257345,0.0108007065283358,0.0041269167966235,0.004054667238791,1.0224122148710657,1.0088605463116218,0.0024243302707147,0.0433848885517525,0.7388576565104079,0,0,0
2025-02-25,1.0178188624559223,1.018649500263763,1.0113586210379242,1.0121892588457648,4407.0,-0.0055310466506522,-0.005546399526999,1.015396690233014,1.0186143440016722,1.060070754990171,44.98751001317648,1.0157853187065315,1.021289863911189,1.0102807735018742,0.010838008983368,0.0043456034546081,0.0042932716551088,1.0224122148710657,1.0088605463116218,-0.0077642826815812,0.0477299243569208,-1.3065783737134349,0,0,0
2025-02-26,1.0121892588457648,1.0159357270224925,1.011572491393422,1.0153189595701495,1896.0,0.0030920113971111,0.0030872409608371,1.0153892873127413,1.0184851132396515,1.059625463493454,49.36911147590085,1.0160482453419146,1.0208601949627572,1.011236295721072,0.0094718919950956,0.0043299854680896,0.0042646553846712,1.0224122148710657,1.0088605463116218,-0.0022081713258066,0.0481647881947628,-0.3031144667875475,0,0,0
2025-02-27,1.0153189595701495,1.0165089056289764,1.0132852125533465,1.0144751586121734,7291.0,-0.0008310698328073,-0.0008314153627938,1.015302227436497,1.0183278601170056,1.0591762067284662,48.25322553240465,1.0160048509064457,1.0208590453390451,1.0111506564738462,0.0095554552289169,0.0040916049458689,0.0040332233974722,1.0224122148710657,1.0113586210379242,-0.0051548854657345,0.0445456007159016,-0.6302558809755315,0,0,0
2025-02-28,1.0144751586121734,1.014673799383488,1.0129547228246916,1.0131533635960062,3313.0,-0.0013029348278724,-0.0013037843854809,1.0150975737374024,1.0181249386848097,1.05871826799083,46.480883058103686,1.0159499558705771,1.0209112982545647,1.01098861348659,0.0097669030946233,0.0039608443272487,0.0039094222746203,1.0224122148710657,1.0113586210379242,-0.0066254004898668,0.0446231024999853,-1.127353066217388,0,0,0
2025-03-03,1.0131533635960062,1.0138938483758804,1.0110979199510912,1.0118384047309654,7056.0,-0.0012978872817176,-0.0012987302668944,1.0147871766891703,1.0178784079415215,1.0582518016897369,44.721071221363445,1.0157042317863048,1.0209752730395425,1.010433190533067,0.0103790869197574,0.0037966462535749,0.0037522258849074,1.0224122148710657,1.0110979199510912,-0.0031948048354883,0.0438000855914093,-1.466817226279444,0,0,0
2025-03-04,1.0118384047309654,1.012684392395494,1.007893765805384,1.0087397534699127,9117.0,-0.0030623973616386,-0.0030670960958184,1.0142112316206695,1.0175200293347917,1.05775914449352,40.80088527297462,1.0152807686429726,1.021344058899572,1.009217478386373,0.0119440660039365,0.0038294827023219,0.003796303941774,1.0224122148710657,1.007893765805384,-0.0041356987467807,0.0448304110905345,-2.1575794317087698,0,0,0
2025-03-05,1.0087397534699127,1.0142558640465555,1.0081248019740623,1.013640912550705,8665.0,0.0048586952818436,0.0048469299160838,1.0141569155187682,1.0173679071079649,1.0573201571110042,48.49185590484814,1.0150256918938398,1.0209021605039952,1.0091492232836845,0.0115789554039582,0.0038989366917046,0.003846467366726,1.0224122148710657,1.007893765805384,-0.0009191943289355,0.0481881401237909,-0.4712964315819419,0,0,0
2025-03-06,1.013640912550705,1.0265086731124382,1.012224135267184,1.025091895828917,7197.0,0.0112968834785849,0.0112335502230141,1.0151983422149728,1.0176708086264337,1.056999477894267,61.18114577158055,1.0154287753464666,1.022800013505273,1.00805753718766,0.0145184740432264,0.0047058904074721,0.0045907010158019,1.0265086731124382,1.007893765805384,0.010946067742201,0.0628528019308058,2.6218446003961287,0,0,0
2025-03-07,1.025091895828917,1.030899450541984,1.0231033358884918,1.0289108906015587,4987.0,0.0037255145496526,0.0037185920083477,1.0165042992041715,1.01811159615487,1.0567199894634938,64.33668839860684,1.016209507479488,1.0256476259061236,1.006771389052853,0.0185751429349345,0.0045604444716039,0.0044323026544482,1.030899450541984,1.007893765805384,0.0149443725001232,0.0619722642299062,2.6915074695875503,0,0,0
2025-03-10,1.0289108906015587,1.030056116498725,1.0245088703227108,1.025654096219877,7565.0,-0.0031652832246508,-0.0031703033297655,1.0173757084437625,1.0184073804711449,1.0564108760978856,59.86731079342485,1.016724347239708,1.027048500609976,1.00640019386944,0.0203086576972351,0.0047197556840497,0.0046017031486977,1.030899450541984,1.007893765805384,0.0076980630375123,0.0633019436309692,1.72987530500761,0,0,0
2025-03-11,1.025654096219877,1.027022002352164,1.0230449805064172,1.024412886638704,6226.0,-0.0012101639195392,-0.0012108967591923,1.0180459158908997,1.0186428905169316,1.056092488143068,58.20769258100618,1.0169395076337504,1.0277295709676433,1.0061494442998575,0.021220659150119,0.0048581936190041,0.0047424175177499,1.030899450541984,1.007893765805384,0.0120764251212053,0.0615875017296549,1.385233575317206,0,0,0
2025-03-12,1.024412886638704,1.0249735497149932,1.0201837490445007,1.0207444121207898,8278.0,-0.0035810507323382,-0.0035874780434513,1.0183029155318415,1.0187253031288477,1.0557407659935925,53.48813820752542,1.0170984322670091,1.028020170442376,1.006176694091642,0.0214762658733502,0.005157218138172,0.0050524088860373,1.030899450541984,1.007893765805384,0.0053435942464201,0.0623388140199414,0.6676556048567162,0,0,0
2025-03-13,1.0207444121207898,1.0220632156723588,1.0186935930449987,1.0200123965965675,8103.0,-0.0007171388993462,-0.0007173961664515,1.0184657232522916,1.0187757773824837,1.055385259830438,52.57213769835175,1.017112464145049,1.0280491582768947,1.0061757700132037,0.0215053782494714,0.0053407492612404,0.005235965052053,1.030899450541984,1.007893765805384,0.0054582292502551,0.0619662469163347,0.5303124356517545,0,0,0
2025-03-14,1.0200123965965675,1.0208529109390962,1.0151483681094122,1.0159888824519407,7843.0,-0.0039445737699385,-0.0039523741205143,1.0182298336522582,1.0186664873852074,1.0549932560754285,47.73341570432928,1.0169163742517962,1.0277822258321103,1.0060505226714818,0.0213701969118336,0.0054130991589122,0.0053279118033738,1.030899450541984,1.007893765805384,0.002798706452368,0.0635359200621318,-0.1707168173612334,0,0,0
2025-03-17,1.0159888824519407,1.022083159255688,1.0139064915911546,1.020000768394902,5903.0,0.0039487498458439,0.0039409739963725,1.0183984941039386,1.0187188121306856,1.0546450721184082,52.4344683803489,1.0171623430880667,1.0280759105299937,1.0062487756461398,0.0214588507254284,0.0054763697616761,0.0053689859178184,1.030899450541984,1.007893765805384,0.0080668648528978,0.0627604138248879,0.5201645240090327,0,0,0
2025-03-18,1.020000768394902,1.022831480937085,1.0195738177654363,1.0224045303076197,5825.0,0.0023566275508795,0.0023538550591386,1.018780021361432,1.0188633500984086,1.0543242707073557,55.04356645559882,1.0176361234862163,1.0285984763004288,1.006673770672004,0.0215447399344622,0.0053974003004317,0.0052791240066276,1.030899450541984,1.007893765805384,0.0135463847743704,0.0625300577876237,0.8699604733066422,0,0,0
2025-03-19,1.0224045303076197,1.0226646851592884,1.020163282410939,1.0204234372626078,1090.0,-0.0019376802295817,-0.0019395599605219,1.018936537161544,1.0189245299872007,1.0539869489815372,52.4881739288329,1.0179286202113105,1.0288590315485562,1.0069982088740643,0.0214757913673296,0.0053458081341974,0.0052388135542419,1.030899450541984,1.007893765805384,0.0066912499563926,0.0629374124823436,0.4564909726308843,0,0,0
2025-03-20,1.0204234372626078,1.0211210432929214,1.012247537109807,1.0129451431401206,9413.0,-0.0073286185414835,-0.0073556047951577,1.018365928207123,1.018690044228492,1.0535785728040106,44.15495400335056,1.0178762441960785,1.0288957428007584,1.0068567455913986,0.0216519418102406,0.0058568388216487,0.0057819901317583,1.030899450541984,1.007893765805384,-0.0118494280739329,0.0684960388201566,-0.8949773910518318,0,0,0
2025-03-21,1.0129451431401206,1.0207892955276512,1.011553415320943,1.0193975677084737,5598.0,0.006369964466536,0.0063497619902005,1.0184641795882037,1.0187177902473146,1.0532384633005725,51.33422145830777,1.018158079055184,1.0290216242471009,1.0072945338632668,0.0213396041644103,0.0063168353775001,0.0061966357166221,1.030899450541984,1.007893765805384,-0.0092460124389618,0.0721651733580791,0.2281922947606154,0,0,0
2025-03-24,1.0193975677084737,1.0227413565515862,1.0172724400179052,1.020616228861018,5551.0,0.0011954719053175,0.0011947578977733,1.018669136661805,1.0187922388204012,1.0529138639529154,52.57431322170634,1.0182979473754386,1.0292150039170105,1.0073808908338668,0.0214417726554577,0.0063652846591837,0.0062367072746699,1.030899450541984,1.007893765805384,-0.00491185807908,0.0709253132743212,0.4247081576890997,0,0,0
2025-03-25,1.020616228861018,1.021812474963834,1.0112665228035191,1.0124627689063352,5735.0,-0.0079887618128331,-0.0080208429437263,1.0180780540184269,1.0185440243139672,1.0525113654947404,44.41896926059179,1.0183116228784672,1.0291970992343855,1.007426146522549,0.0213794601011196,0.006680633951171,0.0065983996215361,1.030899450541984,1.007893765805384,-0.0116653332735587,0.0740044906110525,-1.0746160812617198,0,0,0
2025-03-26,1.0124627689063352,1.013630241155234,1.0111120942568512,1.01227956650575,9529.0,-0.0001809472962478,-0.0001809636691849,1.0175258171124577,1.0182983593018804,1.05211104908689,44.25286378220901,1.0181596532252473,1.0293028584099908,1.0070164480405035,0.0218889152589084,0.0058401774549659,0.0057693325521974,1.030899450541984,1.007893765805384,-0.0082928160218408,0.0731112847232488,-1.0553672165254286,0,0,0
2025-03-27,1.01227956650575,1.0176720653819302,1.0113091123477438,1.016701611223924,8568.0,0.0043684026275847,0.0043588888534277,1.0174473213135498,1.018235741730196,1.0517587163718356,49.19172252083057,1.0182709758558348,1.029303128719756,1.0072388229919136,0.0216684028623106,0.0057378087678726,0.0056435523505912,1.030899450541984,1.007893765805384,-0.0032458285641338,0.0747700278614884,-0.2845074123371101,0,0,0
2025-03-28,1.016701611223924,1.0185321822274347,1.0140043985364708,1.0158349695399815,7535.0,-0.0008524051446119,-0.0008527686484602,1.0172937640017814,1.018141593801168,1.0514012661546033,48.288797760227176,1.0184050561530336,1.0292387220618993,1.007571390244168,0.0212757504362542,0.0056649900189404,0.0055766834070556,1.030899450541984,1.007893765805384,-0.0001514907442566,0.0746733387437585,-0.474462962892141,0,0,0
2025-03-31,1.0158349695399815,1.016352175530184,1.0145275209779516,1.015044726968154,8405.0,-0.000777924166349,-0.0007782269063693,1.0170795699985788,1.0180201480430109,1.051039509545783,47.43382319608719,1.0185653722648929,1.0290800875883737,1.008050656941412,0.0206461276021983,0.0055112494979751,0.005429563202044,1.030899450541984,1.007893765805384,-0.0048588604835533,0.0745630263067508,-0.669660602009231,0,0,0
2025-04-01,1.015044726968154,1.0160619776397593,1.0084855260310128,1.009502776702618,1356.0,-0.0054598089308726,-0.005474768162196,1.016357970637059,1.0176861334806424,1.0506262087214728,41.83912935870229,1.0186035234265285,1.0289726590600388,1.0082343877930178,0.0203595125974614,0.0057102959935647,0.0056565431273171,1.030899450541984,1.0081248019740623,-0.0126190301612999,0.0764038115357352,-1.755353010235248,0,0,0
2025-04-02,1.009502776702618,1.012860134116623,1.0087475192375794,1.0121048766515843,5604.0,0.0025776055391006,0.0025742892115102,1.0159529140670136,1.0174672606638169,1.0502429118849566,45.11258888196766,1.0185267216315723,1.0290718832396837,1.007981560023461,0.0207066960230932,0.0057633668686849,0.0056944364182418,1.030899450541984,1.0084855260310128,-0.0081520673744409,0.074913705266223,-1.21796995032267,0,0,0
2025-04-03,1.0121048766515843,1.0150533836797269,1.0116772956606404,1.0146258026887829,2988.0,0.0024907755069205,0.0024876786668971,1.015826522507182,1.0173558309393056,1.0498885127884774,48.156892174166174,1.0180034169745655,1.028210130548911,1.00779670340022,0.0200524151572677,0.005597048667928,0.0055163673672556,1.030899450541984,1.0084855260310128,0.0016591812103983,0.0627298887324173,-0.6618416909968389,0,0,0
2025-04-04,1.0146258026887829,1.0154881319977411,1.0107596537422223,1.0116219830511806,8145.0,-0.0029605196611816,-0.0029649106680967,1.0154260901780392,1.017130974159379,1.049507751298554,44.95716796195379,1.0171389715970467,1.0263344528812333,1.00794349031286,0.0180810715958477,0.0053507494244269,0.0052892775306131,1.030056116498725,1.0084855260310128,-0.0076276272414224,0.0612200226575784,-1.1999347017004132,0,0,0
2025-04-07,1.0116219830511806,1.0127560507387232,1.0098316583384388,1.0109657260259814,2508.0,-0.0006487176397845,-0.0006489281481178,1.0150012935921289,1.0168891997227754,1.0491242485595236,44.26517594024503,1.0164045530873518,1.0250673515147213,1.0077417546599825,0.0170459654102415,0.0053269443693295,0.0052691641587784,1.027022002352164,1.0084855260310128,-0.0094555647481778,0.0606007789008739,-1.255674389048849,0,0,0
2025-04-08,1.0109657260259814,1.0124054988655276,1.0098609065256128,1.0113006793651589,4733.0,0.0003313201729342,0.000331265298526,1.0146488541419412,1.0166700420616923,1.0487478946371915,44.73276560593911,1.0157489427236746,1.0238246240283666,1.0076732614189825,0.0159009396220242,0.0053300293401556,0.0052704694547436,1.0249735497149932,1.0084855260310128,-0.0011477849624353,0.0606803720667501,-1.1016441067160805,0,0,0
2025-04-09,1.0113006793651589,1.0158940574392503,1.0095688023409175,1.014162180415009,6427.0,0.0028295254895371,0.0028255299175632,1.014602504263186,1.0165716945461365,1.0484037581772694,48.69290079741543,1.0154198311383855,1.0231681864403537,1.0076714758364176,0.0152613826603746,0.0051480114055283,0.0050761224436723,1.022831480937085,1.0084855260310128,0.0018597766580998,0.0608216355464272,-0.3246239167832579,0,0,0
2025-04-10,1.014162180415009,1.0167229114721157,1.0130776790871374,1.0156384101442442,7518.0,0.0014556150463342,0.0014545566656914,1.0147011619661437,1.016535095157827,1.0480777348137569,50.657213703185725,1.0152011318157692,1.0226446076362254,1.007757655995313,0.0146640416114252,0.0047486794182619,0.0046755610764932,1.022831480937085,1.0084855260310128,-0.0010457356100772,0.0611200410268416,0.1174930473403906,0,0,0
2025-04-11,1.0156384101442442,1.0160185959274664,1.0142253398042649,1.014605525587487,8532.0,-0.0010169805970713,-0.0010174980727102,1.014692053739605,1.0164594257629116,1.047744678005535,49.23682957907288,1.015131963972547,1.0225703259920098,1.0076936019530836,0.0146549656270389,0.0044861322460848,0.0044215531385827,1.022831480937085,1.0084855260310128,-0.0012102792179434,0.0596109031374642,-0.1415468576770377,0,0,0
2025-04-14,1.014605525587487,1.015190154887977,1.0140357247872738,1.0146203540877636,6496.0,1.46150399367162e-05,1.4614933138060602e-05,1.0146852252013343,1.0163873053050627,1.0474150827426716,49.25882615842183,1.0148629432571898,1.021940303537393,1.0077855829769866,0.0139474208359377,0.0038153092418268,0.003760331858567,1.022831480937085,1.0084855260310128,-0.0004180829367568,0.0577059962169816,-0.068553573598557,0,0,0
2025-04-15,1.0146203540877636,1.0162151739785297,1.0085848443366745,1.0101796642274403,1294.0,-0.0043767009428032,-0.0043863067364116,1.0142561241562016,1.016143868400058,1.047044581065903,43.21906609272991,1.0142516999531808,1.0206672745099246,1.007836125396437,0.0126508529530489,0.0041804651520748,0.0041383382581473,1.0227413565515862,1.0084855260310128,0.0006705157632485,0.0586021818227374,-1.2694219947798826,0,0,0
2025-04-16,1.0101796642274403,1.011462667843385,1.0027403093183775,1.004023312934322,9933.0,-0.0060943132307327,-0.0061129593530826,1.0132815707064988,1.0156685524994409,1.0466165087461858,36.53159528070958,1.0134316937367664,1.0206659607448365,1.0061974267286964,0.0142767727766546,0.0043489941157049,0.0043315668667042,1.0227413565515862,1.0027403093183775,-0.0079849073981337,0.0616439851812758,-2.601059870184254,0,0,0
2025-04-17,1.004023312934322,1.00544636600282,1.0002623099333596,1.0016853630018576,1330.0,-0.0023285813211164,-0.0023312966827135,1.0121771699727231,1.0151201921269868,1.046169432669128,34.35737758793043,1.0128687047298532,1.0218128573359673,1.0039245521237392,0.0176610306239041,0.0043958707141689,0.004388474541542,1.0227413565515862,1.0002623099333596,-0.012753903609225,0.0570037339057122,-2.5007045877886505,0,0,0
2025-04-18,1.0016853630018576,1.00307818337311,0.994471168279811,0.9958639886510632,8818.0,-0.0058115797293362,-0.0058285326729759,1.0106235336563747,1.0143650468926368,1.0456688809873562,29.628866328602516,1.0116920257769828,1.0229201175463472,1.0004639340076185,0.0221966596222622,0.0048803250385308,0.0049005939507275,1.0227413565515862,0.994471168279811,-0.0155769592437969,0.0536864551295011,-2.819363690828735,0,0,0
2025-04-21,0.9958639886510632,0.997037461833972,0.9951400210432468,0.9963134942261554,4989.0,0.0004513724566956,0.0004512706187917,1.0092606727582587,1.0136571428665004,1.0451777826116229,30.42511941212649,1.0104768890452396,1.0228411788743708,0.9981125992161084,0.0244721872675657,0.0044746814086722,0.0044912383849098,1.021812474963834,0.994471168279811,-0.0144933022184863,0.0533168416341582,-2.2910163082256574,0,0,0
2025-04-22,0.9963134942261554,0.9980222215360474,0.9953894490306828,0.9970981763405746,1023.0,0.000787585553108,0.0007872755703543,1.0081023397660984,1.0130077716301895,1.0446993785691248,31.874262112107843,1.0097086594169515,1.0233923192746048,0.9960249995592982,0.0271041745161516,0.0043689783819808,0.0043816932832184,1.0185321822274347,0.994471168279811,-0.0140437985599889,0.0472491635411436,-1.8431447737753932,0,0,0
2025-04-23,0.9970981763405746,0.998063274186402,0.9963894751922592,0.9973545730380864,3180.0,0.0002571428808073,0.0002571098252433,1.007078742934859,1.0123939207050092,1.044228285976776,32.36994256938722,1.0089624097435683,1.0236470111608178,0.9942778083263194,0.0291083221246693,0.0042473863087706,0.0042586522622866,1.0185321822274347,0.994471168279811,-0.0165728989914064,0.0473458738924173,-1.5809535956279983,0,0,0
2025-04-24,0.9973545730380864,1.0060661272864004,0.9967796386421304,1.0054911928904444,4637.0,0.0081582017793055,0.0081251035440375,1.006927547692534,1.012123225496595,1.043842842264474,45.83791538529084,1.0084018888268944,1.0226932085858382,0.9941105690679504,0.0283444922451889,0.0045729584793956,0.0045479846185922,1.0185321822274347,0.994471168279811,-0.0099909742999564,0.0541845166165654,-0.4073375987026524,0,0,0
2025-04-25,1.0054911928904444,1.0085751900374584,1.0040622291481551,1.0071462262951691,5274.0,0.0016459949290725,0.0016446417640842,1.0069483742261185,1.0119280490573237,1.043477701807068,48.10183947749467,1.0079674516646535,1.0218291743015555,0.9941057290277516,0.027504306044822,0.0046864276571827,0.0046531750155307,1.0167229114721157,0.994471168279811,-0.0073519206274761,0.0547218673372508,-0.1184882126119541,0,0,0
2025-04-28,1.0071462262951691,1.0126905973663851,1.0057720773378742,1.0113164484090902,7169.0,0.0041406322190784,0.0041320833917335,1.0073643812911632,1.0119040647181772,1.0431576893354464,53.38866675091098,1.0077810377367007,1.0213389671246305,0.9942231083487708,0.0269064982972461,0.004998851063511,0.0049429148229268,1.0167229114721157,0.994471168279811,-0.0032562974568394,0.0570359303446013,0.5215266389478295,0,0,0
2025-04-29,1.0113164484090902,1.0122539441093557,1.0048961388527708,1.0058336345530363,1177.0,-0.0054214621592271,-0.0054362116184434,1.0072185958875322,1.0116660086332698,1.042786305705771,46.65881009536616,1.0075975806292214,1.0211567123201422,0.9940384489383008,0.0269137837398405,0.0050726046462433,0.0050431845505916,1.0167229114721157,0.994471168279811,-0.0043022343730585,0.0569889732121737,-0.2601856986707027,0,0,0
2025-04-30,1.0058336345530363,1.0095170168047198,1.0049696013248537,1.008652983576537,8287.0,0.002802997361242,0.0027990762895984,1.007355204238866,1.0115478507879077,1.0424466706597089,50.13933562867253,1.0074249859754691,1.0208295423702072,0.9940204295807312,0.0266115226073307,0.0051370462958781,0.0050929768508322,1.0167229114721157,0.994471168279811,0.0046111186688331,0.0571388309795121,0.183220923528644,0,0,0
2025-05-01,1.008652983576537,1.01161703517794,1.007399081200015,1.0103631328014182,8135.0,0.0016954782791771,0.00169404257845,1.0076416736257758,1.0115013912590258,1.0421274314770397,52.17770275851791,1.0072118524811011,1.0202652856279568,0.9941584193342456,0.0259199355422608,0.005310238999787,0.005255772729022,1.0167229114721157,0.994471168279811,0.0086631692146872,0.0567168028712294,0.4828278177647353,0,0,0
2025-05-02,1.0103631328014182,1.0110505115053832,0.9995161113928316,1.0002034900967969,6133.0,-0.01005543687689,-0.0101063342667267,1.0069332751944444,1.0110583363114871,1.041710277831465,41.36002087268071,1.006640927833382,1.019879717315048,0.9934021383517158,0.0263029032808357,0.0060516654292047,0.0060504342257584,1.0167229114721157,0.994471168279811,0.0043575242153413,0.0661041329587292,-0.972511534457162,0,0,0
2025-05-05,1.0002034900967969,1.0016490812239591,0.9908923872412716,0.9923379783684344,9890.0,-0.0078639115002497,-0.0078949951187499,1.0055432469253005,1.010324204627446,1.0412190111701416,35.264387618517446,1.0057095404505043,1.0202265517625724,0.9911925291384368,0.0288691928000702,0.0062749771678356,0.0063234274054014,1.0167229114721157,0.9908923872412716,-0.0039902258483498,0.0710129556134254,-1.842192141980961,0,0,0
2025-05-06,0.9923379783684344,0.997305150805775,0.9914847803945014,0.9964519528318418,5217.0,0.0041457392068893,0.0041371693076502,1.00467740939259,1.0097801947531089,1.0407735678035914,40.22649433335837,1.0049671041238386,1.0197955976270912,0.990138610620586,0.0295104057484161,0.0060676923025689,0.0060892974170254,1.0167229114721157,0.9908923872412716,-0.0006481041928132,0.0731626357553285,-1.1484850150325734,0,0,0
2025-05-07,0.9964519528318418,0.9977018396583464,0.9954093961844598,0.9966592830109644,8925.0,0.0002080684156755,0.0002080467724448,1.0039137783086258,1.0092656491945933,1.0403346196962022,40.47413057340992,1.004091959253636,1.018699836982359,0.9894840815249132,0.0290966929753749,0.0058611485457422,0.0058807946162257,1.0167229114721157,0.9908923872412716,-0.0006971342448496,0.0720547950263951,-1.017625746970386,-1,0,0
2025-05-08,0.9966592830109644,0.9984788826617168,0.9962688073857884,0.9980884070365408,2479.0,0.0014339143275312,0.0014328872540882,1.0033589810446175,1.008827325972709,1.0399142593712305,42.25015279003026,1.0032144590982512,1.0169864743263364,0.989442443870166,0.0274557749904527,0.0054042242730729,0.0054145747360384,1.0162151739785297,0.9908923872412716,-0.0073623577274934,0.0720455848752139,-0.744415683081285,-1,0,0
2025-05-09,0.9980884070365408,0.9984153270023184,0.9926199761170156,0.9929468960827932,6016.0,-0.0051513582539379,-0.0051646722429686,1.0023673539053963,1.0082045640162418,1.039446922423087,37.87222136831268,1.0021315276230165,1.0155333072319892,0.9887297480140438,0.026746548211612,0.0056826464226856,0.0057230114169285,1.0162151739785297,0.9908923872412716,-0.0140985785794072,0.0736410608307892,-1.3706584958424406,-1,0,0
2025-05-12,0.9929468960827932,0.994309597963644,0.9895148207125042,0.9908775225933548,9358.0,-0.0020840726705548,-0.0020862473720188,1.0012730842566304,1.0075250721957365,1.0389636448128408,36.24437259774835,1.000944386048296,1.013886624524151,0.9880021475724416,0.0258600550764867,0.0058370753330981,0.0058908141521074,1.0162151739785297,0.9895148207125042,-0.0202102179272254,0.0736086155825608,-1.5556603247146603,-1,0,0
2025-05-13,0.9908775225933548,0.9922225953526604,0.9897709932513552,0.9911160660106608,3645.0,0.0002407395584891,0.0002407105853715,1.0003057491855856,1.0068815817571062,1.0384875495013763,36.58275974131341,0.9999912061374572,1.0128774842127093,0.9871049280622052,0.0257727827928133,0.0058926326978954,0.00594545169832,1.0126905973663851,0.9895148207125042,-0.0146322095789882,0.0727631122088064,-1.3774559380091267,-1,0,0
2025-05-14,0.9911160660106608,0.9924709415329886,0.98701343815922,0.988368313681548,2638.0,-0.0027723819876848,-0.0027762321563663,0.9991688505661536,1.006155571244339,1.0379888506374977,34.322935875062214,0.9992084561748183,1.01293776839162,0.9854791439580168,0.0274803763558214,0.0056191337500024,0.0056852629452191,1.0126905973663851,0.98701343815922,-0.0201106527470553,0.0705656594823705,-1.5791238952239128,-1,0,0
2025-05-15,0.988368313681548,0.9899701113084772,0.987088352179302,0.9886901498062312,1464.0,0.0003256236771538,0.0003255706732701,0.9981708790652084,1.0054706527565702,1.037498316300868,34.830724430311435,0.9985586955150372,1.0130057129772505,0.9841116780528236,0.0289357401364612,0.0055026193385647,0.0055655650454727,1.0126905973663851,0.98701343815922,-0.021450686680436,0.0704199445158409,-1.3661706625076555,-1,0,0
2025-05-16,0.9886901498062312,0.9902608182697692,0.9885553134045874,0.9901259818681256,5339.0,0.0014522568695316,0.0014512033643741,0.997404698379772,1.0048689009570235,1.0370269497890996,37.16485599820592,0.9982717951758902,1.013165138568194,0.9833784517835864,0.0298382533980731,0.0051302611126126,0.0051814225730478,1.0126905973663851,0.98701343815922,-0.010075457972753,0.0680290715684234,-1.0938864556059344,-1,0,0
2025-05-19,0.9901259818681256,0.9907950735646396,0.986137169102008,0.9868062607985222,3562.0,-0.0033528269436378,-0.0033584602631161,0.996395323372034,1.0041605621272784,1.0365272414409348,34.1218832501159,0.9977964335045084,1.01353582177077,0.982057045238247,0.0315482952990337,0.0049374110559017,0.0050034249396698,1.0126905973663851,0.986137169102008,-0.0055744289652275,0.0688221084384755,-1.3965184059337992,-1,0,0
2025-05-20,0.9868062607985222,0.9879926375954308,0.9847252060267746,0.9859115828236832,8486.0,-0.0009066399458339,-0.0009070511924168,0.9953968718912388,1.003444915880079,1.0360236030467334,33.329840401259574,0.9972371038286638,1.013851712163972,0.9806224954933556,0.0333212799072962,0.0048459836336724,0.0049152314650704,1.0126905973663851,0.9847252060267746,-0.0105779008994901,0.0686739826590683,-1.3633208531208598,-1,0,0
2025-05-21,0.9859115828236832,0.9871590839434128,0.9837496780621354,0.9849971791818652,9017.0,-0.0009274702293273,-0.0009279005959625,0.9944064249665364,1.002721475225247,1.0355158774361377,32.499514767307275,0.9966192341358528,1.014111376403877,0.9791270918678288,0.0351029594229959,0.0047882301981975,0.0048611613306087,1.0126905973663851,0.9837496780621354,-0.0117011942073798,0.0686168727499774,-1.3288315148491543,-1,0,0
2025-05-22,0.9849971791818652,0.995537945836226,0.9843952396435712,0.9949360062979322,8595.0,0.010090208709351,0.0100396424185844,0.9944568612838124,1.0024161627182937,1.0351120976238173,47.739122319642576,0.9960914748062272,1.0130864118290976,0.9790965377833568,0.0341232456109042,0.0047602520610621,0.0047844806408952,1.0126905973663851,0.9837496780621354,-0.003158438387205,0.0721449137255332,-0.1359779688197884,-1,0,0
2025-05-23,0.9949360062979322,0.9978670453336284,0.9939850707956572,0.9969161098313536,1535.0,0.0019901818015302,0.0019882040133991,0.9946910754311972,1.002200474369786,1.0347320380437928,50.15367921022799,0.9955799689830364,1.011770753751592,0.9793891842144808,0.0325253325156675,0.0042692006721537,0.0042824071454477,1.0126905973663851,0.9837496780621354,0.0039974078817497,0.0722920171501708,0.1650495473094131,-1,0,0
2025-05-26,0.9969161098313536,0.9978887349861686,0.994218139535498,0.9951907646903128,2804.0,-0.0017306823754033,-0.0017321817363403,0.9947386648844464,1.0019255837941206,1.034338592537788,48.06964691253394,0.9947736847970976,1.0091716743551318,0.9803756952390634,0.0289472666558744,0.004115645317825,0.0041355340743196,1.0122539441093557,0.9837496780621354,0.0043529518014187,0.0702684797554138,0.0579358516040225,-1,0,0
2025-05-27,0.9951907646903128,0.9956907521019724,0.9897528157415548,0.9902528031532144,5150.0,-0.0049618241168415,-0.0049741748377991,0.9943114399576622,1.0014678276905555,1.0338999279667973,42.61217231381555,0.9939946432271066,1.0075333810802496,0.9804559053739637,0.0272410680387331,0.0043760376668629,0.0044191116176884,1.01161703517794,0.9837496780621354,-0.0008710007707987,0.0698849160658617,-0.552760547472075,-1,0,0
2025-05-28,0.9902528031532144,0.9918374399176324,0.9883184002366608,0.9899030370010788,1903.0,-0.0003532089492925,-0.0003532713422657,0.9938915920570351,1.0010143064870467,1.0334621479571882,42.24630444120341,0.9930571458983336,1.0047996376315451,0.981314654165122,0.0236491762467288,0.004469535124366,0.0045151241660057,1.01161703517794,0.9837496780621354,0.0015527848255416,0.0686308108985592,-0.5372128793301835,-1,0,0
2025-05-29,0.9899030370010788,0.9938580632763468,0.9894990523550184,0.9934540786302865,3893.0,0.0035872620817141,0.0035808432033118,0.9938499241116306,1.0007178269632522,1.0330640577151295,47.202689805603406,0.9922116931897768,1.0006885794074796,0.9837348069720742,0.0170868500661408,0.0043669394126535,0.0043957134069794,1.0110505115053832,0.9837496780621354,0.0048184244831295,0.0699069192676958,0.2931230663247684,-1,0,0
2025-05-30,0.9934540786302865,0.993952050559036,0.9933074793015128,0.9938054512302624,4433.0,0.0003536878125867,0.0003536252797966,0.9938456885991194,1.0004467534050958,1.0326734248147826,47.681143969025335,0.9918917912464504,0.9995413265137116,0.9842422559791894,0.015424132621661,0.0040704961273952,0.0040958681826068,1.0016490812239591,0.9837496780621354,0.0037161628212147,0.0608776016758432,0.5003336587000994,-1,0,0
2025-06-02,0.9938054512302624,0.9944982827881932,0.9876979153225008,0.9883907468804316,3678.0,-0.0054484550704848,-0.0054633520367531,0.9933261703401968,0.9999739688355012,1.0322328011537445,41.44779412311734,0.99169442967205,0.9994976314232626,0.9838912279208376,0.01573710916939,0.0043811222248514,0.0044325811817636,0.9984788826617168,0.9837496780621354,0.0016056708848068,0.0574093975181568,-0.8467505767373713,-1,0,0
2025-06-03,0.9883907468804316,0.989247533619286,0.9876929862872296,0.988549773026084,1572.0,0.0001608940048805,0.0001608810628282,0.9928712753579002,0.9995259611567004,1.031798144157449,41.68889819845012,0.9912993206817624,0.9988854564428108,0.9837131849207138,0.0153054392407555,0.0041023396504434,0.0041498564486901,0.9984788826617168,0.9837496780621354,0.002675889246422,0.0551116029716204,-0.7248875428241344,-1,0,0
2025-06-04,0.988549773026084,0.9944481049923436,0.9881625515298106,0.9940608834960704,9481.0,0.005574944853931,0.0055594623648966,0.9929845713710592,0.9993116443856952,1.0314226490264902,49.4564211750782,0.9911694007060176,0.9984519590185597,0.9838868423934756,0.0146948812329245,0.0043454678171119,0.0043714302506593,0.9984788826617168,0.9837496780621354,0.0092017566199869,0.0590396669151517,0.7940843494718022,-1,0,0
2025-06-05,0.9940608834960704,0.998213300181484,0.9932399949499412,0.9973924116353546,2524.0,0.0033514326884762,0.0033458291543647,0.9934043656819443,0.9992363803562702,1.0310840396992151,53.48979610957272,0.9911346009359584,0.998283371311328,0.9839858305605884,0.0144254279259728,0.0045788821289948,0.0045908531843421,0.9984153270023184,0.9837496780621354,0.0024689078713338,0.0600936913441527,1.750737643205565,-1,0,0
2025-06-06,0.9973924116353546,1.002428334089715,0.9964349693941332,1.001470891848494,9148.0,0.0040891430148863,0.004080805191561,0.9941726062692348,0.999324008257926,1.0307893815116458,57.91717830834276,0.9915608007242434,1.0000543887809703,0.9830672126675164,0.0171317544028028,0.0046742721456341,0.0046674068948788,1.002428334089715,0.9837496780621354,0.004568871916325,0.0585775341264798,2.3335464489360733,0,0,0
2025-06-09,1.001470891848494,1.0029724782882636,0.9990421919240108,1.0005437783637805,3117.0,-0.0009257518039316,-0.0009261805767781,0.9947793845639537,0.9993718423797242,1.030488430236543,56.59825057504008,0.9920441135127648,1.001427470830292,0.9826607561952374,0.0189172178731072,0.0047216189167482,0.0047190527979391,1.0029724782882636,0.9837496780621354,0.0053788819826248,0.0580591472208939,1.811646847368587,0,0,0
2025-06-10,1.0005437783637805,1.0021783516398053,0.9980609049294038,0.9996954782054288,4913.0,-0.0008478391217812,-0.0008481987406497,0.9952475839583798,0.9993845339807322,1.0301820327038949,55.35608271417123,0.9924730841225028,1.0024438510561944,0.9825023171888114,0.0200927704603841,0.0047721932616856,0.0047736469412188,1.0029724782882636,0.9837496780621354,0.0095356206234875,0.05824986587257,1.4487138513931452,0,0,0
2025-06-11,0.9996954782054288,1.0007264822122728,0.999044761056831,1.0000757650636751,2527.0,0.0003804026991589,0.0003803303643958,0.9957074107303128,0.999411641082024,1.0298824678517533,55.82415038375354,0.9930584566916092,1.0033829326094472,0.9827339807737712,0.0207932893542523,0.0040964086161704,0.0040960982750237,1.0029724782882636,0.9837496780621354,0.0102764893957845,0.0570074510541825,1.359353913537031,0,0,0
2025-06-12,1.0000757650636751,1.0012177595008471,0.9923063411685372,0.9934483356057092,6403.0,-0.0066269273683919,-0.0066489829460409,0.9954922607184457,0.9991777859653058,1.029519939172688,46.64557497863177,0.9932963659815832,1.0034142313489554,0.9831785006142107,0.0203722991725107,0.0044556546014803,0.0044850390722771,1.0029724782882636,0.9837496780621354,-5.78086566949132e-06,0.0625187978257895,0.030039858924407,0,0,0
2025-06-13,0.9934483356057092,0.9978627883971412,0.9922988191342488,0.9967132719256808,9529.0,0.0032864681563746,0.0032810795230566,0.9956085475000872,0.9990811383559088,1.029193504672718,50.92629016541208,0.9936257304844608,1.0037379168725675,0.983513544096354,0.0203541153934822,0.0045908955880676,0.0046060343705445,1.0029724782882636,0.9837496780621354,0.0029259456081855,0.0633214883431057,0.610657541844979,0,0,0
2025-06-16,0.9967132719256808,0.9973928016800724,0.9915287891927012,0.9922083189470928,9028.0,-0.0045198083596139,-0.0045300535760166,0.9952847162093256,0.9988116160261512,1.0288254928744531,45.50162399472963,0.9938958333918896,1.0035177630201035,0.9842739037636756,0.0193620484258937,0.0045856153114214,0.0046216255436031,1.0029724782882636,0.9837496780621354,0.0038624117826986,0.0643510523318283,-0.3507642458428595,0,0,0
2025-06-17,0.9922083189470928,0.9926592399265348,0.98881417672616,0.989265097705602,3124.0,-0.002966333969679,-0.0029707422580843,0.9947114192089712,0.9984372427586788,1.0284318571016289,42.32921942239333,0.9940635091359856,1.0032044571366452,0.984922561135326,0.0183910744467517,0.0046089027056645,0.0046589157106158,1.0029724782882636,0.9837496780621354,0.0007236101803231,0.0652639911794737,-1.0498717266605968,0,0,0
2025-06-18,0.989265097705602,0.9902953402337804,0.984547265794689,0.9855775083228674,5173.0,-0.0037276048566629,-0.0037345696891293,0.993841522934104,0.9979329394474704,1.0280054456709946,38.68956732475387,0.9940925255930356,1.0031152157162608,0.9850698354698104,0.0181526163630344,0.0047081215283618,0.0047770180311577,1.0029724782882636,0.9843952396435712,-0.0085340599494945,0.0666354236745424,-1.8874675188611056,0,0,0
2025-06-19,0.9855775083228674,0.9951094613301964,0.9846304331094864,0.9941623861168154,4700.0,0.0087105049795186,0.0086727873988842,0.9938720813324576,0.9977850746109744,1.0276686988097592,49.56255583476419,0.9940538445839796,1.003067938197145,0.9850397509708144,0.0181360268606732,0.005410582740018,0.0054423530960084,1.0029724782882636,0.984547265794689,-0.0032384701155317,0.0640028321830741,0.0240826282693924,0,0,0
2025-06-20,0.9941623861168154,0.9960953440764376,0.9929913245697344,0.9949242825293566,5035.0,0.0007663701857774,0.000766076674096,0.9939722909702576,0.997672886686205,1.027342883722392,50.40320475165159,0.99395425321888,1.0028787632716347,0.985029743166125,0.0179575871300981,0.0051465578858045,0.0051728136262999,1.0029724782882636,0.984547265794689,-0.0065369941077906,0.0636365773363812,0.2173854485551961,0,0,0
2025-06-23,0.9949242825293566,0.996881410943368,0.9888511362010876,0.990808264615099,8294.0,-0.0041370162398626,-0.0041455973665646,0.9936709551269092,0.9974036858206716,1.0269793551740607,45.94775178232829,0.9937351282151192,1.0027465904694852,0.9847236659607532,0.0181365476544072,0.0056091098436776,0.0056611455959712,1.0029724782882636,0.984547265794689,-0.0097302226641218,0.0650165301244045,-0.6495868300623941,0,0,0
2025-06-24,0.990808264615099,0.9921965216372972,0.988278146487062,0.9896664035092602,7379.0,-0.0011524541595162,-0.0011531187454634,0.9932895692585616,0.99710026298493,1.0266080820231671,44.765532137536525,0.9937058082329214,1.0027686460188532,0.9846429704469898,0.018240484680366,0.0054400256785135,0.0054968276777141,1.0029724782882636,0.984547265794689,-0.0100321296983076,0.0626904915748852,-0.8914216096710205,0,0,0
2025-06-25,0.9896664035092602,0.9917938359238389,0.9889621619291964,0.9910895943437752,6347.0,0.0014380510740472,0.0014370180688257,0.9930800478381056,0.9968645504891984,1.0262546642353128,46.60941417222496,0.9937651361000563,1.0027382479424052,0.9847920242577076,0.0180588179568525,0.0052870520187349,0.0053345853381051,1.0029724782882636,0.984547265794689,-0.008985489933683,0.0628871916474027,-0.5963464633649083,-1,0,0
2025-06-26,0.9910895943437752,0.9976854864066628,0.9897865340987956,0.9963824261616832,2933.0,0.0053404171006483,0.0053262076404232,0.9933945600593987,0.9968456436528254,1.0259574280355752,52.90591112056941,0.9939115534766264,1.002958555727406,0.9848645512258468,0.0182048437190086,0.0054231654196124,0.0054428553507349,1.0029724782882636,0.984547265794689,0.0029534405069842,0.0644764942632539,0.5462301470841252,-1,0,0
2025-06-27,0.9963824261616832,0.9971311266565336,0.9947923484621,0.9955410489569504,5457.0,-0.0008444319998436,-0.0008447887333837,0.9935989875734512,0.9967944830765166,1.0256547774974796,51.85891501100433,0.9939983333629604,1.0030743001121851,0.9849223666137356,0.0182615331325928,0.0053094862646253,0.0053332670412618,1.0029724782882636,0.984547265794689,-0.0011760884516622,0.0645677246186056,0.3399562022683144,-1,0,0
2025-06-30,0.9955410489569504,0.9996104754974244,0.994385114950258,0.998454541490732,8474.0,0.0029265418405741,0.0029222678536391,0.9940614212798592,0.996859583406486,1.0253841283829843,55.16749562491365,0.9945015230934756,1.0033822690991003,0.9856207770878508,0.0178596931214354,0.0053886229672514,0.0053969637508042,1.0029724782882636,0.984547265794689,0.0062952733053756,0.061816002389363,0.8902446697051728,-1,0,0
2025-07-01,0.998454541490732,0.999346139799244,0.9877743120076448,0.9886659103161568,9143.0,-0.0098037825136839,-0.0098521560112963,0.99354756309284,0.9965382628931396,1.0250187729793343,44.18110251105936,0.9945073299579792,1.0033718269622225,0.9856428329537364,0.017826911350402,0.0060950591555483,0.0061649330597423,1.0029724782882636,0.984547265794689,-0.0006056894060396,0.0718723026839713,-1.317935950348126,0,0,0
2025-07-02,0.9886659103161568,0.9940663303338148,0.9884659201564676,0.9938663401741258,7180.0,0.0052600477104607,0.0052462619807688,0.9935779228148672,0.9964334816100412,1.0247087985235614,49.89054268260973,0.994497602791882,1.003364589107317,0.9856306164764468,0.0178320918834648,0.005858558573051,0.0058947147480863,1.0029724782882636,0.984547265794689,0.0084101268355476,0.071557249115133,-0.1423849310914746,0,0,0
2025-07-03,0.9938663401741258,0.9954976169587372,0.9882147823093916,0.9898460590940028,7361.0,-0.0040450923002569,-0.0040532958162421,0.9932225072224038,0.9961751513152948,1.0243619055939142,45.975466019906605,0.9941202851648144,1.0031099978668585,0.9851305724627702,0.0180857645421725,0.0059813346720833,0.006042691807611,1.0029724782882636,0.984547265794689,-0.0043416720277177,0.0717787095635506,-0.9509149429969216,0,0,0
2025-07-04,0.9898460590940028,0.9956149500275716,0.9896403584754528,0.9954092494090214,3897.0,0.0056202580834745,0.0056045233609501,0.993430768383034,0.9961451159464212,1.0240738194627212,51.6317895774383,0.9938172030428406,1.0021480433171546,0.9854863627685266,0.0167653372246059,0.0059892331767082,0.0060168550576198,1.0029724782882636,0.984547265794689,0.000487440992426,0.0732313255863218,0.382205471179058,0,0,0
2025-07-07,0.9954092494090214,0.996796211862842,0.9899565916573276,0.9913435541111482,1522.0,-0.0040844459706267,-0.0040928101030705,0.9932319860714258,0.9959568194038616,1.023748145180616,47.70111291427949,0.9933571918302092,1.0011208547019763,0.985593528958442,0.0156311605445026,0.0062031301056467,0.0062572960503168,1.0021783516398053,0.984547265794689,0.0005402553805473,0.0744414235743482,-0.518733941007048,0,0,0
2025-07-08,0.9913435541111482,0.9918186898482207,0.9912482739860372,0.9917234097231098,6020.0,0.0003831725241834,0.0003830991323389,0.993088312133491,0.9957908033379496,1.023429491096462,48.09866775955371,0.9929585884060932,1.0001495383710144,0.985767638441172,0.0144838869392612,0.0058332973501533,0.0058819800893699,1.0012177595008471,0.984547265794689,0.0020784844332955,0.0744826952152971,-0.3435369983128345,0,0,0
2025-07-09,0.9917234097231098,0.9920518431224266,0.9907392841055158,0.9910677175048326,2790.0,-0.0006611644051643,-0.0006613830707376,0.9928958745498092,0.9956055842856706,1.0231074833990328,47.42845948088387,0.992508186028151,0.9989069574528175,0.9861094146034844,0.0128941433728086,0.005178549549882,0.005225222715275,1.0012177595008471,0.984547265794689,-2.207352298655429e-05,0.0744315909449783,-0.4502328424377233,0,0,0
2025-07-10,0.9910677175048326,0.9949330370167754,0.9901817934887378,0.9940471130006806,8332.0,0.0030062481536066,0.0030017384256064,0.993005516307035,0.9955444677646904,1.0228183254846217,50.78424143819191,0.9925381248978996,0.998960975520474,0.9861152742753256,0.0129422748838688,0.0052962084085487,0.0053279249436793,0.9996104754974244,0.984547265794689,-0.0023437920016301,0.0716158580084384,0.4698811139954901,0,0,0
2025-07-11,0.9940471130006806,0.9969722206195328,0.99264435695608,0.9955694645749322,1218.0,0.0015314682315772,0.0015302967300308,0.9932497018563586,0.9955454480317588,1.0225471925402465,52.454277947679394,0.9924809345303622,0.9987661477678068,0.9861957212929175,0.0126656604046884,0.0050317504743467,0.0050541430341027,0.9996104754974244,0.984547265794689,2.854288932807592e-05,0.0708272189514965,0.9827924456627288,0,0,0
2025-07-14,0.9955694645749322,0.9972139779857,0.988211132421894,0.9898556458326616,9637.0,-0.0057392466779905,-0.0057557794416253,0.9929264584255304,0.995322318533755,1.0222219035182805,46.127560343666815,0.9923633008746406,0.9987571238607088,0.9859694778885726,0.012886052880901,0.0053949269324589,0.0054502158523536,0.9996104754974244,0.984547265794689,-0.0086122054642886,0.071971407895491,-0.7843992701840519,0,0,0
2025-07-15,0.9898556458326616,0.9901116408896368,0.9883981906766548,0.9886541857336296,5530.0,-0.0012137730426554,-0.0012145102617598,0.992519575312016,0.9950608231298286,1.0218878963761446,44.90118635932331,0.992332755276042,0.998794376880763,0.9858711336713212,0.0130230944617431,0.0053150538051975,0.0053760494639017,0.9996104754974244,0.984547265794689,-1.1858993422042552e-05,0.0713144166114502,-1.138590207673205,0,0,0
2025-07-16,0.9886541857336296,0.9954665231106689,0.9879959623033328,0.994808299680372,2456.0,0.0062247386756124,0.0062054450137632,0.9927375490613832,0.9950509202494576,1.0216184476528036,51.94831117548661,0.9927942948439172,0.998498572345425,0.9870900173424094,0.0114913583430787,0.0052844544123024,0.0053120328951822,0.9996104754974244,0.9846304331094864,0.0009477728223306,0.0731799392322129,0.706138449934249,0,0,0
2025-07-17,0.994808299680372,1.0012791568992536,0.9938946621594226,1.0003655193783043,2919.0,0.0055862216868494,0.0055706766157544,0.9934640224248996,0.9952593359015696,1.0214069757296742,57.26379048635923,0.9931044515069918,0.9997231974165656,0.986485705597418,0.0133294053803308,0.0056448627369736,0.0056428001841584,1.0012791568992536,0.9877743120076448,0.0106273699709729,0.0692522919584847,2.194091742004952,0,0,0
2025-07-18,1.0003655193783043,1.007069854834329,0.9996331635726272,1.0063374990286522,1114.0,0.0059697975736501,0.0059520489342751,0.9946900678157332,0.995693773671259,1.021257030687873,62.113974932220565,0.9936751123319564,1.0025410818540432,0.9848091428098698,0.0178448054340016,0.005802814930869,0.0057662711927858,1.007069854834329,0.9877743120076448,0.0109786498629773,0.0721015256744251,2.8564020359310662,0,0,0
2025-07-21,1.0063374990286522,1.0072945007079068,1.0031898691482912,1.0041468708275458,4450.0,-0.0021768325270804,-0.0021792052710087,0.9955907157216202,0.996025267677388,1.021086780341004,59.44871385811473,0.9943420426425787,1.004245988834455,0.9844380964507028,0.0199206023021117,0.0052694437714416,0.0052476823107549,1.0072945007079068,0.9877743120076448,0.0129151157167479,0.0707231269580953,1.9799841386476,0,0,0
2025-07-22,1.0041468708275458,1.0124926239530412,1.0017019536621838,1.0100477067876792,3169.0,0.0058764670105184,0.005859267925267,0.9969675720136256,0.9965751672503406,1.0209769388131102,63.93756342697503,0.9953611078065,1.0072372681117618,0.9834849475012378,0.0238630185811333,0.0056401766366924,0.0055840695432399,1.0124926239530412,0.9877743120076448,0.0184772254893987,0.0726837582171854,2.47329079495029,0,0,0
2025-07-23,1.0100477067876792,1.0145051559467342,1.0092826669055197,1.0137401160645745,9759.0,0.0036556780952836,0.0036490123444025,0.9985649571613352,0.9972483024979576,1.0209049306265576,66.44091316605079,0.9964936338925398,1.0107384477791832,0.9822488200058962,0.0285898743396882,0.0054930090932544,0.0054185574845146,1.0145051559467342,0.9877743120076448,0.022876740064567,0.0732728692590412,2.4214401548911333,0,0,0
2025-07-24,1.0137401160645745,1.016613024651157,1.0123340955998383,1.0152070041864212,3861.0,0.0014470060902209,0.0014459601857402,1.0001499140208672,0.99795256530927,1.0208482348410837,67.40883045903152,0.9974348627937768,1.013954736352394,0.9809149892351592,0.0331247165601286,0.0053718903431973,0.0052914236417255,1.016613024651157,0.9877743120076448,0.0212866079575104,0.071597246829216,2.1516074356845043,0,0,1
2025-07-25,1.0152070041864212,1.0162630204882162,1.0132075040312725,1.0142635203330674,2903.0,-0.0009293512056783,-0.000929783320255,1.0014940670029815,0.9985922106043208,1.0207827152937403,66.08851928310139,0.9983709863625826,1.016484053430427,0.9802579192947384,0.036285243291848,0.0051015972182994,0.005029853796402,1.016613024651157,0.9877743120076448,0.0187772490251263,0.0716260399908188,1.7548142355966312,0,0,1
2025-07-28,1.0142635203330674,1.0149494451315146,1.012689601067874,1.0133755258663213,9008.0,-0.0008755066597037,-0.0008758901395017,1.0026256345137758,0.9991719484577326,1.020709011916353,64.80202298180987,0.999117035581362,1.0184337457125745,0.9798003254501496,0.03866756234413,0.0052222706612606,0.0051533420020146,1.016613024651157,0.9877743120076448,0.0237609192135028,0.0714999978543867,1.4762855774203782,0,0,1
2025-07-29,1.0133755258663213,1.0139072814527577,1.0122647656652386,1.012796521251675,6384.0,-0.0005713623428504,-0.0005715256325152,1.0035942903935755,0.999706245430044,1.0206302806659582,63.92818415441399,1.0003235661281378,1.019904333376061,0.9807427988802148,0.0391488672484492,0.0052458390020183,0.0051795586694307,1.016613024651157,0.9879959623033328,0.0244193934202892,0.0600100748170223,1.2740006523350371,0,0,1
2025-07-30,1.012796521251675,1.0148465022268698,1.008960086696136,1.0110100676713307,3904.0,-0.0017638820265065,-0.0017654394981418,1.0043005548962192,1.000149532576761,1.020534557153574,61.18664889149744,1.001180752502998,1.021069870380126,0.9812916346258698,0.0397313228953001,0.0053269227164966,0.0052689116427556,1.016613024651157,0.9879959623033328,0.0162863216924953,0.0588968253117736,0.9884113744065288,0,0,1
2025-07-31,1.0110100676713307,1.0118199062696294,1.0083211290559837,1.0091309676542823,1285.0,-0.0018586363055479,-0.0018603657132316,1.004760594206511,1.0005017457170562,1.0204210886013425,58.351995119097104,1.002144997931012,1.0215851953446502,0.982704800517374,0.0387971749672425,0.0052677022557961,0.0052200382553326,1.016613024651157,0.9879959623033328,0.0087622455054483,0.056960211676392,0.7187138663899989,0,0,1
2025-08-01,1.0091309676542823,1.010184526020235,1.0058957407671665,1.006949299133119,6120.0,-0.0021619280262844,-0.0021642683663861,1.0049690422947593,1.0007545909490587,1.0202870409449425,55.15701847580943,1.002722000417217,1.0220048175462089,0.9834391832882252,0.0384609435535842,0.004930983662172,0.0048969532690644,1.016613024651157,0.9879959623033328,0.0006079472394275,0.0552074627875271,0.4384523991099036,0,0,1
2025-08-04,1.006949299133119,1.0096085148596368,1.005745537080845,1.0084047528073627,5734.0,0.0014454090940791,0.0014443654958511,1.005296252819769,1.0010545972964433,1.0201688092221803,56.85426209184298,1.0035750603520277,1.022237991990541,0.984912128713514,0.0371928964276317,0.0050845213454441,0.0050421433767433,1.016613024651157,0.9879959623033328,0.0042402980116922,0.0524273151357365,0.5175706099001376,0,0,1
2025-08-05,1.0084047528073627,1.0096111782365669,1.001343759416573,1.0025501848457772,6097.0,-0.0058057718840441,-0.0058226908946876,1.0050347225365317,1.001113247788574,1.0199934995268929,48.84565813404984,1.004116399108161,1.0219411402021914,0.9862916580141308,0.0355033362862353,0.0051414397749197,0.0051283615051257,1.016613024651157,0.9879959623033328,-0.0074229384330239,0.0575266302027801,-0.1757348680826931,0,0,1
2025-08-06,1.0025501848457772,1.007765170092716,1.000826992097054,1.0060419773439928,8737.0,0.0034829104328106,0.0034768591469231,1.0051306515658138,1.0013065313005514,1.0198546784106453,53.089884613618274,1.004865112100119,1.0216071484703146,0.9881230757299236,0.0333219576808782,0.0051095600074791,0.0050788735684455,1.016613024651157,0.9879959623033328,-0.0075937990403955,0.0582463476635193,0.1405880644207412,0,0,0
2025-08-07,1.0060419773439928,1.0121220695833868,1.0042252002470649,1.0103052924864588,8598.0,0.0042377109886819,0.0042287571783309,1.0056234745106372,1.0016594238960772,1.0197596596452303,57.70410142793469,1.005678021074408,1.0217748007573164,0.9895812413914996,0.0320117957151166,0.0051424298699519,0.0050899761767019,1.016613024651157,0.9879959623033328,-0.0048282879055691,0.0590358886605796,0.5749313220661196,0,0,0
2025-08-08,1.0103052924864588,1.0119894222151702,1.0007257078235654,1.0024098375522768,2417.0,-0.007814919898866,-0.0078456164171879,1.0053174138479362,1.0016888518825948,1.0195870245995295,48.240477022867935,1.0060200397232753,1.0214909875435114,0.9905490919030392,0.0307567388508318,0.0056537929293797,0.0056402009613008,1.016613024651157,0.9879959623033328,-0.0116869852293397,0.06640057115543,-0.4667073036438446,0,0,0
2025-08-11,1.0024098375522768,1.011283751241478,1.00122137101152,1.0100952847007214,8987.0,0.0076669709938315,0.0076377291409071,1.005772449167249,1.0020185159146782,1.0194925794264071,55.83358575836069,1.0070320216666782,1.0205792211703868,0.9934848221629696,0.0269052010506824,0.005601772210744,0.0055457859229625,1.016613024651157,0.9879959623033328,-0.0032369453197477,0.0671407995010161,0.4522356127116425,0,0,0
2025-08-12,1.0100952847007214,1.016064875118533,1.009124783997825,1.0150943744156369,3797.0,0.0049491268701411,0.0049369202000918,1.0066602515718577,1.0025312946794216,1.0194488161924693,59.94930623211713,1.0083540311007786,1.0192511955582029,0.9974568666433542,0.0216137668345082,0.005724458073565,0.0056393358271347,1.016613024651157,0.9879959623033328,0.002268820158586,0.0679787137032881,1.2370820576660757,0,0,0
2025-08-13,1.0150943744156369,1.016550237821174,1.0101020025267071,1.0115578659322446,6681.0,-0.0034839208772365,-0.0034900038621108,1.0071266910347516,1.0028852778658068,1.019370299274457,55.97538481776116,1.009191509413372,1.0180980916888285,1.000284927137916,0.0176509258993536,0.0058794085195041,0.0058122315267507,1.016613024651157,0.9938946621594226,0.000541832646806,0.0674387338690386,0.5313725165697841,0,0,0
2025-08-14,1.0115578659322446,1.016997470592404,1.0110799969122075,1.016519601572367,6436.0,0.004905043801473,0.0048930532675367,1.008021253943096,1.0034199572268483,1.0193419341231926,59.983312271192375,1.009999213523075,1.0184541635301485,1.0015442635160023,0.0167424882987392,0.0060838340354507,0.0059849648015052,1.016997470592404,0.9996331635726272,0.0073217789909465,0.0668441250461818,1.542383584488847,0,0,0
2025-08-15,1.016519601572367,1.0194054115717803,1.015551818313808,1.0184376283132217,5207.0,0.0018868566212473,0.0018850787433419,1.0090132895973936,1.0040088855047455,1.0193329360554315,61.444533474604825,1.0106042199873038,1.019665849768701,1.0015425902059063,0.0179330930985249,0.0061976732636173,0.0060854716001432,1.0194054115717803,1.0007257078235654,0.0114090443183114,0.0641819125217494,1.7289182001231456,0,0,0
2025-08-18,1.0184376283132217,1.0290543318233647,1.0172050466777076,1.0278217501878508,4630.0,0.0092142332664708,0.0091720411994527,1.0108045715583895,1.0049427233354555,1.0194174018676947,67.66558142016387,1.011787963955319,1.023182869375598,1.0003930585350398,0.0225242952599153,0.00692672821777,0.006739231015985,1.0290543318233647,1.0007257078235654,0.0192551624994148,0.0700964633619415,2.8142026004002045,0,0,0
2025-08-19,1.0278217501878508,1.0327801380819512,1.0267804343998272,1.0317388222939277,9107.0,0.0038110422408952,0.003803798617418,1.012798309723679,1.0059935507455915,1.0195400030659658,69.85226003046648,1.0128725197306314,1.0272964866945988,0.998448552766664,0.028481307732198,0.0069348202285836,0.0067214881118508,1.0327801380819512,1.0007257078235654,0.0291143903710322,0.0686271584218725,2.6159658588273427,0,0,0
2025-08-20,1.0317388222939277,1.032778883281307,1.029173357415556,1.0302134184029352,9521.0,-0.0014784787177057,-0.0014795727458296,1.0144568915026555,1.0069433494772522,1.019646206203647,67.92578866877025,1.0136961848475496,1.0300773484076085,0.9973150212874908,0.0323196709328097,0.0069424451323054,0.0067388416888102,1.0327801380819512,1.0007257078235654,0.0240262748506343,0.0684830139111309,2.016612982933476,0,0,1
2025-08-21,1.0302134184029352,1.031322938438059,1.0289302380674932,1.0300397581026166,1809.0,-0.00016856730578,-0.0001685815148451,1.0159409740359853,1.0078490909919724,1.0197496246305024,67.6968858359154,1.0144378225433592,1.0323760572170726,0.9964995878696458,0.0353658632891651,0.0068070104978409,0.0066084929676693,1.0327801380819512,1.0007257078235654,0.0195331705801415,0.068525403210018,1.7395173876413108,0,0,1
2025-08-22,1.0300397581026166,1.0315680663961009,1.025469305053814,1.026997613347298,7212.0,-0.0029534245949131,-0.002957794559694,1.0169939873037293,1.0086000134372792,1.019821743921217,63.650368448618224,1.0150745271940709,1.0338701949915472,0.996278859396594,0.0370330794319757,0.0069667093238048,0.0067835691468631,1.0327801380819512,1.0007257078235654,0.0245286656953214,0.0695462260687226,1.2687057764266363,0,0,1
2025-08-25,1.026997613347298,1.0273228607672629,1.0225951931994086,1.0229204406193737,3934.0,-0.0039699924079041,-0.0039778937468671,1.0175584114290288,1.009161598816969,1.0198525767241835,58.59516734246751,1.0155517729317236,1.0346481095319626,0.9964554363314846,0.0376078051542585,0.006713869948652,0.0065634331684552,1.0327801380819512,1.0007257078235654,0.0126969763277846,0.0712823353070795,0.7717362593574781,0,0,1
2025-08-26,1.0229204406193737,1.0252091413801008,1.0212547613148342,1.0235434620755617,3678.0,0.0006090614982829,0.0006088760956059,1.0181284162525082,1.009725593454561,1.0198893019515607,59.12933525107632,1.0160891199729176,1.0354618283212398,0.9967164116245956,0.0381319078563473,0.0065007415250523,0.0063512120060539,1.0327801380819512,1.0007257078235654,0.0083234503834077,0.071174834360433,0.7695714991021834,0,0,1
2025-08-27,1.0235434620755617,1.028632426328152,1.02191387916183,1.0270028434144205,5158.0,0.0033798089353664,0.0033741102179207,1.018973599791738,1.010403132668673,1.0199600834586535,62.05648185382611,1.016888758760072,1.0366941691311131,0.9970833483890308,0.0389529537039837,0.0064165756557666,0.0062478655214174,1.0327801380819512,1.0007257078235654,0.0152685061352786,0.0713107445477878,1.0213456287820024,0,0,1
2025-08-28,1.0270028434144205,1.0314091404957837,1.0268866942959216,1.0312929913772846,5078.0,0.0041773476971114,0.0041686468029106,1.0201468751808376,1.0112223428141092,1.0200728487115756,65.36898645883208,1.0179968599462224,1.0384442180795783,0.9975495018128664,0.0401717508921123,0.0059350564992135,0.0057549663857284,1.0327801380819512,1.0007257078235654,0.0145333053903395,0.0715503949932549,1.3005231623905529,0,0,1
2025-08-29,1.0312929913772846,1.0360091858558869,1.0298327893969,1.0345489838755022,7377.0,0.0031571944398354,0.0031522209668678,1.0215185045803294,1.0121371130518109,1.0202168898574853,67.67545295461059,1.0193768441833415,1.0404020708171653,0.9983516175495182,0.0412511364247587,0.0056574862298585,0.0054685532710738,1.0360091858558869,1.0007257078235654,0.0158196782153119,0.0708251972365694,1.443231976177881,0,0,1
2025-09-01,1.0345489838755022,1.042791404184782,1.0332442277277385,1.041486648037018,1501.0,0.0067059793877779,0.0066835943281094,1.0234202325285855,1.0132880752080935,1.0204285292423565,71.9605956810621,1.0210309389448242,1.0435722310385205,0.9984896468511284,0.0441539844365364,0.0058437066110253,0.0056109280152938,1.042791404184782,1.0007257078235654,0.0132950074725211,0.0733244966453643,1.814954440691934,0,0,1
2025-09-02,1.041486648037018,1.0446011475276606,1.0403211412788758,1.0434356407695184,6077.0,0.0018713564270593,0.0018696076210405,1.0253264618848648,1.0144703326810904,1.0206574557252135,73.04179423925457,1.0230752117410111,1.0459725715080592,1.0001778519739637,0.0447618308102342,0.0056888331077623,0.0054520210787192,1.0446011475276606,1.0007257078235654,0.0113369955872983,0.0678658552937153,1.7784084484542348,0,0,1
2025-09-03,1.0434356407695184,1.044245631351438,1.0325972465131976,1.033407237095117,3357.0,-0.009610946073306,-0.0096574292870592,1.0260960595239363,1.0152129563836014,1.0207843192214316,60.182596693076015,1.0244434747285678,1.0463021112356885,1.002584838221447,0.042674168065568,0.0060981839047654,0.0059010462534666,1.0446011475276606,1.0007257078235654,0.0031001524879503,0.0790834338589986,0.820157502836851,0,0,1
2025-09-04,1.033407237095117,1.0352642187054215,1.0323205343679815,1.0341775159782862,4450.0,0.0007453778680071,0.0007451002118879,1.0268657220433983,1.015956664603001,1.0209175848608034,60.75412444787944,1.025637085903159,1.0468424435254926,1.0044317282808253,0.0413506062013359,0.0060331904104417,0.0058338054320728,1.0446011475276606,1.0007257078235654,0.0040170855960857,0.078363090135314,0.8054973867672446,0,0,1
2025-09-05,1.0341775159782862,1.042459403613841,1.0332647763771037,1.0415466640126585,1376.0,0.0071256123059313,0.0071003450891539,1.0282639069928516,1.0169601939916149,1.0211228493299762,65.81021388653741,1.027593927226178,1.0469136428821535,1.0082742115702024,0.0376018486370897,0.005843571988376,0.0056104754499074,1.0446011475276606,1.00122137101152,0.0141665866368867,0.0734065005419718,1.4444039482708309,0,0,1
2025-09-08,1.0415466640126585,1.0432890881823875,1.0302541466546993,1.0319965708244283,1216.0,-0.0091691457696549,-0.0092114411267797,1.0286193987863352,1.017549855828196,1.021231045563752,55.780703657312,1.0286889915323634,1.0462337713864378,1.011144211678289,0.0341109509258755,0.0063460889773449,0.0061493314578315,1.0446011475276606,1.009124783997825,0.0088727625772728,0.0799785355673453,0.3770442626895677,0,0,1
2025-09-09,1.0319965708244283,1.0328842373971965,1.0244699624614202,1.025357629034188,8223.0,-0.0064331045062843,-0.0064538860977901,1.0283087540480356,1.0178560430127446,1.021272106095796,50.06822543805309,1.029202154263291,1.045638054106611,1.012766254419971,0.0319391089014674,0.0066895710537753,0.0065241344720635,1.0446011475276606,1.0101020025267071,0.0017724376402616,0.0828391497090268,-0.4678204741756911,0,0,1
2025-09-10,1.025357629034188,1.0269696594709663,1.02129084200036,1.0229028724371385,3386.0,-0.0023940491859039,-0.0023969195036926,1.0277939081803311,1.0180539578921326,1.0212883326265556,48.1064984189137,1.0297694045885355,1.0443157653167634,1.0152230438603076,0.0282516855975929,0.0069242937037782,0.0067692582456833,1.0446011475276606,1.0110799969122075,-0.003992171008652,0.0822292557215848,-0.944089353988364,0,0,0
2025-09-11,1.0229028724371385,1.0238028805320594,1.0179060515280238,1.018806059622945,8534.0,-0.0040050848663983,-0.0040131266981194,1.0269379226034372,1.0180834520776547,1.0212636333926888,44.941685112233294,1.0298837274910646,1.0440218443753946,1.0157456106067346,0.0274557535126267,0.0069098699653317,0.0067823212279371,1.0446011475276606,1.015551818313808,-0.0121080351158631,0.0820822865039297,-1.5670641230017852,0,0,0
2025-09-12,1.018806059622945,1.0198293672064818,1.013884390042514,1.014907697626051,4057.0,-0.0038264024443834,-0.0038337418505466,1.0257921868913051,1.0179589126873958,1.0212003902507325,42.103239428745184,1.029707230956706,1.044519071323628,1.014895390589784,0.0287690324426685,0.0069968206507684,0.0068940462932092,1.0446011475276606,1.013884390042514,-0.0189853613077589,0.0829564842371545,-1.9983382164589905,0,0,0
2025-09-15,1.014907697626051,1.017382429195918,1.0141226213110632,1.0165973528809302,5195.0,0.0016648363775657,0.001663452073697,1.0249164884141266,1.0179055181851815,1.021154588883869,43.76117665527239,1.02914601109136,1.0450676609146194,1.0132243612681004,0.0309414789576366,0.0069472083521675,0.0068337856010345,1.0446011475276606,1.013884390042514,-0.0238978533262992,0.0756472788516655,-1.5763012438695547,0,0,0
2025-09-16,1.0165973528809302,1.021138903040428,1.0154854411091367,1.0200269912686346,2046.0,0.0033736448142276,0.0033679668412869,1.0244508220193178,1.017988713208062,1.0211433690071003,47.07414016317842,1.0285604195400952,1.0449355961031976,1.0121852429769929,0.0318409618958977,0.0068711308353796,0.0067362245256214,1.0446011475276606,1.013884390042514,-0.0224342054135895,0.0753290151496505,-1.0422395433205536,0,0,0
2025-09-17,1.0200269912686346,1.0208898861248312,1.0187664057536534,1.01962930060985,8602.0,-0.0003898824856487,-0.0003899585095859,1.0239916295041305,1.0180530499689169,1.021128303649914,46.73037533704927,1.028031213650441,1.044859302562973,1.011203124737909,0.0327384785385594,0.0066997761333308,0.0065707960033353,1.0446011475276606,1.013884390042514,-0.0133325333815123,0.0752520309948584,-0.9985581944880234,0,0,0
2025-09-18,1.01962930060985,1.0203437867984166,1.0105640063678811,1.0112784925564478,5410.0,-0.0081900432327783,-0.0082237658897537,1.022780854556732,1.0177873810507807,1.0210302955793322,40.10716168070938,1.0270931503731326,1.0454701777779083,1.0087161229683568,0.0357845389156761,0.0069571607027271,0.0068795695290027,1.0446011475276606,1.0105640063678811,-0.0221422561098487,0.0800119171008358,-1.7211333986012316,0,0,0
2025-09-19,1.0112784925564478,1.0120510766140751,1.0073917704471145,1.0081643545047418,3360.0,-0.0030794069829701,-0.0030841581129358,1.021388806932733,1.01741000746074,1.0209022762651572,37.94721304070547,1.026151487431005,1.0463853959219398,1.00591757894007,0.0394364940045859,0.0066080271105783,0.0065545137368247,1.0446011475276606,1.0073917704471145,-0.032050709450989,0.0800558996067871,-1.7779197661511197,0,0,0
2025-09-22,1.0081643545047418,1.0098793821445868,1.0071109081059737,1.0088259357458187,7707.0,0.0006562235989804,0.0006560083784245,1.0201923430101698,1.0170733771974096,1.020782113672925,38.702469552372015,1.025446762187327,1.0470873907666225,1.003806133608032,0.0422072200669582,0.0065000605241375,0.0064431933139506,1.0446011475276606,1.0071109081059737,-0.0224522403791512,0.0793942951957737,-1.536076124647366,0,0,-1
2025-09-23,1.0088259357458187,1.0106366312435275,1.0062031110771996,1.0080138065749085,4369.0,-0.0008050240801054,-0.0008053482859975,1.0190324823972878,1.0167180999180958,1.020655065841104,38.08960255009468,1.0246702794122944,1.047670195683441,1.0016703631411474,0.0448923263087881,0.0059847130475723,0.0059371340040545,1.0446011475276606,1.0062031110771996,-0.0169149006826194,0.0792479458673975,-1.4483942150938327,0,0,-1
2025-09-24,1.0080138065749085,1.0164519949680295,1.0071698234122586,1.0156080118053796,1357.0,0.0075338305695189,0.0075055930039991,1.0187063423409155,1.0166745670509303,1.020604846397963,46.60441037510613,1.0241005378318424,1.047419486238503,1.000781589425182,0.0455403498879701,0.0064374621345959,0.0063385302791699,1.0446011475276606,1.0062031110771996,-0.0071315281522068,0.0833845330996143,-0.7283798461543985,0,0,-1
2025-09-25,1.0156080118053796,1.0168056861164307,1.0148625723826854,1.0160602466937363,1639.0,0.000445284876744,0.0004451857668536,1.0184543332316605,1.0166504760565307,1.0205596265004082,47.07125170699171,1.023338900597665,1.0466637755206294,1.0000140256747003,0.0455858267663662,0.0059194968843822,0.0058259309953758,1.0446011475276606,1.0062031110771996,-0.0026951281878168,0.0816150452266543,-0.6241108625849273,0,0,-1
2025-09-26,1.0160602466937363,1.0174517806231147,1.0130002316987503,1.0143917656281287,6573.0,-0.0016421083996122,-0.0016434581374231,1.0180674220313242,1.0165618991769856,1.020498254750435,45.49098230932507,1.0223310396852965,1.045356453964717,0.9993056254058752,0.0450449284734795,0.0053063974127162,0.0052311124681009,1.0446011475276606,1.0062031110771996,-0.0005083536159288,0.0803505684671821,-0.6896096600757599,0,0,-1
2025-09-29,1.0143917656281287,1.018951025359197,1.0140672354024276,1.0186264951334956,2409.0,0.0041746489362959,0.0041659592652479,1.0181206670886738,1.0166428637242997,1.0204796302766348,50.0724508274594,1.02118803204012,1.04240849424791,0.9999675698323304,0.0415603425461142,0.0050542199142157,0.0049617989894847,1.0446011475276606,1.0062031110771996,0.0019960137086871,0.0775980325110658,-0.2414214055793946,0,0,-1
2025-09-30,1.0186264951334956,1.0256013603471554,1.0168838805793168,1.0238587457929766,5606.0,0.0051365742835849,0.0051234270877131,1.018667150774798,1.016925839491699,1.0205132533165984,55.09452575763262,1.020209187291293,1.0387449391148722,1.001673435467714,0.0363371591914252,0.0052712672211608,0.0051484320887236,1.044245631351438,1.0062031110771996,0.0037565226774796,0.0800809310169862,0.39378586166017,0,0,0
2025-10-01,1.0238587457929766,1.0306607759185953,1.022941379785136,1.0297434099107543,8238.0,0.0057475351379845,0.0057310810746699,1.01972203259727,1.017428489312054,1.0206050956707693,59.97129595466151,1.0200259959320748,1.038078659565611,1.0019733322985385,0.0353964775516142,0.0054014505875483,0.005245433508544,1.0432890881823875,1.0062031110771996,0.009919398446921,0.0764868971433991,1.0765629023993732,0,0,0
2025-10-02,1.0297434099107543,1.0307704042965595,1.0278709588322463,1.028897953218051,5279.0,-0.0008210362742466,-0.0008213735091291,1.0205959297992493,1.0178782722103283,1.0206876116662646,58.980249573001934,1.0197620177940632,1.037082957798824,1.0024410777893022,0.0339705533301374,0.0051839126090015,0.005038315600481,1.0432890881823875,1.0062031110771996,0.0174229559822465,0.0764412874708955,1.0549006487496595,0,0,0
2025-10-03,1.028897953218051,1.0330120609137732,1.0283065146456594,1.0324206223413812,8480.0,0.0034237303245789,0.0034178827032291,1.021722090993738,1.0184485604507618,1.0208043580411414,61.81192506608857,1.0193057157104994,1.0345688553403896,1.004042576080609,0.0299481095703482,0.0052871796363772,0.0051211488050157,1.0432890881823875,1.0062031110771996,0.0240598348158769,0.0727473713964104,1.7185070632779424,0,0,0
2025-10-06,1.0324206223413812,1.0342111297332204,1.026548781724812,1.0283392891166512,1839.0,-0.0039531690247276,-0.0039610034514215,1.0223523003387776,1.0188364321631496,1.020879332479704,56.91013227487437,1.0191228516251103,1.033823049679303,1.004422653570918,0.0288487261977323,0.0054306714990284,0.0052810113904073,1.0342111297332204,1.0062031110771996,0.0193426365038944,0.0665268362100201,1.2539201795192336,0,0,0
2025-10-07,1.0283392891166512,1.0365778361847555,1.0268176032420495,1.035056150310154,9097.0,0.006531755875313,0.0065105163951378,1.023562190812242,1.0194724995414637,1.0210203953436885,62.22010647784559,1.0196077776889088,1.0357437111122598,1.0034718442655577,0.0316512560544124,0.0059761538255661,0.0057737484326578,1.0365778361847555,1.0062031110771996,0.0268273545053234,0.0662532061605828,1.9147789242721216,0,0,0
2025-10-08,1.035056150310154,1.035811305763543,1.0324983594042016,1.0332535148575903,1327.0,-0.0017415822822978,-0.0017431005998268,1.024485174054656,1.020012931514645,1.0211421179259164,60.08029494323057,1.0201253098099314,1.0373344955694674,1.0029161240503954,0.0337393565163918,0.0055142371061951,0.0053367707217092,1.0365778361847555,1.0062031110771996,0.0173743243919901,0.0659175566955535,1.5257206507152057,0,0,0
2025-10-09,1.0332535148575903,1.035091901021949,1.032191632765153,1.0340300189295115,3253.0,0.0007515136031528,0.0007512313582034,1.0253942068998805,1.0205626212171888,1.021270355746848,60.70716659949522,1.0208865077752596,1.0391636342435242,1.002609381306995,0.0358063826469694,0.0053885915411833,0.0052112525193049,1.0365778361847555,1.0062031110771996,0.0176857349692094,0.0637204412850799,1.4382469998304823,0,0,0
2025-10-10,1.0340300189295115,1.0357408714362304,1.0328558409464903,1.0345666934532094,8652.0,0.0005190125178895,0.0005188778774773,1.0262677770478166,1.0211118005205622,1.021402657614573,61.16111861482999,1.0218694575666176,1.040892053134918,1.0028468619983173,0.0372309700176359,0.0053969170019781,0.005216596509563,1.0365778361847555,1.0062031110771996,0.0198886943966742,0.0614064820316078,1.3349635533176905,0,0,0
2025-10-13,1.0345666934532094,1.0375845972310804,1.0330204606412845,1.0360383644191553,8602.0,0.0014224998497038,0.0014214890552491,1.0271983091784205,1.0216971559675658,1.0215482865380017,62.44249798198174,1.022841508143529,1.0426983437017492,1.0029846725853089,0.0388268082593962,0.0054062467465116,0.0052181916540731,1.0375845972310804,1.0062031110771996,0.0170934777063478,0.0613759637020322,1.329200338788442,0,0,0
2025-10-14,1.0360383644191553,1.0373629156922577,1.0303505912959487,1.031675142569051,8932.0,-0.0042114481470486,-0.0042203412722025,1.0276246742632422,1.022088449559781,1.0216490512746292,56.49167883288439,1.0234239157085496,1.043613666797046,1.003234164620053,0.0394553044512708,0.00524411480655,0.0050831066778358,1.0375845972310804,1.0062031110771996,0.0076342530726936,0.0632868863711694,0.8173678639557524,0,0,0
2025-10-15,1.031675142569051,1.03481253015228,1.0299506522559885,1.0330880398392177,1183.0,0.0013695176047843,0.0013685806708835,1.0281449947942876,1.0225198060413276,1.0217628720563663,57.89113092270548,1.024096852670018,1.044648011127348,1.003545694212688,0.0401351852683641,0.0054525979610176,0.005277960590722,1.0375845972310804,1.0062031110771996,0.0032480226591136,0.0632390773294692,0.8750053859851946,0,0,0
2025-10-16,1.0330880398392177,1.0351927341477587,1.0315645974156384,1.0336692917241797,5778.0,0.0005626353829946,0.0005624771630514,1.02867111831142,1.0229570407739883,1.021881343893857,58.48276422419705,1.0252163926284046,1.0452606430458289,1.0051721422109805,0.0391024774116916,0.0053937828044287,0.0052180932989039,1.0375845972310804,1.0062031110771996,0.0046373291843035,0.0539341793312585,0.8434238167796135,0,0,0
2025-10-17,1.0336692917241797,1.0348393928127784,1.0309987963702814,1.03216889745888,2215.0,-0.0014515225297995,-0.0014525770091506,1.0290042401349877,1.023318290055749,1.021983707610922,56.2844334617508,1.0264166197761115,1.0449818464415348,1.0078513931106885,0.0361748364313758,0.0053192689819807,0.0051534869875234,1.0375845972310804,1.0062031110771996,-0.0002438200836498,0.0525525095888906,0.6196830005293533,0,0,0
2025-10-20,1.03216889745888,1.033323886293086,1.0291230948199712,1.0302780836541772,4873.0,-0.0018318841125303,-0.0018335640641958,1.029125558565387,1.0235912231380402,1.02206623871583,53.55248306096821,1.0274892271715297,1.0441571307844906,1.0108213235585684,0.0324439481644873,0.0049966483895005,0.0048498055707236,1.0375845972310804,1.0062031110771996,0.001885364643795,0.0536143593218057,0.3346379421679727,0,0,0
2025-10-21,1.0302780836541772,1.0322232471093484,1.027097412485327,1.0290425759404982,9157.0,-0.0011991982876088,-0.0011999179012391,1.0291176554582544,1.023805001679313,1.022135655006623,51.78376143955223,1.028540665639809,1.042462634114307,1.014618697165311,0.0270713039155097,0.0048113939959692,0.004675602456557,1.0375845972310804,1.0071698234122586,-0.0058099015863573,0.053813914453855,0.0721033525695055,0,0,0
2025-10-22,1.0290425759404982,1.0302167502054005,1.0244161652031438,1.025590339468046,7987.0,-0.0033548043134142,-0.0033604442869427,1.0287817206020442,1.02387501492593,1.0221700299763885,47.10249320636283,1.0290397820229422,1.0416648971387383,1.016414666907146,0.0245376618792656,0.0050186182486794,0.0048933946192224,1.0375845972310804,1.0130002316987503,-0.0074165490650187,0.0501367410848235,-0.5464413628324456,0,0,0
2025-10-23,1.025590339468046,1.0269809862019743,1.0184540239782225,1.0198446707121505,6753.0,-0.005602303897359,-0.005618055660161,1.027930572993483,1.0237169622116642,1.0221468920732617,40.53467191534008,1.029229003223863,1.0411275649849103,1.0173304414628153,0.0231213106583232,0.005291576531225,0.0051886102689834,1.0375845972310804,1.0130002316987503,-0.0137185071590538,0.0546105782225216,-1.577389385401847,0,0,0
2025-10-24,1.0198446707121505,1.0216588113179443,1.015213951979148,1.017028092584942,7421.0,-0.0027617716776827,-0.0027655924053556,1.026892241526003,1.0234546535988516,1.0220959587450196,37.755451444246845,1.0293608195717037,1.040607863692084,1.0181137754513232,0.02185248147498,0.0052046130548241,0.0051174722633234,1.0375845972310804,1.0140672354024276,-0.0169526053557035,0.0552500760017045,-2.1930610131445816,0,0,0
2025-10-27,1.017028092584942,1.024521602565427,1.0154917374547243,1.0229852474352092,8608.0,0.0058574142579741,0.0058403263021007,1.0265201468506893,1.023436245514003,1.0221048073887031,46.16316033276397,1.0295787571867894,1.0400951931420883,1.0190623212314904,0.020428618756731,0.0051524439239667,0.0050366747095178,1.0375845972310804,1.015213951979148,-0.0125990672085432,0.0571712034919171,-1.2539437846826564,0,0,0
2025-10-28,1.0229852474352092,1.0230753812399922,1.0200668398833386,1.0201569736881215,2473.0,-0.0027647258395745,-0.0027685547529507,1.0259141303590162,1.0233076466188704,1.0220854259588468,43.18096603752324,1.0293936685815466,1.0404504082535022,1.018336928909591,0.0214820432831907,0.005130700709489,0.0050293247429759,1.0375845972310804,1.015213951979148,-0.0111645307768558,0.0549966034613104,-1.670780929545271,0,0,0
2025-10-29,1.0201569736881215,1.0212076475808969,1.0185720763434074,1.0196227502361823,6248.0,-0.0005236678920182,-0.0005238050539358,1.0253149512996989,1.0231631408783728,1.0220609217228005,42.62088730822661,1.028887635597818,1.040772360216779,1.0170029109788568,0.0231020846354244,0.0051117937795386,0.0050134167547306,1.0375845972310804,1.015213951979148,-0.0130340194482655,0.0503474810516001,-1.5591249538679162,0,0,0
2025-10-30,1.0196227502361823,1.0212567272331885,1.013315314679366,1.014949291676372,4656.0,-0.0045835173437704,-0.0045940538679461,1.0243277456212867,1.022841029144961,1.021990159234776,37.979897222880176,1.028190202520734,1.0416103036530266,1.0147701013884416,0.0261043163013837,0.005472963926973,0.0053923520828646,1.0375845972310804,1.013315314679366,-0.0181102410584165,0.0524059289524253,-1.9732952403019923,0,0,0
2025-10-31,1.014949291676372,1.015540498472946,1.009282452758646,1.0098736595552202,3386.0,-0.0050008726177526,-0.0050134188266952,1.0229511659959472,1.0223325048473242,1.0218695970489098,33.68931035740633,1.027062854381426,1.042606692634025,1.011519016128827,0.0302685238518544,0.0055939574358662,0.0055392646227944,1.0375845972310804,1.009282452758646,-0.0216003775724583,0.0521941638517101,-2.211705313304037,0,0,0
2025-11-03,1.0098736595552202,1.0116571404232049,1.0064698180194536,1.0082532988874382,4287.0,-0.0016045182013121,-0.001605806819233,1.02155136912847,1.021780379123407,1.0217341114950644,32.42976739304615,1.0260585548699654,1.043708063903141,1.0084090458367898,0.0344025376512988,0.0054636001506835,0.0054188765429405,1.0375845972310804,1.0064698180194536,-0.0213775145916156,0.0511456096606102,-2.017648870465343,0,0,0
2025-11-04,1.0082532988874382,1.0113248326544564,1.0081003525125187,1.011171886279537,4948.0,0.0028946965959042,0.0028905150293471,1.0205628469523813,1.0213643597961966,1.0216290147267508,36.99871291991386,1.0248643416684344,1.0431704109977973,1.0065582723390716,0.0357238877090042,0.0053466431682296,0.0052875710260318,1.0375845972310804,1.0064698180194536,-0.0173663267961758,0.0453623951411763,-1.4959470700719844,0,0,0
2025-11-05,1.011171886279537,1.0121099573662486,1.0044776978014212,1.0054157688881329,4983.0,-0.0056925211920031,-0.0057087853428149,1.0191202680891196,1.0207389248586254,1.0214676888975107,32.352397771597765,1.0234724543699616,1.0432656194807786,1.0036792892591446,0.0386784520214594,0.0056326519419944,0.0056023111197305,1.0375845972310804,1.0044776978014212,-0.0196711784457499,0.0481154673004315,-1.8245374482286083,0,0,0
2025-11-06,1.0054157688881329,1.0065360917022526,1.005005559267647,1.006125882081767,1505.0,0.0007062881005128,0.0007060387964524,1.0178827075169907,1.0201658643575722,1.0213150341033244,33.46252055232492,1.0220772475275743,1.0426552835307543,1.0014992115243944,0.040267085590563,0.0054676473700022,0.0054343571389786,1.0375845972310804,1.0044776978014212,-0.0134518412699102,0.0480894013896274,-1.5503292387419871,0,0,0
2025-11-07,1.006125882081767,1.007438671568264,1.0049977705210071,1.0063105600075044,8520.0,0.0001835534986494,0.0001835366547671,1.016780598230373,1.019622519088942,1.0211657358536148,33.76693520188192,1.0206644408552892,1.041510218715136,0.9998186629954424,0.0408474656810391,0.0053419409110123,0.0053084416712992,1.0375845972310804,1.0044776978014212,-0.0105380890219042,0.0479297976949054,-1.3771499383991188,0,0,0
2025-11-10,1.0063105600075044,1.007386529533568,1.004392460463369,1.0054684299894323,1944.0,-0.0008368490320379,-0.0008371993856648,1.0157032488740931,1.0190674567713145,1.0210095437554638,33.024958401503724,1.019135944133803,1.0397166240632418,0.9985552642043642,0.0403884880086944,0.0051896719428821,0.005161446931692,1.0373629156922577,1.004392460463369,-0.0171232356377516,0.0468365851000753,-1.3281887859127883,0,0,0
2025-11-11,1.0054684299894323,1.0109557755082823,1.0031850854871247,1.0086724310059747,7222.0,0.0031865754517781,0.0031815090802866,1.0150336471723675,1.0186598087020853,1.0208867864146731,38.556811128154834,1.017985808555649,1.038183401991322,0.9977882151199764,0.0396814833093396,0.0053303937299465,0.0052845637157252,1.0351927341477587,1.0031850854871247,-0.0112576230701314,0.0484732541722708,-0.922226460230172,0,0,0
2025-11-12,1.0086724310059747,1.0089930125277324,1.0068158407593035,1.0071364222810613,1732.0,-0.0015228023267985,-0.0015239629686969,1.0142815305160526,1.0182079111953786,1.0207499668710551,36.97989354815847,1.0166882276777414,1.0361206242735186,0.997255831081964,0.038226854736311,0.004876837268852,0.0048422807089098,1.0351927341477587,1.0031850854871247,-0.0122460272215669,0.0475802215887998,-0.983080532511953,0,0,0
2025-11-13,1.0071364222810613,1.0142575183378848,1.0058305939117975,1.012951689968621,3619.0,0.0057740615460901,0.0057574555447734,1.014154879035345,1.0180017848727607,1.020672372076006,45.9866729823985,1.0156523475899637,1.0334099547349014,0.9978947404450256,0.0349678848024619,0.0050184133465156,0.0049542474692659,1.0348393928127784,1.0031850854871247,-0.0019681788283743,0.053469689396126,-0.3041690920741275,0,0,0
2025-11-14,1.012951689968621,1.020304170051392,1.011860441968315,1.019212922051086,7815.0,0.0061811754148499,0.0061621503081928,1.0146365974177964,1.0180492804483814,1.020657850185211,53.66511727155047,1.0150045488195736,1.0310919306724005,0.9989171669667466,0.031699132524157,0.004976546415971,0.00488273481262,1.033323886293086,1.0031850854871247,0.009247951372431,0.0591856437650329,0.523189325648143,0,0,0
2025-11-17,1.019212922051086,1.020389513476277,1.011337177963494,1.012513769388685,8827.0,-0.0065728686493882,-0.0065945650746226,1.0144344233197855,1.0178322015832952,1.0205768145553948,46.111928325346014,1.014116333106299,1.0285273149088356,0.9997053513037624,0.0284207665966584,0.0054082459985516,0.0053414048895522,1.0322232471093484,1.0031850854871247,0.0042255953994378,0.0627531337222957,-0.2224086796545585,0,0,0
2025-11-18,1.012513769388685,1.0191150624924736,1.0115127346594088,1.0181140277631977,1867.0,0.0055310441633733,0.0055158041083906,1.0147848618382058,1.0178432535903503,1.020552309214179,52.17219318750838,1.013569905697434,1.0263323511205706,1.0008074602742976,0.0251831577701682,0.005763014326807,0.0056604802307541,1.0302167502054005,1.0031850854871247,0.0068654415513895,0.0666967622020765,0.7121083640483987,0,0,0
2025-11-19,1.0181140277631977,1.018701274412087,1.0148747532077544,1.0154619998566436,6911.0,-0.0026048436955341,-0.0026082422038781,1.0148493511732952,1.0177498710909894,1.0205016593698255,49.34228140791943,1.013063488716864,1.0245584770225973,1.0015685004111303,0.022693520068111,0.0054690935161292,0.0053858179990007,1.0269809862019743,1.0031850854871247,0.0099921159776723,0.0663268872167213,0.4173142374722468,0,0,0
2025-11-20,1.0154619998566436,1.0162895015172388,1.0134008655550686,1.0142283672156638,8172.0,-0.0012148486513074,-0.001215587178123,1.014790209843997,1.0176117728998002,1.020439238552371,48.03700592871821,1.0127826735420398,1.0238464642802805,1.001718882803799,0.0218483017675389,0.005228421390977,0.0051550731176357,1.024521602565427,1.0031850854871247,0.0080531524714704,0.0636126103837831,0.2613378556821661,0,0,0
2025-11-21,1.0142283672156638,1.0155049428162437,1.0108670239876092,1.0121435995881891,8615.0,-0.0020555209209913,-0.0020576364035625,1.014538151724396,1.0173973347307177,1.0203566948810858,45.83055362827741,1.012538448892202,1.0234218247249005,1.0016550730595035,0.0214972099965305,0.0051891782784687,0.0051269190266875,1.024521602565427,1.0031850854871247,0.0057964606678093,0.0632940636271567,-0.0725600787995578,0,0,0
2025-11-24,1.0121435995881891,1.0126457052759368,1.010449049127074,1.0109511548148216,5051.0,-0.0011781379379889,-0.0011788324880601,1.0141965329711031,1.0171445433614668,1.02026310741774,44.56953354160972,1.0119367442611824,1.021656721666722,1.0022167668556428,0.0192106422870062,0.0051157622789634,0.0050603456503301,1.0230753812399922,1.0031850854871247,0.0054529059907397,0.0591029842268662,-0.2027966537862795,0,0,0
2025-11-25,1.0109511548148216,1.0163250894944256,1.009641978745954,1.015015913425558,4569.0,0.0040207270068166,0.0040126654855444,1.014274569204861,1.0170610676777057,1.0202108965322458,49.654719451891125,1.0116796912480546,1.0207334244066688,1.0026259580894403,0.0178984183174521,0.0050479659349379,0.0049732874806875,1.0212567272331885,1.0031850854871247,0.0062889420039535,0.0606707983494826,0.7369826609765322,0,0,0
2025-11-26,1.015015913425558,1.01594623626343,1.013562983330633,1.0144933061685049,5685.0,-0.0005148759247424,-0.0005150085188663,1.0142954012966363,1.0169603711479331,1.0201540050858406,49.0318996939403,1.0114232190446706,1.019794430143866,1.0030520079454752,0.0165533298851934,0.0051088745419516,0.0050358878771183,1.0212567272331885,1.0031850854871247,0.0073047540776858,0.0606702720088132,0.7334869680038059,0,0,0
2025-11-27,1.0144933061685049,1.01485168442558,1.006739819404324,1.007098197661399,9442.0,-0.0072894601296437,-0.0073161580656149,1.0136099533313758,1.0165736192465005,1.0200240965542542,41.16378095389752,1.011030664343922,1.019441900193036,1.002619428494808,0.0166389332109371,0.0055139433972373,0.0054750801957955,1.020389513476277,1.0031850854871247,-0.0057786490364641,0.0639104001668127,-0.9350508660239676,0,0,0
2025-11-28,1.007098197661399,1.017457036431858,1.0056079556458923,1.0159667944163513,5401.0,0.0088060893918251,0.0087675419229805,1.013834414387088,1.0165498221943376,1.019983725388703,51.26412166789369,1.0113353210869784,1.02000744977374,1.002663192400217,0.0171498582239582,0.0061464442340777,0.0060498475618081,1.020389513476277,1.0031850854871247,-0.0031849357131403,0.069240908845216,1.0681283677081723,0,0,0
2025-12-01,1.0159667944163513,1.0174888070214247,1.015184435063517,1.0167064476685903,1699.0,0.0007280289634505,0.0007277640789193,1.0141079413662786,1.0165559643697986,1.0199511156601446,52.00415764254846,1.011757978526036,1.020619545210738,1.002896411841334,0.0175171668971899,0.0057559929438456,0.0056614108792608,1.020389513476277,1.0031850854871247,0.004140860506457,0.0688796628554606,1.1168384369543052,0,0,0
2025-12-02,1.0167064476685903,1.0183412613427167,1.009107523062539,1.0107423367366652,6339.0,-0.0058661090874377,-0.0058833822894677,1.0137874075920297,1.0163279789724209,1.019859486019115,45.94583487919646,1.0117365010488923,1.0206061272558469,1.002866874841938,0.0175334708152941,0.0062600334089705,0.0061935007384592,1.020389513476277,1.0031850854871247,-0.0072405357607416,0.0716790416609645,-0.2241727642248593,0,0,0
2025-12-03,1.0107423367366652,1.011694379325758,1.0058034374732856,1.0067554800623784,7132.0,-0.0039444837021065,-0.0039522836960002,1.0131177002082534,1.0159525868583013,1.0197290979001428,42.39071177542994,1.0118034866076049,1.0204904756894226,1.0031164975257871,0.0171712969895837,0.0060788917965694,0.0060381015221221,1.020389513476277,1.0031850854871247,-0.0085739493900258,0.0700925514954046,-1.1621993530053507,0,0,0
2025-12-04,1.0067554800623784,1.0083666917650056,1.0050941054394766,1.006705317142104,3536.0,-4.982631956607087e-05,-4.982756093836713e-05,1.0125069970590963,1.0155899488302151,1.0195995080418538,42.34631402337868,1.0118324583606215,1.0204432508934826,1.0032216658277604,0.017020194325081,0.0057095245281731,0.0056714953531602,1.020389513476277,1.0031850854871247,-0.0074175110031804,0.0700537250880654,-1.1908639533355667,0,0,0
2025-12-05,1.006705317142104,1.0085404632500783,1.0003991143137958,1.0022342604217704,2545.0,-0.0044412765525329,-0.0044511683201567,1.0115286411888749,1.0150661963436094,1.0194267195083209,38.47805590740224,1.0116286433813348,1.0209531502490008,1.002304136513669,0.0184346438362976,0.0056444540584231,0.0056318709919652,1.020389513476277,1.0003991143137958,-0.009790447887484,0.0718273893809646,-2.0149876219493907,0,0,0
2025-12-08,1.0022342604217704,1.0038330886387343,1.0016936332251576,1.0032924614421217,2133.0,0.0010558419943715,0.0010552849852543,1.0107442431177556,1.0146044812494337,1.0192661796270652,39.87789050079467,1.0115198449539693,1.0211913167613915,1.0018483731465468,0.0191226536101475,0.0052542488856026,0.0052370062444705,1.020389513476277,1.0003991143137958,-0.0075757303765113,0.0719165903588099,-1.701371554541143,0,0,0
2025-12-09,1.0032924614421217,1.013235321338161,1.0019412321525762,1.0118840920486156,3979.0,0.0085634358242305,0.0085269775982678,1.0108528001587898,1.0144977993199895,1.0191927260193194,49.85426562545878,1.0116804280061014,1.021259040852608,1.0021018151595948,0.0189360445874885,0.0057876465985492,0.0057196734725138,1.020389513476277,1.0003991143137958,-0.0030854899273183,0.0774908082139115,0.042524746699318,0,0,0
2025-12-10,1.0118840920486156,1.0178814024516114,1.010918954831849,1.016916265234845,8164.0,0.0049730727321162,0.0049607478507152,1.011430273023176,1.014592641120572,1.0191700746682302,54.60550009253619,1.0121694201537903,1.0217698083186093,1.0025690319889715,0.0189699233619606,0.00607863314552,0.0059775159010917,1.020389513476277,1.0003991143137958,0.0023883440645762,0.0790238209421771,0.9888860740963096,0,0,0
2025-12-11,1.016916265234845,1.0232231679848174,1.0160129608802948,1.0223198636302675,2126.0,0.005313710263229,0.0052996423181657,1.012467376890518,1.0148956694542857,1.019201415851932,59.08814005978771,1.012637828836873,1.0232588291284046,1.0020168285453412,0.0209768981349059,0.0062623680223692,0.0061256444730825,1.0232231679848174,1.0003991143137958,0.0151143811042606,0.0786318663260772,1.823186993246624,0,0,0
2025-12-12,1.0223198636302675,1.023252497657824,1.0191718785625412,1.0201045125900978,1774.0,-0.0021669842472814,-0.0021693355550908,1.0131947231476208,1.015099937812553,1.019210401889128,56.61959230272385,1.0126824083638235,1.0234263818812108,1.0019384348464362,0.0212188410278523,0.0063969368042563,0.006270864137258,1.023252497657824,1.0003991143137958,0.0040726903639833,0.0761368687353442,1.3816311468495102,0,0,0
2025-12-15,1.0201045125900978,1.022611214191799,1.0187494250622895,1.0212561266639903,7511.0,0.0011289177331139,0.0011282809846692,1.0139624758634656,1.0153413569831975,1.0192307573595247,57.610980353512346,1.0131195262275887,1.0245255759503986,1.0017134765047788,0.0225166911258358,0.0061954138314733,0.0060664642979534,1.023252497657824,1.0003991143137958,0.0044749189953823,0.0720432105705793,1.426716634441802,0,0,0
2025-12-16,1.0212561266639903,1.0249130423025683,1.0199099569558403,1.0235668725944185,1178.0,0.0022626507397085,0.002260094800263,1.0148771803140326,1.0156639262228533,1.0192739027847475,59.60577961089477,1.0133921684691498,1.0255376088828925,1.0012467280554072,0.0239698722599954,0.0063825447181827,0.0062355913317172,1.0249130423025683,1.0003991143137958,0.0126882345694148,0.0698814207668093,1.6754771796922228,0,0,0
2025-12-17,1.0235668725944185,1.024460698210269,1.01600270097654,1.0168965265923906,5065.0,-0.0065167662031896,-0.006538093029182,1.0150694990072096,1.0157122634922469,1.0192502473002467,51.9986816824009,1.0134638948059371,1.0256775550965032,1.001250234515371,0.0241028029773172,0.0064072684476451,0.0063008066996902,1.0249130423025683,1.0003991143137958,0.0100729985888767,0.0733157974074153,0.5620971444743544,0,0,0
2025-12-18,1.0168965265923906,1.0180710081091413,1.0154927532103046,1.0166672347270551,9978.0,-0.0002254820026809,-0.0002255074275696,1.0152216643138616,1.0157497133445923,1.019224545682603,51.75416925066013,1.0135858381815068,1.0258800702813382,1.0012916060816754,0.0242588868879397,0.0057450665985644,0.0056508820214972,1.0249130423025683,1.0003991143137958,0.0098955646854355,0.0731678800122379,0.5012751541579822,0,0,0
2025-12-19,1.0166672347270551,1.0174010414000672,1.0142255477098256,1.0149593543828377,4981.0,-0.0016798813671577,-0.0016812939500644,1.0151966824156688,1.015718718875504,1.0191821059681774,49.87300121127263,1.013726625921239,1.0260158060123734,1.0014374458301043,0.0242455505792135,0.0058072895794454,0.005721696690974,1.0249130423025683,1.0003991143137958,0.012696726168303,0.0730310725703482,0.2006201312791906,0,0,0
2025-12-22,1.0149593543828377,1.0171401133843314,1.0135483441184585,1.0157291031199522,6330.0,0.0007584035102399,0.0007581160676202,1.01524738914941,1.0157191261007763,1.0191477477308817,50.74203162036378,1.0139655233364957,1.0262132211678785,1.001717825505113,0.0241580163220564,0.0054042917927094,0.0053206034720373,1.0249130423025683,1.0003991143137958,0.0123958288891699,0.0728877075171791,0.2879855149492456,0,0,0
2025-12-23,1.0157291031199522,1.0206533884971825,1.0141105180406234,1.0190348034178536,1324.0,0.0032545097779983,0.0032492253234858,1.0156080952702142,1.0158491526622306,1.0191466239068714,54.39834218206334,1.0141664678361104,1.0266169228492932,1.0017160128229277,0.02455307961374,0.0054508581215727,0.0053490401930243,1.0249130423025683,1.0003991143137958,0.0070667297029651,0.0724105645932609,0.7820333596785756,0,0,0
2025-12-24,1.0190348034178536,1.023303562957791,1.0183158782651196,1.0225846378050567,8533.0,0.0034835261517045,0.0034774727285781,1.0162725278925802,1.0161132893344984,1.0191808330003855,58.00338300871302,1.0145710344179382,1.0275795415341582,1.001562527301718,0.025643363894541,0.0055733651477971,0.0054502727126433,1.0249130423025683,1.0003991143137958,0.0055740799552488,0.0732674151850677,1.2320558101746453,0,0,0
2025-12-25,1.0225846378050567,1.0239594480769114,1.0140139925940788,1.0153888028659337,6832.0,-0.0070369089003418,-0.0070617847116812,1.016188363604328,1.016084878100437,1.0191431013572567,49.46651352520407,1.0149855646781647,1.0275108210316908,1.0024603083246386,0.0246806590939007,0.0057022299011221,0.0056158093185857,1.0249130423025683,1.0003991143137958,-0.0067797379381064,0.0729201933067591,0.0643880135284023,0,0,0
2025-12-26,1.0153888028659337,1.017826027995579,1.0133370384635083,1.015774263593154,7596.0,0.0003796188476103,0.0003795468106061,1.0161489255080258,1.0160726971393672,1.0191095805834844,49.89195167581089,1.014975938137005,1.0274983147627927,1.0024535615112171,0.0246752187027659,0.0058700537667288,0.005778895938911,1.0249130423025683,1.0003991143137958,-0.0042449072065656,0.0658600201254882,0.127503824554355,0,0,0
2025-12-29,1.015774263593154,1.0170645533122786,1.0133473956495749,1.0146376853686994,8940.0,-0.0011189279598737,-0.0011195544271215,1.016004997875709,1.0160164221679684,1.0190650841136857,48.59287832967538,1.0148725000220102,1.0273688394062126,1.002376160637808,0.0246264223021736,0.0053288443722373,0.0052519677211683,1.0249130423025683,1.0003991143137958,-0.0064806869917252,0.0659150362833013,-0.0375813502004798,0,0,0
2025-12-30,1.0146376853686994,1.020246851834568,1.0133806452193563,1.018989811685225,4660.0,0.0042893403027348,0.0042801673040059,1.0162892658575675,1.016133025678449,1.019064335134298,53.57735849252676,1.0152848737694384,1.0277516365699635,1.0028181109689134,0.0245581572672107,0.0053219700147694,0.0052227902121689,1.0249130423025683,1.0003991143137958,-0.0044716774562976,0.0639472103604245,0.5943704833512211,0,0,0
2025-12-31,1.018989811685225,1.0200109774556672,1.0170248560243185,1.018046021794761,5564.0,-0.0009262014984265,-0.0009266306880656,1.0164565759468245,1.0162080451339908,1.019054202663258,52.391011109601166,1.0158494008560577,1.0276970779076888,1.004001723804426,0.0233256564243623,0.0050202496095427,0.0049312599843888,1.0249130423025683,1.0003991143137958,0.0011303954456625,0.0620891685819149,0.3708104009132741,0,0,0
2026-01-01,1.018046021794761,1.019241659227429,1.0165896980214866,1.0177853354541548,8223.0,-0.000256065379192,-0.000256098169529,1.016583124471332,1.0162698996563502,1.0190415771188888,52.04819290805474,1.01640340177166,1.0274605797711067,1.005346223772213,0.0217574596467769,0.004918202617447,0.0048322592654102,1.0249130423025683,1.0003991143137958,0.0010997705924886,0.0621205647965588,0.2499613703540069,0,0,0
2026-01-02,1.0177853354541548,1.0193135767172754,1.01378433549673,1.0153125767598503,1796.0,-0.0024295483616895,-0.0024325045033404,1.0164621199273811,1.0162323575819776,1.0190044726377043,48.78712062999197,1.0170573175885642,1.0259142369167171,1.008200398260411,0.0174167555259379,0.0050373063382353,0.0049613355074461,1.0249130423025683,1.0016936332251576,0.0003480162781768,0.0603601855550362,-0.3939836785388226,0,0,0
2026-01-05,1.0153125767598503,1.0214151713120567,1.014138836674031,1.0202414312262371,1400.0,0.0048545192674711,0.0048427740849509,1.016822054336796,1.0163895761562622,1.0190167806833614,54.85840542895016,1.0179047660777698,1.0240421027368711,1.0117674294186685,0.0120587639701304,0.0051996812876137,0.0050965204200383,1.0249130423025683,1.0019412321525762,0.0044424523157056,0.0621733754700329,0.7614590100747239,0,0,0
2026-01-06,1.0202414312262371,1.021387436169094,1.0186485543887107,1.0197945593315676,8242.0,-0.0004380060258212,-0.0004381019784801,1.017105150050584,1.016523104908235,1.0190245197743883,54.23068218725275,1.0183002894419173,1.023789260377281,1.012811318506554,0.01078065280404,0.0047911730409461,0.0046981747422604,1.0249130423025683,1.010918954831849,0.0007455642448774,0.0551683280690218,0.544462671508516,0,0,0
2026-01-07,1.0197945593315676,1.0213550027831153,1.0128340840102124,1.01439452746176,7472.0,-0.0052952154141193,-0.0053092847560362,1.0168469955183148,1.0164396312828832,1.0189784501991384,47.20186634216413,1.0181742025532632,1.0239074537615829,1.0124409513449435,0.0112618276792762,0.0052156490319508,0.005141637588485,1.0249130423025683,1.0128340840102124,-0.0080092248998346,0.0559028873381866,-1.3185101975013096,0,0,0
2026-01-08,1.01439452746176,1.0155988098613316,1.0131199011905734,1.0143241835901449,1404.0,-6.934567341487785e-05,-6.934807793725133e-05,1.016606727715632,1.0163566725498343,1.018932139088601,47.11619768478839,1.0177744185512572,1.02340465459417,1.0121441825083444,0.0110638191337666,0.0051658929591306,0.0050929407409436,1.0249130423025683,1.0128340840102124,-0.0010484843567151,0.0521018638860931,-1.225609347393314,0,0,0
2026-01-09,1.0143241835901449,1.0146275750372309,1.0130653098992646,1.0133687013463504,6706.0,-0.0009419890201302,-0.0009424329706067,1.016298344251891,1.0162394972085214,1.018876781499126,45.89767255630527,1.0174376279890696,1.02328274017518,1.011592515802959,0.0114898683227652,0.0050209283785658,0.0049546905996752,1.0249130423025683,1.0128340840102124,-0.0023682055482427,0.0517270219759741,-1.3922492890343652,0,0,0
2026-01-12,1.0133687013463504,1.016256313956388,1.013174799080317,1.0160624116903547,1743.0,0.0026581740095441,0.0026546473133439,1.0162758744841256,1.0162325526783973,1.0188487778194368,49.836483906553504,1.0171779422403875,1.0227645220659591,1.0115913624148165,0.0109844690758171,0.0047736886942452,0.0046982238879436,1.0249130423025683,1.0128340840102124,0.0014041724865931,0.0525754388868401,-0.3993608199875336,0,0,0
2026-01-13,1.0160624116903547,1.018078727558836,1.0145078121457405,1.016524128014222,4819.0,0.0004544172863347,0.0004543140700673,1.016299517677468,1.0162439870052924,1.0188256469756038,50.50167851842649,1.016825805011378,1.0215358375649164,1.0121157724578391,0.0092641876913928,0.0046724908885613,0.0045965371207558,1.024460698210269,1.0128340840102124,-0.0024197333896059,0.0518157237409276,-0.1280997503634477,0,0,0
2026-01-14,1.016524128014222,1.018221238234235,1.0081745183042186,1.0098716285242315,4569.0,-0.0065443596533077,-0.0065658678646125,1.0156873377581122,1.0159940905942704,1.018736552264645,41.88378738644506,1.01647456010797,1.0221177029620905,1.0108314172538493,0.0111033626921684,0.0046797240633601,0.0046339791426746,1.0239594480769114,1.0081745183042186,-0.0080294928672457,0.0518594239593834,-2.3401610607523944,0,0,0
2026-01-15,1.0098716285242315,1.0105761528598496,1.0020923523988576,1.0027968767344757,6764.0,-0.0070055951567773,-0.007030249551809,1.01445967480348,1.0154765527958471,1.0185779485280264,35.036389329480684,1.0157810422083409,1.0240995263624677,1.0074625580542145,0.0163784985316165,0.0049650677011402,0.0049512197498147,1.0239594480769114,1.0020923523988576,-0.0147265422261082,0.0569891237126371,-3.121762386822441,0,0,0
2026-01-16,1.0027968767344757,1.0076009656408946,1.0019426897325612,1.0067467786389803,1039.0,0.0039388853277717,0.0039311482293332,1.0137251132640035,1.0151342087112645,1.0184602254445534,40.85058774298856,1.0153704134211483,1.0246185372797858,1.0061222895625108,0.0182162563265502,0.0051037190043994,0.0050695161014562,1.0239594480769114,1.0019426897325612,-0.0084366118542588,0.0591319928318001,-1.864947942736261,0,0,0
2026-01-19,1.0067467786389803,1.0075966061976571,0.9963005195552088,0.9971503471138858,2356.0,-0.0095321204186695,-0.0095778418586643,1.0121465641068497,1.0144289592368574,1.0182481868541986,33.09969355137082,1.014441475620845,1.0267604013686242,1.002122549873066,0.024287109791602,0.0054201390063449,0.0054356286612473,1.0239594480769114,0.9963005195552088,-0.0226329605969813,0.0671921502094622,-2.807246161066669,0,0,0
2026-01-20,0.9971503471138858,0.99945875978463,0.9959635799415928,0.998271992612337,6573.0,0.0011248509331593,0.0011242187623693,1.0108251763454674,1.0137953527025625,1.0180494187522895,34.66018689033476,1.0134033350805691,1.0274681435709376,0.9993385265902008,0.0277575729297363,0.0054565003214655,0.0054659455156972,1.0239594480769114,0.9959635799415928,-0.0211048063772155,0.0658516557237886,-2.1516599360160584,0,0,0
2026-01-21,0.998271992612337,1.002402962584705,0.9978375362435364,1.0019685062159045,5721.0,0.0037029122633143,0.0036960733610701,1.0099816839521756,1.013331554801125,1.0178894096723254,39.65582043926056,1.0123725285011114,1.0266247469969063,0.9981203100053164,0.0281560751493253,0.0055931764025531,0.0055821878311093,1.0239594480769114,0.9959635799415928,-0.0122496927077754,0.0660549656247392,-1.459986357671489,0,0,0
2026-01-22,1.0019685062159045,1.0033349828420062,0.9988964256987988,1.0002629023249003,4449.0,-0.0017022529954017,-0.0017037034743203,1.0090560857019588,1.0128190586255867,1.0177140215395153,38.20438909446115,1.01161623347406,1.0267712411159426,0.9964612258321772,0.029961970044387,0.005515270397029,0.0055138208007214,1.0214151713120567,0.9959635799415928,-0.0138627092725674,0.062200611985105,-1.4982943483028417,-1,0,0
2026-01-23,1.0002629023249003,1.0018707759566667,0.9995745410268788,1.001182414658645,6693.0,0.0009192706553522,0.0009188483848507,1.0083062122692623,1.012362719646491,1.0175495279387106,39.49020647996836,1.0108866410273345,1.0265937093444055,0.9951795727102628,0.0310758252796946,0.0051595489892977,0.0051534554680097,1.0214151713120567,0.9959635799415928,-0.012025521087749,0.0623590699290392,-1.2356508767638268,-1,0,0
2026-01-26,1.001182414658645,1.001916028453426,1.000500127287339,1.0012337410821202,3016.0,5.126580603453945e-05,5.126449198801551e-05,1.007632643584773,1.0119262891145548,1.0173871818008342,39.56579791381699,1.0102164438130057,1.0263866362369882,0.9940462513890228,0.0320133225369985,0.0050650503739909,0.0050588091133611,1.0214151713120567,0.9959635799415928,-0.0145942517286562,0.062397082792935,-1.1110198933146505,-1,0,0
2026-01-27,1.0012337410821202,1.0061220756394211,1.0006259353116291,1.00551426986893,8438.0,0.0042752542300299,0.0042661412948415,1.0074308937070735,1.0116748373794324,1.017269043373651,45.66240778767892,1.0095426667221905,1.0252911221452194,0.9937942112991616,0.0311991873987088,0.0048489947707687,0.0048224027406401,1.0214151713120567,0.9959635799415928,-0.0108308871790377,0.0623822899637998,-0.5115926286167295,-1,0,0
2026-01-28,1.00551426986893,1.0098510836454206,1.003846527866462,1.0081833416429526,2009.0,0.0026544345058081,0.0026509177165518,1.0075025554152524,1.0115379159780018,1.017178638381306,49.109774633953634,1.0090495327146003,1.0242862119576903,0.9938128534715102,0.0302000620367952,0.0051008267070687,0.0050594237142981,1.0214151713120567,0.9959635799415928,-0.0016717836540731,0.0634635762952485,-0.1136981435164711,-1,0,0
2026-01-29,1.0081833416429526,1.0091988957756592,1.0034857872420435,1.0045013413747503,8835.0,-0.003652113773475,-0.0036587990228064,1.007216725506633,1.0112619718759135,1.0170524961225342,44.87972427980732,1.00838533301063,1.023170043770624,0.993600622250636,0.029323533922995,0.0053973155210436,0.0053731292321192,1.0214151713120567,0.9959635799415928,0.0016997107587981,0.0644426709351326,-0.5254065093230531,-1,0,0
2026-01-30,1.0045013413747503,1.0051357449179943,1.0011736165542588,1.001808020097503,7660.0,-0.0026812520464744,-0.0026848530409656,1.0067016107057636,1.010891228668917,1.016900809793927,42.02801342969084,1.0077101051775126,1.0223959173775703,0.993024292977455,0.0291468987451915,0.0054602164844483,0.0054503621201963,1.0214151713120567,0.9959635799415928,-0.0049056611317436,0.0645410378684368,-0.8037805467764868,-1,0,0
2026-02-02,1.001808020097503,1.0027272833638483,1.0006519798096878,1.0015712430760333,1532.0,-0.0002363496964684,-0.0002363776314596,1.006213004264837,1.0105257390378235,1.0167482767917588,41.77669435327269,1.0067765957700026,1.020446923444559,0.993106268095446,0.0271566258730937,0.0053533870659529,0.0053449887893262,1.021387436169094,0.9959635799415928,0.004433529983661,0.0612145125448792,-0.761554926537367,-1,0,0
2026-02-03,1.0015712430760333,1.003251103048565,1.0004886967118511,1.0021685566843823,6344.0,0.0005963765558152,0.0005961987939888,1.0058278187809842,1.010198006396512,1.0166032049498943,42.70744284026203,1.0058952956376432,1.0182403579740351,0.9935502333012513,0.0245454221526436,0.0048330789521456,0.0048226208255181,1.0213550027831153,0.9959635799415928,0.0039033090188664,0.0614313606048734,-0.6037618687877525,-1,0,0
2026-02-04,1.0021685566843823,1.003465759991404,1.0004199366527782,1.0017171399597995,1799.0,-0.0004504399200834,-0.0004505413986186,1.005436325559919,1.009865423398994,1.0164550849002416,42.15893226828789,1.0052614262625452,1.0170587222506688,0.9934641302744216,0.0234711005116046,0.0044446520148337,0.0044370330081524,1.018221238234235,0.9959635799415928,-0.0002508724122022,0.0591617654532075,-0.6008641821505167,-1,0,0
2026-02-05,1.0017171399597995,1.002577964552468,1.0009667817635124,1.0018276063561808,5119.0,0.0001102770352774,0.0001102709552121,1.0050926380167058,1.0095502148875113,1.016309537850052,42.35404584540789,1.004636597400847,1.0157146576684617,0.9935585371332324,0.0220538656391281,0.0041555739348781,0.0041479930364393,1.018221238234235,0.9959635799415928,0.0015642927750731,0.059187450226687,-0.5071268754292697,-1,0,0
2026-02-06,1.0018276063561808,1.0067569196828556,1.0013598932581098,1.0062892065847846,7735.0,0.0044534610548727,0.0044435737414972,1.0052065969279511,1.009422332208973,1.016209833061343,49.72980771131789,1.0042826226627688,1.014613075927773,0.9939521693977644,0.0205728009862679,0.0037342124907565,0.0037108740373256,1.018221238234235,0.9959635799415928,0.0051007607119035,0.0618293500846428,0.388479357205627,-1,0,0
2026-02-09,1.0062892065847846,1.011017223755731,1.0052867502276197,1.0100147673985662,7515.0,0.0037022764324639,0.0036954398757588,1.0056645179251529,1.0094455649615062,1.0161481906169372,54.91704500617312,1.0039802404481792,1.0131474257568969,0.9948130551394616,0.0182616847212559,0.0038938763254046,0.0038552667258855,1.018221238234235,0.9959635799415928,0.0087702061528167,0.0626077654824122,1.3165495726694472,-1,0,0
2026-02-10,1.0100147673985662,1.0106117354226007,1.008866825122574,1.0094637931466084,3925.0,-0.0005455110853249,-0.0005456599306307,1.0060263536605294,1.0094462797922945,1.016081679199322,54.02911696951377,1.0036272237047985,1.011158281215017,0.99609616619458,0.0150076788120957,0.0036924108938945,0.0036577942854046,1.018221238234235,0.9959635799415928,0.0039278639757078,0.062550441026854,1.549999965845589,0,0,0
2026-02-11,1.0094637931466084,1.0103210915928638,1.008127166964065,1.0089844654103204,8935.0,-0.0004748340054812,-0.0004749467748468,1.006308078589081,1.009428169424374,1.0160110601566452,53.22289424365056,1.003582865549103,1.0109681000859256,0.9961976310122804,0.0147177373993563,0.0035320800000082,0.003500628722338,1.011017223755731,0.9959635799415928,0.0007946211113369,0.0581204135088851,1.462810648540702,0,0,0
2026-02-12,1.0089844654103204,1.01190002560426,1.008625796589646,1.0115413567835856,1235.0,0.0025341236271911,0.0025309181501535,1.0068064860361767,1.009511039516892,1.0159665854962168,56.91612406750754,1.0040200895515583,1.0122018347170196,0.9958383443860976,0.0162979710278813,0.0036019367203529,0.0035608397977973,1.01190002560426,0.9959635799415928,0.007008467902293,0.0525487844067217,1.8385483976640729,0,0,0
2026-02-13,1.0115413567835856,1.0180392469101782,1.0112119379119178,1.0177098280385104,3412.0,0.0060980910108696,0.0060795728991684,1.0078448995602085,1.0098325606353868,1.015983931193155,64.24951553560656,1.0045682420215352,1.014744935881625,0.9943915481614454,0.0202608313390652,0.0039884658512224,0.0039190599730275,1.0180392469101782,0.9959635799415928,0.0158731090408517,0.0549595517085421,2.5826827843398164,0,0,0
2026-02-16,1.0177098280385104,1.0186236196627063,1.009056864933739,1.009970656557935,7282.0,-0.0076044971438387,-0.0076335587586349,1.008047352607611,1.0098379761617613,1.0159240976146953,52.2361909606187,1.0052092574937377,1.015027362320826,0.9953911526666488,0.0195344496758175,0.0042792240227349,0.0042369785646238,1.0186236196627063,0.9959635799415928,0.0083862366656068,0.0505171032611719,0.9699222300133808,0,0,0
2026-02-17,1.009970656557935,1.0105400705621317,1.0068099453957096,1.0073793593999063,4298.0,-0.0025657152920264,-0.0025690123803069,1.0079837342068771,1.0097415598181592,1.0158390753439013,48.93678168613584,1.005664625833116,1.0149588074667808,0.9963704441994512,0.0184836602479983,0.0041167646932681,0.0040866081430539,1.0186236196627063,0.9978375362435364,0.0051995272459588,0.0517348675550655,0.3689907588161207,0,0,0
2026-02-18,1.0073793593999063,1.0079572213752035,1.0053777484709518,1.005955610446249,2277.0,-0.0014133195606721,-0.0014143192387832,1.0077905795630078,1.0095930912153392,1.0157407324095964,47.173727083913086,1.0058639810446333,1.0149939447841247,0.9967340173051418,0.0181534758407585,0.0038929335768849,0.0038698860431406,1.0186236196627063,0.9988964256987988,0.0042312049154111,0.0506566632262433,0.0200722377942064,0,0,0
2026-02-19,1.005955610446249,1.009491525225838,1.004469553456195,1.008005468235784,6162.0,0.0020377219116314,0.0020356485724515,1.0078110451508913,1.0095308314906508,1.0156637646068718,49.968514346306485,1.0062511093401771,1.0150309744413115,0.9974712442390428,0.0174506443165892,0.0039686366773069,0.0039371182025955,1.0186236196627063,0.9995745410268788,0.006166591777275,0.0505299976508534,0.3996323122049248,0,0,0
2026-02-20,1.008005468235784,1.0112819460158853,1.0069283198109946,1.010204797591096,5801.0,0.0021818625241798,0.0021794857187565,1.008039021573768,1.0095572615338055,1.0156094465271128,52.85072066089722,1.0067022284868,1.0153110179180966,0.9980934390555032,0.0171029509773448,0.0041313740095019,0.0040896400604644,1.0186236196627063,1.0004199366527782,0.0038911189553552,0.0509026406160369,0.8137193114661687,0,0,0
2026-02-23,1.010204797591096,1.0134478362387949,1.0093553274525364,1.0125983661002351,6591.0,0.0023693893702019,0.0023665867932657,1.008473244862003,1.0096765205364109,1.0155794855278404,55.83281682051567,1.0072704597377056,1.015859691829664,0.9986812276457472,0.0170544703439334,0.0042263813273265,0.00417379828846,1.0186236196627063,1.0004199366527782,0.0025579811157845,0.0513229976535323,1.240601326285728,0,0,0
2026-02-24,1.0125983661002351,1.022865445739479,1.0109607258581892,1.0212278054974329,2376.0,0.0085220751742189,0.008485967289293,1.00968796492252,1.0101295121035097,1.0156356877165926,64.54046742959855,1.0080561365191307,1.0186173201685962,0.9974949528696652,0.0209535625385582,0.0048591596518025,0.0047581544740996,1.022865445739479,1.0004199366527782,0.0116537239182743,0.0572604931146486,2.4943546889213906,0,0,0
2026-02-25,1.0212278054974329,1.0284889486525424,1.019720653673184,1.0269817968282935,6892.0,0.0056343856873912,0.0056185719091642,1.0113349965325935,1.0107903860142855,1.0157485843246692,68.93793743604111,1.0089960592783975,1.022532005118589,0.9954601134382064,0.0268305227076343,0.005370381951117,0.0052292864077073,1.0284889486525424,1.0004199366527782,0.0178370748360869,0.0594868018770779,2.657477765091529,0,0,0
2026-02-26,1.0269817968282935,1.0353728525970418,1.0255756520282615,1.0339667077970098,8125.0,0.0068013970552236,0.0067783718974726,1.0134903976053953,1.011699261378314,1.0159298591850905,73.27129179183422,1.010469327599511,1.0278215554193657,0.9931170997796565,0.034344887758398,0.0056846801042623,0.0054979334067479,1.0353728525970418,1.0004199366527782,0.0221694850764486,0.0603717250352128,2.708283966928218,0,-1,0
2026-02-27,1.0339667077970098,1.0358123484551374,1.033351997076218,1.0351976377343457,8557.0,0.0011904928157293,0.0011897847410733,1.0155577538081524,1.0126207663334523,1.0161215783746351,73.96070605052392,1.012138808481353,1.0321963669472762,0.9920812500154296,0.0396340073077888,0.0054510999507486,0.005265757718187,1.0358123484551374,1.0004199366527782,0.0171834929898833,0.0583864268099017,2.299265814647199,0,-1,0
2026-03-02,1.0351976377343457,1.0384671011058022,1.0346620939586657,1.0379315573301222,6608.0,0.0026409639049798,0.0026374826876386,1.017688592238816,1.0136133463725376,1.0163385930906104,75.47381230349148,1.0139568241940575,1.036427580287084,0.9914860681010308,0.0443229051905391,0.0055982497255422,0.0053936598092678,1.0384671011058022,1.0004199366527782,0.0276848644964402,0.0580477286167647,2.1338608311008023,0,-1,0
2026-03-03,1.0379315573301222,1.0388028236903206,1.033020895864175,1.033892162224373,4516.0,-0.0038917740550635,-0.0038993667133872,1.0192317893802978,1.014408594053002,1.016513255470051,69.08608880656205,1.015543004471057,1.0389684776559376,0.9921175312861764,0.0461338871554369,0.0058545356682098,0.0056626173232749,1.0388028236903206,1.0004199366527782,0.0263185885010195,0.0613641849589116,1.5665986858407783,0,-1,0
2026-03-04,1.033892162224373,1.0359262352122496,1.0305303035911366,1.0325643765790131,7340.0,-0.0012842593201435,-0.0012850846878773,1.0205015595896991,1.0151205855246102,1.016672968117901,67.0764580865778,1.0170853663020176,1.040738877223324,0.9934318553807112,0.0465123414513518,0.0060060858543883,0.0058166696339913,1.0388028236903206,1.0009667817635124,0.0264512328938255,0.0617975312695214,1.308812913946949,0,-1,0
2026-03-05,1.0325643765790131,1.0344183374676996,1.0314091665037832,1.0332631273924695,6377.0,0.0006767140425389,0.0006764851748374,1.0217169469994871,1.0158320577547224,1.0168380443295884,67.61041967446837,1.018657142353832,1.042219296959937,0.9950949877477264,0.0462612072824814,0.005733361709078,0.0055487915489123,1.0388028236903206,1.0013598932581098,0.0250570656138322,0.0616581157649818,1.2397834818427889,0,-1,0
2026-03-06,1.0332631273924695,1.0362379779159456,1.03125296209534,1.0342278126188158,3660.0,0.0009336297800353,0.000933194218833,1.0229084580108518,1.0165534599062556,1.0170110768498792,68.37304089714709,1.0200540726555336,1.0438405505388624,0.9962675947722048,0.0466376803366999,0.0054060946441951,0.0052271797163393,1.0388028236903206,1.004469553456195,0.0237803414565089,0.0607209257567881,1.1917476839407235,0,-1,0
2026-03-09,1.0342278126188158,1.0376343430723645,1.032666183175044,1.0360727136285923,5215.0,0.0017838439338671,0.0017822547738718,1.0241621966411127,1.0173189208365434,1.0172007448775282,69.83578295098334,1.021356969967035,1.0456767340692577,0.9970372058648126,0.0476224568242922,0.0054945256964021,0.0053032240151937,1.0388028236903206,1.004469553456195,0.0231822885699122,0.0601255433344835,1.210188026471249,0,-1,0
2026-03-10,1.0360727136285923,1.0401056741479326,1.0353063668646965,1.0393393273840366,3317.0,0.003152880789615,0.003147920883572,1.0256076376642482,1.018182466191347,1.017421029280578,72.28037845370382,1.0228507466789063,1.0477576556528994,0.9979438377049138,0.0487009645441683,0.005653085294901,0.0054391142006812,1.0401056741479326,1.004469553456195,0.0177350457842084,0.0600683965295079,1.3240166190310525,0,-1,0
2026-03-11,1.0393393273840366,1.0396946500835351,1.038791546330304,1.0391468690298025,4954.0,-0.0001851737437074,-0.0001851908904818,1.0268970882704915,1.0190045996359922,1.0176372067905206,71.91060853328435,1.0243588668598804,1.0493829956890717,0.9993347380306894,0.0488581289990708,0.0053588804365859,0.005157000031756,1.0401056741479326,1.004469553456195,0.0118454603957727,0.0599529448100593,1.1818994595865115,0,-1,0
2026-03-12,1.0391468690298025,1.0455316409561803,1.0378624207856149,1.0442471927119927,7928.0,0.0049081836593052,0.0048961777945219,1.028549479169682,1.0199945052468158,1.0179019827698388,75.48921567885242,1.0259941586563008,1.0517552338130067,1.000233083499595,0.0502168066735273,0.0055957085769912,0.0053586053341055,1.0455316409561803,1.004469553456195,0.0099427620226639,0.0610877591596969,1.4171018829499815,0,-1,0
2026-03-13,1.0442471927119927,1.044495303483174,1.04267664087632,1.042924751647501,8090.0,-0.0012664061476259,-0.0012672087175492,1.0299185527389982,1.0208937305958623,1.018150965544741,72.89599985773866,1.02725490483675,1.0537660025902664,1.0007438070832335,0.0516154220898647,0.005433290992748,0.0052096673169997,1.0455316409561803,1.004469553456195,0.0074643851874192,0.0594663108910503,1.1821348898064907,0,-1,0
2026-03-16,1.042924751647501,1.04511484167643,1.0408060257726297,1.0429961158015584,5654.0,6.842694446040909e-05,6.842460344383679e-05,1.0311640349354323,1.0217604908000073,1.018398180970182,72.95000181101271,1.0289061777989317,1.0549950477009078,1.0028173078969556,0.0507118539375208,0.0048907264229274,0.0046891127865503,1.0455316409561803,1.004469553456195,0.0048794724812719,0.0497965812664412,1.0801493553049175,0,-1,0
2026-03-17,1.0429961158015584,1.0442853382651298,1.03969380456839,1.0409830270319615,2065.0,-0.0019301018854224,-0.0019319669322731,1.0320991770398638,1.02251431575028,1.0186229058066176,68.78660829886635,1.030586361180534,1.055119794582053,1.0060529277790151,0.0476106308517722,0.0045923863313117,0.0044115861758145,1.0455316409561803,1.004469553456195,0.0068584181858317,0.0491355780713148,0.8475508243199062,0,-1,0
2026-03-18,1.0409830270319615,1.0452453785403786,1.040470894881422,1.044733246389839,5172.0,0.0036025749320525,0.0035961012023873,1.0333024217398614,1.0233856463635962,1.0188827101905302,71.99333520723606,1.0325252429777136,1.0548965105494486,1.0101539754059787,0.0433331150475665,0.0042336208377529,0.0040523462351586,1.0455316409561803,1.004469553456195,0.0117850955222207,0.0482098115289629,1.0914002412227894,0,-1,0
2026-03-19,1.044733246389839,1.0514335234112755,1.0443951256242463,1.051095402645683,2595.0,0.006089742312527,0.0060712747689397,1.0349969913499395,1.0244723034726977,1.0192032344935664,76.41931797852476,1.0346797396982088,1.055342668695077,1.0140168107013403,0.0399407240793081,0.0045606241526179,0.0043389250311042,1.0514335234112755,1.0069283198109946,0.0172582131119054,0.0504594144646575,1.5888999037805434,0,-1,0
2026-03-20,1.051095402645683,1.0527671689146327,1.0459124006440172,1.047584166912967,7559.0,-0.0033405490347286,-0.0033461411258983,1.0361957699749895,1.0253786510585907,1.019485631831073,69.85781040517345,1.0365487081643023,1.0544706711853975,1.018626745143207,0.0345800691852381,0.0047784642328664,0.0045614131864436,1.0527671689146327,1.0093553274525364,0.0129143251914014,0.0540223533463499,1.2315011180053517,0,-1,0
2026-03-23,1.047584166912967,1.0488569258819862,1.0413011454349648,1.042573904403984,4398.0,-0.0047826825444942,-0.0047941561684065,1.0368032113491796,1.0260529747191944,1.0197153658865248,61.71496580746,1.0380474850794896,1.0521407239431664,1.0239542462158129,0.0271533606434151,0.0049051679915003,0.0047048635792438,1.0527671689146327,1.0109607258581892,0.0062748402596402,0.058816897929544,0.6423533111555257,0,-1,0
2026-03-24,1.042573904403984,1.0432081245552145,1.0363474832792696,1.0369817034305,9313.0,-0.0053638413064643,-0.0053782783517334,1.0368202105950195,1.0264815523157165,1.0198871702401964,54.13072682961472,1.038835179976143,1.050526535912111,1.0271438240401751,0.0225085868505847,0.0050097901097026,0.0048311268107522,1.0527671689146327,1.019720653673184,-0.002268387129611,0.0573582852896525,-0.3170678500927166,0,-1,0
2026-03-25,1.0369817034305,1.03886881198331,1.0355906442799585,1.0374777528327686,7213.0,0.0004783588761765,0.0004782444990434,1.0368828336652816,1.0269127758654046,1.0200622009127591,54.66295949631136,1.039359977776367,1.049671940466467,1.0290480150862669,0.0198429089258597,0.0050290041625194,0.0048473368694297,1.0527671689146327,1.0255756520282615,-0.0016062370457722,0.0544049444523389,-0.3650565852813621,0,0,0
2026-03-26,1.0374777528327686,1.0387914693739653,1.0361386234006769,1.0374523399418736,3317.0,-2.449487791478244e-05,-2.449517791920353e-05,1.0369370723582905,1.0273260921036975,1.0202352371220045,54.62798844393761,1.03953425938361,1.0495767267722285,1.0294917919949913,0.0193210898014525,0.0048624206019967,0.0046868857631274,1.0527671689146327,1.0305303035911366,-0.0065069389868047,0.0490770499329955,-0.414623092347966,0,0,0
2026-03-27,1.0374523399418736,1.0453162105240106,1.037002965661134,1.044866836243271,4947.0,0.0071468307660405,0.0071214132025394,1.037692287966384,1.0280139644228965,1.0204803276605243,62.221934971224165,1.0400177193090565,1.0501119947799364,1.029923443838176,0.0194117374799851,0.0051013552423936,0.0048823018067404,1.0527671689146327,1.0305303035911366,0.0018621521760817,0.0549214906012527,0.9607657227511496,0,0,0
2026-03-30,1.044866836243271,1.046094371958968,1.0377314214216655,1.0389589571373627,7087.0,-0.0056541933392674,-0.0056702388017758,1.0378129231255246,1.028443179823464,1.020664194620493,54.40788829545223,1.0400690892994182,1.050129062252246,1.0300091163465903,0.0193448167171355,0.0053559011891126,0.0051550652240101,1.0527671689146327,1.0305303035911366,-0.0038707322136986,0.0583593545670486,-0.2207028124749437,0,0,0
2026-03-31,1.0389589571373627,1.043488150188021,1.037691729705472,1.0422209227561303,9284.0,0.0031396481991505,0.0031347297957586,1.0382327326141536,1.0289834834678824,1.020878689427813,57.57583763297796,1.040485527326006,1.0501506797237532,1.030820374928259,0.0185781582615302,0.0057054238126353,0.0054742940657413,1.0527671689146327,1.0305303035911366,0.0011891603340532,0.0573799712969875,0.3591035834114698,0,0,0
2026-04-01,1.0422209227561303,1.0431505082032857,1.0360077987085794,1.0369373841557346,1734.0,-0.005069499647372,-0.0050823931549229,1.0381093660943042,1.0292954011419158,1.021038477435056,51.35177226647658,1.0407041777048422,1.0497956496217695,1.031612705787915,0.0174717698106632,0.0056678159072168,0.0054659191517446,1.0527671689146327,1.03125296209534,-0.007462060062742,0.0603560857694985,-0.8286432787840098,0,0,0
2026-04-02,1.0369373841557346,1.0391924676157454,1.0354155978692197,1.0376706813292305,5942.0,0.0007071759439871,0.0007069260129025,1.0380675865928686,1.0296238435022027,1.0212039720011672,52.12530677666456,1.0409245554016802,1.0494528011841762,1.0323963096191842,0.0163859056609632,0.0058076878457648,0.0055968506678104,1.0527671689146327,1.03125296209534,-0.0127721244738217,0.0603592518532819,-0.7630816830181327,0,0,0
2026-04-03,1.0376706813292305,1.0381197004924452,1.0362973251536711,1.0367463443168858,5999.0,-0.0008907806965892,-0.00089117767748,1.037941753995156,1.029903157259641,1.0213586224719704,51.02396555394037,1.0410504819865838,1.049229609085489,1.032871354887679,0.0157132189849181,0.0056300849482629,0.0054305327229995,1.0527671689146327,1.032666183175044,-0.0103455387532424,0.0604204299478224,-1.0524687091057008,0,0,0
2026-04-06,1.0367463443168858,1.040201860238334,1.035406791294595,1.0388623072160432,6137.0,0.002040964900196,0.0020388849609086,1.0380294257304783,1.0302544964736178,1.0215327884893244,53.44871746501974,1.0411899616659563,1.049102468885298,1.0332774544466146,0.0151989694688976,0.0056446231801914,0.0054334661494438,1.0527671689146327,1.0353063668646965,-0.0035600326962552,0.0605206708683074,-0.588348139316258,0,0,0
2026-04-07,1.0388623072160432,1.0407423989371587,1.0342019706508654,1.0360820623719809,1424.0,-0.0026762399836345,-0.0026798275160208,1.0378439625534788,1.030483028469632,1.0216775573836792,49.94947301841059,1.0410270984153531,1.0492287954033097,1.0328254014273972,0.0157569327454409,0.0057707620821441,0.0055697924823953,1.0527671689146327,1.0342019706508654,-0.0008675573113228,0.0602098399805908,-1.205856800277804,0,0,0
2026-04-08,1.0360820623719809,1.037009696973595,1.0323402090739031,1.033267843675517,2316.0,-0.002716212159895,-0.0027199077576791,1.0374081417079586,1.0305922369090783,1.0217928836154386,46.62219426706848,1.040733147147639,1.049612037946788,1.0318542563484905,0.0170627616185444,0.0056015542330485,0.0054212025152382,1.0527671689146327,1.0323402090739031,-0.0040578307783051,0.0608957881920102,-1.681584702638306,0,0,0
2026-04-09,1.033267843675517,1.0347312925187857,1.0305244911518494,1.0319879399951182,8869.0,-0.0012386949697823,-0.0012394627865224,1.0368919320210217,1.0306469703634331,1.0218943269625,45.149162535965495,1.0401201845117956,1.0496466628660688,1.0305937061575223,0.0183180338121112,0.0054124137399286,0.0052446482465233,1.0527671689146327,1.0305244911518494,-0.0052671334733908,0.0577838041605405,-1.7072929185903192,0,0,0
