Date,Open,High,Low,Close,Signal,Position,Units,Cash_Equity,Portfolio_Value,Stop_Price,Take_Profit,Action
2018-01-01,0.6679029826053268,0.6694810793290883,0.6663248858815652,0.6679029826053268,0,0,0.0,100000.0,100000.0,,,HOLD
2018-01-02,0.6679029826053268,0.6716573140442018,0.6674286409147724,0.6711829723536474,0,0,0.0,100000.0,100000.0,,,HOLD
2018-01-03,0.6711829723536474,0.6758124088697669,0.6705062613218407,0.6751356978379601,0,0,0.0,100000.0,100000.0,,,HOLD
2018-01-04,0.6751356978379601,0.6754669649647584,0.6731842611346834,0.6735155282614818,0,0,0.0,100000.0,100000.0,,,HOLD
2018-01-05,0.6735155282614818,0.6743942450041889,0.6701320748143169,0.671010791557024,0,0,0.0,100000.0,100000.0,,,HOLD
2018-01-08,0.671010791557024,0.6712438386709806,0.6664346420645638,0.6666676891785204,0,0,0.0,100000.0,100000.0,,,HOLD
2018-01-09,0.6666676891785204,0.6715187190353108,0.6665658217791371,0.6714168516359276,0,0,0.0,100000.0,100000.0,,,HOLD
2018-01-10,0.6714168516359276,0.6719353060273209,0.669304474084774,0.6698229284761673,0,0,0.0,100000.0,100000.0,,,HOLD
2018-01-11,0.6698229284761673,0.6707300099090463,0.6689095110959312,0.6698165925288102,0,0,0.0,100000.0,100000.0,,,HOLD
2018-01-12,0.6698165925288102,0.676316417191302,0.6692609285163328,0.6757607531788246,0,0,0.0,100000.0,100000.0,,,HOLD
2018-01-15,0.6757607531788246,0.6773481591738516,0.6755291899312212,0.6771165959262483,0,0,0.0,100000.0,100000.0,,,HOLD
2018-01-16,0.6771165959262483,0.6778179200880691,0.676011536298731,0.6767128604605518,0,0,0.0,100000.0,100000.0,,,HOLD
2018-01-17,0.6767128604605518,0.6772178055110013,0.6742325603173182,0.6747375053677677,0,0,0.0,100000.0,100000.0,,,HOLD
2018-01-18,0.6747375053677677,0.6751014138023477,0.6709827830401268,0.6713466914747068,0,0,0.0,100000.0,100000.0,,,HOLD
2018-01-19,0.6713466914747068,0.6717594584545479,0.6694033325740574,0.6698160995538984,0,0,0.0,100000.0,100000.0,,,HOLD
2018-01-22,0.6698160995538984,0.6715966417962517,0.6689124573865868,0.67069299962894,0,0,0.0,100000.0,100000.0,,,HOLD
2018-01-23,0.67069299962894,0.6770597420654944,0.6696948895285236,0.676061631965078,0,0,0.0,100000.0,100000.0,,,HOLD
2018-01-24,0.676061631965078,0.6764111692947666,0.6735610136806772,0.6739105510103659,0,0,0.0,100000.0,100000.0,,,HOLD
2018-01-25,0.6739105510103659,0.6756117071573233,0.6732981676043934,0.6749993237513509,0,0,0.0,100000.0,100000.0,,,HOLD
2018-01-26,0.6749993237513509,0.6765280588553676,0.6745892767162207,0.6761180118202375,0,0,0.0,100000.0,100000.0,,,HOLD
2018-01-29,0.6761180118202375,0.6770561102075262,0.6715763190045478,0.6725144173918366,0,0,0.0,100000.0,100000.0,,,HOLD
2018-01-30,0.6725144173918366,0.674286718572352,0.6715518955982067,0.6733241967787221,0,0,0.0,100000.0,100000.0,,,HOLD
2018-01-31,0.6733241967787221,0.6772195186454801,0.6723738371125493,0.6762691589793073,0,0,0.0,100000.0,100000.0,,,HOLD
2018-02-01,0.6762691589793073,0.677254283430313,0.6708969874826339,0.6718821119336397,0,0,0.0,100000.0,100000.0,,,HOLD
2018-02-02,0.6718821119336397,0.6721548642077531,0.6677739914420487,0.6680467437161621,0,0,0.0,100000.0,100000.0,,,HOLD
2018-02-05,0.6680467437161621,0.6692349639714021,0.6636568324986192,0.6648450527538592,0,0,0.0,100000.0,100000.0,,,HOLD
2018-02-06,0.6648450527538592,0.6653112533352372,0.6616644195846644,0.6621306201660424,0,0,0.0,100000.0,100000.0,,,HOLD
2018-02-07,0.6621306201660424,0.6628589595423688,0.6582764426575265,0.6590047820338529,0,0,0.0,100000.0,100000.0,,,HOLD
2018-02-08,0.6590047820338529,0.6607434642997772,0.6580248548917149,0.6597635371576391,0,0,0.0,100000.0,100000.0,,,HOLD
2018-02-09,0.6597635371576391,0.660971875444106,0.6593385488188948,0.6605468871053616,0,0,0.0,100000.0,100000.0,,,HOLD
2018-02-12,0.6605468871053616,0.6614240147901566,0.6587996170064547,0.6596767446912497,0,0,0.0,100000.0,100000.0,,,HOLD
2018-02-13,0.6596767446912497,0.6605111333159018,0.6591745478549622,0.6600089364796143,0,0,0.0,100000.0,100000.0,,,HOLD
2018-02-14,0.6600089364796143,0.6625537384672389,0.6593010699856049,0.6618458719732294,0,0,0.0,100000.0,100000.0,,,HOLD
2018-02-15,0.6618458719732294,0.6628832766465652,0.6564686062701227,0.6575060109434585,0,0,0.0,100000.0,100000.0,,,HOLD
2018-02-16,0.6575060109434585,0.6631032424026791,0.656630649516244,0.6622278809754646,0,0,0.0,100000.0,100000.0,,,HOLD
2018-02-19,0.6622278809754646,0.6627491713672558,0.657663544430247,0.6581848348220382,0,0,0.0,100000.0,100000.0,,,HOLD
2018-02-20,0.6581848348220382,0.6595645117970235,0.6510571464141555,0.6524368233891408,0,0,0.0,100000.0,100000.0,,,HOLD
2018-02-21,0.6524368233891408,0.6548910720098621,0.652026163366486,0.6544804119872073,0,0,0.0,100000.0,100000.0,,,HOLD
2018-02-22,0.6544804119872073,0.6556062303668142,0.6461717036966393,0.6472975220762462,0,0,0.0,100000.0,100000.0,,,HOLD
2018-02-23,0.6472975220762462,0.6479593314905195,0.6447172322056487,0.645379041619922,0,0,0.0,100000.0,100000.0,,,HOLD
2018-02-26,0.645379041619922,0.6453836498148616,0.6421459550134551,0.6421505632083947,0,0,0.0,100000.0,100000.0,,,HOLD
2018-02-27,0.6421505632083947,0.6486963706856145,0.641280352827542,0.6478261603047618,0,0,0.0,100000.0,100000.0,,,HOLD
2018-02-28,0.6478261603047618,0.6487043759274083,0.6475367329639725,0.648414948586619,0,0,0.0,100000.0,100000.0,,,HOLD
2018-03-01,0.648414948586619,0.6492144121224204,0.6466002035124347,0.6473996670482361,0,0,0.0,100000.0,100000.0,,,HOLD
2018-03-02,0.6473996670482361,0.6482541611756324,0.645631816714512,0.6464863108419082,0,0,0.0,100000.0,100000.0,,,HOLD
2018-03-05,0.6464863108419082,0.6472071352664776,0.6446765919635816,0.645397416388151,0,0,0.0,100000.0,100000.0,,,HOLD
2018-03-06,0.645397416388151,0.6460994311962605,0.640703460290322,0.6414054750984315,0,0,0.0,100000.0,100000.0,,,HOLD
2018-03-07,0.6414054750984315,0.6435617294464491,0.6412048077139302,0.6433610620619478,0,0,0.0,100000.0,100000.0,,,HOLD
2018-03-08,0.6433610620619478,0.6446019858640347,0.6424171650177285,0.6436580888198155,0,0,0.0,100000.0,100000.0,,,HOLD
2018-03-09,0.6436580888198155,0.6455138940416719,0.6433304597500327,0.6451862649718891,0,0,0.0,100000.0,100000.0,,,HOLD
2018-03-12,0.6451862649718891,0.6460559824317088,0.6447738688934557,0.6456435863532753,0,0,0.0,100000.0,100000.0,,,HOLD
2018-03-13,0.6456435863532753,0.6460928772049507,0.6410325478089326,0.6414818386606079,0,0,0.0,100000.0,100000.0,,,HOLD
2018-03-14,0.6414818386606079,0.6422672598624259,0.6404022746469301,0.6411876958487481,0,0,0.0,100000.0,100000.0,,,HOLD
2018-03-15,0.6411876958487481,0.641670467738942,0.6384499984524917,0.6389327703426856,0,0,0.0,100000.0,100000.0,,,HOLD
2018-03-16,0.6389327703426856,0.6393048722591402,0.6382429232863978,0.6386150252028524,0,0,0.0,100000.0,100000.0,,,HOLD
2018-03-19,0.6386150252028524,0.6399653803454318,0.6371776127336928,0.6385279678762722,0,0,0.0,100000.0,100000.0,,,HOLD
2018-03-20,0.6385279678762722,0.6400999827435027,0.6383841957175438,0.6399562105847743,0,0,0.0,100000.0,100000.0,,,HOLD
2018-03-21,0.6399562105847743,0.6499684971412314,0.6388899928904846,0.6489022794469418,0,0,0.0,100000.0,100000.0,,,HOLD
2018-03-22,0.6489022794469418,0.6503248985761264,0.6486746538562508,0.6500972729854354,0,0,0.0,100000.0,100000.0,,,HOLD
2018-03-23,0.6500972729854354,0.654031047045756,0.6496089876402077,0.6535427617005283,0,0,0.0,100000.0,100000.0,,,HOLD
2018-03-26,0.6535427617005283,0.6545088532175796,0.6437589250186836,0.6447250165357349,0,0,0.0,100000.0,100000.0,,,HOLD
2018-03-27,0.6447250165357349,0.6492242081957744,0.6443255608809276,0.6488247525409672,0,0,0.0,100000.0,100000.0,,,HOLD
2018-03-28,0.6488247525409672,0.6496340685382777,0.6448935149339912,0.6457028309313017,0,0,0.0,100000.0,100000.0,,,HOLD
2018-03-29,0.6457028309313017,0.6462337143475961,0.6430170949766302,0.6435479783929247,0,0,0.0,100000.0,100000.0,,,HOLD
2018-03-30,0.6435479783929247,0.6437202470494364,0.6380160858596161,0.6381883545161279,0,0,0.0,100000.0,100000.0,,,HOLD
2018-04-02,0.6381883545161279,0.6397039153511141,0.6370416787436772,0.6385572395786635,0,0,0.0,100000.0,100000.0,,,HOLD
2018-04-03,0.6385572395786635,0.6391480892660483,0.6356895313924728,0.6362803810798575,0,0,0.0,100000.0,100000.0,,,HOLD
2018-04-04,0.6362803810798575,0.636918073812804,0.635416566719964,0.6360542594529105,0,0,0.0,100000.0,100000.0,,,HOLD
2018-04-05,0.6360542594529105,0.6378719161863534,0.6354174660850729,0.6372351228185158,-1,-1,152902.63,100000.0,99807.98,0.642519,0.622899,SELL
2018-04-06,0.6372351228185158,0.637613883324513,0.634792292488269,0.6351710529942661,-1,-1,152902.63,100000.0,100123.58,0.642519,0.622899,HOLD
2018-04-09,0.6351710529942661,0.637352465313137,0.6346007430792614,0.6367821553981323,-1,-1,152902.63,100000.0,99877.24,0.642519,0.622899,HOLD
2018-04-10,0.6367821553981323,0.6371509592244675,0.633691296863827,0.6340601006901622,-1,-1,152902.63,100000.0,100293.44,0.642519,0.622899,HOLD
2018-04-11,0.6340601006901622,0.6352490476942351,0.6329218887506988,0.6341108357547717,-1,-1,152902.63,100000.0,100285.69,0.642519,0.622899,HOLD
2018-04-12,0.6341108357547717,0.6350032918964419,0.6322878265051608,0.633180282646831,-1,-1,152902.63,100000.0,100427.97,0.642519,0.622899,HOLD
2018-04-13,0.633180282646831,0.6364028535214465,0.6331556747705952,0.6363782456452107,-1,-1,152902.63,100000.0,99938.99,0.642519,0.622899,HOLD
2018-04-16,0.6363782456452107,0.6371458103810751,0.6355741253265,0.6363416900623644,-1,-1,152902.63,100000.0,99944.58,0.642519,0.622899,HOLD
2018-04-17,0.6363416900623644,0.6383998457742995,0.635616497497042,0.6376746532089771,-1,-1,152902.63,100000.0,99740.77,0.642519,0.622899,HOLD
2018-04-18,0.6376746532089771,0.6382777006705587,0.6373400852785074,0.637943132740089,-1,-1,152902.63,100000.0,99699.72,0.642519,0.622899,HOLD
2018-04-19,0.637943132740089,0.6414236321470294,0.6377151419922398,0.6411956413991802,-1,-1,152902.63,100000.0,99202.4,0.642519,0.622899,HOLD
2018-04-20,0.6411956413991802,0.6420063458228752,0.6400905007540596,0.6409012051777546,-1,-1,152902.63,100000.0,99247.42,0.642519,0.622899,HOLD
2018-04-23,0.6409012051777546,0.6435977762086136,0.6407225998625833,0.6434191708934422,-1,-1,263435.8,98988.53,98305.45,0.644584,0.633311,SELL
2018-04-24,0.6434191708934422,0.6444923023398275,0.6382673249275952,0.6393404563739804,0,-1,263435.8,98988.53,99379.93,0.644584,0.633311,HOLD
2018-04-25,0.6393404563739804,0.6401523380368875,0.6388331088348103,0.6396449904977174,0,-1,263435.8,98988.53,99299.71,0.644584,0.633311,HOLD
2018-04-26,0.6396449904977174,0.6408449108052743,0.6391421375970903,0.6403420579046472,0,-1,263435.8,98988.53,99116.07,0.644584,0.633311,HOLD
2018-04-27,0.6403420579046472,0.6414960820481722,0.6394214936861125,0.6405755178296375,0,-1,263435.8,98988.53,99054.57,0.644584,0.633311,HOLD
2018-04-30,0.6405755178296375,0.6425760324036986,0.6398901973504644,0.6418907119245255,0,-1,263435.8,98988.53,98708.1,0.644584,0.633311,HOLD
2018-05-01,0.6418907119245255,0.6454119935052238,0.6409130745754086,0.6444343561561069,0,0,0.0,97978.89,97978.89,,,STOP
2018-05-02,0.6444343561561069,0.6457295929536403,0.64286524801889,0.6441604848164234,0,0,0.0,97978.89,97978.89,,,HOLD
2018-05-03,0.6441604848164234,0.6447536590605579,0.6414486284577473,0.6420418027018818,0,0,0.0,97978.89,97978.89,,,HOLD
2018-05-04,0.6420418027018818,0.643260612449665,0.6417842770951766,0.6430030868429598,0,0,0.0,97978.89,97978.89,,,HOLD
2018-05-07,0.6430030868429598,0.643566073049063,0.6355557607889296,0.6361187469950328,0,0,0.0,97978.89,97978.89,,,HOLD
2018-05-08,0.6361187469950328,0.6386046403685647,0.6356010620636456,0.6380869554371775,0,0,0.0,97978.89,97978.89,,,HOLD
2018-05-09,0.6380869554371775,0.6391646921289292,0.6380161086430736,0.6390938453348253,0,0,0.0,97978.89,97978.89,,,HOLD
2018-05-10,0.6390938453348253,0.6442402912078351,0.6383402592841777,0.6434867051571875,0,0,0.0,97978.89,97978.89,,,HOLD
2018-05-11,0.6434867051571875,0.6457730179370899,0.6428605040905313,0.6451468168704336,0,0,0.0,97978.89,97978.89,,,HOLD
2018-05-14,0.6451468168704336,0.6454809593337669,0.6441187305706035,0.6444528730339368,0,0,0.0,97978.89,97978.89,,,HOLD
2018-05-15,0.6444528730339368,0.6450028606065221,0.6409532690500792,0.6415032566226645,0,0,0.0,97978.89,97978.89,,,HOLD
2018-05-16,0.6415032566226645,0.6415342548556167,0.6396496783196656,0.6396806765526177,0,0,0.0,97978.89,97978.89,,,HOLD
2018-05-17,0.6396806765526177,0.6405414357734249,0.6336109984021921,0.6344717576229993,0,0,0.0,97978.89,97978.89,,,HOLD
2018-05-18,0.6344717576229993,0.6352527612393017,0.6315952273633842,0.6323762309796866,0,0,0.0,97978.89,97978.89,,,HOLD
2018-05-21,0.6323762309796866,0.6332968936934493,0.6311855960097215,0.6321062587234841,0,0,0.0,97978.89,97978.89,,,HOLD
2018-05-22,0.6321062587234841,0.6324411768102447,0.62806689905776,0.6284018171445206,0,0,0.0,97978.89,97978.89,,,HOLD
2018-05-23,0.6284018171445206,0.6296748150543638,0.6271276446493709,0.6284006425592141,0,0,0.0,97978.89,97978.89,,,HOLD
2018-05-24,0.6284006425592141,0.6289283335432122,0.6260077739221263,0.6265354649061243,0,0,0.0,97978.89,97978.89,,,HOLD
2018-05-25,0.6265354649061243,0.628799061313665,0.6255646029213611,0.6278281993289018,-1,-1,198638.66,97978.89,97707.2,0.631393,0.616595,SELL
2018-05-28,0.6278281993289018,0.6286861411493662,0.6212614378378644,0.6221193796583288,-1,-1,198638.66,97978.89,98841.2,0.631393,0.616595,HOLD
2018-05-29,0.6221193796583288,0.6249333218676899,0.6214487889938805,0.6242627312032416,-1,-1,198638.66,97978.89,98415.44,0.631393,0.616595,HOLD
2018-05-30,0.6242627312032416,0.6246171455723313,0.6227198930894371,0.6230743074585268,-1,-1,198638.66,97978.89,98651.51,0.631393,0.616595,HOLD
2018-05-31,0.6230743074585268,0.6281457705773064,0.6218380786915012,0.6269095418102808,-1,-1,198638.66,97978.89,97889.69,0.631393,0.616595,HOLD
2018-06-01,0.6269095418102808,0.6308864093468006,0.6261857592278366,0.6301626267643564,-1,-1,198638.66,97978.89,97243.5,0.631393,0.616595,HOLD
2018-06-04,0.6301626267643564,0.6311106024833563,0.6287523412514303,0.6297003169704302,-1,-1,198638.66,97978.89,97335.33,0.631393,0.616595,HOLD
2018-06-05,0.6297003169704302,0.6300001201574487,0.628151443617266,0.6284512468042845,-1,-1,198638.66,97978.89,97583.44,0.631393,0.616595,HOLD
2018-06-06,0.6284512468042845,0.6291575118028458,0.6280321243164843,0.6287383893150456,-1,-1,198638.66,97978.89,97526.41,0.631393,0.616595,HOLD
2018-06-07,0.6287383893150456,0.6293187314078103,0.6280940971539855,0.6286744392467501,-1,-1,198638.66,97978.89,97539.11,0.631393,0.616595,HOLD
2018-06-08,0.6286744392467501,0.6345135654937074,0.6280817067717555,0.6339208330187127,-1,-1,181472.29,96984.2,96018.52,0.633944,0.617911,SELL
2018-06-11,0.6339208330187127,0.6382297779762854,0.6333138973443831,0.6376228423019559,0,0,0.0,96000.75,96000.75,,,STOP
2018-06-12,0.6376228423019559,0.6383349695161282,0.636412434675633,0.6371245618898054,0,0,0.0,96000.75,96000.75,,,HOLD
2018-06-13,0.6371245618898054,0.6397577871509652,0.6361213631244148,0.6387545883855746,0,0,0.0,96000.75,96000.75,,,HOLD
2018-06-14,0.6387545883855746,0.6425105775149605,0.6377365328789049,0.6414925220082908,0,0,0.0,96000.75,96000.75,,,HOLD
2018-06-15,0.6414925220082908,0.645099964658278,0.6404199472246873,0.6440273898746746,0,0,0.0,96000.75,96000.75,,,HOLD
2018-06-18,0.6440273898746746,0.6464171572892596,0.6434540879264592,0.6458438553410443,0,0,0.0,96000.75,96000.75,,,HOLD
2018-06-19,0.6458438553410443,0.6465452485453066,0.6437146505259124,0.6444160437301747,0,0,0.0,96000.75,96000.75,,,HOLD
2018-06-20,0.6444160437301747,0.6446059964726111,0.6430218634665659,0.6432118162090023,0,0,0.0,96000.75,96000.75,,,HOLD
2018-06-21,0.6432118162090023,0.6438201596105285,0.6379227345043418,0.638531077905868,0,0,0.0,96000.75,96000.75,,,HOLD
2018-06-22,0.638531077905868,0.6387059747536045,0.6383643309391273,0.6385392277868637,0,0,0.0,96000.75,96000.75,,,HOLD
2018-06-25,0.6385392277868637,0.6402964937348191,0.6376861914994562,0.6394434574474116,0,0,0.0,96000.75,96000.75,,,HOLD
2018-06-26,0.6394434574474116,0.6434618104272349,0.6388396622432415,0.6428580152230648,0,0,0.0,96000.75,96000.75,,,HOLD
2018-06-27,0.6428580152230648,0.6436274400011095,0.6422890656163666,0.6430584903944112,0,0,0.0,96000.75,96000.75,,,HOLD
2018-06-28,0.6430584903944112,0.6450101421000047,0.6420482686442351,0.6439999203498287,0,0,0.0,96000.75,96000.75,,,HOLD
2018-06-29,0.6439999203498287,0.6447522449007571,0.6436574681660602,0.6444097927169886,0,0,0.0,96000.75,96000.75,,,HOLD
2018-07-02,0.6444097927169886,0.6449440065059286,0.6372103512219089,0.637744565010849,0,0,0.0,96000.75,96000.75,,,HOLD
2018-07-03,0.637744565010849,0.6404386714273929,0.6370216053527981,0.6397157117693419,0,0,0.0,96000.75,96000.75,,,HOLD
2018-07-04,0.6397157117693419,0.6443755036600346,0.6388607789103297,0.6435205708010223,0,0,0.0,96000.75,96000.75,,,HOLD
2018-07-05,0.6435205708010223,0.6451644963751378,0.6428437304746393,0.6444876560487548,0,0,0.0,96000.75,96000.75,,,HOLD
2018-07-06,0.6444876560487548,0.645174316629357,0.6423112260894409,0.6429978866700431,0,0,0.0,96000.75,96000.75,,,HOLD
2018-07-09,0.6429978866700431,0.6446998724160365,0.6426274911026598,0.6443294768486533,0,0,0.0,96000.75,96000.75,,,HOLD
2018-07-10,0.6443294768486533,0.6489652940041635,0.6439151822800875,0.6485509994355977,0,0,0.0,96000.75,96000.75,,,HOLD
2018-07-11,0.6485509994355977,0.6506641080774404,0.6481519820955063,0.650265090737349,0,0,0.0,96000.75,96000.75,,,HOLD
2018-07-12,0.650265090737349,0.6516986757528797,0.6494384282001704,0.6508720132157011,0,0,0.0,96000.75,96000.75,,,HOLD
2018-07-13,0.6508720132157011,0.6563580349342332,0.6508705457998853,0.6563565675184174,0,0,0.0,96000.75,96000.75,,,HOLD
2018-07-16,0.6563565675184174,0.6586849755410102,0.6553832280723457,0.6577116360949385,0,0,0.0,96000.75,96000.75,,,HOLD
2018-07-17,0.6577116360949385,0.6584414702671523,0.654403389233275,0.6551332234054887,0,0,0.0,96000.75,96000.75,,,HOLD
2018-07-18,0.6551332234054887,0.6601186832738739,0.6544136104243948,0.65939907029278,0,0,0.0,96000.75,96000.75,,,HOLD
2018-07-19,0.65939907029278,0.6613632757920254,0.658794032712692,0.6607582382119374,0,0,0.0,96000.75,96000.75,,,HOLD
2018-07-20,0.6607582382119374,0.6634961073876554,0.6599066291909343,0.6626444983666524,0,0,0.0,96000.75,96000.75,,,HOLD
2018-07-23,0.6626444983666524,0.6641696732163404,0.6624344636701425,0.6639596385198304,0,0,0.0,96000.75,96000.75,,,HOLD
2018-07-24,0.6639596385198304,0.665398237599638,0.6628413529323892,0.6642799520121968,0,0,0.0,96000.75,96000.75,,,HOLD
2018-07-25,0.6642799520121968,0.6652320463143477,0.6609688770851864,0.6619209713873373,0,0,0.0,96000.75,96000.75,,,HOLD
2018-07-26,0.6619209713873373,0.6675355696569824,0.6608290395015657,0.6664436377712107,0,0,0.0,96000.75,96000.75,,,HOLD
2018-07-27,0.6664436377712107,0.6682043999621123,0.6650719317990597,0.6668326939899613,0,0,0.0,96000.75,96000.75,,,HOLD
2018-07-30,0.6668326939899613,0.667685873087766,0.6630824298384712,0.6639356089362759,0,0,0.0,96000.75,96000.75,,,HOLD
2018-07-31,0.6639356089362759,0.6650153997189635,0.6633829231304127,0.6644627139131003,0,0,0.0,96000.75,96000.75,,,HOLD
2018-08-01,0.6644627139131003,0.6693789094769462,0.6640142164261937,0.6689304119900397,0,0,0.0,96000.75,96000.75,,,HOLD
2018-08-02,0.6689304119900397,0.6708787388485199,0.6678830719680278,0.669831398826508,0,0,0.0,96000.75,96000.75,,,HOLD
2018-08-03,0.669831398826508,0.6755648279167131,0.6688489242506965,0.6745823533409017,0,0,0.0,96000.75,96000.75,,,HOLD
2018-08-06,0.6745823533409017,0.674587875098932,0.6726219667688317,0.672627488526862,0,0,0.0,96000.75,96000.75,,,HOLD
2018-08-07,0.672627488526862,0.6737862500719476,0.6725941435248621,0.6737529050699477,0,0,0.0,96000.75,96000.75,,,HOLD
2018-08-08,0.6737529050699477,0.6761181233790464,0.6728756465167682,0.675240864825867,0,0,0.0,96000.75,96000.75,,,HOLD
2018-08-09,0.675240864825867,0.677084803262634,0.6743316732020915,0.6761756116388585,0,0,0.0,96000.75,96000.75,,,HOLD
2018-08-10,0.6761756116388585,0.677083594846825,0.6740792695283435,0.67498725273631,0,0,0.0,96000.75,96000.75,,,HOLD
2018-08-13,0.67498725273631,0.6804768497602554,0.674068513000506,0.6795581100244513,0,0,0.0,96000.75,96000.75,,,HOLD
2018-08-14,0.6795581100244513,0.6801384239190107,0.6712212215257369,0.6718015354202963,0,0,0.0,96000.75,96000.75,,,HOLD
2018-08-15,0.6718015354202963,0.6777815454081505,0.6709209827495575,0.6769009927374117,0,0,0.0,96000.75,96000.75,,,HOLD
2018-08-16,0.6769009927374117,0.6778414395104781,0.6765519620861371,0.6774924088592036,1,1,157344.07,96000.75,96082.01,0.670875,0.689179,BUY
2018-08-17,0.6774924088592036,0.6801178458211459,0.6762303813947359,0.6788558183566782,1,1,157344.07,96000.75,96296.53,0.670875,0.689179,HOLD
2018-08-20,0.6788558183566782,0.6807365964271759,0.6782999961318613,0.680180774202359,1,1,157344.07,96000.75,96505.0,0.670875,0.689179,HOLD
2018-08-21,0.680180774202359,0.681180832771322,0.6793891589178643,0.6803892174868273,1,1,157344.07,96000.75,96537.8,0.670875,0.689179,HOLD
2018-08-22,0.6803892174868273,0.6815862784054825,0.6724012590850909,0.673598320003746,1,1,157344.07,96000.75,95469.29,0.670875,0.689179,HOLD
2018-08-23,0.673598320003746,0.6745484947016971,0.6694958151689463,0.6704459898668974,1,1,152954.51,95028.94,94535.31,0.66746,0.686099,BUY
2018-08-24,0.6704459898668974,0.6708355578799772,0.668028905529085,0.6684184735421648,1,1,152954.51,95028.94,94225.19,0.66746,0.686099,HOLD
2018-08-27,0.6684184735421648,0.6693676860986003,0.6609602874157173,0.6619094999721529,1,1,132937.69,94067.18,93191.92,0.661417,0.682646,BUY
2018-08-28,0.6619094999721529,0.6636251538633253,0.6606290490454433,0.6623447029366157,0,0,0.0,93116.54,93116.54,,,STOP
2018-08-29,0.6623447029366157,0.662525470014377,0.6604837925776906,0.6606645596554519,0,0,0.0,93116.54,93116.54,,,HOLD
2018-08-30,0.6606645596554519,0.6614877329437779,0.6591411920642515,0.6599643653525775,0,0,0.0,93116.54,93116.54,,,HOLD
2018-08-31,0.6599643653525775,0.6607697774765997,0.6590616152952653,0.6598670274192875,0,0,0.0,93116.54,93116.54,,,HOLD
2018-09-03,0.6598670274192875,0.660191892011296,0.6573918792032724,0.6577167437952809,0,0,0.0,93116.54,93116.54,,,HOLD
2018-09-04,0.6577167437952809,0.6606831779641987,0.6565401419472647,0.6595065761161826,0,0,0.0,93116.54,93116.54,,,HOLD
2018-09-05,0.6595065761161826,0.6650902726165075,0.6589379668889868,0.6645216633893117,0,0,0.0,93116.54,93116.54,,,HOLD
2018-09-06,0.6645216633893117,0.6653574716634344,0.6582119936760645,0.6590478019501872,0,0,0.0,93116.54,93116.54,,,HOLD
2018-09-07,0.6590478019501872,0.6621122965900229,0.6583323726669486,0.6613968673067843,0,0,0.0,93116.54,93116.54,,,HOLD
2018-09-10,0.6613968673067843,0.6622177130582627,0.6608856036450281,0.6617064493965066,0,0,0.0,93116.54,93116.54,,,HOLD
2018-09-11,0.6617064493965066,0.662172563861647,0.66031293362281,0.6607790480879504,0,0,0.0,93116.54,93116.54,,,HOLD
2018-09-12,0.6607790480879504,0.6619033464148926,0.6589655120793599,0.6600898104063021,0,0,0.0,93116.54,93116.54,,,HOLD
2018-09-13,0.6600898104063021,0.6608898236652838,0.6571256363295429,0.6579256495885246,0,0,0.0,93116.54,93116.54,,,HOLD
2018-09-14,0.6579256495885246,0.6613320385854686,0.6567920797489067,0.6601984687458508,0,0,0.0,93116.54,93116.54,,,HOLD
2018-09-17,0.6601984687458508,0.6608056894667793,0.6566407345626407,0.6572479552835693,0,0,0.0,93116.54,93116.54,,,HOLD
2018-09-18,0.6572479552835693,0.6582718630318094,0.6534940432557363,0.6545179510039765,0,0,0.0,93116.54,93116.54,,,HOLD
2018-09-19,0.6545179510039765,0.6551861911672456,0.6535613182039125,0.6542295583671817,0,0,0.0,93116.54,93116.54,,,HOLD
2018-09-20,0.6542295583671817,0.6562358951568537,0.6533681728800301,0.6553745096697021,0,0,0.0,93116.54,93116.54,,,HOLD
2018-09-21,0.6553745096697021,0.6566845056410214,0.6545096024429866,0.6558195984143059,0,0,0.0,93116.54,93116.54,,,HOLD
2018-09-24,0.6558195984143059,0.6595771695782103,0.655191607833075,0.6589491789969794,0,0,0.0,93116.54,93116.54,,,HOLD
2018-09-25,0.6589491789969794,0.6604800807352436,0.6585585202810924,0.6600894220193566,0,0,0.0,93116.54,93116.54,,,HOLD
2018-09-26,0.6600894220193566,0.6602759366726869,0.6569529073743723,0.6571394220277026,0,0,0.0,93116.54,93116.54,,,HOLD
2018-09-27,0.6571394220277026,0.6581197777492389,0.6561760674678893,0.6571564231894256,0,0,0.0,93116.54,93116.54,,,HOLD
2018-09-28,0.6571564231894256,0.6577032747312939,0.6561066345008799,0.6566534860427482,0,0,0.0,93116.54,93116.54,,,HOLD
2018-10-01,0.6566534860427482,0.6593112412957431,0.6555963556789994,0.6582541109319944,0,0,0.0,93116.54,93116.54,,,HOLD
2018-10-02,0.6582541109319944,0.6595259799206886,0.653655932066168,0.6549278010548623,0,0,0.0,93116.54,93116.54,,,HOLD
2018-10-03,0.6549278010548623,0.655976641037946,0.6545281120131659,0.6555769519962495,0,0,0.0,93116.54,93116.54,,,HOLD
2018-10-04,0.6555769519962495,0.6567248559866337,0.6532502673471363,0.6543981713375204,0,0,0.0,93116.54,93116.54,,,HOLD
2018-10-05,0.6543981713375204,0.6545318396956286,0.6511425253107213,0.6512761936688294,0,0,0.0,93116.54,93116.54,,,HOLD
2018-10-08,0.6512761936688294,0.6521875064763286,0.6465856310230261,0.6474969438305254,0,0,0.0,93116.54,93116.54,,,HOLD
2018-10-09,0.6474969438305254,0.6484790505533501,0.642984261036204,0.6439663677590287,0,0,0.0,93116.54,93116.54,,,HOLD
2018-10-10,0.6439663677590287,0.644588811995324,0.6421688831781036,0.6427913274143989,0,0,0.0,93116.54,93116.54,,,HOLD
2018-10-11,0.6427913274143989,0.6440779533824399,0.6418645057043951,0.6431511316724361,0,0,0.0,93116.54,93116.54,,,HOLD
2018-10-12,0.6431511316724361,0.6441208198870492,0.6360475654225841,0.6370172536371972,0,0,0.0,93116.54,93116.54,,,HOLD
2018-10-15,0.6370172536371972,0.640363060664206,0.6362391760076145,0.6395849830346233,0,0,0.0,93116.54,93116.54,,,HOLD
2018-10-16,0.6395849830346233,0.640604897253343,0.6377447464905566,0.6387646607092763,0,0,0.0,93116.54,93116.54,,,HOLD
2018-10-17,0.6387646607092763,0.6424492984210514,0.6382850928284156,0.6419697305401907,0,0,0.0,93116.54,93116.54,,,HOLD
2018-10-18,0.6419697305401907,0.646820873414235,0.6414725995022249,0.6463237423762692,0,0,0.0,93116.54,93116.54,,,HOLD
2018-10-19,0.6463237423762692,0.6482858731341586,0.6452023120488914,0.6471644428067809,-1,-1,150972.78,93116.54,92978.29,0.652417,0.633913,SELL
2018-10-22,0.6471644428067809,0.650812977597305,0.6463119483052132,0.6499604830957374,-1,-1,150972.78,93116.54,92556.17,0.652417,0.633913,HOLD
2018-10-23,0.6499604830957374,0.6508558670589515,0.6491750629854085,0.6500704469486226,-1,-1,150972.78,93116.54,92539.57,0.652417,0.633913,HOLD
2018-10-24,0.6500704469486226,0.6507393351145516,0.6495073299482538,0.6501762181141828,-1,-1,150972.78,93116.54,92523.6,0.652417,0.633913,HOLD
2018-10-25,0.6501762181141828,0.6561258597617915,0.649757322073013,0.6557069637206216,-1,-1,150490.66,92174.05,91330.44,0.656226,0.637851,SELL
2018-10-26,0.6557069637206216,0.6564019524602207,0.6547472146091262,0.6554422033487253,0,0,0.0,91241.02,91241.02,,,STOP
2018-10-29,0.6554422033487253,0.6560974598312496,0.6532882932458073,0.6539435497283316,0,0,0.0,91241.02,91241.02,,,HOLD
2018-10-30,0.6539435497283316,0.6553563254578807,0.6533566726217619,0.654769448351311,0,0,0.0,91241.02,91241.02,,,HOLD
2018-10-31,0.654769448351311,0.6551557264643159,0.6539415957810105,0.6543278738940154,0,0,0.0,91241.02,91241.02,,,HOLD
2018-11-01,0.6543278738940154,0.6547849745064231,0.6526891082924122,0.65314620890482,0,0,0.0,91241.02,91241.02,,,HOLD
2018-11-02,0.65314620890482,0.6586620407997827,0.6524412351438024,0.6579570670387651,0,0,0.0,91241.02,91241.02,,,HOLD
2018-11-05,0.6579570670387651,0.6592338135258611,0.6576746169330864,0.6589513634201823,0,0,0.0,91241.02,91241.02,,,HOLD
2018-11-06,0.6589513634201823,0.6593709977240867,0.6561305659834799,0.6565502002873842,0,0,0.0,91241.02,91241.02,,,HOLD
2018-11-07,0.6565502002873842,0.6575003186092787,0.6549866818190999,0.6559368001409944,0,0,0.0,91241.02,91241.02,,,HOLD
2018-11-08,0.6559368001409944,0.6564460678203224,0.6542715373013119,0.65478080498064,0,0,0.0,91241.02,91241.02,,,HOLD
2018-11-09,0.65478080498064,0.6566310516853204,0.654202982220357,0.6560532289250375,0,0,0.0,91241.02,91241.02,,,HOLD
2018-11-12,0.6560532289250375,0.6566080414992599,0.6536465150413682,0.6542013276155906,0,0,0.0,91241.02,91241.02,,,HOLD
2018-11-13,0.6542013276155906,0.6555783055867074,0.6533885626826892,0.654765540653806,0,0,0.0,91241.02,91241.02,,,HOLD
2018-11-14,0.654765540653806,0.6551454389084619,0.6529959512574285,0.6533758495120844,0,0,0.0,91241.02,91241.02,,,HOLD
2018-11-15,0.6533758495120844,0.6544889838254391,0.6514267582230628,0.6525398925364175,0,0,0.0,91241.02,91241.02,,,HOLD
2018-11-16,0.6525398925364175,0.6533334422219185,0.6519656162323892,0.6527591659178902,0,0,0.0,91241.02,91241.02,,,HOLD
2018-11-19,0.6527591659178902,0.6536659720445078,0.6523341902392048,0.6532409963658224,0,0,0.0,91241.02,91241.02,,,HOLD
2018-11-20,0.6532409963658224,0.6545324435685024,0.6523973141498806,0.6536887613525605,0,0,0.0,91241.02,91241.02,,,HOLD
2018-11-21,0.6536887613525605,0.656032460211245,0.6522540578318681,0.6545977566905525,0,0,0.0,91241.02,91241.02,,,HOLD
2018-11-22,0.6545977566905525,0.6555472666533088,0.6536648164385273,0.6546143264012835,0,0,0.0,91241.02,91241.02,,,HOLD
2018-11-23,0.6546143264012835,0.6599348963280716,0.6542442971489444,0.6595648670757325,0,0,0.0,91241.02,91241.02,,,HOLD
2018-11-26,0.6595648670757325,0.6599883585816528,0.6579304406780849,0.6583539321840053,0,0,0.0,91241.02,91241.02,,,HOLD
2018-11-27,0.6583539321840053,0.6587613243334602,0.6562548804123195,0.6566622725617745,0,0,0.0,91241.02,91241.02,,,HOLD
2018-11-28,0.6566622725617745,0.65709223397835,0.6501873834437547,0.6506173448603303,0,0,0.0,91241.02,91241.02,,,HOLD
2018-11-29,0.6506173448603303,0.6511895650827264,0.6444910634852578,0.6450632837076539,0,0,0.0,91241.02,91241.02,,,HOLD
2018-11-30,0.6450632837076539,0.6482817780722722,0.643963699175661,0.6471821935402793,0,0,0.0,91241.02,91241.02,,,HOLD
2018-12-03,0.6471821935402793,0.6482571515257453,0.645599000182249,0.646673958167715,0,0,0.0,91241.02,91241.02,,,HOLD
2018-12-04,0.646673958167715,0.6477176373090698,0.6445315185316529,0.6455751976730078,0,0,0.0,91241.02,91241.02,,,HOLD
2018-12-05,0.6455751976730078,0.6502900767691441,0.6446270960598495,0.6493419751559858,0,0,0.0,91241.02,91241.02,,,HOLD
2018-12-06,0.6493419751559858,0.6511411000217614,0.6485110225175423,0.6503101473833179,0,0,0.0,91241.02,91241.02,,,HOLD
2018-12-07,0.6503101473833179,0.6509972419213949,0.6500335689249602,0.6507206634630371,0,0,0.0,91241.02,91241.02,,,HOLD
2018-12-10,0.6507206634630371,0.651334164663688,0.6438734306765813,0.6444869318772322,0,0,0.0,91241.02,91241.02,,,HOLD
2018-12-11,0.6444869318772322,0.6468152244124716,0.6431750585132994,0.6455033510485388,0,0,0.0,91241.02,91241.02,,,HOLD
2018-12-12,0.6455033510485388,0.6460600618953135,0.6444592720476412,0.6450159828944159,0,0,0.0,91241.02,91241.02,,,HOLD
2018-12-13,0.6450159828944159,0.6483618868643883,0.6437947048254337,0.6471406087954061,0,0,0.0,91241.02,91241.02,,,HOLD
2018-12-14,0.6471406087954061,0.648183125875312,0.643824190523065,0.6448667076029709,0,0,0.0,91241.02,91241.02,,,HOLD
2018-12-17,0.6448667076029709,0.6494619208345848,0.6436856217555078,0.6482808349871216,0,0,0.0,91241.02,91241.02,,,HOLD
2018-12-18,0.6482808349871216,0.650857787946399,0.6474905035991614,0.6500674565584388,0,0,0.0,91241.02,91241.02,,,HOLD
2018-12-19,0.6500674565584388,0.6520879844414003,0.649130923785311,0.6511514516682725,0,0,0.0,91241.02,91241.02,,,HOLD
2018-12-20,0.6511514516682725,0.6517892613590522,0.6484026577933923,0.6490404674841721,0,0,0.0,91241.02,91241.02,,,HOLD
2018-12-21,0.6490404674841721,0.6541075528867538,0.6487978405960968,0.6538649259986785,0,0,0.0,91241.02,91241.02,,,HOLD
2018-12-24,0.6538649259986785,0.6544241001574835,0.6518139030330325,0.6523730771918376,0,0,0.0,91241.02,91241.02,,,HOLD
2018-12-25,0.6523730771918376,0.6583756676359359,0.6516019778190895,0.6576045682631878,0,0,0.0,91241.02,91241.02,,,HOLD
2018-12-26,0.6576045682631878,0.6587138471384203,0.6556832924780226,0.6567925713532551,0,0,0.0,91241.02,91241.02,,,HOLD
2018-12-27,0.6567925713532551,0.6586917886030003,0.6563808533568631,0.6582800706066083,0,0,0.0,91241.02,91241.02,,,HOLD
2018-12-28,0.6582800706066083,0.6589478603076918,0.6574868262937971,0.6581546159948806,0,0,0.0,91241.02,91241.02,,,HOLD
2018-12-31,0.6581546159948806,0.6592360795546035,0.6535365772541424,0.6546180408138653,0,0,0.0,91241.02,91241.02,,,HOLD
2019-01-01,0.6546180408138653,0.6554243759703149,0.653091461938751,0.6538977970952006,0,0,0.0,91241.02,91241.02,,,HOLD
2019-01-02,0.6538977970952006,0.6556785442986582,0.6533519268444296,0.6551326740478872,0,0,0.0,91241.02,91241.02,,,HOLD
2019-01-03,0.6551326740478872,0.6593238215740391,0.6544968657463034,0.6586880132724553,0,0,0.0,91241.02,91241.02,,,HOLD
2019-01-04,0.6586880132724553,0.6594183575711856,0.6573655582143143,0.6580959025130446,0,0,0.0,91241.02,91241.02,,,HOLD
2019-01-07,0.6580959025130446,0.6589114169511231,0.6545067985478576,0.6553223129859361,0,0,0.0,91241.02,91241.02,,,HOLD
2019-01-08,0.6553223129859361,0.6557294849983807,0.6551865334763345,0.655593705488779,0,0,0.0,91241.02,91241.02,,,HOLD
2019-01-09,0.655593705488779,0.6566579050757684,0.6549622243109983,0.6560264238979876,0,0,0.0,91241.02,91241.02,,,HOLD
2019-01-10,0.6560264238979876,0.6565065726379382,0.6549883994769022,0.6554685482168529,0,0,0.0,91241.02,91241.02,,,HOLD
2019-01-11,0.6554685482168529,0.6604304983710345,0.6550391055896863,0.6600010557438679,0,0,0.0,91241.02,91241.02,,,HOLD
2019-01-14,0.6600010557438679,0.6604157541563638,0.6594522949612598,0.6598669933737557,0,0,0.0,91241.02,91241.02,,,HOLD
2019-01-15,0.6598669933737557,0.660365770038659,0.6587129732723768,0.6592117499372802,0,0,0.0,91241.02,91241.02,,,HOLD
2019-01-16,0.6592117499372802,0.6595170109096722,0.6549592991646499,0.6552645601370419,0,0,0.0,91241.02,91241.02,,,HOLD
2019-01-17,0.6552645601370419,0.6572125079927138,0.6545739063663975,0.6565218542220693,0,0,0.0,91241.02,91241.02,,,HOLD
2019-01-18,0.6565218542220693,0.6577729069002913,0.6555237749109016,0.6567748275891236,0,0,0.0,91241.02,91241.02,,,HOLD
2019-01-21,0.6567748275891236,0.657638916649905,0.6538928285370524,0.6547569175978338,0,0,0.0,91241.02,91241.02,,,HOLD
2019-01-22,0.6547569175978338,0.6571823360009055,0.6545304164238614,0.6569558348269331,0,0,0.0,91241.02,91241.02,,,HOLD
2019-01-23,0.6569558348269331,0.6627772662593485,0.6565481455958142,0.6623695770282296,0,0,0.0,91241.02,91241.02,,,HOLD
2019-01-24,0.6623695770282296,0.6667774473703555,0.6621904777947567,0.6665983481368826,0,0,0.0,91241.02,91241.02,,,HOLD
2019-01-25,0.6665983481368826,0.6679426596231195,0.665686700747048,0.667031012233285,0,0,0.0,91241.02,91241.02,,,HOLD
2019-01-28,0.667031012233285,0.6671859900217165,0.665885183551226,0.6660401613396575,0,0,0.0,91241.02,91241.02,,,HOLD
2019-01-29,0.6660401613396575,0.6668182227071593,0.6638183587745231,0.6645964201420249,0,0,0.0,91241.02,91241.02,,,HOLD
2019-01-30,0.6645964201420249,0.6690572558798686,0.6632525620308842,0.667713397768728,0,0,0.0,91241.02,91241.02,,,HOLD
2019-01-31,0.667713397768728,0.6697893397014775,0.6672564095421752,0.6693323514749248,0,0,0.0,91241.02,91241.02,,,HOLD
2019-02-01,0.6693323514749248,0.6694860802161648,0.6645562380904446,0.6647099668316847,0,0,0.0,91241.02,91241.02,,,HOLD
2019-02-04,0.6647099668316847,0.6691922029510337,0.6636211573624746,0.6681033934818236,0,0,0.0,91241.02,91241.02,,,HOLD
2019-02-05,0.6681033934818236,0.668648840695235,0.665215845762506,0.6657612929759175,0,0,0.0,91241.02,91241.02,,,HOLD
2019-02-06,0.6657612929759175,0.6669319410218035,0.6650297148634422,0.6662003629093283,1,1,169659.68,91241.02,91302.79,0.660458,0.676592,BUY
2019-02-07,0.6662003629093283,0.6667443859653653,0.6613155541959651,0.6618595772520022,1,1,169659.68,91241.02,90566.33,0.660458,0.676592,HOLD
2019-02-08,0.6618595772520022,0.6679667591732457,0.6607983576024693,0.6669055395237128,1,1,169659.68,91241.02,91422.43,0.660458,0.676592,HOLD
2019-02-11,0.6669055395237128,0.6677350264448232,0.6626842941964625,0.6635137811175729,1,1,169659.68,91241.02,90846.99,0.660458,0.676592,HOLD
2019-02-12,0.6635137811175729,0.6639862045821733,0.6620624567571635,0.6625348802217639,1,1,169659.68,91241.02,90680.91,0.660458,0.676592,HOLD
2019-02-13,0.6625348802217639,0.6629475176975628,0.6581364194246037,0.6585490569004026,1,1,152948.6,90315.89,89694.79,0.656705,0.67442,BUY
2019-02-14,0.6585490569004026,0.659805192638044,0.657950505806323,0.6592066415439645,0,1,152948.6,90315.89,89795.37,0.656705,0.67442,HOLD
2019-02-15,0.6592066415439645,0.6605213704364414,0.6588915923468538,0.6602063212393308,0,1,152948.6,90315.89,89948.27,0.656705,0.67442,HOLD
2019-02-18,0.6602063212393308,0.6614517301411148,0.6541596059733562,0.6554050148751402,0,0,0.0,89401.26,89401.26,,,STOP
2019-02-19,0.6554050148751402,0.6558136714031721,0.6493208279624227,0.6497294844904546,0,0,0.0,89401.26,89401.26,,,HOLD
2019-02-20,0.6497294844904546,0.6507214304548611,0.648539737355478,0.6495316833198844,0,0,0.0,89401.26,89401.26,,,HOLD
2019-02-21,0.6495316833198844,0.6501062381068444,0.6451858670160555,0.6457604218030155,0,0,0.0,89401.26,89401.26,,,HOLD
2019-02-22,0.6457604218030155,0.6464644904098886,0.6451489487996614,0.6458530174065346,0,0,0.0,89401.26,89401.26,,,HOLD
2019-02-25,0.6458530174065346,0.6496974983548629,0.6453416015832842,0.6491860825316126,0,0,0.0,89401.26,89401.26,,,HOLD
2019-02-26,0.6491860825316126,0.6501306575230373,0.648672061268856,0.6496166362602808,0,0,0.0,89401.26,89401.26,,,HOLD
2019-02-27,0.6496166362602808,0.6505669684274239,0.6436581029627485,0.6446084351298916,0,0,0.0,89401.26,89401.26,,,HOLD
2019-02-28,0.6446084351298916,0.6509020462703058,0.643377157476848,0.6496707686172621,0,0,0.0,89401.26,89401.26,,,HOLD
2019-03-01,0.6496707686172621,0.6521698043287918,0.6491886014323055,0.6516876371438352,0,0,0.0,89401.26,89401.26,,,HOLD
2019-03-04,0.6516876371438352,0.6521016812266075,0.6512527202342443,0.6516667643170166,0,0,0.0,89401.26,89401.26,,,HOLD
2019-03-05,0.6516667643170166,0.652101494384337,0.6459400060715654,0.6463747361388857,0,0,0.0,89401.26,89401.26,,,HOLD
2019-03-06,0.6463747361388857,0.6471012609160318,0.6430645775038287,0.6437911022809748,0,0,0.0,89401.26,89401.26,,,HOLD
2019-03-07,0.6437911022809748,0.6440993173231212,0.6424369022430931,0.6427451172852395,0,0,0.0,89401.26,89401.26,,,HOLD
2019-03-08,0.6427451172852395,0.6501549062146242,0.6420261700123248,0.6494359589417095,-1,-1,141478.03,89401.26,88444.04,0.648989,0.630032,SELL
2019-03-11,0.6494359589417095,0.6514234735006676,0.6490661466736999,0.6510536612326581,-1,-1,150606.93,88496.63,88241.7,0.655237,0.637609,SELL
2019-03-12,0.6510536612326581,0.6517129517325766,0.6479200001995592,0.6485792906994777,-1,-1,150606.93,88496.63,88614.36,0.655237,0.637609,HOLD
2019-03-13,0.6485792906994777,0.6495556600750384,0.6461107366763804,0.6470871060519411,-1,-1,150606.93,88496.63,88839.09,0.655237,0.637609,HOLD
2019-03-14,0.6470871060519411,0.64786073482874,0.6460252799609879,0.6467989087377868,-1,-1,150606.93,88496.63,88882.5,0.655237,0.637609,HOLD
2019-03-15,0.6467989087377868,0.6472631450946498,0.6399579552256882,0.6404221915825512,-1,-1,150606.93,88496.63,89842.88,0.655237,0.637609,HOLD
2019-03-18,0.6404221915825512,0.6428553612828732,0.6396820237594825,0.6421151934598045,-1,-1,150606.93,88496.63,89587.9,0.655237,0.637609,HOLD
2019-03-19,0.6421151934598045,0.6490945781070697,0.6413447730405825,0.6483241576878477,-1,-1,150606.93,88496.63,88652.78,0.655237,0.637609,HOLD
2019-03-20,0.6483241576878477,0.6491603734104309,0.6470725979701366,0.6479088136927198,-1,-1,150606.93,88496.63,88715.34,0.655237,0.637609,HOLD
2019-03-21,0.6479088136927198,0.6490468470221499,0.6469832735493737,0.6481213068788038,-1,-1,150606.93,88496.63,88683.33,0.655237,0.637609,HOLD
2019-03-22,0.6481213068788038,0.6490981506681691,0.6444779613081962,0.6454548050975616,-1,-1,150606.93,88496.63,89084.93,0.655237,0.637609,HOLD
2019-03-25,0.6454548050975616,0.6456858668404111,0.6425818929523138,0.6428129546951633,-1,-1,150606.93,88496.63,89482.81,0.655237,0.637609,HOLD
2019-03-26,0.6428129546951633,0.6436616956531349,0.6374584664260098,0.6383072073839814,-1,-1,146427.76,90255.27,90904.06,0.648902,0.63041,SELL
2019-03-27,0.6383072073839814,0.6391942876631616,0.6359934308562522,0.6368805111354323,-1,-1,146427.76,90255.27,91112.96,0.648902,0.63041,HOLD
2019-03-28,0.6368805111354323,0.6374777687917391,0.635604684893741,0.6362019425500478,-1,-1,146427.76,90255.27,91212.33,0.648902,0.63041,HOLD
2019-03-29,0.6362019425500478,0.6370654601089767,0.633364667788742,0.6342281853476709,-1,-1,146427.76,90255.27,91501.34,0.648902,0.63041,HOLD
2019-04-01,0.6342281853476709,0.6350218499066198,0.6332963876199581,0.634090052178907,-1,-1,146427.76,90255.27,91521.56,0.648902,0.63041,HOLD
2019-04-02,0.634090052178907,0.6375665735629358,0.6339185265452197,0.6373950479292485,-1,-1,146427.76,90255.27,91037.62,0.648902,0.63041,HOLD
2019-04-03,0.6373950479292485,0.6378723652680861,0.6358908310058996,0.6363681483447372,-1,-1,146427.76,90255.27,91187.99,0.648902,0.63041,HOLD
2019-04-04,0.6363681483447372,0.6407292025594555,0.6357686173588856,0.6401296715736039,-1,-1,146427.76,90255.27,90637.2,0.648902,0.63041,HOLD
2019-04-05,0.6401296715736039,0.6407788571742213,0.6372481188014064,0.6378973044020239,-1,-1,146427.76,90255.27,90964.08,0.648902,0.63041,HOLD
2019-04-08,0.6378973044020239,0.6413503669723087,0.6368264443532098,0.6402795069234947,-1,-1,146427.76,90255.27,90615.26,0.648902,0.63041,HOLD
2019-04-09,0.6402795069234947,0.6437108023241059,0.6395455421778095,0.6429768375784207,-1,-1,146427.76,90255.27,90220.29,0.648902,0.63041,HOLD
2019-04-10,0.6429768375784207,0.6443698425745471,0.642379410519879,0.6437724155160054,-1,-1,146427.76,90255.27,90103.8,0.648902,0.63041,HOLD
2019-04-11,0.6437724155160054,0.6443148158864437,0.6423478554788402,0.6428902558492785,-1,-1,146427.76,90255.27,90232.97,0.648902,0.63041,HOLD
2019-04-12,0.6428902558492785,0.6434109603254938,0.6414915539257336,0.642012258401949,-1,-1,146427.76,90255.27,90361.53,0.648902,0.63041,HOLD
2019-04-15,0.642012258401949,0.6440509614376267,0.6413507706973083,0.643389473732986,-1,-1,146427.76,90255.27,90159.87,0.648902,0.63041,HOLD
2019-04-16,0.643389473732986,0.6439779212480284,0.6417831484105526,0.642371595925595,-1,-1,146427.76,90255.27,90308.92,0.648902,0.63041,HOLD
2019-04-17,0.642371595925595,0.6434495080400002,0.639009819280184,0.6400877313945892,-1,-1,146427.76,90255.27,90643.34,0.648902,0.63041,HOLD
2019-04-18,0.6400877313945892,0.6414651107467672,0.6382071797745488,0.6395845591267267,-1,-1,146427.76,90255.27,90717.02,0.648902,0.63041,HOLD
2019-04-19,0.6395845591267267,0.6402462949883977,0.6351850216719955,0.6358467575336665,-1,-1,146427.76,90255.27,91264.33,0.648902,0.63041,HOLD
2019-04-22,0.6358467575336665,0.6369993586128065,0.6353491454264998,0.6365017465056398,-1,-1,146427.76,90255.27,91168.43,0.648902,0.63041,HOLD
2019-04-23,0.6365017465056398,0.6380159767200957,0.6356848731609953,0.6371991033754512,-1,-1,146427.76,90255.27,91066.31,0.648902,0.63041,HOLD
2019-04-24,0.6371991033754512,0.6376890600544671,0.6351514860087932,0.6356414426878092,-1,-1,146427.76,90255.27,91294.4,0.648902,0.63041,HOLD
2019-04-25,0.6356414426878092,0.6406376825160829,0.6350632425307942,0.6400594823590678,-1,-1,146427.76,90255.27,90647.47,0.648902,0.63041,HOLD
2019-04-26,0.6400594823590678,0.6421172420228914,0.6394777723142615,0.6415355319780851,-1,-1,146427.76,90255.27,90431.34,0.648902,0.63041,HOLD
2019-04-29,0.6415355319780851,0.6419765819485371,0.638872141071771,0.6393131910422231,-1,-1,146427.76,90255.27,90756.75,0.648902,0.63041,HOLD
2019-04-30,0.6393131910422231,0.6401318798860675,0.6366350855531903,0.6374537743970347,-1,-1,146427.76,90255.27,91029.02,0.648902,0.63041,HOLD
2019-05-01,0.6374537743970347,0.6381438984588473,0.6365037503317226,0.6371938743935353,-1,-1,146427.76,90255.27,91067.08,0.648902,0.63041,HOLD
2019-05-02,0.6371938743935353,0.6373043969030966,0.6323499430791333,0.6324604655886946,-1,-1,146427.76,90255.27,91760.18,0.648902,0.63041,HOLD
2019-05-03,0.6324604655886946,0.6330676806308737,0.6304519574241982,0.6310591724663773,-1,-1,146427.76,90255.27,91965.37,0.648902,0.63041,HOLD
2019-05-06,0.6310591724663773,0.6325501677752189,0.6304708762421191,0.6319618715509606,-1,-1,146427.76,90255.27,91833.19,0.648902,0.63041,HOLD
2019-05-07,0.6319618715509606,0.6365494544822095,0.6316992352048706,0.6362868181361194,-1,-1,146427.76,90255.27,91199.9,0.648902,0.63041,HOLD
2019-05-08,0.6362868181361194,0.6406286502244108,0.6352343822440403,0.6395762143323317,-1,-1,146427.76,90255.27,90718.24,0.648902,0.63041,HOLD
2019-05-09,0.6395762143323317,0.642775903503278,0.6391702348264705,0.6423699239974168,-1,-1,146427.76,90255.27,90309.16,0.648902,0.63041,HOLD
2019-05-10,0.6423699239974168,0.643116061386172,0.6396805110014425,0.6404266483901978,0,-1,146427.76,90255.27,90593.71,0.648902,0.63041,HOLD
2019-05-13,0.6404266483901978,0.6404925924876119,0.6378054492026983,0.6378713933001124,0,-1,146427.76,90255.27,90967.87,0.648902,0.63041,HOLD
2019-05-14,0.6378713933001124,0.6411423437436445,0.6372430118130638,0.6405139622565958,0,-1,146427.76,90255.27,90580.93,0.648902,0.63041,HOLD
2019-05-15,0.6405139622565958,0.6433198380268743,0.6397878694653485,0.642593745235627,0,-1,146427.76,90255.27,90276.39,0.648902,0.63041,HOLD
2019-05-16,0.642593745235627,0.6453059701908094,0.6415148733007036,0.644227098255886,0,-1,146427.76,90255.27,90037.22,0.648902,0.63041,HOLD
2019-05-17,0.644227098255886,0.6452471449061103,0.6441410642311244,0.6451611108813488,0,-1,146427.76,90255.27,89900.45,0.648902,0.63041,HOLD
2019-05-20,0.6451611108813488,0.6454504933538077,0.6431005469986094,0.6433899294710683,0,-1,146427.76,90255.27,90159.8,0.648902,0.63041,HOLD
2019-05-21,0.6433899294710683,0.6435558432334701,0.6375884448372163,0.6377543585996182,0,-1,146427.76,90255.27,90985.01,0.648902,0.63041,HOLD
2019-05-22,0.6377543585996182,0.6396561544121253,0.6369889386716274,0.6388907344841346,0,-1,146427.76,90255.27,90818.61,0.648902,0.63041,HOLD
2019-05-23,0.6388907344841346,0.6390012050973161,0.6353470581401921,0.6354575287533736,0,-1,146427.76,90255.27,91321.33,0.648902,0.63041,HOLD
2019-05-24,0.6354575287533736,0.638709411725321,0.6346701944083663,0.6379220773803137,0,-1,146427.76,90255.27,90960.45,0.648902,0.63041,HOLD
2019-05-27,0.6379220773803137,0.6423126042303167,0.6366854205150246,0.6410759473650276,0,-1,146427.76,90255.27,90498.64,0.648902,0.63041,HOLD
2019-05-28,0.6410759473650276,0.6463725396909104,0.6405013228731711,0.6457979151990538,0,-1,146427.76,90255.27,89807.21,0.648902,0.63041,HOLD
2019-05-29,0.6457979151990538,0.646805743604849,0.6443912073794227,0.6453990357852178,0,-1,146427.76,90255.27,89865.62,0.648902,0.63041,HOLD
2019-05-30,0.6453990357852178,0.6468174584902755,0.644924595465935,0.6463430181709926,0,-1,146427.76,90255.27,89727.39,0.648902,0.63041,HOLD
2019-05-31,0.6463430181709926,0.6466500342825426,0.6451772204619323,0.6454842365734823,0,-1,146427.76,90255.27,89853.14,0.648902,0.63041,HOLD
2019-06-03,0.6454842365734823,0.6478018233125736,0.6446146416327507,0.646932228371842,0,-1,146427.76,90255.27,89641.11,0.648902,0.63041,HOLD
2019-06-04,0.646932228371842,0.6481710290267153,0.6431669064662066,0.6444057071210798,0,-1,146427.76,90255.27,90011.07,0.648902,0.63041,HOLD
2019-06-05,0.6444057071210798,0.6446631467370953,0.6410137272794079,0.6412711668954234,0,-1,146427.76,90255.27,90470.05,0.648902,0.63041,HOLD
2019-06-06,0.6412711668954234,0.6445631738033584,0.6405874625631558,0.6438794694710908,0,-1,146427.76,90255.27,90088.12,0.648902,0.63041,HOLD
2019-06-07,0.6438794694710908,0.64506052148162,0.6409052037939185,0.6420862558044477,0,-1,146427.76,90255.27,90350.7,0.648902,0.63041,HOLD
2019-06-10,0.6420862558044477,0.6432994271189516,0.6407970548347378,0.6420102261492417,0,-1,146427.76,90255.27,90361.83,0.648902,0.63041,HOLD
2019-06-11,0.6420102261492417,0.6445043298013882,0.6407872888235131,0.6432813924756595,0,-1,146427.76,90255.27,90175.7,0.648902,0.63041,HOLD
2019-06-12,0.6432813924756595,0.6434573734456285,0.6407211672232709,0.6408971481932398,0,-1,146427.76,90255.27,90524.82,0.648902,0.63041,HOLD
2019-06-13,0.6408971481932398,0.6433909938323836,0.6406045988688872,0.643098444508031,0,-1,146427.76,90255.27,90202.49,0.648902,0.63041,HOLD
2019-06-14,0.643098444508031,0.6433490592618323,0.6422805439716307,0.642531158725432,0,-1,146427.76,90255.27,90285.55,0.648902,0.63041,HOLD
2019-06-17,0.642531158725432,0.6426902537001149,0.6387847997672569,0.6389438947419398,0,-1,146427.76,90255.27,90810.83,0.648902,0.63041,HOLD
2019-06-18,0.6389438947419398,0.6399687795524839,0.638590886014229,0.6396157708247731,0,-1,146427.76,90255.27,90712.45,0.648902,0.63041,HOLD
2019-06-19,0.6396157708247731,0.6413905679627502,0.6391572976688756,0.6409320948068528,0,-1,146427.76,90255.27,90519.7,0.648902,0.63041,HOLD
2019-06-20,0.6409320948068528,0.6456542376123193,0.6398075303004631,0.6445296731059297,0,-1,146427.76,90255.27,89992.91,0.648902,0.63041,HOLD
2019-06-21,0.6445296731059297,0.6462530414482781,0.6440019498461224,0.6457253181884708,0,-1,146427.76,90255.27,89817.84,0.648902,0.63041,HOLD
2019-06-24,0.6457253181884708,0.6467280609226267,0.645379607874933,0.6463823506090889,0,-1,146427.76,90255.27,89721.63,0.648902,0.63041,HOLD
2019-06-25,0.6463823506090889,0.6466210683747456,0.6402545975145809,0.6404933152802377,0,-1,146427.76,90255.27,90583.95,0.648902,0.63041,HOLD
2019-06-26,0.6404933152802377,0.6415589448348928,0.6365745755825633,0.6376402051372184,0,-1,146427.76,90255.27,91001.72,0.648902,0.63041,HOLD
2019-06-27,0.6376402051372184,0.6379774890933435,0.6353697837831593,0.6357070677392844,0,-1,146427.76,90255.27,91284.79,0.648902,0.63041,HOLD
2019-06-28,0.6357070677392844,0.6411568276934422,0.6349625859957894,0.6404123459499471,0,-1,146427.76,90255.27,90595.81,0.648902,0.63041,HOLD
2019-07-01,0.6404123459499471,0.6417274566622659,0.6396731297049287,0.6409882404172476,0,-1,146427.76,90255.27,90511.48,0.648902,0.63041,HOLD
2019-07-02,0.6409882404172476,0.6419259335595913,0.638245601815704,0.6391832949580477,0,-1,146427.76,90255.27,90775.77,0.648902,0.63041,HOLD
2019-07-03,0.6391832949580477,0.6423408260447363,0.6382222883785317,0.6413798194652203,0,-1,146427.76,90255.27,90454.14,0.648902,0.63041,HOLD
2019-07-04,0.6413798194652203,0.6420195861283257,0.6400400488528126,0.640679815515918,0,-1,146427.76,90255.27,90556.64,0.648902,0.63041,HOLD
2019-07-05,0.640679815515918,0.6418988557615162,0.6400276681652141,0.6412467084108122,0,-1,146427.76,90255.27,90473.63,0.648902,0.63041,HOLD
2019-07-08,0.6412467084108122,0.6438464873711485,0.6407897720740239,0.6433895510343601,0,-1,146427.76,90255.27,90159.86,0.648902,0.63041,HOLD
2019-07-09,0.6433895510343601,0.6473887596380175,0.642689144679655,0.6466883532833123,0,-1,146427.76,90255.27,89676.82,0.648902,0.63041,HOLD
2019-07-10,0.6466883532833123,0.6475097918239608,0.6454944359350161,0.6463158744756646,0,-1,146427.76,90255.27,89731.37,0.648902,0.63041,HOLD
2019-07-11,0.6463158744756646,0.6472580937571605,0.6444130381443941,0.64535525742589,0,-1,146427.76,90255.27,89872.03,0.648902,0.63041,HOLD
2019-07-12,0.64535525742589,0.6494099161785116,0.6439381256324224,0.647992784385044,0,0,0.0,89341.74,89341.74,,,STOP
2019-07-15,0.647992784385044,0.6527469574778134,0.6471714438044046,0.651925616897174,0,0,0.0,89341.74,89341.74,,,HOLD
2019-07-16,0.651925616897174,0.6530645229961829,0.6511677724117299,0.6523066785107388,0,0,0.0,89341.74,89341.74,,,HOLD
2019-07-17,0.6523066785107388,0.6565699563651544,0.65193038411087,0.6561936619652856,0,0,0.0,89341.74,89341.74,,,HOLD
2019-07-18,0.6561936619652856,0.6566194660801945,0.6524578999334419,0.6528837040483508,0,0,0.0,89341.74,89341.74,,,HOLD
2019-07-19,0.6528837040483508,0.6572460165916464,0.6524700819101911,0.6568323944534866,0,0,0.0,89341.74,89341.74,,,HOLD
2019-07-22,0.6568323944534866,0.6573437316309659,0.6545188988099996,0.6550302359874789,0,0,0.0,89341.74,89341.74,,,HOLD
2019-07-23,0.6550302359874789,0.6555633727299666,0.6535290864353865,0.6540622231778742,0,0,0.0,89341.74,89341.74,,,HOLD
2019-07-24,0.6540622231778742,0.6597900259301399,0.6529618265840663,0.658689629336332,0,0,0.0,89341.74,89341.74,,,HOLD
2019-07-25,0.658689629336332,0.6596419365546773,0.656297452236618,0.6572497594549632,0,0,0.0,89341.74,89341.74,,,HOLD
2019-07-26,0.6572497594549632,0.6580953050337021,0.6557125712053915,0.6565581167841303,0,0,0.0,89341.74,89341.74,,,HOLD
2019-07-29,0.6565581167841303,0.6597772182706917,0.6563187199934037,0.6595378214799651,0,0,0.0,89341.74,89341.74,,,HOLD
2019-07-30,0.6595378214799651,0.6599739364559594,0.657328076239449,0.6577641912154433,0,0,0.0,89341.74,89341.74,,,HOLD
2019-07-31,0.6577641912154433,0.6584068470571962,0.6562417868289724,0.6568844426707253,0,0,0.0,89341.74,89341.74,,,HOLD
2019-08-01,0.6568844426707253,0.6575548106655058,0.6532882520903355,0.653958620085116,0,0,0.0,89341.74,89341.74,,,HOLD
2019-08-02,0.653958620085116,0.6543896547408539,0.6496435729326513,0.6500746075883892,0,0,0.0,89341.74,89341.74,,,HOLD
2019-08-05,0.6500746075883892,0.6506113033127946,0.6465668481722652,0.6471035438966706,0,0,0.0,89341.74,89341.74,,,HOLD
2019-08-06,0.6471035438966706,0.6487043729913908,0.6463428369091128,0.647943666003833,0,0,0.0,89341.74,89341.74,,,HOLD
2019-08-07,0.647943666003833,0.6512061895834653,0.647586835197179,0.6508493587768113,0,0,0.0,89341.74,89341.74,,,HOLD
2019-08-08,0.6508493587768113,0.6523340089571552,0.6504558699772608,0.6519405201576047,0,0,0.0,89341.74,89341.74,,,HOLD
2019-08-09,0.6519405201576047,0.6522149230117404,0.6486528586599752,0.648927261514111,0,0,0.0,89341.74,89341.74,,,HOLD
2019-08-12,0.648927261514111,0.6494533548108684,0.6480138097053737,0.6485399030021312,0,0,0.0,89341.74,89341.74,,,HOLD
2019-08-13,0.6485399030021312,0.6490972786957395,0.6435134220902503,0.6440707977838587,0,0,0.0,89341.74,89341.74,,,HOLD
2019-08-14,0.6440707977838587,0.645922775395591,0.6436359235229359,0.6454879011346681,0,0,0.0,89341.74,89341.74,,,HOLD
2019-08-15,0.6454879011346681,0.6462593879107075,0.6441040551478567,0.6448755419238961,0,0,0.0,89341.74,89341.74,,,HOLD
2019-08-16,0.6448755419238961,0.6457417896772645,0.6423641464716009,0.6432303942249693,0,0,0.0,89341.74,89341.74,,,HOLD
2019-08-19,0.6432303942249693,0.6486865397431212,0.6423061912200759,0.6477623367382278,0,0,0.0,89341.74,89341.74,,,HOLD
2019-08-20,0.6477623367382278,0.6506236276315814,0.6470634819489215,0.6499247728422751,0,0,0.0,89341.74,89341.74,,,HOLD
2019-08-21,0.6499247728422751,0.6509406324385473,0.64771447442269,0.6487303340189622,0,0,0.0,89341.74,89341.74,,,HOLD
2019-08-22,0.6487303340189622,0.6512167056472448,0.6475819296762432,0.6500683013045258,0,0,0.0,89341.74,89341.74,,,HOLD
2019-08-23,0.6500683013045258,0.6523525947265305,0.6498531207866683,0.6521374142086731,0,0,0.0,89341.74,89341.74,,,HOLD
2019-08-26,0.6521374142086731,0.6537198732888869,0.6516869076039884,0.6532693666842022,0,0,0.0,89341.74,89341.74,,,HOLD
2019-08-27,0.6532693666842022,0.6564769443812708,0.6524542092960547,0.6556617869931233,0,0,0.0,89341.74,89341.74,,,HOLD
2019-08-28,0.6556617869931233,0.6562544217414847,0.6533597884466659,0.6539524231950273,0,0,0.0,89341.74,89341.74,,,HOLD
2019-08-29,0.6539524231950273,0.6580584396148851,0.653136855031955,0.6572428714518127,0,0,0.0,89341.74,89341.74,,,HOLD
2019-08-30,0.6572428714518127,0.658083716397055,0.6531993390896909,0.6540401840349331,0,0,0.0,89341.74,89341.74,,,HOLD
2019-09-02,0.6540401840349331,0.6551091817987561,0.6531632521663746,0.6542322499301976,0,0,0.0,89341.74,89341.74,,,HOLD
2019-09-03,0.6542322499301976,0.6560672302032695,0.653154726918735,0.6549897071918069,0,0,0.0,89341.74,89341.74,,,HOLD
2019-09-04,0.6549897071918069,0.657256019133228,0.6541532552756076,0.6564195672170287,0,0,0.0,89341.74,89341.74,,,HOLD
2019-09-05,0.6564195672170287,0.6565027961133769,0.6554379087645796,0.6555211376609279,0,0,0.0,89341.74,89341.74,,,HOLD
2019-09-06,0.6555211376609279,0.6577341480107424,0.6546742420419602,0.6568872523917747,0,0,0.0,89341.74,89341.74,,,HOLD
2019-09-09,0.6568872523917747,0.6579962327585758,0.6529179637770022,0.6540269441438032,0,0,0.0,89341.74,89341.74,,,HOLD
2019-09-10,0.6540269441438032,0.6550744397071098,0.6519958679549517,0.6530433635182582,0,0,0.0,89341.74,89341.74,,,HOLD
2019-09-11,0.6530433635182582,0.6545901273349845,0.6504315564333883,0.6519783202501146,0,0,0.0,89341.74,89341.74,,,HOLD
2019-09-12,0.6519783202501146,0.6526132438203871,0.6499377355399919,0.6505726591102644,0,0,0.0,89341.74,89341.74,,,HOLD
2019-09-13,0.6505726591102644,0.651286337847336,0.6496935419744797,0.6504072207115513,0,0,0.0,89341.74,89341.74,,,HOLD
2019-09-16,0.6504072207115513,0.6514087407291136,0.6447618264431729,0.6457633464607352,0,0,0.0,89341.74,89341.74,,,HOLD
2019-09-17,0.6457633464607352,0.6468358724641217,0.6450655271307926,0.646138053134179,0,0,0.0,89341.74,89341.74,,,HOLD
2019-09-18,0.646138053134179,0.6464247107306897,0.6446799401772076,0.6449665977737183,0,0,0.0,89341.74,89341.74,,,HOLD
2019-09-19,0.6449665977737183,0.6452116801188646,0.6429954752319437,0.64324055757709,0,0,0.0,89341.74,89341.74,,,HOLD
2019-09-20,0.64324055757709,0.6441003935419146,0.6421058779477468,0.6429657139125714,0,0,0.0,89341.74,89341.74,,,HOLD
2019-09-23,0.6429657139125714,0.6480748899688665,0.6419875924504618,0.6470967685067569,0,0,0.0,89341.74,89341.74,,,HOLD
2019-09-24,0.6470967685067569,0.6487582347091616,0.6469681749555951,0.6486296411579998,0,0,0.0,89341.74,89341.74,,,HOLD
2019-09-25,0.6486296411579998,0.6524362642981945,0.6479778002674674,0.6517844234076621,0,0,0.0,89341.74,89341.74,,,HOLD
2019-09-26,0.6517844234076621,0.656086274345429,0.6508856773509121,0.655187528288679,0,0,0.0,89341.74,89341.74,,,HOLD
2019-09-27,0.655187528288679,0.6564059754465521,0.6543789666764158,0.6555974138342889,0,0,0.0,89341.74,89341.74,,,HOLD
2019-09-30,0.6555974138342889,0.6577382412089715,0.6550012165363813,0.6571420439110639,0,0,0.0,89341.74,89341.74,,,HOLD
2019-10-01,0.6571420439110639,0.6649131066961382,0.6562614845745814,0.6640325473596558,0,0,0.0,89341.74,89341.74,,,HOLD
2019-10-02,0.6640325473596558,0.664357610198911,0.6636082208625348,0.6639332837017901,0,0,0.0,89341.74,89341.74,,,HOLD
2019-10-03,0.6639332837017901,0.6652110640839235,0.6611070999441326,0.6623848803262661,0,0,0.0,89341.74,89341.74,,,HOLD
2019-10-04,0.6623848803262661,0.6642826179116417,0.6618892640627143,0.6637870016480899,0,0,0.0,89341.74,89341.74,,,HOLD
2019-10-07,0.6637870016480899,0.6645166546641829,0.6617493854020893,0.6624790384181822,0,0,0.0,89341.74,89341.74,,,HOLD
2019-10-08,0.6624790384181822,0.6636283464459979,0.6601866936378894,0.661336001665705,0,0,0.0,89341.74,89341.74,,,HOLD
2019-10-09,0.661336001665705,0.661381096798331,0.6583834685060654,0.6584285636386914,0,0,0.0,89341.74,89341.74,,,HOLD
2019-10-10,0.6584285636386914,0.6616656442949446,0.6579775244039862,0.6612146050602393,1,1,163202.17,89341.74,89784.19,0.653029,0.669452,BUY
2019-10-11,0.6612146050602393,0.6625182976733469,0.6605457289664146,0.6618494215795222,1,1,163202.17,89341.74,89887.79,0.653029,0.669452,HOLD
2019-10-14,0.6618494215795222,0.6619840223682052,0.6593784241076603,0.6595130248963433,1,1,163202.17,89341.74,89506.48,0.653029,0.669452,HOLD
2019-10-15,0.6595130248963433,0.6632919136596961,0.6583350967911613,0.6621139855545141,1,1,163202.17,89341.74,89930.97,0.653029,0.669452,HOLD
2019-10-16,0.6621139855545141,0.6644037950907178,0.6612461223928603,0.663535931929064,1,1,163202.17,89341.74,90163.03,0.653029,0.669452,HOLD
2019-10-17,0.663535931929064,0.6659402275377013,0.6627038259550622,0.6651081215636995,1,1,163202.17,89341.74,90419.62,0.653029,0.669452,HOLD
2019-10-18,0.6651081215636995,0.6653174599073827,0.6627484448433074,0.6629577831869906,1,1,163202.17,89341.74,90068.68,0.653029,0.669452,HOLD
2019-10-21,0.6629577831869906,0.6633916616773761,0.6621652104805527,0.6625990889709381,1,1,163202.17,89341.74,90010.14,0.653029,0.669452,HOLD
2019-10-22,0.6625990889709381,0.6626802849845933,0.6615845032432887,0.6616656992569439,1,1,163202.17,89341.74,89857.8,0.653029,0.669452,HOLD
2019-10-23,0.6616656992569439,0.662172519147495,0.6608200511463915,0.6613268710369427,1,1,163202.17,89341.74,89802.51,0.653029,0.669452,HOLD
2019-10-24,0.6613268710369427,0.6619939247652004,0.6596376832925861,0.6603047370208438,1,1,163202.17,89341.74,89635.69,0.653029,0.669452,HOLD
2019-10-25,0.6603047370208438,0.6624729353484895,0.6598069284360144,0.6619751267636601,1,1,163202.17,89341.74,89908.3,0.653029,0.669452,HOLD
2019-10-28,0.6619751267636601,0.6633346538927944,0.6602267456925653,0.6615862728216997,1,1,163202.17,89341.74,89844.84,0.653029,0.669452,HOLD
2019-10-29,0.6615862728216997,0.6643286815348487,0.660901233767203,0.663643642480352,1,1,163202.17,89341.74,90180.61,0.653029,0.669452,HOLD
2019-10-30,0.663643642480352,0.6642971967497437,0.6608637594656614,0.6615173137350532,1,1,163202.17,89341.74,89833.59,0.653029,0.669452,HOLD
2019-10-31,0.6615173137350532,0.6622059061366801,0.6600424801015737,0.6607310725032006,1,1,163202.17,89341.74,89705.27,0.653029,0.669452,HOLD
2019-11-01,0.6607310725032006,0.665111036391271,0.6598096455541347,0.6641896094422051,1,1,163202.17,89341.74,90269.71,0.653029,0.669452,HOLD
2019-11-04,0.6641896094422051,0.6670387491843723,0.6634464400098763,0.6662955797520436,1,1,163202.17,89341.74,90613.41,0.653029,0.669452,HOLD
2019-11-05,0.6662955797520436,0.6689821169169953,0.6659186780325969,0.6686052151975486,1,1,163202.17,89341.74,90990.35,0.653029,0.669452,HOLD
2019-11-06,0.6686052151975486,0.6694476187583357,0.6684144926575601,0.6692568962183473,1,1,163202.17,89341.74,91096.7,0.653029,0.669452,HOLD
2019-11-07,0.6692568962183473,0.6704604271470407,0.6629598055166523,0.6641633364453458,1,1,205812.67,91116.33,90052.58,0.664905,0.678186,BUY
2019-11-08,0.6641633364453458,0.664618322675313,0.6634987501329811,0.6639537363629483,1,1,204247.99,90189.73,90131.6,0.659823,0.67307,BUY
2019-11-11,0.6639537363629483,0.6650881283189234,0.6594531093189829,0.660587501274958,1,1,182112.83,89272.52,88645.82,0.659127,0.673833,BUY
2019-11-12,0.660587501274958,0.6616303519318699,0.6572743574986355,0.6583172081555474,0,0,0.0,88366.13,88366.13,,,STOP
2019-11-13,0.6583172081555474,0.6590325066742508,0.6576425716875155,0.6583578702062189,0,0,0.0,88366.13,88366.13,,,HOLD
2019-11-14,0.6583578702062189,0.6594104657916179,0.6575370641015906,0.6585896596869896,0,0,0.0,88366.13,88366.13,,,HOLD
2019-11-15,0.6585896596869896,0.6614733787599979,0.6576616734683762,0.6605453925413846,0,0,0.0,88366.13,88366.13,,,HOLD
2019-11-18,0.6605453925413846,0.6613931403879892,0.659450105359429,0.6602978532060337,0,0,0.0,88366.13,88366.13,,,HOLD
2019-11-19,0.6602978532060337,0.6669773567364851,0.6591784654185691,0.6658579689490204,0,0,0.0,88366.13,88366.13,,,HOLD
2019-11-20,0.6658579689490204,0.6694609959143649,0.6654121508737828,0.6690151778391273,0,0,0.0,88366.13,88366.13,,,HOLD
2019-11-21,0.6690151778391273,0.6691472968729323,0.6677166655192864,0.6678487845530914,0,0,0.0,88366.13,88366.13,,,HOLD
2019-11-22,0.6678487845530914,0.6697954847388793,0.6675385716391902,0.6694852718249781,0,0,0.0,88366.13,88366.13,,,HOLD
2019-11-25,0.6694852718249781,0.6705992432457144,0.6667766444529385,0.6678906158736748,0,0,0.0,88366.13,88366.13,,,HOLD
2019-11-26,0.6678906158736748,0.6689161113559337,0.6647245020798603,0.6657499975621192,0,0,0.0,88366.13,88366.13,,,HOLD
2019-11-27,0.6657499975621192,0.6664617887471659,0.6641833194420499,0.6648951106270966,1,1,179462.84,88366.13,88199.25,0.660901,0.675673,BUY
2019-11-28,0.6648951106270966,0.6686956679716866,0.6639088519728689,0.6677094093174588,1,1,179462.84,88366.13,88704.31,0.660901,0.675673,HOLD
2019-11-29,0.6677094093174588,0.6678751469394106,0.666661344727001,0.6668270823489528,1,1,179462.84,88366.13,88545.97,0.660901,0.675673,HOLD
2019-12-02,0.6668270823489528,0.6675884929798092,0.6640910756123687,0.664852486243225,1,1,179462.84,88366.13,88191.6,0.660901,0.675673,HOLD
2019-12-03,0.664852486243225,0.6692853688742575,0.6638052723497572,0.6682381549807896,1,1,179462.84,88366.13,88799.21,0.660901,0.675673,HOLD
2019-12-04,0.6682381549807896,0.6690856177240012,0.6628113311255367,0.6636587938687483,1,1,179462.84,88366.13,87977.38,0.660901,0.675673,HOLD
2019-12-05,0.6636587938687483,0.6640690968557975,0.6613969629137306,0.6618072659007799,1,1,179462.84,88366.13,87645.1,0.660901,0.675673,HOLD
2019-12-06,0.6618072659007799,0.6618703635949909,0.6586650957553394,0.6587281934495504,0,0,0.0,87469.01,87469.01,,,STOP
2019-12-09,0.6587281934495504,0.6613803290847009,0.6584801263959406,0.6611322620310911,0,0,0.0,87469.01,87469.01,,,HOLD
2019-12-10,0.6611322620310911,0.6640829602281431,0.66033616792807,0.663286866125122,0,0,0.0,87469.01,87469.01,,,HOLD
2019-12-11,0.663286866125122,0.6666033670690062,0.6625064011837414,0.6658229021276256,0,0,0.0,87469.01,87469.01,,,HOLD
2019-12-12,0.6658229021276256,0.671811455978377,0.6650290044493686,0.67101755830012,0,0,0.0,87469.01,87469.01,,,HOLD
2019-12-13,0.67101755830012,0.6710652126253092,0.6698844686745139,0.6699321229997031,0,0,0.0,87469.01,87469.01,,,HOLD
2019-12-16,0.6699321229997031,0.6704619512238127,0.6697491988731918,0.6702790270973015,0,0,0.0,87469.01,87469.01,,,HOLD
2019-12-17,0.6702790270973015,0.6709358797833745,0.6678631233234456,0.6685199760095186,0,0,0.0,87469.01,87469.01,,,HOLD
2019-12-18,0.6685199760095186,0.6699589199604996,0.6664381016905869,0.6678770456415679,0,0,0.0,87469.01,87469.01,,,HOLD
2019-12-19,0.6678770456415679,0.6681763644274827,0.6627194368540121,0.663018755639927,0,0,0.0,87469.01,87469.01,,,HOLD
2019-12-20,0.663018755639927,0.6638219178337469,0.6601060234386561,0.660909185632476,0,0,0.0,87469.01,87469.01,,,HOLD
2019-12-23,0.660909185632476,0.6642102131942127,0.6597402789998709,0.6630413065616075,0,0,0.0,87469.01,87469.01,,,HOLD
2019-12-24,0.6630413065616075,0.6683856735120721,0.6625248572271485,0.6678692241776131,0,0,0.0,87469.01,87469.01,,,HOLD
2019-12-25,0.6678692241776131,0.667952085907726,0.6642277467374464,0.6643106084675594,0,0,0.0,87469.01,87469.01,,,HOLD
2019-12-26,0.6643106084675594,0.6660239973003507,0.6638731426701769,0.6655865315029682,0,0,0.0,87469.01,87469.01,,,HOLD
2019-12-27,0.6655865315029682,0.6690204826756089,0.6651948465791504,0.6686287977517911,0,0,0.0,87469.01,87469.01,,,HOLD
2019-12-30,0.6686287977517911,0.6722778251820735,0.6681167134469155,0.6717657408771979,0,0,0.0,87469.01,87469.01,,,HOLD
2019-12-31,0.6717657408771979,0.6737269591334395,0.6713111987836698,0.6732724170399115,0,0,0.0,87469.01,87469.01,,,HOLD
2020-01-01,0.6732724170399115,0.6757602698148015,0.6728304360718719,0.6753182888467619,0,0,0.0,87469.01,87469.01,,,HOLD
2020-01-02,0.6753182888467619,0.6765133952161622,0.6730971430176451,0.6742922493870454,0,0,0.0,87469.01,87469.01,,,HOLD
2020-01-03,0.6742922493870454,0.6745110882891647,0.6686975370704358,0.6689163759725552,0,0,0.0,87469.01,87469.01,,,HOLD
2020-01-06,0.6689163759725552,0.6696882048171415,0.663181412692208,0.6639532415367944,1,1,140831.16,87469.01,86759.49,0.66278,0.681413,BUY
2020-01-07,0.6639532415367944,0.6649145069290661,0.6602135919759488,0.6611748573682205,1,1,136624.51,86583.76,86193.92,0.657691,0.676703,BUY
2020-01-08,0.6611748573682205,0.6647931838492063,0.6603289987573682,0.663947325238354,1,1,136624.51,86583.76,86572.7,0.657691,0.676703,HOLD
2020-01-09,0.663947325238354,0.6641063330038223,0.6608412381244193,0.6610002458898876,1,1,136624.51,86583.76,86170.06,0.657691,0.676703,HOLD
2020-01-10,0.6610002458898876,0.6616046017569445,0.6588115262240161,0.6594158820910729,0,1,136624.51,86583.76,85953.6,0.657691,0.676703,HOLD
2020-01-13,0.6594158820910729,0.6602469481538656,0.6561700063820678,0.6570010724448605,0,0,0.0,85707.67,85707.67,,,STOP
2020-01-14,0.6570010724448605,0.6575772690897622,0.6563544301485562,0.6569306267934579,0,0,0.0,85707.67,85707.67,,,HOLD
2020-01-15,0.6569306267934579,0.6581796879341378,0.6525490556639888,0.6537981168046687,0,0,0.0,85707.67,85707.67,,,HOLD
2020-01-16,0.6537981168046687,0.6545917579743404,0.6513466143501042,0.652140255519776,0,0,0.0,85707.67,85707.67,,,HOLD
2020-01-17,0.652140255519776,0.656772915523011,0.6515376082402377,0.6561702682434727,0,0,0.0,85707.67,85707.67,,,HOLD
2020-01-20,0.6561702682434727,0.6611934431537456,0.6551776106008597,0.6602007855111326,0,0,0.0,85707.67,85707.67,,,HOLD
2020-01-21,0.6602007855111326,0.660850115769315,0.6562197858203687,0.656869116078551,0,0,0.0,85707.67,85707.67,,,HOLD
2020-01-22,0.656869116078551,0.6584504131933798,0.6560606366222684,0.6576419337370972,0,0,0.0,85707.67,85707.67,,,HOLD
2020-01-23,0.6576419337370972,0.6576661805852848,0.6570608831335436,0.6570851299817312,0,0,0.0,85707.67,85707.67,,,HOLD
2020-01-24,0.6570851299817312,0.6583137859377185,0.6535053735344818,0.6547340294904691,0,0,0.0,85707.67,85707.67,,,HOLD
2020-01-27,0.6547340294904691,0.6585760012023368,0.6543549464750005,0.6581969181868682,0,0,0.0,85707.67,85707.67,,,HOLD
2020-01-28,0.6581969181868682,0.6595938973763539,0.6575004976727366,0.6588974768622222,0,0,0.0,85707.67,85707.67,,,HOLD
2020-01-29,0.6588974768622222,0.6627691010989186,0.6583889479511666,0.662260572187863,0,0,0.0,85707.67,85707.67,,,HOLD
2020-01-30,0.662260572187863,0.6672569973828333,0.6616848329531644,0.6666812581481346,0,0,0.0,85707.67,85707.67,,,HOLD
2020-01-31,0.6666812581481346,0.6675390363941488,0.6635154906946333,0.6643732689406475,0,0,0.0,85707.67,85707.67,,,HOLD
2020-02-03,0.6643732689406475,0.6684409937575418,0.6634804439301991,0.6675481687470934,0,0,0.0,85707.67,85707.67,,,HOLD
2020-02-04,0.6675481687470934,0.6698809365146129,0.6668407642853675,0.669173532052887,0,0,0.0,85707.67,85707.67,,,HOLD
2020-02-05,0.669173532052887,0.6753067521611346,0.6681069010475987,0.6742401211558463,0,0,0.0,85707.67,85707.67,,,HOLD
2020-02-06,0.6742401211558463,0.6754300895885059,0.6721623834329209,0.6733523518655805,0,0,0.0,85707.67,85707.67,,,HOLD
2020-02-07,0.6733523518655805,0.6738578892146473,0.6682916983376176,0.6687972356866844,0,0,0.0,85707.67,85707.67,,,HOLD
2020-02-10,0.6687972356866844,0.6693627468071076,0.6670478904981116,0.6676134016185349,0,0,0.0,85707.67,85707.67,,,HOLD
2020-02-11,0.6676134016185349,0.669108275677536,0.6669419842386098,0.6684368582976109,0,0,0.0,85707.67,85707.67,,,HOLD
2020-02-12,0.6684368582976109,0.6705520894154231,0.6676459426063368,0.669761173724149,0,0,0.0,85707.67,85707.67,,,HOLD
2020-02-13,0.669761173724149,0.6714944755557585,0.6685655560895006,0.6702988579211101,0,0,0.0,85707.67,85707.67,,,HOLD
2020-02-14,0.6702988579211101,0.6732525369260655,0.6695206415486054,0.6724743205535607,0,0,0.0,85707.67,85707.67,,,HOLD
2020-02-17,0.6724743205535607,0.6732093311076901,0.6721010963231687,0.6728361068772981,0,0,0.0,85707.67,85707.67,,,HOLD
2020-02-18,0.6728361068772981,0.67356373934841,0.6670391759863754,0.6677668084574873,0,0,0.0,85707.67,85707.67,,,HOLD
2020-02-19,0.6677668084574873,0.6694858736763732,0.6669141255105298,0.6686331907294157,0,0,0.0,85707.67,85707.67,,,HOLD
2020-02-20,0.6686331907294157,0.6697573757860493,0.6671497476955743,0.6682739327522079,0,0,0.0,85707.67,85707.67,,,HOLD
2020-02-21,0.6682739327522079,0.6705619417638378,0.6676751348395273,0.6699631438511572,0,0,0.0,85707.67,85707.67,,,HOLD
2020-02-24,0.6699631438511572,0.6732013848955859,0.669075255530922,0.6723134965753507,0,0,0.0,85707.67,85707.67,,,HOLD
2020-02-25,0.6723134965753507,0.672580283835201,0.6719115013251479,0.6721782885849982,0,0,0.0,85707.67,85707.67,,,HOLD
2020-02-26,0.6721782885849982,0.6750147866197941,0.6715545335711395,0.6743910316059354,0,0,0.0,85707.67,85707.67,,,HOLD
2020-02-27,0.6743910316059354,0.6773796817284978,0.6738586315702123,0.6768472816927747,0,0,0.0,85707.67,85707.67,,,HOLD
2020-02-28,0.6768472816927747,0.6782541319611978,0.6759621414186421,0.6773689916870651,0,0,0.0,85707.67,85707.67,,,HOLD
2020-03-02,0.6773689916870651,0.6784292315817391,0.6737146940738595,0.6747749339685335,0,0,0.0,85707.67,85707.67,,,HOLD
2020-03-03,0.6747749339685335,0.6751374285698692,0.6738799355822275,0.6742424301835632,0,0,0.0,85707.67,85707.67,,,HOLD
2020-03-04,0.6742424301835632,0.6743990361566669,0.6724505950335457,0.6726072010066493,0,0,0.0,85707.67,85707.67,,,HOLD
2020-03-05,0.6726072010066493,0.6729510059504945,0.6704303433029409,0.6707741482467862,0,0,0.0,85707.67,85707.67,,,HOLD
2020-03-06,0.6707741482467862,0.6715101985438057,0.6700135582383494,0.6707496085353689,0,0,0.0,85707.67,85707.67,,,HOLD
2020-03-09,0.6707496085353689,0.6714709105736465,0.6676352103658494,0.668356512404127,0,0,0.0,85707.67,85707.67,,,HOLD
2020-03-10,0.668356512404127,0.6692207865733096,0.6649344347145657,0.6657987088837484,0,0,0.0,85707.67,85707.67,,,HOLD
2020-03-11,0.6657987088837484,0.667275446953602,0.6656478707088394,0.667124608778693,0,0,0.0,85707.67,85707.67,,,HOLD
2020-03-12,0.667124608778693,0.6677226256314355,0.6629584361909472,0.6635564530436897,0,0,0.0,85707.67,85707.67,,,HOLD
2020-03-13,0.6635564530436897,0.6686371431508342,0.6633331884210636,0.6684138785282081,0,0,0.0,85707.67,85707.67,,,HOLD
2020-03-16,0.6684138785282081,0.6730459577026318,0.6679207431494137,0.6725528223238374,0,0,0.0,85707.67,85707.67,,,HOLD
2020-03-17,0.6725528223238374,0.6746729762718776,0.6718312126757746,0.6739513666238148,0,0,0.0,85707.67,85707.67,,,HOLD
2020-03-18,0.6739513666238148,0.6771209319401961,0.6735789012559815,0.6767484665723628,0,0,0.0,85707.67,85707.67,,,HOLD
2020-03-19,0.6767484665723628,0.678837361055359,0.6762052751048766,0.6782941695878728,0,0,0.0,85707.67,85707.67,,,HOLD
2020-03-20,0.6782941695878728,0.681972900113777,0.6769577863329492,0.6806365168588534,0,0,0.0,85707.67,85707.67,,,HOLD
2020-03-23,0.6806365168588534,0.6818743615895523,0.6803191072090812,0.68155695193978,0,0,0.0,85707.67,85707.67,,,HOLD
2020-03-24,0.68155695193978,0.6819960777915284,0.6772197282461712,0.6776588540979195,0,0,0.0,85707.67,85707.67,,,HOLD
2020-03-25,0.6776588540979195,0.678271778687672,0.6750332865343772,0.6756462111241297,0,0,0.0,85707.67,85707.67,,,HOLD
2020-03-26,0.6756462111241297,0.6789701264187583,0.674705518606206,0.6780294339008346,0,0,0.0,85707.67,85707.67,,,HOLD
2020-03-27,0.6780294339008346,0.682559393779368,0.6774980587034701,0.6820280185820036,1,1,148042.63,85707.67,86288.53,0.672315,0.689683,BUY
2020-03-30,0.6820280185820036,0.68396883386708,0.6816899778413487,0.683630793126425,1,1,148042.63,85707.67,86525.81,0.672315,0.689683,HOLD
2020-03-31,0.683630793126425,0.6859118193823032,0.6828210714908252,0.6851020977467033,1,1,148042.63,85707.67,86743.63,0.672315,0.689683,HOLD
2020-04-01,0.6851020977467033,0.6861068606256294,0.680753186844517,0.6817579497234432,1,1,148042.63,85707.67,86248.55,0.672315,0.689683,HOLD
2020-04-02,0.6817579497234432,0.683125386777205,0.6817252319606972,0.6830926690144591,1,1,148042.63,85707.67,86446.15,0.672315,0.689683,HOLD
2020-04-03,0.6830926690144591,0.685730451560287,0.6820627607547387,0.6847005433005666,1,1,148042.63,85707.67,86684.18,0.672315,0.689683,HOLD
2020-04-06,0.6847005433005666,0.684986766362729,0.6798984260252187,0.6801846490873811,1,1,148042.63,85707.67,86015.64,0.672315,0.689683,HOLD
2020-04-07,0.6801846490873811,0.680959664526311,0.6790233849927695,0.6797984004316994,1,1,148042.63,85707.67,85958.45,0.672315,0.689683,HOLD
2020-04-08,0.6797984004316994,0.6815176107551435,0.6790326273810285,0.6807518377044727,1,1,148042.63,85707.67,86099.6,0.672315,0.689683,HOLD
2020-04-09,0.6807518377044727,0.6827925208946459,0.6801896072527718,0.682230290442945,1,1,148042.63,85707.67,86318.48,0.672315,0.689683,HOLD
2020-04-10,0.682230290442945,0.6844041422902151,0.6812882973066465,0.6834621491539166,1,1,148042.63,85707.67,86500.85,0.672315,0.689683,HOLD
2020-04-13,0.6834621491539166,0.68740672986038,0.6825106132154591,0.6864551939219226,1,1,148042.63,85707.67,86943.94,0.672315,0.689683,HOLD
2020-04-14,0.6864551939219226,0.6908231519464043,0.6852268131407736,0.6895947711652554,1,1,160477.46,87410.73,87902.52,0.681083,0.697424,BUY
2020-04-15,0.6895947711652554,0.6897851493739866,0.6884569066874857,0.688647284896217,1,1,160477.46,87410.73,87750.47,0.681083,0.697424,HOLD
2020-04-16,0.688647284896217,0.6930633382473136,0.6879763054545508,0.6923923588056474,1,1,160477.46,87410.73,88351.47,0.681083,0.697424,HOLD
2020-04-17,0.6923923588056474,0.6924795003703671,0.6911330954105328,0.6912202369752525,1,1,160477.46,87410.73,88163.37,0.681083,0.697424,HOLD
2020-04-20,0.6912202369752525,0.6936615643743337,0.6908631837558143,0.6933045111548956,1,1,160477.46,87410.73,88497.85,0.681083,0.697424,HOLD
2020-04-21,0.6933045111548956,0.6954275747228522,0.6922499745394879,0.6943730381074446,1,1,160477.46,87410.73,88669.33,0.681083,0.697424,HOLD
2020-04-22,0.6943730381074446,0.6951318775572086,0.6929515793414134,0.6937104187911775,1,1,160477.46,87410.73,88562.99,0.681083,0.697424,HOLD
2020-04-23,0.6937104187911775,0.694111578374133,0.6935975720928237,0.6939987316757792,1,1,160477.46,87410.73,88609.26,0.681083,0.697424,HOLD
2020-04-24,0.6939987316757792,0.6987868195520095,0.693267133363504,0.6980552212397343,1,1,195386.82,89146.9,89924.83,0.689511,0.703199,BUY
2020-04-27,0.6980552212397343,0.7014914939958166,0.6968819320953302,0.7003182048514125,1,1,195386.82,89146.9,90366.99,0.689511,0.703199,HOLD
2020-04-28,0.7003182048514125,0.7024466492092959,0.6992326874594222,0.7013611318173056,1,1,195386.82,89146.9,90570.77,0.689511,0.703199,HOLD
2020-04-29,0.7013611318173056,0.7041428108867457,0.7002627074688563,0.7030443865382964,1,1,179533.96,90915.19,91203.92,0.696372,0.711564,BUY
2020-04-30,0.7030443865382964,0.7062818800346433,0.7018938862415935,0.7051313797379405,1,1,179533.96,90915.19,91578.61,0.696372,0.711564,HOLD
2020-05-01,0.7051313797379405,0.7056078755893084,0.7039768549888814,0.7044533508402493,1,1,179533.96,90915.19,91456.88,0.696372,0.711564,HOLD
2020-05-04,0.7044533508402493,0.7080603594606658,0.703635186059568,0.7072421946799845,1,1,179533.96,90915.19,91957.57,0.696372,0.711564,HOLD
2020-05-05,0.7072421946799845,0.7076662270177508,0.7061904986563761,0.7066145309941424,1,1,179533.96,90915.19,91844.89,0.696372,0.711564,HOLD
2020-05-06,0.7066145309941424,0.7075909633143835,0.7045022266063624,0.7054786589266036,1,1,179533.96,90915.19,91640.96,0.696372,0.711564,HOLD
2020-05-07,0.7054786589266036,0.706185616866083,0.7046065239942273,0.7053134819337068,1,1,179533.96,90915.19,91611.3,0.696372,0.711564,HOLD
2020-05-08,0.7053134819337068,0.7057078110163392,0.7007354816309797,0.701129810713612,1,1,179533.96,90915.19,90860.19,0.696372,0.711564,HOLD
2020-05-11,0.701129810713612,0.7051088712787946,0.7002631287858,0.7042421893509826,1,1,179533.96,90915.19,91418.97,0.696372,0.711564,HOLD
2020-05-12,0.7042421893509826,0.7077771641560495,0.7032995534950249,0.7068345283000919,1,1,179533.96,90915.19,91884.38,0.696372,0.711564,HOLD
2020-05-13,0.7068345283000919,0.709434601850242,0.7062950578617476,0.7088951314118977,1,1,179533.96,90915.19,92254.33,0.696372,0.711564,HOLD
2020-05-14,0.7088951314118977,0.7099310388765792,0.7080386345022276,0.709074541966909,1,1,179533.96,90915.19,92286.54,0.696372,0.711564,HOLD
2020-05-15,0.709074541966909,0.711261407391721,0.7084432835716641,0.710630148996476,1,1,179533.96,90915.19,92565.83,0.696372,0.711564,HOLD
2020-05-18,0.710630148996476,0.711709929808058,0.7082758474751901,0.7093556282867721,1,1,187932.77,92720.03,92466.41,0.705771,0.720573,BUY
2020-05-19,0.7093556282867721,0.7129977138417313,0.7085151400612,0.7121572256161591,1,1,187932.77,92720.03,92992.92,0.705771,0.720573,HOLD
2020-05-20,0.7121572256161591,0.7137858470695816,0.7075985408321879,0.7092271622856103,1,1,187932.77,92720.03,92442.26,0.705771,0.720573,HOLD
2020-05-21,0.7092271622856103,0.7117304464794991,0.7089795138421997,0.7114827980360885,1,1,187932.77,92720.03,92866.17,0.705771,0.720573,HOLD
2020-05-22,0.7114827980360885,0.7118858623865463,0.7104446496794665,0.7108477140299243,1,1,187932.77,92720.03,92746.82,0.705771,0.720573,HOLD
2020-05-25,0.7108477140299243,0.7168712584542047,0.7095792566543699,0.7156028010786504,1,1,187932.77,92720.03,93640.46,0.705771,0.720573,HOLD
2020-05-26,0.7156028010786504,0.7158971937458317,0.7128425971403566,0.7131369898075379,1,1,187932.77,92720.03,93177.05,0.705771,0.720573,HOLD
2020-05-27,0.7131369898075379,0.7135439063119943,0.7125064933554733,0.7129134098599297,1,1,187932.77,92720.03,93135.03,0.705771,0.720573,HOLD
2020-05-28,0.7129134098599297,0.7132021874330636,0.7075050997904906,0.7077938773636245,1,1,187932.77,92720.03,92172.9,0.705771,0.720573,HOLD
2020-05-29,0.7077938773636245,0.7126473172354124,0.7072590124201461,0.712112452291934,1,1,187932.77,92720.03,92984.51,0.705771,0.720573,HOLD
2020-06-01,0.712112452291934,0.7134080786425782,0.709714161754419,0.7110097881050632,1,1,187932.77,92720.03,92777.28,0.705771,0.720573,HOLD
2020-06-02,0.7110097881050632,0.7134160701157448,0.7106805817800589,0.7130868637907405,1,1,187932.77,92720.03,93167.63,0.705771,0.720573,HOLD
2020-06-03,0.7130868637907405,0.7139082922062315,0.7079555465615948,0.7087769749770858,1,1,187932.77,92720.03,92357.66,0.705771,0.720573,HOLD
2020-06-04,0.7087769749770858,0.7107944751308247,0.7082839692070262,0.7103014693607651,1,1,187932.77,92720.03,92644.16,0.705771,0.720573,HOLD
2020-06-05,0.7103014693607651,0.7113954717064316,0.7090832487764108,0.7101772511220773,1,1,187932.77,92720.03,92620.82,0.705771,0.720573,HOLD
2020-06-08,0.7101772511220773,0.7105078968684393,0.7088496125203738,0.7091802582667358,1,1,187932.77,92720.03,92433.45,0.705771,0.720573,HOLD
2020-06-09,0.7091802582667358,0.7111563721886948,0.7076552291769471,0.7096313430989061,1,1,187932.77,92720.03,92518.22,0.705771,0.720573,HOLD
2020-06-10,0.7096313430989061,0.7098740556378905,0.7034209125557961,0.7036636250947805,1,1,162456.46,91778.73,90797.05,0.704057,0.721005,BUY
2020-06-11,0.7036636250947805,0.706218194622053,0.7028887496573164,0.7054433191845889,0,0,0.0,90848.76,90848.76,,,STOP
2020-06-12,0.7054433191845889,0.7117570970268695,0.7049923974742999,0.7113061753165805,0,0,0.0,90848.76,90848.76,,,HOLD
2020-06-15,0.7113061753165805,0.7126451796307851,0.7107342202270595,0.7120732245412641,0,0,0.0,90848.76,90848.76,,,HOLD
2020-06-16,0.7120732245412641,0.7132238166623605,0.7073101092796013,0.7084607014006976,0,0,0.0,90848.76,90848.76,,,HOLD
2020-06-17,0.7084607014006976,0.7125248704946476,0.70751237570025,0.7115765447942001,0,0,0.0,90848.76,90848.76,,,HOLD
2020-06-18,0.7115765447942001,0.7179473584324215,0.71117972705569,0.7175505406939114,0,0,0.0,90848.76,90848.76,,,HOLD
2020-06-19,0.7175505406939114,0.7191358274888849,0.7132004956650345,0.714785782460008,1,1,139557.67,90848.76,90452.45,0.711116,0.730645,BUY
2020-06-22,0.714785782460008,0.7148859123244883,0.709874540278406,0.7099746701428863,1,1,133158.14,89929.81,89279.18,0.708107,0.728368,BUY
2020-06-23,0.7099746701428863,0.7109617584389125,0.7075136658699634,0.7085007541659897,1,1,137266.06,89020.52,88807.91,0.703564,0.72302,BUY
2020-06-24,0.7085007541659897,0.7095362938955715,0.7057739651483627,0.7068095048779445,1,1,137266.06,89020.52,88575.76,0.703564,0.72302,HOLD
2020-06-25,0.7068095048779445,0.710810400734826,0.7059571065081063,0.7099580023649879,0,1,137266.06,89020.52,89007.94,0.703564,0.72302,HOLD
2020-06-26,0.7099580023649879,0.7107778381447655,0.7034446657510645,0.7042645015308421,0,0,0.0,88120.02,88120.02,,,STOP
2020-06-29,0.7042645015308421,0.7048982780178341,0.6992121873594644,0.6998459638464565,0,0,0.0,88120.02,88120.02,,,HOLD
2020-06-30,0.6998459638464565,0.7001266238454343,0.6965170838678628,0.6967977438668407,0,0,0.0,88120.02,88120.02,,,HOLD
2020-07-01,0.6967977438668407,0.6973805766470935,0.6945346850940902,0.6951175178743431,0,0,0.0,88120.02,88120.02,,,HOLD
2020-07-02,0.6951175178743431,0.6975443432596592,0.694123628874557,0.6965504542598732,0,0,0.0,88120.02,88120.02,,,HOLD
2020-07-03,0.6965504542598732,0.6969556767118918,0.69482532389885,0.6952305463508687,0,0,0.0,88120.02,88120.02,,,HOLD
2020-07-06,0.6952305463508687,0.7034873269255868,0.6949165924911548,0.7031733730658729,0,0,0.0,88120.02,88120.02,,,HOLD
2020-07-07,0.7031733730658729,0.7039277937011389,0.7011044241391438,0.7018588447744097,0,0,0.0,88120.02,88120.02,,,HOLD
2020-07-08,0.7018588447744097,0.7023566263904644,0.7001309337727085,0.7006287153887631,0,0,0.0,88120.02,88120.02,,,HOLD
2020-07-09,0.7006287153887631,0.7006634479876586,0.6985227895768635,0.698557522175759,0,0,0.0,88120.02,88120.02,,,HOLD
2020-07-10,0.698557522175759,0.7024033221088801,0.6980972322836662,0.7019430322167873,0,0,0.0,88120.02,88120.02,,,HOLD
2020-07-13,0.7019430322167873,0.7047025238229931,0.7004370317400216,0.7031965233462274,0,0,0.0,88120.02,88120.02,,,HOLD
2020-07-14,0.7031965233462274,0.7044106862848294,0.6974529488226942,0.6986671117612961,0,0,0.0,88120.02,88120.02,,,HOLD
2020-07-15,0.6986671117612961,0.700594434359816,0.697868991314089,0.6997963139126089,0,0,0.0,88120.02,88120.02,,,HOLD
2020-07-16,0.6997963139126089,0.700438381715023,0.6974981988554924,0.6981402666579065,0,0,0.0,88120.02,88120.02,,,HOLD
2020-07-17,0.6981402666579065,0.6986013262538495,0.6976693137141985,0.6981303733101415,0,0,0.0,88120.02,88120.02,,,HOLD
2020-07-20,0.6981303733101415,0.6984482420817449,0.6948008784792412,0.6951187472508447,0,0,0.0,88120.02,88120.02,,,HOLD
2020-07-21,0.6951187472508447,0.6956267542695221,0.6943114773803474,0.6948194843990249,0,0,0.0,88120.02,88120.02,,,HOLD
2020-07-22,0.6948194843990249,0.695202065599811,0.6914702530641355,0.6918528342649216,0,0,0.0,88120.02,88120.02,,,HOLD
2020-07-23,0.6918528342649216,0.6927414671797117,0.6908932313716333,0.6917818642864234,0,0,0.0,88120.02,88120.02,,,HOLD
2020-07-24,0.6917818642864234,0.6937210686581488,0.6910001685732815,0.6929393729450068,0,0,0.0,88120.02,88120.02,,,HOLD
2020-07-27,0.6929393729450068,0.6937292490500356,0.6879867452524951,0.6887766213575239,0,0,0.0,88120.02,88120.02,,,HOLD
2020-07-28,0.6887766213575239,0.6890452690876178,0.684134906758279,0.6844035544883729,0,0,0.0,88120.02,88120.02,,,HOLD
2020-07-29,0.6844035544883729,0.6852089136364518,0.6802222669792741,0.681027626127353,0,0,0.0,88120.02,88120.02,,,HOLD
2020-07-30,0.681027626127353,0.6827778736571131,0.6804740125408288,0.6822242600705889,0,0,0.0,88120.02,88120.02,,,HOLD
2020-07-31,0.6822242600705889,0.6835822899254348,0.6814292090702992,0.6827872389251451,0,0,0.0,88120.02,88120.02,,,HOLD
2020-08-03,0.6827872389251451,0.6870707508383845,0.6820106207415975,0.6862941326548369,0,0,0.0,88120.02,88120.02,,,HOLD
2020-08-04,0.6862941326548369,0.6878226200930359,0.6853402803816081,0.6868687678198071,0,0,0.0,88120.02,88120.02,,,HOLD
2020-08-05,0.6868687678198071,0.6881727405444453,0.6865652717185999,0.6878692444432382,0,0,0.0,88120.02,88120.02,,,HOLD
2020-08-06,0.6878692444432382,0.689253924764018,0.6841098102748867,0.6854944905956666,0,0,0.0,88120.02,88120.02,,,HOLD
2020-08-07,0.6854944905956666,0.6888770998019187,0.684351263640171,0.6877338728464231,0,0,0.0,88120.02,88120.02,,,HOLD
2020-08-10,0.6877338728464231,0.6886410817043258,0.6844165464774582,0.6853237553353609,0,0,0.0,88120.02,88120.02,,,HOLD
2020-08-11,0.6853237553353609,0.6861866135079376,0.6834576363194895,0.6843204944920662,0,0,0.0,88120.02,88120.02,,,HOLD
2020-08-12,0.6843204944920662,0.6855113518345448,0.6838295398554897,0.6850203971979683,0,0,0.0,88120.02,88120.02,,,HOLD
2020-08-13,0.6850203971979683,0.6851950281955719,0.6836673497992141,0.6838419807968177,0,0,0.0,88120.02,88120.02,,,HOLD
2020-08-14,0.6838419807968177,0.6862886622884199,0.6832508364861603,0.6856975179777625,0,0,0.0,88120.02,88120.02,,,HOLD
2020-08-17,0.6856975179777625,0.686512368665408,0.6806886690953847,0.6815035197830303,0,0,0.0,88120.02,88120.02,,,HOLD
2020-08-18,0.6815035197830303,0.6904195558809852,0.6801781794089495,0.6890942155069045,0,0,0.0,88120.02,88120.02,,,HOLD
2020-08-19,0.6890942155069045,0.6909628390896353,0.6876736636976033,0.6895422872803341,0,0,0.0,88120.02,88120.02,,,HOLD
2020-08-20,0.6895422872803341,0.6901468619612915,0.687564130499972,0.6881687051809294,0,0,0.0,88120.02,88120.02,,,HOLD
2020-08-21,0.6881687051809294,0.6891943044403384,0.6869949402769017,0.6880205395363106,0,0,0.0,88120.02,88120.02,,,HOLD
2020-08-24,0.6880205395363106,0.688533421586728,0.6813410536076857,0.6818539356581031,0,0,0.0,88120.02,88120.02,,,HOLD
2020-08-25,0.6818539356581031,0.6825741322602196,0.6814130720101242,0.6821332686122407,0,0,0.0,88120.02,88120.02,,,HOLD
2020-08-26,0.6821332686122407,0.6836411607410199,0.6817685293632081,0.6832764214919873,0,0,0.0,88120.02,88120.02,,,HOLD
2020-08-27,0.6832764214919873,0.6850767505692066,0.682143855606345,0.6839441846835643,0,0,0.0,88120.02,88120.02,,,HOLD
2020-08-28,0.6839441846835643,0.6848904938655677,0.680442062197624,0.6813883713796274,0,0,0.0,88120.02,88120.02,,,HOLD
2020-08-31,0.6813883713796274,0.6815735670038169,0.6792779611305371,0.6794631567547266,0,0,0.0,88120.02,88120.02,,,HOLD
2020-09-01,0.6794631567547266,0.6796512593167486,0.6750951320788894,0.6752832346409114,0,0,0.0,88120.02,88120.02,,,HOLD
2020-09-02,0.6752832346409114,0.6758534525772942,0.6714978387641639,0.6720680567005467,0,0,0.0,88120.02,88120.02,,,HOLD
2020-09-03,0.6720680567005467,0.6720809980259443,0.6699210032892658,0.6699339446146635,0,0,0.0,88120.02,88120.02,,,HOLD
2020-09-04,0.6699339446146635,0.6735174632255674,0.668704417311884,0.6722879359227879,0,0,0.0,88120.02,88120.02,,,HOLD
2020-09-07,0.6722879359227879,0.6727030413435069,0.6708690229180905,0.6712841283388095,0,0,0.0,88120.02,88120.02,,,HOLD
2020-09-08,0.6712841283388095,0.672241040734926,0.6687750430271784,0.6697319554232949,0,0,0.0,88120.02,88120.02,,,HOLD
2020-09-09,0.6697319554232949,0.670310705877492,0.6667519828137736,0.6673307332679707,0,0,0.0,88120.02,88120.02,,,HOLD
2020-09-10,0.6673307332679707,0.6713820790572829,0.6662589273873346,0.6703102731766468,0,0,0.0,88120.02,88120.02,,,HOLD
2020-09-11,0.6703102731766468,0.6712146776663764,0.6663831385458991,0.6672875430356288,0,0,0.0,88120.02,88120.02,,,HOLD
2020-09-14,0.6672875430356288,0.6673052214475655,0.661579210787025,0.6615968891989618,0,0,0.0,88120.02,88120.02,,,HOLD
2020-09-15,0.6615968891989618,0.6616979354505136,0.6584454131400553,0.6585464593916072,0,0,0.0,88120.02,88120.02,,,HOLD
2020-09-16,0.6585464593916072,0.6637923440351936,0.6581673973947049,0.6634132820382913,0,0,0.0,88120.02,88120.02,,,HOLD
2020-09-17,0.6634132820382913,0.670462652080789,0.6624871100599521,0.6695364801024498,0,0,0.0,88120.02,88120.02,,,HOLD
2020-09-18,0.6695364801024498,0.6702953887005263,0.6663971965138696,0.6671561051119461,-1,-1,134441.82,88120.02,88429.96,0.676016,0.656352,SELL
2020-09-21,0.6671561051119461,0.6672782063200101,0.6643654280835287,0.6644875292915927,-1,-1,134441.82,88120.02,88788.73,0.676016,0.656352,HOLD
2020-09-22,0.6644875292915927,0.6649111788208197,0.6623485507021069,0.6627722002313339,-1,-1,134441.82,88120.02,89019.34,0.676016,0.656352,HOLD
2020-09-23,0.6627722002313339,0.6641256565623077,0.6627078337955434,0.6640612901265173,-1,-1,134441.82,88120.02,88846.03,0.676016,0.656352,HOLD
2020-09-24,0.6640612901265173,0.6643156518855803,0.6590667469084842,0.6593211086675472,-1,-1,134441.82,88120.02,89483.31,0.676016,0.656352,HOLD
2020-09-25,0.6593211086675472,0.6601628825334607,0.6586048940016644,0.6594466678675779,-1,-1,134441.82,88120.02,89466.43,0.676016,0.656352,HOLD
2020-09-28,0.6594466678675779,0.6599347843747569,0.6581652592945512,0.6586533758017302,-1,-1,134441.82,88120.02,89573.08,0.676016,0.656352,HOLD
2020-09-29,0.6586533758017302,0.6602241243855409,0.6575378592155386,0.6591086077993493,-1,-1,134441.82,88120.02,89511.88,0.676016,0.656352,HOLD
2020-09-30,0.6591086077993493,0.6593850210091144,0.658724686494349,0.6590010997041141,-1,-1,134441.82,88120.02,89526.33,0.676016,0.656352,HOLD
2020-10-01,0.6590010997041141,0.660221147741852,0.6583654555389976,0.6595855035767355,-1,-1,134441.82,88120.02,89447.76,0.676016,0.656352,HOLD
2020-10-02,0.6595855035767355,0.6604661529895881,0.6565799173732537,0.6574605667861063,-1,-1,134441.82,88120.02,89733.45,0.676016,0.656352,HOLD
2020-10-05,0.6574605667861063,0.6583712703102439,0.6534108740689426,0.6543215775930802,-1,-1,178404.4,89872.34,90418.97,0.662423,0.64731,SELL
2020-10-06,0.6543215775930802,0.6547841515042565,0.6538269920998754,0.6542895660110517,-1,-1,178404.4,89872.34,90424.68,0.662423,0.64731,HOLD
2020-10-07,0.6542895660110517,0.6548881127342022,0.6527373716120536,0.6533359183352041,-1,-1,178404.4,89872.34,90594.81,0.662423,0.64731,HOLD
2020-10-08,0.6533359183352041,0.6540771712546298,0.6502046117641771,0.6509458646836028,-1,-1,178404.4,89872.34,91021.21,0.662423,0.64731,HOLD
2020-10-09,0.6509458646836028,0.651247819459607,0.6468951436008183,0.6471970983768225,-1,-1,225483.37,91656.4,92484.78,0.654936,0.642741,SELL
2020-10-12,0.6471970983768225,0.647764669060359,0.6456790358606693,0.6462466065442058,-1,-1,225483.37,91656.4,92699.1,0.654936,0.642741,HOLD
2020-10-13,0.6462466065442058,0.6529013611878285,0.6459062412855704,0.652560995929193,-1,-1,225483.37,91656.4,91275.31,0.654936,0.642741,HOLD
2020-10-14,0.652560995929193,0.6533485973769824,0.6497978357557833,0.6505854372035726,-1,-1,225483.37,91656.4,91720.76,0.654936,0.642741,HOLD
2020-10-15,0.6505854372035726,0.6551438248692238,0.6495883195154333,0.6541467071810845,-1,-1,186760.78,90722.93,90043.82,0.655368,0.640795,SELL
2020-10-16,0.6541467071810845,0.6553065470255075,0.6532969438621,0.654456783706523,-1,-1,186760.78,90722.93,89985.91,0.655368,0.640795,HOLD
2020-10-19,0.654456783706523,0.6550158010275877,0.6519714320749328,0.6525304493959975,-1,-1,186760.78,90722.93,90345.67,0.655368,0.640795,HOLD
2020-10-20,0.6525304493959975,0.654755264076714,0.6515751993584348,0.6538000140391513,-1,-1,186760.78,90722.93,90108.56,0.655368,0.640795,HOLD
2020-10-21,0.6538000140391513,0.6553223223714583,0.6529433061478104,0.6544656144801173,-1,-1,186760.78,90722.93,89984.26,0.655368,0.640795,HOLD
2020-10-22,0.6544656144801173,0.6558624479383177,0.6539748457264021,0.6553716791846025,-1,-1,178400.93,89801.69,89626.67,0.659424,0.644323,SELL
2020-10-23,0.6553716791846025,0.6579630405089287,0.6541605379873049,0.6567518993116311,-1,-1,178400.93,89801.69,89380.44,0.659424,0.644323,HOLD
2020-10-26,0.6567518993116311,0.6574313811201308,0.6526122310128196,0.6532917128213193,-1,-1,178400.93,89801.69,89997.74,0.659424,0.644323,HOLD
2020-10-27,0.6532917128213193,0.6541517511586075,0.6528529736136653,0.6537130119509535,-1,-1,178400.93,89801.69,89922.58,0.659424,0.644323,HOLD
2020-10-28,0.6537130119509535,0.6543797936625754,0.6503527524394515,0.6510195341510733,-1,-1,178400.93,89801.69,90403.1,0.659424,0.644323,HOLD
2020-10-29,0.6510195341510733,0.6517373477747845,0.6499689850208312,0.6506867986445425,-1,-1,178400.93,89801.69,90462.46,0.659424,0.644323,HOLD
2020-10-30,0.6506867986445425,0.6535806972400051,0.6501772617776553,0.653071160373118,-1,-1,178400.93,89801.69,90037.08,0.659424,0.644323,HOLD
2020-11-02,0.653071160373118,0.6538089424899449,0.6496618682632042,0.6503996503800311,-1,-1,178400.93,89801.69,90513.68,0.659424,0.644323,HOLD
2020-11-03,0.6503996503800311,0.6509163273603907,0.6489996777066936,0.6495163546870533,-1,-1,178400.93,89801.69,90671.27,0.659424,0.644323,HOLD
2020-11-04,0.6495163546870533,0.6505388112814947,0.6464648589512059,0.6474873155456473,-1,-1,178400.93,89801.69,91033.25,0.659424,0.644323,HOLD
2020-11-05,0.6474873155456473,0.6487241096136344,0.6438258054627662,0.6450625995307533,-1,-1,191457.57,91584.35,92034.22,0.652196,0.637845,SELL
2020-11-06,0.6450625995307533,0.6486577356559253,0.6443520276237584,0.6479471637489305,-1,-1,191457.57,91584.35,91481.95,0.652196,0.637845,HOLD
2020-11-09,0.6479471637489305,0.6486665450392968,0.6465387524425641,0.6472581337329304,-1,-1,191457.57,91584.35,91613.87,0.652196,0.637845,HOLD
2020-11-10,0.6472581337329304,0.652087580679365,0.6458771365876396,0.6507065835340742,-1,-1,191457.57,91584.35,90953.63,0.652196,0.637845,HOLD
2020-11-11,0.6507065835340742,0.6513433690214198,0.6484704394361753,0.6491072249235209,-1,-1,191457.57,91584.35,91259.84,0.652196,0.637845,HOLD
2020-11-12,0.6491072249235209,0.6497502162141615,0.6467044524327012,0.6473474437233419,-1,-1,191457.57,91584.35,91596.77,0.652196,0.637845,HOLD
2020-11-13,0.6473474437233419,0.6480098675831878,0.6469159067965019,0.6475783306563478,-1,-1,191457.57,91584.35,91552.56,0.652196,0.637845,HOLD
2020-11-16,0.6475783306563478,0.6505265315552738,0.6472023104658213,0.6501505113647473,-1,-1,191457.57,91584.35,91060.1,0.652196,0.637845,HOLD
2020-11-17,0.6501505113647473,0.6544922237957055,0.6493197617604037,0.6536614741913619,-1,-1,174955.91,90654.14,90026.76,0.655257,0.639712,SELL
2020-11-18,0.6536614741913619,0.6546668386912057,0.6495751146534641,0.6505804791533079,0,-1,174955.91,90654.14,90565.8,0.655257,0.639712,HOLD
2020-11-19,0.6505804791533079,0.6516383872529685,0.6481698533212094,0.64922776142087,0,-1,174955.91,90654.14,90802.46,0.655257,0.639712,HOLD
2020-11-20,0.64922776142087,0.6498423031435623,0.6467088438622542,0.6473233855849465,0,-1,174955.91,90654.14,91135.64,0.655257,0.639712,HOLD
2020-11-23,0.6473233855849465,0.6483737876140879,0.6464177234799028,0.6474681255090442,0,-1,174955.91,90654.14,91110.32,0.655257,0.639712,HOLD
2020-11-24,0.6474681255090442,0.6516994927586284,0.647133194577892,0.6513645618274762,0,-1,174955.91,90654.14,90428.62,0.655257,0.639712,HOLD
2020-11-25,0.6513645618274762,0.6516658607689695,0.6470960174492418,0.6473973163907352,0,-1,174955.91,90654.14,91122.71,0.655257,0.639712,HOLD
2020-11-26,0.6473973163907352,0.6482506851112371,0.6440662205750058,0.6449195892955077,0,-1,174955.91,90654.14,91556.2,0.655257,0.639712,HOLD
2020-11-27,0.6449195892955077,0.6469419351552478,0.643908683135889,0.645931028995629,0,-1,174955.91,90654.14,91379.25,0.655257,0.639712,HOLD
2020-11-30,0.645931028995629,0.6466705930617672,0.6456798671402412,0.6464194312063793,0,-1,174955.91,90654.14,91293.8,0.655257,0.639712,HOLD
2020-12-01,0.6464194312063793,0.6483116089825081,0.6457041888624874,0.6475963666386161,0,-1,174955.91,90654.14,91087.88,0.655257,0.639712,HOLD
2020-12-02,0.6475963666386161,0.6480210283626121,0.645530259719666,0.6459549214436621,0,-1,174955.91,90654.14,91375.07,0.655257,0.639712,HOLD
2020-12-03,0.6459549214436621,0.6501071548660862,0.6453843233575857,0.6495365567800098,0,-1,174955.91,90654.14,90748.44,0.655257,0.639712,HOLD
2020-12-04,0.6495365567800098,0.6497103541314483,0.6479728982088254,0.6481466955602639,0,-1,174955.91,90654.14,90991.6,0.655257,0.639712,HOLD
2020-12-07,0.6481466955602639,0.6508726607058573,0.6470375097706919,0.6497634749162852,0,-1,174955.91,90654.14,90708.74,0.655257,0.639712,HOLD
2020-12-08,0.6497634749162852,0.6502979778949599,0.6463783820999838,0.6469128850786585,0,-1,174955.91,90654.14,91207.46,0.655257,0.639712,HOLD
2020-12-09,0.6469128850786585,0.6475763955741966,0.6450483300520737,0.6457118405476118,0,-1,174955.91,90654.14,91417.59,0.655257,0.639712,HOLD
2020-12-10,0.6457118405476118,0.6463749366079327,0.6438243126755936,0.6444874087359145,0,-1,174955.91,90654.14,91631.82,0.655257,0.639712,HOLD
2020-12-11,0.6444874087359145,0.6478032753606372,0.6434311996211884,0.6467470662459112,0,-1,174955.91,90654.14,91236.47,0.655257,0.639712,HOLD
2020-12-14,0.6467470662459112,0.6477018093943806,0.646715451618301,0.6476701947667705,0,-1,174955.91,90654.14,91074.97,0.655257,0.639712,HOLD
2020-12-15,0.6476701947667705,0.6480187131483182,0.6471040270658771,0.6474525454474248,0,-1,174955.91,90654.14,91113.05,0.655257,0.639712,HOLD
2020-12-16,0.6474525454474248,0.6544446959649877,0.6465498458130691,0.6535419963306319,0,-1,174955.91,90654.14,90047.66,0.655257,0.639712,HOLD
2020-12-17,0.6535419963306319,0.6562539544252946,0.6530931359346959,0.6558050940293585,0,0,0.0,89734.48,89734.48,,,STOP
2020-12-18,0.6558050940293585,0.6570865045761654,0.6553315823721146,0.6566129929189215,0,0,0.0,89734.48,89734.48,,,HOLD
2020-12-21,0.6566129929189215,0.6571780846367471,0.6554289301987958,0.6559940219166214,0,0,0.0,89734.48,89734.48,,,HOLD
2020-12-22,0.6559940219166214,0.6571277546927226,0.6505858757794006,0.6517196085555018,0,0,0.0,89734.48,89734.48,,,HOLD
2020-12-23,0.6517196085555018,0.6527695429190492,0.6500257247079259,0.6510756590714732,0,0,0.0,89734.48,89734.48,,,HOLD
2020-12-24,0.6510756590714732,0.6518741636158251,0.6488140177448266,0.6496125222891784,0,0,0.0,89734.48,89734.48,,,HOLD
2020-12-25,0.6496125222891784,0.6524204897506064,0.648983516399313,0.6517914838607409,0,0,0.0,89734.48,89734.48,,,HOLD
2020-12-28,0.6517914838607409,0.6526454764783064,0.650699104674903,0.6515530972924685,0,0,0.0,89734.48,89734.48,,,HOLD
2020-12-29,0.6515530972924685,0.6540250216051459,0.6508424991296935,0.6533144234423709,0,0,0.0,89734.48,89734.48,,,HOLD
2020-12-30,0.6533144234423709,0.6542527385494692,0.648009144888798,0.6489474599958963,0,0,0.0,89734.48,89734.48,,,HOLD
2020-12-31,0.6489474599958963,0.6500747289067881,0.6475709168259578,0.6486981857368496,0,0,0.0,89734.48,89734.48,,,HOLD
2021-01-01,0.6486981857368496,0.6495223448059716,0.6462342178790381,0.6470583769481602,0,0,0.0,89734.48,89734.48,,,HOLD
2021-01-04,0.6470583769481602,0.648108734408088,0.6450501677274763,0.6461005251874041,0,0,0.0,89734.48,89734.48,,,HOLD
2021-01-05,0.6461005251874041,0.6497919659190013,0.6449807440761297,0.6486721848077269,0,0,0.0,89734.48,89734.48,,,HOLD
2021-01-06,0.6486721848077269,0.649032621787365,0.6465701244937341,0.6469305614733721,0,0,0.0,89734.48,89734.48,,,HOLD
2021-01-07,0.6469305614733721,0.6470837019446198,0.6440270595661433,0.644180200037391,0,0,0.0,89734.48,89734.48,,,HOLD
2021-01-08,0.644180200037391,0.6450597970962719,0.6401246840008264,0.6410042810597074,0,0,0.0,89734.48,89734.48,,,HOLD
2021-01-11,0.6410042810597074,0.6416638759191315,0.6393828690328907,0.6400424638923148,0,0,0.0,89734.48,89734.48,,,HOLD
2021-01-12,0.6400424638923148,0.640326376793287,0.6399074396410057,0.6401913525419779,0,0,0.0,89734.48,89734.48,,,HOLD
2021-01-13,0.6401913525419779,0.640500504842711,0.6386753719468448,0.6389845242475779,0,0,0.0,89734.48,89734.48,,,HOLD
2021-01-14,0.6389845242475779,0.6399581979157258,0.6370195151428075,0.6379931888109555,0,0,0.0,89734.48,89734.48,,,HOLD
2021-01-15,0.6379931888109555,0.6405931185688489,0.6376294300917479,0.6402293598496414,0,0,0.0,89734.48,89734.48,,,HOLD
2021-01-18,0.6402293598496414,0.6428705948707337,0.6398780246628769,0.6425192596839693,0,0,0.0,89734.48,89734.48,,,HOLD
2021-01-19,0.6425192596839693,0.6445167941556286,0.6420829256639322,0.6440804601355915,0,0,0.0,89734.48,89734.48,,,HOLD
2021-01-20,0.6440804601355915,0.6445584635091567,0.6401643317395375,0.6406423351131026,0,0,0.0,89734.48,89734.48,,,HOLD
2021-01-21,0.6406423351131026,0.6419686140822104,0.6363275100645595,0.6376537890336672,0,0,0.0,89734.48,89734.48,,,HOLD
2021-01-22,0.6376537890336672,0.6379904075436512,0.6364486120003291,0.6367852305103131,0,0,0.0,89734.48,89734.48,,,HOLD
2021-01-25,0.6367852305103131,0.6375774515395414,0.6353509398152027,0.636143160844431,0,0,0.0,89734.48,89734.48,,,HOLD
2021-01-26,0.636143160844431,0.6411425118237729,0.6355054151551516,0.6405047661344935,0,0,0.0,89734.48,89734.48,,,HOLD
2021-01-27,0.6405047661344935,0.6410888747390169,0.6362683179822796,0.636852426586803,0,0,0.0,89734.48,89734.48,,,HOLD
2021-01-28,0.636852426586803,0.6378606695837903,0.6360764042533285,0.6370846472503158,0,0,0.0,89734.48,89734.48,,,HOLD
2021-01-29,0.6370846472503158,0.6379717176320011,0.6345584408819404,0.6354455112636257,0,0,0.0,89734.48,89734.48,,,HOLD
2021-02-01,0.6354455112636257,0.6370488376881489,0.6353318169950621,0.6369351434195853,0,0,0.0,89734.48,89734.48,,,HOLD
2021-02-02,0.6369351434195853,0.6373011801747149,0.6340081878981931,0.6343742246533227,0,0,0.0,89734.48,89734.48,,,HOLD
2021-02-03,0.6343742246533227,0.6380895151767155,0.6340911032881871,0.6378063938115799,0,0,0.0,89734.48,89734.48,,,HOLD
2021-02-04,0.6378063938115799,0.641409135499362,0.6370023393740847,0.6406050810618668,0,0,0.0,89734.48,89734.48,,,HOLD
2021-02-05,0.6406050810618668,0.6409671120423073,0.6378931233048204,0.6382551542852609,0,0,0.0,89734.48,89734.48,,,HOLD
2021-02-08,0.6382551542852609,0.6392553070874761,0.637995405498938,0.6389955583011532,0,0,0.0,89734.48,89734.48,,,HOLD
2021-02-09,0.6389955583011532,0.6394297345236645,0.6360449734412116,0.6364791496637229,0,0,0.0,89734.48,89734.48,,,HOLD
2021-02-10,0.6364791496637229,0.636776193870712,0.6313620215009175,0.6316590657079066,0,0,0.0,89734.48,89734.48,,,HOLD
2021-02-11,0.6316590657079066,0.6327649411727817,0.6308122886905874,0.6319181641554624,0,0,0.0,89734.48,89734.48,,,HOLD
2021-02-12,0.6319181641554624,0.6351093588442224,0.6309227601765995,0.6341139548653595,0,0,0.0,89734.48,89734.48,,,HOLD
2021-02-15,0.6341139548653595,0.6359297758084195,0.6335828131180675,0.6353986340611275,0,0,0.0,89734.48,89734.48,,,HOLD
2021-02-16,0.6353986340611275,0.6391105924786777,0.634842825572875,0.6385547839904252,0,0,0.0,89734.48,89734.48,,,HOLD
2021-02-17,0.6385547839904252,0.6395731558816096,0.6373253714941028,0.6383437433852872,0,0,0.0,89734.48,89734.48,,,HOLD
2021-02-18,0.6383437433852872,0.6401561930801536,0.6376070862177573,0.6394195359126237,0,0,0.0,89734.48,89734.48,,,HOLD
2021-02-19,0.6394195359126237,0.6398045973754429,0.6357736355065329,0.6361586969693521,0,0,0.0,89734.48,89734.48,,,HOLD
2021-02-22,0.6361586969693521,0.6366000673818099,0.6323007205091661,0.6327420909216238,0,0,0.0,89734.48,89734.48,,,HOLD
2021-02-23,0.6327420909216238,0.6375919921876972,0.6317041488785832,0.6365540501446566,0,0,0.0,89734.48,89734.48,,,HOLD
2021-02-24,0.6365540501446566,0.6383305266630449,0.6360376011226755,0.6378140776410638,0,0,0.0,89734.48,89734.48,,,HOLD
2021-02-25,0.6378140776410638,0.6385521977944817,0.6348579760285415,0.6355960961819594,0,0,0.0,89734.48,89734.48,,,HOLD
2021-02-26,0.6355960961819594,0.6362408344869535,0.6338188543162293,0.6344635926212233,0,0,0.0,89734.48,89734.48,,,HOLD
2021-03-01,0.6344635926212233,0.6359133511425639,0.6327480963267683,0.6341978548481089,0,0,0.0,89734.48,89734.48,,,HOLD
2021-03-02,0.6341978548481089,0.635442942451138,0.6340481261979318,0.6352932138009609,0,0,0.0,89734.48,89734.48,,,HOLD
2021-03-03,0.6352932138009609,0.635944230853758,0.6337867724720175,0.6344377895248146,0,0,0.0,89734.48,89734.48,,,HOLD
2021-03-04,0.6344377895248146,0.6348940330363131,0.6322034021907202,0.6326596457022188,0,0,0.0,89734.48,89734.48,,,HOLD
2021-03-05,0.6326596457022188,0.6384560221781953,0.6317771542468092,0.6375735307227858,0,0,0.0,89734.48,89734.48,,,HOLD
2021-03-08,0.6375735307227858,0.6410210975576688,0.6369393090955099,0.6403868759303929,0,0,0.0,89734.48,89734.48,,,HOLD
2021-03-09,0.6403868759303929,0.6443211567025559,0.6395338967773159,0.6434681775494788,0,0,0.0,89734.48,89734.48,,,HOLD
2021-03-10,0.6434681775494788,0.6436067834865777,0.6414205024157033,0.6415591083528022,0,0,0.0,89734.48,89734.48,,,HOLD
2021-03-11,0.6415591083528022,0.6418153047032712,0.6395931520622692,0.6398493484127382,0,0,0.0,89734.48,89734.48,,,HOLD
2021-03-12,0.6398493484127382,0.6405585838442504,0.6388042886848571,0.6395135241163692,0,0,0.0,89734.48,89734.48,,,HOLD
2021-03-15,0.6395135241163692,0.6400529372727428,0.6365325706430522,0.6370719837994259,0,0,0.0,89734.48,89734.48,,,HOLD
2021-03-16,0.6370719837994259,0.640033113171837,0.6361220629484012,0.6390831923208123,0,0,0.0,89734.48,89734.48,,,HOLD
2021-03-17,0.6390831923208123,0.6412304041178367,0.6378969462255674,0.6400441580225917,0,0,0.0,89734.48,89734.48,,,HOLD
2021-03-18,0.6400441580225917,0.641532005524572,0.6391679895706553,0.6406558370726356,0,0,0.0,89734.48,89734.48,,,HOLD
2021-03-19,0.6406558370726356,0.6415908347930461,0.64037691004975,0.6413119077701604,0,0,0.0,89734.48,89734.48,,,HOLD
2021-03-22,0.6413119077701604,0.6432605539555555,0.6405545850321553,0.6425032312175504,0,0,0.0,89734.48,89734.48,,,HOLD
2021-03-23,0.6425032312175504,0.6454941290502157,0.6422593016359529,0.6452501994686183,0,0,0.0,89734.48,89734.48,,,HOLD
2021-03-24,0.6452501994686183,0.6456477279326879,0.6410741030806202,0.6414716315446898,0,0,0.0,89734.48,89734.48,,,HOLD
2021-03-25,0.6414716315446898,0.6430553892137891,0.6406686787096354,0.6422524363787347,0,0,0.0,89734.48,89734.48,,,HOLD
2021-03-26,0.6422524363787347,0.6458053927183893,0.6420264244469928,0.6455793807866473,0,0,0.0,89734.48,89734.48,,,HOLD
2021-03-29,0.6455793807866473,0.6461938137918126,0.6435299968462318,0.6441444298513971,0,0,0.0,89734.48,89734.48,,,HOLD
2021-03-30,0.6441444298513971,0.645948304682879,0.6439262095468985,0.6457300843783804,0,0,0.0,89734.48,89734.48,,,HOLD
2021-03-31,0.6457300843783804,0.6465783173243952,0.6452792513554408,0.6461274843014556,0,0,0.0,89734.48,89734.48,,,HOLD
2021-04-01,0.6461274843014556,0.6507416581423803,0.6451542682293511,0.6497684420702757,0,0,0.0,89734.48,89734.48,,,HOLD
2021-04-02,0.6497684420702757,0.6532217807997648,0.6494963872764397,0.6529497260059287,0,0,0.0,89734.48,89734.48,,,HOLD
2021-04-05,0.6529497260059287,0.6538000606929744,0.6484247177844095,0.6492750524714551,0,0,0.0,89734.48,89734.48,,,HOLD
2021-04-06,0.6492750524714551,0.6504579535350985,0.6482076759410549,0.6493905770046983,0,0,0.0,89734.48,89734.48,,,HOLD
2021-04-07,0.6493905770046983,0.652273708534854,0.6488688065810183,0.651751938111174,0,0,0.0,89734.48,89734.48,,,HOLD
2021-04-08,0.651751938111174,0.6556975792022685,0.6508538920280562,0.6547995331191506,0,0,0.0,89734.48,89734.48,,,HOLD
2021-04-09,0.6547995331191506,0.6554575848778113,0.6533117051536482,0.6539697569123089,0,0,0.0,89734.48,89734.48,,,HOLD
2021-04-12,0.6539697569123089,0.6550938953918064,0.6531553473183513,0.6542794857978489,0,0,0.0,89734.48,89734.48,,,HOLD
2021-04-13,0.6542794857978489,0.6562043122296394,0.6538460763452311,0.6557709027770215,0,0,0.0,89734.48,89734.48,,,HOLD
2021-04-14,0.6557709027770215,0.6566336312740793,0.6542184256270092,0.6550811541240669,0,0,0.0,89734.48,89734.48,,,HOLD
2021-04-15,0.6550811541240669,0.6575460468287351,0.6539635541736413,0.6564284468783095,0,0,0.0,89734.48,89734.48,,,HOLD
2021-04-16,0.6564284468783095,0.6593838360431361,0.6558542138789862,0.6588096030438129,0,0,0.0,89734.48,89734.48,,,HOLD
2021-04-19,0.6588096030438129,0.6598573761494989,0.6540659143417599,0.6551136874474459,0,0,0.0,89734.48,89734.48,,,HOLD
2021-04-20,0.6551136874474459,0.6586878806289251,0.6546388963796138,0.658213089561093,0,0,0.0,89734.48,89734.48,,,HOLD
2021-04-21,0.658213089561093,0.6591295736090846,0.6576406851351854,0.658557169183177,0,0,0.0,89734.48,89734.48,,,HOLD
2021-04-22,0.658557169183177,0.6603792709097557,0.6582276285480197,0.6600497302745985,0,0,0.0,89734.48,89734.48,,,HOLD
2021-04-23,0.6600497302745985,0.660232378794627,0.6592824467703862,0.6594650952904147,0,0,0.0,89734.48,89734.48,,,HOLD
2021-04-26,0.6594650952904147,0.660434345358526,0.6563478574348302,0.6573171075029414,0,0,0.0,89734.48,89734.48,,,HOLD
2021-04-27,0.6573171075029414,0.657830411049058,0.6553300400148767,0.6558433435609934,0,0,0.0,89734.48,89734.48,,,HOLD
2021-04-28,0.6558433435609934,0.6569844383714416,0.6555812398748188,0.656722334685267,0,0,0.0,89734.48,89734.48,,,HOLD
2021-04-29,0.656722334685267,0.6570652380146205,0.6524484545195094,0.6527913578488629,0,0,0.0,89734.48,89734.48,,,HOLD
2021-04-30,0.6527913578488629,0.6535650586668696,0.6502252296387883,0.650998930456795,0,0,0.0,89734.48,89734.48,,,HOLD
2021-05-03,0.650998930456795,0.6517170485905954,0.6442779395387142,0.6449960576725146,0,0,0.0,89734.48,89734.48,,,HOLD
2021-05-04,0.6449960576725146,0.6502128587138808,0.6441932121046364,0.6494100131460027,0,0,0.0,89734.48,89734.48,,,HOLD
2021-05-05,0.6494100131460027,0.6496362816106185,0.6477112839959527,0.6479375524605685,0,0,0.0,89734.48,89734.48,,,HOLD
2021-05-06,0.6479375524605685,0.6517157302114867,0.6472612952808255,0.6510394730317437,0,0,0.0,89734.48,89734.48,,,HOLD
2021-05-07,0.6510394730317437,0.6532245545107656,0.6502631535959457,0.6524482350749675,0,0,0.0,89734.48,89734.48,,,HOLD
2021-05-10,0.6524482350749675,0.6560962783784394,0.6518518920098415,0.6554999353133134,0,0,0.0,89734.48,89734.48,,,HOLD
2021-05-11,0.6554999353133134,0.656572460110792,0.6538247627013052,0.6548972874987837,0,0,0.0,89734.48,89734.48,,,HOLD
2021-05-12,0.6548972874987837,0.6568961674291406,0.6542884921372581,0.656287372067615,0,0,0.0,89734.48,89734.48,,,HOLD
2021-05-13,0.656287372067615,0.6603479192451246,0.6556242359404136,0.6596847831179232,0,0,0.0,89734.48,89734.48,,,HOLD
2021-05-14,0.6596847831179232,0.6643016226326787,0.659082240539935,0.6636990800546905,0,0,0.0,89734.48,89734.48,,,HOLD
2021-05-17,0.6636990800546905,0.6641346887359979,0.6630702494256554,0.6635058581069628,0,0,0.0,89734.48,89734.48,,,HOLD
2021-05-18,0.6635058581069628,0.6639541429312757,0.6627931087879474,0.6632413936122603,0,0,0.0,89734.48,89734.48,,,HOLD
2021-05-19,0.6632413936122603,0.6684072461336585,0.6625649954229139,0.6677308479443121,0,0,0.0,89734.48,89734.48,,,HOLD
2021-05-20,0.6677308479443121,0.6689721324016352,0.6670534580873956,0.6682947425447187,0,0,0.0,89734.48,89734.48,,,HOLD
2021-05-21,0.6682947425447187,0.6683825728973422,0.6656522423254927,0.6657400726781162,0,0,0.0,89734.48,89734.48,,,HOLD
2021-05-24,0.6657400726781162,0.6662462543430682,0.6636770248199925,0.6641832064849444,0,0,0.0,89734.48,89734.48,,,HOLD
2021-05-25,0.6641832064849444,0.6687245158546625,0.6637417084352807,0.6682830178049988,0,0,0.0,89734.48,89734.48,,,HOLD
2021-05-26,0.6682830178049988,0.6717558368709462,0.6673611707339439,0.6708339897998913,0,0,0.0,89734.48,89734.48,,,HOLD
2021-05-27,0.6708339897998913,0.6722700412937089,0.6703646559891715,0.6718007074829891,0,0,0.0,89734.48,89734.48,,,HOLD
2021-05-28,0.6718007074829891,0.6729259536243579,0.6681083219665702,0.669233568107939,0,0,0.0,89734.48,89734.48,,,HOLD
2021-05-31,0.669233568107939,0.6697737135839191,0.6616857393500875,0.6622258848260676,0,0,0.0,89734.48,89734.48,,,HOLD
2021-06-01,0.6622258848260676,0.6645649513919463,0.6614725249335192,0.6638115914993978,0,0,0.0,89734.48,89734.48,,,HOLD
2021-06-02,0.6638115914993978,0.6662821115443003,0.662488776869997,0.6649592969148994,0,0,0.0,89734.48,89734.48,,,HOLD
2021-06-03,0.6649592969148994,0.6653079560176312,0.6645315236038981,0.6648801827066299,0,0,0.0,89734.48,89734.48,,,HOLD
2021-06-04,0.6648801827066299,0.6651714991952234,0.6602548580733547,0.6605461745619483,0,0,0.0,89734.48,89734.48,,,HOLD
2021-06-07,0.6605461745619483,0.6630849020493732,0.65985848254741,0.6623972100348349,0,0,0.0,89734.48,89734.48,,,HOLD
2021-06-08,0.6623972100348349,0.6631671138149466,0.6602730073724338,0.6610429111525455,0,0,0.0,89734.48,89734.48,,,HOLD
2021-06-09,0.6610429111525455,0.6630924045990476,0.6603143804566073,0.6623638739031094,0,0,0.0,89734.48,89734.48,,,HOLD
2021-06-10,0.6623638739031094,0.6703539366407244,0.6622943421892434,0.6702844049268585,0,0,0.0,89734.48,89734.48,,,HOLD
2021-06-11,0.6702844049268585,0.6724670177662432,0.6696058083480829,0.6717884211874676,0,0,0.0,89734.48,89734.48,,,HOLD
2021-06-14,0.6717884211874676,0.6739990003251577,0.6707677839119042,0.6729783630495942,0,0,0.0,89734.48,89734.48,,,HOLD
2021-06-15,0.6729783630495942,0.6761881477190957,0.6723210407889851,0.6755308254584866,1,1,154218.44,89734.48,90116.55,0.667235,0.684691,BUY
2021-06-16,0.6755308254584866,0.6773811276049019,0.6747129393975085,0.6765632415439238,1,1,154218.44,89734.48,90275.77,0.667235,0.684691,HOLD
2021-06-17,0.6765632415439238,0.6769689075548063,0.6702976733044829,0.6707033393153654,1,1,154218.44,89734.48,89372.06,0.667235,0.684691,HOLD
2021-06-18,0.6707033393153654,0.6714018274153756,0.6686929160109115,0.6693914041109217,1,1,154218.44,89734.48,89169.74,0.667235,0.684691,HOLD
2021-06-21,0.6693914041109217,0.670266660400752,0.6661989308047032,0.6670741870945335,1,1,157851.54,88825.57,88447.95,0.663839,0.680721,BUY
2021-06-22,0.6670741870945335,0.6675783146934922,0.6616119114182539,0.6621160390172126,1,1,150043.79,87925.47,87170.28,0.661289,0.678869,BUY
2021-06-23,0.6621160390172126,0.6644694107001418,0.661684993714219,0.6640383653971481,0,1,150043.79,87925.47,87458.72,0.661289,0.678869,HOLD
2021-06-24,0.6640383653971481,0.6672939871934945,0.6633592087427305,0.6666148305390769,0,1,150043.79,87925.47,87845.3,0.661289,0.678869,HOLD
2021-06-25,0.6666148305390769,0.6674740060924128,0.6651828424117968,0.6660420179651327,0,1,150043.79,87925.47,87759.35,0.661289,0.678869,HOLD
2021-06-28,0.6660420179651327,0.6662529884626444,0.6636302969707089,0.6638412674682205,0,1,150043.79,87925.47,87429.14,0.661289,0.678869,HOLD
2021-06-29,0.6638412674682205,0.6666942996374547,0.6628706323497356,0.6657236645189699,0,1,150043.79,87925.47,87711.58,0.661289,0.678869,HOLD
2021-06-30,0.6657236645189699,0.6667314373011592,0.6636081830775317,0.664615955859721,0,1,150043.79,87925.47,87545.38,0.661289,0.678869,HOLD
2021-07-01,0.664615955859721,0.6650973808884418,0.661003591502815,0.6614850165315358,0,0,0.0,87034.97,87034.97,,,STOP
2021-07-02,0.6614850165315358,0.662095697747163,0.6593744887663576,0.6599851699819849,0,0,0.0,87034.97,87034.97,,,HOLD
2021-07-05,0.6599851699819849,0.6625695328414802,0.658969536138608,0.6615538989981034,0,0,0.0,87034.97,87034.97,,,HOLD
2021-07-06,0.6615538989981034,0.6616607945127678,0.6613481530050708,0.6614550485197352,0,0,0.0,87034.97,87034.97,,,HOLD
2021-07-07,0.6614550485197352,0.6621914066395252,0.6596634217459654,0.6603997798657554,0,0,0.0,87034.97,87034.97,,,HOLD
2021-07-08,0.6603997798657554,0.6639067700440453,0.6591952776928054,0.6627022678710953,0,0,0.0,87034.97,87034.97,,,HOLD
2021-07-09,0.6627022678710953,0.6636755761304868,0.6605990722456574,0.6615723805050489,0,0,0.0,87034.97,87034.97,,,HOLD
2021-07-12,0.6615723805050489,0.6652459720124222,0.6609538074946202,0.6646273990019935,0,0,0.0,87034.97,87034.97,,,HOLD
2021-07-13,0.6646273990019935,0.6660338039453797,0.6643757822605324,0.6657821872039186,0,0,0.0,87034.97,87034.97,,,HOLD
2021-07-14,0.6657821872039186,0.6666481307695254,0.6634602504359612,0.6643261940015681,0,0,0.0,87034.97,87034.97,,,HOLD
2021-07-15,0.6643261940015681,0.6649700862116609,0.6592852872101209,0.6599291794202137,0,0,0.0,87034.97,87034.97,,,HOLD
2021-07-16,0.6599291794202137,0.6610053374187602,0.6541508575755899,0.6552270155741364,0,0,0.0,87034.97,87034.97,,,HOLD
2021-07-19,0.6552270155741364,0.6577778080890138,0.6543174403392775,0.6568682328541549,0,0,0.0,87034.97,87034.97,,,HOLD
2021-07-20,0.6568682328541549,0.6592911798367457,0.6563042717086972,0.658727218691288,0,0,0.0,87034.97,87034.97,,,HOLD
2021-07-21,0.658727218691288,0.6599753023451522,0.6579792929327148,0.659227376586579,0,0,0.0,87034.97,87034.97,,,HOLD
2021-07-22,0.659227376586579,0.6600838042830647,0.6581257199883118,0.6589821476847975,0,0,0.0,87034.97,87034.97,,,HOLD
2021-07-23,0.6589821476847975,0.659739622794761,0.6566791846742834,0.6574366597842469,0,0,0.0,87034.97,87034.97,,,HOLD
2021-07-26,0.6574366597842469,0.6592042379394663,0.6571463659474077,0.658913944102627,0,0,0.0,87034.97,87034.97,,,HOLD
2021-07-27,0.658913944102627,0.6590845996256688,0.6581100609956334,0.6582807165186751,0,0,0.0,87034.97,87034.97,,,HOLD
2021-07-28,0.6582807165186751,0.658766674581521,0.6563939097200113,0.6568798677828572,0,0,0.0,87034.97,87034.97,,,HOLD
2021-07-29,0.6568798677828572,0.6575777557809565,0.6534009581941852,0.6540988461922844,0,0,0.0,87034.97,87034.97,,,HOLD
2021-07-30,0.6540988461922844,0.6576070100818695,0.6537276589338258,0.6572358228234109,0,0,0.0,87034.97,87034.97,,,HOLD
2021-08-02,0.6572358228234109,0.6591704253472499,0.6559023952522549,0.657836997776094,0,0,0.0,87034.97,87034.97,,,HOLD
2021-08-03,0.657836997776094,0.6586956072691244,0.6560324911511848,0.6568911006442152,0,0,0.0,87034.97,87034.97,,,HOLD
2021-08-04,0.6568911006442152,0.6573647149273596,0.6514773850763206,0.651950999359465,0,0,0.0,87034.97,87034.97,,,HOLD
2021-08-05,0.651950999359465,0.6528317697656879,0.6481498902383348,0.6490306606445577,0,0,0.0,87034.97,87034.97,,,HOLD
2021-08-06,0.6490306606445577,0.6499564875802746,0.6471481598566627,0.6480739867923796,0,0,0.0,87034.97,87034.97,,,HOLD
2021-08-09,0.6480739867923796,0.6505779025277255,0.6476010456444454,0.6501049613797913,0,0,0.0,87034.97,87034.97,,,HOLD
2021-08-10,0.6501049613797913,0.6512939692387022,0.6496392755679903,0.6508282834269011,0,0,0.0,87034.97,87034.97,,,HOLD
2021-08-11,0.6508282834269011,0.6520234657986348,0.6500965651248808,0.6512917474966144,0,0,0.0,87034.97,87034.97,,,HOLD
2021-08-12,0.6512917474966144,0.6550328570213577,0.6502626236572381,0.6540037331819814,0,0,0.0,87034.97,87034.97,,,HOLD
2021-08-13,0.6540037331819814,0.656336610008088,0.6532669350829208,0.6555998119090274,0,0,0.0,87034.97,87034.97,,,HOLD
2021-08-16,0.6555998119090274,0.6568705166050407,0.6547562584377167,0.65602696313373,0,0,0.0,87034.97,87034.97,,,HOLD
2021-08-17,0.65602696313373,0.65822855888429,0.6557530289058571,0.6579546246564171,0,0,0.0,87034.97,87034.97,,,HOLD
2021-08-18,0.6579546246564171,0.6582337397609939,0.6568937145827163,0.6571728296872931,0,0,0.0,87034.97,87034.97,,,HOLD
2021-08-19,0.6571728296872931,0.6591479034155074,0.6562546403274062,0.6582297140556206,0,0,0.0,87034.97,87034.97,,,HOLD
2021-08-20,0.6582297140556206,0.6584846291698332,0.6554845772671897,0.6557394923814023,0,0,0.0,87034.97,87034.97,,,HOLD
2021-08-23,0.6557394923814023,0.6584378852952912,0.6555283418844324,0.6582267347983214,0,0,0.0,87034.97,87034.97,,,HOLD
2021-08-24,0.6582267347983214,0.6589494843226772,0.6555129764815522,0.656235726005908,0,0,0.0,87034.97,87034.97,,,HOLD
2021-08-25,0.656235726005908,0.6571462037313758,0.6538295423950178,0.6547400201204856,0,0,0.0,87034.97,87034.97,,,HOLD
2021-08-26,0.6547400201204856,0.6570496196955555,0.6538271160201425,0.6561367155952125,0,0,0.0,87034.97,87034.97,,,HOLD
2021-08-27,0.6561367155952125,0.6571774247403609,0.6536770965756671,0.6547178057208155,0,0,0.0,87034.97,87034.97,,,HOLD
2021-08-30,0.6547178057208155,0.6578851584513349,0.6544068757260004,0.6575742284565198,0,0,0.0,87034.97,87034.97,,,HOLD
2021-08-31,0.6575742284565198,0.6579895071213593,0.6537200074054785,0.654135286070318,0,0,0.0,87034.97,87034.97,,,HOLD
2021-09-01,0.654135286070318,0.6545922197867666,0.6501233580608796,0.6505802917773282,0,0,0.0,87034.97,87034.97,,,HOLD
2021-09-02,0.6505802917773282,0.6525896762587265,0.6500524092691771,0.6520617937505754,0,0,0.0,87034.97,87034.97,,,HOLD
2021-09-03,0.6520617937505754,0.6531817740758413,0.6498486523246266,0.6509686326498926,0,0,0.0,87034.97,87034.97,,,HOLD
2021-09-06,0.6509686326498926,0.6518131101356988,0.6485739002661061,0.6494183777519122,0,0,0.0,87034.97,87034.97,,,HOLD
2021-09-07,0.6494183777519122,0.6517557516249982,0.6485042554839499,0.6508416293570358,0,0,0.0,87034.97,87034.97,,,HOLD
2021-09-08,0.6508416293570358,0.6545381640504706,0.6505031563423341,0.6541996910357689,0,0,0.0,87034.97,87034.97,,,HOLD
2021-09-09,0.6541996910357689,0.6580130242636216,0.654124813509658,0.6579381467375107,0,0,0.0,87034.97,87034.97,,,HOLD
2021-09-10,0.6579381467375107,0.6590576389958716,0.657359141604388,0.6584786338627489,0,0,0.0,87034.97,87034.97,,,HOLD
2021-09-13,0.6584786338627489,0.6611090049951288,0.6574386101446569,0.6600689812770368,0,0,0.0,87034.97,87034.97,,,HOLD
2021-09-14,0.6600689812770368,0.6629848762110904,0.6587467151368221,0.6616626100708757,0,0,0.0,87034.97,87034.97,,,HOLD
2021-09-15,0.6616626100708757,0.6624425914505363,0.6596610153062096,0.6604409966858702,0,0,0.0,87034.97,87034.97,,,HOLD
2021-09-16,0.6604409966858702,0.6653416652914548,0.6597424968875565,0.6646431654931411,0,0,0.0,87034.97,87034.97,,,HOLD
2021-09-17,0.6646431654931411,0.6655555105004373,0.6629032583097425,0.6638156033170387,0,0,0.0,87034.97,87034.97,,,HOLD
2021-09-20,0.6638156033170387,0.6641369333034812,0.6614889943067901,0.6618103242932326,0,0,0.0,87034.97,87034.97,,,HOLD
2021-09-21,0.6618103242932326,0.6631071803016182,0.6611467695062195,0.6624436255146051,0,0,0.0,87034.97,87034.97,,,HOLD
2021-09-22,0.6624436255146051,0.6627325779009379,0.6606218163867308,0.6609107687730635,0,0,0.0,87034.97,87034.97,,,HOLD
2021-09-23,0.6609107687730635,0.6619498449055559,0.6607391455689152,0.6617782217014075,0,0,0.0,87034.97,87034.97,,,HOLD
2021-09-24,0.6617782217014075,0.6632442175764609,0.6612470215252825,0.6627130174003358,0,0,0.0,87034.97,87034.97,,,HOLD
2021-09-27,0.6627130174003358,0.6636438009846368,0.6553836515796995,0.6563144351640005,0,0,0.0,87034.97,87034.97,,,HOLD
2021-09-28,0.6563144351640005,0.657115459506069,0.6538603472776902,0.6546613716197587,0,0,0.0,87034.97,87034.97,,,HOLD
2021-09-29,0.6546613716197587,0.6567526589203907,0.6539469061414236,0.6560381934420556,0,0,0.0,87034.97,87034.97,,,HOLD
2021-09-30,0.6560381934420556,0.6567338258235144,0.6557359778771101,0.6564316102585689,0,0,0.0,87034.97,87034.97,,,HOLD
2021-10-01,0.6564316102585689,0.6570712630320593,0.6512237199587733,0.6518633727322637,0,0,0.0,87034.97,87034.97,,,HOLD
2021-10-04,0.6518633727322637,0.6542216298481891,0.6511243114690363,0.6534825685849617,0,0,0.0,87034.97,87034.97,,,HOLD
2021-10-05,0.6534825685849617,0.6575506072207559,0.6533849433703214,0.6574529820061156,0,0,0.0,87034.97,87034.97,,,HOLD
2021-10-06,0.6574529820061156,0.6580167106987026,0.6527376929742787,0.6533014216668658,0,0,0.0,87034.97,87034.97,,,HOLD
2021-10-07,0.6533014216668658,0.6540835969258645,0.6491788001049805,0.6499609753639792,0,0,0.0,87034.97,87034.97,,,HOLD
2021-10-08,0.6499609753639792,0.6507144696112231,0.6441066277981335,0.6448601220453775,0,0,0.0,87034.97,87034.97,,,HOLD
2021-10-11,0.6448601220453775,0.6454406099094089,0.6399991167266623,0.6405796045906937,0,0,0.0,87034.97,87034.97,,,HOLD
2021-10-12,0.6405796045906937,0.6407452666233238,0.6394056084453824,0.6395712704780124,0,0,0.0,87034.97,87034.97,,,HOLD
2021-10-13,0.6395712704780124,0.6401775522849049,0.6385384883023653,0.6391447701092577,-1,-1,146000.88,87034.97,87086.29,0.645458,0.627574,SELL
2021-10-14,0.6391447701092577,0.6396676473444534,0.6373128184549842,0.6378356956901798,-1,-1,146000.88,87034.97,87277.41,0.645458,0.627574,HOLD
2021-10-15,0.6378356956901798,0.6394279550586115,0.6367694089696465,0.6383616683380782,-1,-1,146000.88,87034.97,87200.62,0.645458,0.627574,HOLD
2021-10-18,0.6383616683380782,0.6454394706212078,0.6373480086205673,0.6444258109036969,-1,-1,146000.88,87034.97,86315.25,0.645458,0.627574,HOLD
2021-10-19,0.6444258109036969,0.64946383258605,0.6435384593676192,0.6485764810499723,-1,-1,137805.42,86153.67,85571.35,0.650603,0.631847,SELL
2021-10-20,0.6485764810499723,0.6496576140018583,0.6475973279809488,0.6486784609328348,-1,-1,137805.42,86153.67,85557.29,0.650603,0.631847,HOLD
2021-10-21,0.6486784609328348,0.6497269526418429,0.6460587719755195,0.6471072636845276,-1,-1,137805.42,86153.67,85773.81,0.650603,0.631847,HOLD
2021-10-22,0.6471072636845276,0.6491565567748246,0.6461834158719845,0.6482327089622815,-1,-1,137805.42,86153.67,85618.72,0.650603,0.631847,HOLD
2021-10-25,0.6482327089622815,0.6493532233133271,0.6448840822122163,0.6460045965632619,-1,-1,137805.42,86153.67,85925.77,0.650603,0.631847,HOLD
2021-10-26,0.6460045965632619,0.6480321192261166,0.6454732839002523,0.6475008065631069,-1,-1,137805.42,86153.67,85719.58,0.650603,0.631847,HOLD
2021-10-27,0.6475008065631069,0.6478505253935363,0.647379324873402,0.6477290437038313,-1,-1,137805.42,86153.67,85688.13,0.650603,0.631847,HOLD
2021-10-28,0.6477290437038313,0.6520390535730344,0.6468479797905348,0.6511579896597378,-1,-1,162966.05,85281.79,84710.77,0.652887,0.637188,SELL
2021-10-29,0.6511579896597378,0.6553650214165965,0.6503976564931491,0.6546046882500077,0,0,0.0,84416.75,84416.75,,,STOP
2021-11-01,0.6546046882500077,0.6553877990025208,0.6538840997214247,0.6546672104739377,0,0,0.0,84416.75,84416.75,,,HOLD
2021-11-02,0.6546672104739377,0.6555505026142917,0.65379820549417,0.654681497634524,0,0,0.0,84416.75,84416.75,,,HOLD
2021-11-03,0.654681497634524,0.6562432408477373,0.6522742634037948,0.6538360066170081,0,0,0.0,84416.75,84416.75,,,HOLD
2021-11-04,0.6538360066170081,0.6546342192761905,0.6499277472096854,0.6507259598688677,0,0,0.0,84416.75,84416.75,,,HOLD
2021-11-05,0.6507259598688677,0.6510249772832537,0.649904663235026,0.650203680649412,0,0,0.0,84416.75,84416.75,,,HOLD
2021-11-08,0.650203680649412,0.6513159045637628,0.6441968542523301,0.6453090781666808,0,0,0.0,84416.75,84416.75,,,HOLD
2021-11-09,0.6453090781666808,0.6458223834325857,0.6444703500706358,0.6449836553365407,0,0,0.0,84416.75,84416.75,,,HOLD
2021-11-10,0.6449836553365407,0.6461706885409618,0.6443174684356386,0.6455045016400598,0,0,0.0,84416.75,84416.75,,,HOLD
2021-11-11,0.6455045016400598,0.6478780580664094,0.6449074449500285,0.6472810013763781,0,0,0.0,84416.75,84416.75,,,HOLD
2021-11-12,0.6472810013763781,0.6480003743904317,0.6435644366574705,0.6442838096715241,0,0,0.0,84416.75,84416.75,,,HOLD
2021-11-15,0.6442838096715241,0.6454937966905163,0.6434760073738337,0.6446859943928259,0,0,0.0,84416.75,84416.75,,,HOLD
2021-11-16,0.6446859943928259,0.645423398666563,0.6424171555041033,0.6431545597778403,0,0,0.0,84416.75,84416.75,,,HOLD
2021-11-17,0.6431545597778403,0.6435082166831351,0.6430443266270915,0.6433979835323863,0,0,0.0,84416.75,84416.75,,,HOLD
2021-11-18,0.6433979835323863,0.6456467548632164,0.6427130404218275,0.6449618117526577,0,0,0.0,84416.75,84416.75,,,HOLD
2021-11-19,0.6449618117526577,0.6503118381966216,0.6444418842396925,0.6497919106836565,0,0,0.0,84416.75,84416.75,,,HOLD
2021-11-22,0.6497919106836565,0.6502775293208384,0.6435837413271156,0.6440693599642975,0,0,0.0,84416.75,84416.75,,,HOLD
2021-11-23,0.6440693599642975,0.6455334280982902,0.6437891272532309,0.6452531953872236,0,0,0.0,84416.75,84416.75,,,HOLD
2021-11-24,0.6452531953872236,0.6480927011139314,0.6442488714545906,0.6470883771812984,0,0,0.0,84416.75,84416.75,,,HOLD
2021-11-25,0.6470883771812984,0.6490585349159961,0.6467312328843984,0.648701390619096,0,0,0.0,84416.75,84416.75,,,HOLD
2021-11-26,0.648701390619096,0.6526089523410137,0.6484004329257285,0.6523079946476461,0,0,0.0,84416.75,84416.75,,,HOLD
2021-11-29,0.6523079946476461,0.6531221207411502,0.6489958721826903,0.6498099982761943,0,0,0.0,84416.75,84416.75,,,HOLD
2021-11-30,0.6498099982761943,0.6500294683649844,0.6482638993227058,0.6484833694114959,0,0,0.0,84416.75,84416.75,,,HOLD
2021-12-01,0.6484833694114959,0.6487230901131407,0.6438166199349186,0.6440563406365634,0,0,0.0,84416.75,84416.75,,,HOLD
2021-12-02,0.6440563406365634,0.6442650872927156,0.6426471294708285,0.6428558761269807,0,0,0.0,84416.75,84416.75,,,HOLD
2021-12-03,0.6428558761269807,0.6457016077144682,0.6416672586568655,0.6445129902443529,0,0,0.0,84416.75,84416.75,,,HOLD
2021-12-06,0.6445129902443529,0.6477185604368918,0.6433458522465603,0.6465514224390991,0,0,0.0,84416.75,84416.75,,,HOLD
2021-12-07,0.6465514224390991,0.6470150650299641,0.6457042281080075,0.6461678706988725,0,0,0.0,84416.75,84416.75,,,HOLD
2021-12-08,0.6461678706988725,0.6515864750827314,0.6454351960688341,0.650853800452693,0,0,0.0,84416.75,84416.75,,,HOLD
2021-12-09,0.650853800452693,0.6565420237414649,0.6496631707778024,0.6553513940665743,0,0,0.0,84416.75,84416.75,,,HOLD
2021-12-10,0.6553513940665743,0.6556064029162433,0.6545655854863998,0.6548205943360688,0,0,0.0,84416.75,84416.75,,,HOLD
2021-12-13,0.6548205943360688,0.6574599684678223,0.6542962711489798,0.6569356452807333,0,0,0.0,84416.75,84416.75,,,HOLD
2021-12-14,0.6569356452807333,0.6580253740845589,0.6533007625307402,0.6543904913345657,0,0,0.0,84416.75,84416.75,,,HOLD
2021-12-15,0.6543904913345657,0.655036001214912,0.6537752013153252,0.6544207111956715,0,0,0.0,84416.75,84416.75,,,HOLD
2021-12-16,0.6544207111956715,0.6551014007748833,0.6522913172954348,0.6529720068746466,0,0,0.0,84416.75,84416.75,,,HOLD
2021-12-17,0.6529720068746466,0.6605578683602669,0.6523635851964019,0.6599494466820222,0,0,0.0,84416.75,84416.75,,,HOLD
2021-12-20,0.6599494466820222,0.6634766389914618,0.6594460423832903,0.66297323469273,0,0,0.0,84416.75,84416.75,,,HOLD
2021-12-21,0.66297323469273,0.6642081174467002,0.6624627482694698,0.66369763102344,0,0,0.0,84416.75,84416.75,,,HOLD
2021-12-22,0.66369763102344,0.6645468117710802,0.6628433003477932,0.6636924810954333,0,0,0.0,84416.75,84416.75,,,HOLD
2021-12-23,0.6636924810954333,0.6649378509731282,0.6631335845169721,0.664378954394667,0,0,0.0,84416.75,84416.75,,,HOLD
2021-12-24,0.664378954394667,0.6647074489628193,0.6625238610427993,0.6628523556109516,0,0,0.0,84416.75,84416.75,,,HOLD
2021-12-27,0.6628523556109516,0.6652047100334837,0.6622392939697992,0.6645916483923313,0,0,0.0,84416.75,84416.75,,,HOLD
2021-12-28,0.6645916483923313,0.6682851656918188,0.6634771132665839,0.6671706305660714,0,0,0.0,84416.75,84416.75,,,HOLD
2021-12-29,0.6671706305660714,0.6723419331289097,0.666747677997098,0.6719189805599363,0,0,0.0,84416.75,84416.75,,,HOLD
2021-12-30,0.6719189805599363,0.6729533460515005,0.6711522811731879,0.6721866466647521,0,0,0.0,84416.75,84416.75,,,HOLD
2021-12-31,0.6721866466647521,0.674946538162335,0.6712025608623424,0.6739624523599252,0,0,0.0,84416.75,84416.75,,,HOLD
2022-01-03,0.6739624523599252,0.6751983279301447,0.6731486441738534,0.6743845197440729,0,0,0.0,84416.75,84416.75,,,HOLD
2022-01-04,0.6743845197440729,0.6757161867988022,0.6712229875076058,0.6725546545623351,0,0,0.0,84416.75,84416.75,,,HOLD
2022-01-05,0.6725546545623351,0.6762093053258778,0.6720669652725058,0.6757216160360484,0,0,0.0,84416.75,84416.75,,,HOLD
2022-01-06,0.6757216160360484,0.676579009608612,0.6722418065613784,0.673099200133942,0,0,0.0,84416.75,84416.75,,,HOLD
2022-01-07,0.673099200133942,0.6752808471269823,0.6716683847309489,0.6738500317239893,0,0,0.0,84416.75,84416.75,,,HOLD
2022-01-10,0.6738500317239893,0.6761370889136569,0.6733326764811046,0.6756197336707722,0,0,0.0,84416.75,84416.75,,,HOLD
2022-01-11,0.6756197336707722,0.6756588689212697,0.6746035571307399,0.6746426923812374,0,0,0.0,84416.75,84416.75,,,HOLD
2022-01-12,0.6746426923812374,0.6755188313748247,0.6694414149567008,0.6703175539502881,0,0,0.0,84416.75,84416.75,,,HOLD
2022-01-13,0.6703175539502881,0.6713412648389276,0.6692197345440171,0.6702434454326566,0,0,0.0,84416.75,84416.75,,,HOLD
2022-01-14,0.6702434454326566,0.6711315428245008,0.6692529918175375,0.6701410892093818,0,0,0.0,84416.75,84416.75,,,HOLD
2022-01-17,0.6701410892093818,0.6704703854283145,0.6675614539403355,0.6678907501592682,0,0,0.0,84416.75,84416.75,,,HOLD
2022-01-18,0.6678907501592682,0.6743083450944648,0.6669026859095857,0.6733202808447822,0,0,0.0,84416.75,84416.75,,,HOLD
2022-01-19,0.6733202808447822,0.6744551965072417,0.6723308213881624,0.6734657370506218,0,0,0.0,84416.75,84416.75,,,HOLD
2022-01-20,0.6734657370506218,0.6738299882039218,0.6722103478927527,0.6725745990460527,0,0,0.0,84416.75,84416.75,,,HOLD
2022-01-21,0.6725745990460527,0.6737758326730426,0.6719295459083867,0.6731307795353767,0,0,0.0,84416.75,84416.75,,,HOLD
2022-01-24,0.6731307795353767,0.6752622253408924,0.6727267200408182,0.674858165846334,0,0,0.0,84416.75,84416.75,,,HOLD
2022-01-25,0.674858165846334,0.6777710390061612,0.6738244981749378,0.6767373713347651,0,0,0.0,84416.75,84416.75,,,HOLD
2022-01-26,0.6767373713347651,0.6809822925293302,0.6761043243966971,0.6803492455912622,0,0,0.0,84416.75,84416.75,,,HOLD
2022-01-27,0.6803492455912622,0.6845844504417661,0.6802913187089618,0.6845265235594656,0,0,0.0,84416.75,84416.75,,,HOLD
2022-01-28,0.6845265235594656,0.6881485446106808,0.6841309396649446,0.6877529607161598,0,0,0.0,84416.75,84416.75,,,HOLD
2022-01-31,0.6877529607161598,0.6888814094081275,0.6813394214882451,0.6824678701802128,0,0,0.0,84416.75,84416.75,,,HOLD
2022-02-01,0.6824678701802128,0.6828458340993996,0.6802664412781022,0.680644405197289,0,0,0.0,84416.75,84416.75,,,HOLD
2022-02-02,0.680644405197289,0.6831285097252939,0.6801297447369709,0.6826138492649758,1,1,155788.43,84416.75,84711.89,0.675301,0.691557,BUY
2022-02-03,0.6826138492649758,0.6852359942752,0.6815679414245563,0.6841900864347805,1,1,155788.43,84416.75,84957.45,0.675301,0.691557,HOLD
2022-02-04,0.6841900864347805,0.6849238947650091,0.6836425557441954,0.684376364074424,1,1,155788.43,84416.75,84986.47,0.675301,0.691557,HOLD
2022-02-07,0.684376364074424,0.6851591811853435,0.6831396002464759,0.6839224173573953,1,1,155788.43,84416.75,84915.75,0.675301,0.691557,HOLD
2022-02-08,0.6839224173573953,0.6850855828415408,0.6822195387202704,0.6833827042044158,1,1,155788.43,84416.75,84831.67,0.675301,0.691557,HOLD
2022-02-09,0.6833827042044158,0.6838533843697491,0.6796707175861257,0.680141397751459,1,1,155788.43,84416.75,84326.71,0.675301,0.691557,HOLD
2022-02-10,0.680141397751459,0.6810054517754682,0.678901804525358,0.6797658585493672,1,1,155788.43,84416.75,84268.2,0.675301,0.691557,HOLD
2022-02-11,0.6797658585493672,0.6827539225106856,0.6784952792801583,0.6814833432414766,1,1,155788.43,84416.75,84535.77,0.675301,0.691557,HOLD
2022-02-14,0.6814833432414766,0.6822433805303522,0.6805122512115006,0.6812722885003761,1,1,155788.43,84416.75,84502.89,0.675301,0.691557,HOLD
2022-02-15,0.6812722885003761,0.6824026809948356,0.6806207724339447,0.6817511649284042,1,1,155788.43,84416.75,84577.49,0.675301,0.691557,HOLD
2022-02-16,0.6817511649284042,0.683419973028665,0.6812143622428476,0.6828831703431084,1,1,155788.43,84416.75,84753.84,0.675301,0.691557,HOLD
2022-02-17,0.6828831703431084,0.6837837503673052,0.6767760429917382,0.677676623015935,1,1,155788.43,84416.75,83942.72,0.675301,0.691557,HOLD
2022-02-18,0.677676623015935,0.6794699028264193,0.6766954098130743,0.6784886896235586,1,1,155788.43,84416.75,84069.23,0.675301,0.691557,HOLD
2022-02-21,0.6784886896235586,0.682233112453237,0.6780180143637602,0.6817624371934387,1,1,155788.43,84416.75,84579.25,0.675301,0.691557,HOLD
2022-02-22,0.6817624371934387,0.6863375864548041,0.6807825803535571,0.6853577296149226,1,1,155788.43,84416.75,85139.35,0.675301,0.691557,HOLD
2022-02-23,0.6853577296149226,0.6864705941244841,0.6843056592231648,0.6854185237327263,1,1,155788.43,84416.75,85148.82,0.675301,0.691557,HOLD
2022-02-24,0.6854185237327263,0.6871492205463863,0.6844042655229117,0.6861349623365717,1,1,155788.43,84416.75,85260.44,0.675301,0.691557,HOLD
2022-02-25,0.6861349623365717,0.6868934516959126,0.6836498258586572,0.6844083152179982,1,1,155788.43,84416.75,84991.44,0.675301,0.691557,HOLD
2022-02-28,0.6844083152179982,0.6854822272935857,0.682252996622102,0.6833269086976895,1,1,155788.43,84416.75,84822.97,0.675301,0.691557,HOLD
2022-03-01,0.6833269086976895,0.6833690458130814,0.682534790807382,0.6825769279227739,1,1,155788.43,84416.75,84706.13,0.675301,0.691557,HOLD
2022-03-02,0.6825769279227739,0.6850164940256572,0.682373423059477,0.6848129891623603,1,1,155788.43,84416.75,85054.49,0.675301,0.691557,HOLD
2022-03-03,0.6848129891623603,0.6853761982164712,0.6833797903253086,0.6839429993794195,1,1,155788.43,84416.75,84918.95,0.675301,0.691557,HOLD
2022-03-04,0.6839429993794195,0.6903616919340384,0.6830167452229898,0.6894354377776087,1,1,155788.43,84416.75,85774.61,0.675301,0.691557,HOLD
2022-03-07,0.6894354377776087,0.6958488489028429,0.6883598774202008,0.694773288545435,1,1,150339.35,86093.41,86884.62,0.683784,0.700964,BUY
2022-03-08,0.694773288545435,0.6967948412649145,0.6943604889797277,0.6963820416992073,1,1,150339.35,86093.41,87126.48,0.683784,0.700964,HOLD
2022-03-09,0.6963820416992073,0.6967183241415984,0.6958399324442308,0.696176214886622,1,1,150339.35,86093.41,87095.53,0.683784,0.700964,HOLD
2022-03-10,0.696176214886622,0.6968456641331866,0.6937354628704073,0.694404912116972,1,1,150339.35,86093.41,86829.24,0.683784,0.700964,HOLD
2022-03-11,0.694404912116972,0.6945407326452295,0.6918099111884738,0.6919457317167313,1,1,150339.35,86093.41,86459.53,0.683784,0.700964,HOLD
2022-03-14,0.6919457317167313,0.6959406653530811,0.6909961820350861,0.6949911156714358,1,1,150339.35,86093.41,86917.37,0.683784,0.700964,HOLD
2022-03-15,0.6949911156714358,0.6958015582669005,0.6931853363118714,0.6939957789073361,1,1,150339.35,86093.41,86767.73,0.683784,0.700964,HOLD
2022-03-16,0.6939957789073361,0.7029503677240218,0.6927897599067435,0.7017443487234292,1,1,152734.13,87804.0,88976.01,0.688322,0.705568,BUY
2022-03-17,0.7017443487234292,0.7029075852514165,0.698566549112071,0.6997297856400583,1,1,152734.13,87804.0,88668.32,0.688322,0.705568,HOLD
2022-03-18,0.6997297856400583,0.7005299496056849,0.6982836354485861,0.6990837994142127,1,1,152734.13,87804.0,88569.66,0.688322,0.705568,HOLD
2022-03-21,0.6990837994142127,0.7000528896615125,0.6956216974397184,0.6965907876870181,1,1,152734.13,87804.0,88188.89,0.688322,0.705568,HOLD
2022-03-22,0.6965907876870181,0.7012011050613093,0.6958075980972726,0.7004179154715637,1,1,152734.13,87804.0,88773.42,0.688322,0.705568,HOLD
2022-03-23,0.7004179154715637,0.703512318317179,0.6998469603585495,0.7029413632041648,1,1,152734.13,87804.0,89158.84,0.688322,0.705568,HOLD
2022-03-24,0.7029413632041648,0.7037525275562786,0.7012541967862058,0.7020653611383196,1,1,152734.13,87804.0,89025.04,0.688322,0.705568,HOLD
2022-03-25,0.7020653611383196,0.7043426270795363,0.7015023092555329,0.7037795751967496,1,1,152734.13,87804.0,89286.86,0.688322,0.705568,HOLD
2022-03-28,0.7037795751967496,0.7088674155192266,0.7028696182713832,0.7079574585938602,1,1,149636.28,89548.62,90162.56,0.69787,0.715823,BUY
2022-03-29,0.7079574585938602,0.708903482849872,0.707239440295164,0.7081854645511758,1,1,149636.28,89548.62,90196.68,0.69787,0.715823,HOLD
2022-03-30,0.7081854645511758,0.709726103383975,0.7072773753790406,0.7088180142118398,1,1,149636.28,89548.62,90291.33,0.69787,0.715823,HOLD
2022-03-31,0.7088180142118398,0.7095453232623367,0.707074928033113,0.7078022370836099,1,1,149636.28,89548.62,90139.34,0.69787,0.715823,HOLD
2022-04-01,0.7078022370836099,0.7087537184061263,0.7002420908306733,0.7011935721531898,1,1,149636.28,89548.62,89150.44,0.69787,0.715823,HOLD
2022-04-04,0.7011935721531898,0.7030196168472714,0.6998520661827786,0.7016781108768603,1,1,149636.28,89548.62,89222.94,0.69787,0.715823,HOLD
2022-04-05,0.7016781108768603,0.7068388387484885,0.7009475727920086,0.7061083006636368,1,1,149636.28,89548.62,89885.86,0.69787,0.715823,HOLD
2022-04-06,0.7061083006636368,0.7074481665187534,0.7028231255442193,0.7041629913993359,1,1,149636.28,89548.62,89594.77,0.69787,0.715823,HOLD
2022-04-07,0.7041629913993359,0.7054707449228289,0.7025346784898329,0.7038424320133259,1,1,149636.28,89548.62,89546.81,0.69787,0.715823,HOLD
2022-04-08,0.7038424320133259,0.7085212777229474,0.7030678048493719,0.7077466505589934,1,1,149636.28,89548.62,90131.02,0.69787,0.715823,HOLD
2022-04-11,0.7077466505589934,0.7101802573905714,0.7077077032407866,0.7101413100723646,1,1,149636.28,89548.62,90489.35,0.69787,0.715823,HOLD
2022-04-12,0.7101413100723646,0.7109580553255455,0.7088955974859471,0.709712342739128,1,1,149636.28,89548.62,90425.16,0.69787,0.715823,HOLD
2022-04-13,0.709712342739128,0.7129809386384115,0.7087722629246656,0.7120408588239491,1,1,149636.28,89548.62,90773.59,0.69787,0.715823,HOLD
2022-04-14,0.7120408588239491,0.7126648431362659,0.7100033778733045,0.7106273621856213,1,1,149636.28,89548.62,90562.08,0.69787,0.715823,HOLD
2022-04-15,0.7106273621856213,0.7145705151827555,0.7100056638303689,0.7139488168275031,1,1,149636.28,89548.62,91059.09,0.69787,0.715823,HOLD
2022-04-18,0.7139488168275031,0.7171822750448239,0.7126798138134879,0.7159132720308087,1,1,152277.55,91328.37,91616.09,0.708026,0.726019,BUY
2022-04-19,0.7159132720308087,0.716513522730254,0.7147394338619888,0.7153396845614342,1,1,152277.55,91328.37,91528.75,0.708026,0.726019,HOLD
2022-04-20,0.7153396845614342,0.716414521949047,0.7136901778874469,0.7147650152750598,1,1,152277.55,91328.37,91441.24,0.708026,0.726019,HOLD
2022-04-21,0.7147650152750598,0.7177608049889976,0.7141746111353653,0.7171704008493032,1,1,152277.55,91328.37,91807.53,0.708026,0.726019,HOLD
2022-04-22,0.7171704008493032,0.7208115571163498,0.7166604122652771,0.7203015685323237,1,1,152277.55,91328.37,92284.33,0.708026,0.726019,HOLD
2022-04-25,0.7203015685323237,0.7216883504325609,0.7176302638548241,0.7190170457550612,1,1,152277.55,91328.37,92088.73,0.708026,0.726019,HOLD
2022-04-26,0.7190170457550612,0.7197056499161543,0.717972401296851,0.7186610054579441,1,1,152277.55,91328.37,92034.51,0.708026,0.726019,HOLD
2022-04-27,0.7186610054579441,0.718999688960806,0.7131994229228751,0.713538106425737,1,1,152277.55,91328.37,91254.41,0.708026,0.726019,HOLD
2022-04-28,0.713538106425737,0.7142822490683897,0.7061334440478256,0.7068775866904783,1,1,160875.0,90403.67,89320.09,0.707994,0.724852,BUY
2022-04-29,0.7068775866904783,0.7074042087099748,0.7052584357854494,0.7057850578049459,0,0,0.0,89487.57,89487.57,,,STOP
2022-05-02,0.7057850578049459,0.7080237267303159,0.705257331141376,0.707496000066746,0,0,0.0,89487.57,89487.57,,,HOLD
2022-05-03,0.707496000066746,0.7076230770796749,0.7048904210868605,0.7050174980997894,0,0,0.0,89487.57,89487.57,,,HOLD
2022-05-04,0.7050174980997894,0.7056100598229897,0.7010186931648098,0.7016112548880101,0,0,0.0,89487.57,89487.57,,,HOLD
2022-05-05,0.7016112548880101,0.7040314465158539,0.7012474036853088,0.7036675953131526,0,0,0.0,89487.57,89487.57,,,HOLD
2022-05-06,0.7036675953131526,0.7047660335712245,0.7001858423499276,0.7012842806079995,0,0,0.0,89487.57,89487.57,,,HOLD
2022-05-09,0.7012842806079995,0.7020817592759422,0.6956629625417764,0.6964604412097191,0,0,0.0,89487.57,89487.57,,,HOLD
2022-05-10,0.6964604412097191,0.7014266000555921,0.6959415701245719,0.700907728970445,0,0,0.0,89487.57,89487.57,,,HOLD
2022-05-11,0.700907728970445,0.7022059128536272,0.6997824951035565,0.7010806789867388,0,0,0.0,89487.57,89487.57,,,HOLD
2022-05-12,0.7010806789867388,0.7018982031043974,0.699396404283839,0.7002139284014977,0,0,0.0,89487.57,89487.57,,,HOLD
2022-05-13,0.7002139284014977,0.700892684088137,0.6993949605683255,0.7000737162549648,0,0,0.0,89487.57,89487.57,,,HOLD
2022-05-16,0.7000737162549648,0.7035595240624334,0.699655363313784,0.7031411711212525,0,0,0.0,89487.57,89487.57,,,HOLD
2022-05-17,0.7031411711212525,0.7039043215949001,0.7026498844493644,0.703413034923012,0,0,0.0,89487.57,89487.57,,,HOLD
2022-05-18,0.703413034923012,0.7037610668325595,0.6996701571893221,0.7000181890988696,0,0,0.0,89487.57,89487.57,,,HOLD
2022-05-19,0.7000181890988696,0.7011662154927736,0.698992223649624,0.700140250043528,0,0,0.0,89487.57,89487.57,,,HOLD
2022-05-20,0.700140250043528,0.7060335976270538,0.6991520193640812,0.705045366947607,0,0,0.0,89487.57,89487.57,,,HOLD
2022-05-23,0.705045366947607,0.7057779316606833,0.7022795211939172,0.7030120859069935,0,0,0.0,89487.57,89487.57,,,HOLD
2022-05-24,0.7030120859069935,0.7073776255061724,0.7021059817892183,0.7064715213883973,0,0,0.0,89487.57,89487.57,,,HOLD
2022-05-25,0.7064715213883973,0.7070930344060115,0.703956108319177,0.7045776213367911,0,0,0.0,89487.57,89487.57,,,HOLD
2022-05-26,0.7045776213367911,0.7054022808861058,0.7002078545455378,0.7010325140948525,0,0,0.0,89487.57,89487.57,,,HOLD
2022-05-27,0.7010325140948525,0.7018770530610189,0.6999861590002705,0.7008306979664369,0,0,0.0,89487.57,89487.57,,,HOLD
2022-05-30,0.7008306979664369,0.701595449256947,0.6943504527509736,0.6951152040414836,0,0,0.0,89487.57,89487.57,,,HOLD
2022-05-31,0.6951152040414836,0.6961252314780376,0.6945868253684845,0.6955968528050385,0,0,0.0,89487.57,89487.57,,,HOLD
2022-06-01,0.6955968528050385,0.6961182117381159,0.6899446300530692,0.6904659889861466,0,0,0.0,89487.57,89487.57,,,HOLD
2022-06-02,0.6904659889861466,0.6927888425910269,0.6896456650678526,0.6919685186727329,0,0,0.0,89487.57,89487.57,,,HOLD
2022-06-03,0.6919685186727329,0.6967053277413895,0.6910666188555878,0.6958034279242444,0,0,0.0,89487.57,89487.57,,,HOLD
2022-06-06,0.6958034279242444,0.696483649262129,0.6920490175602858,0.6927292388981704,0,0,0.0,89487.57,89487.57,,,HOLD
2022-06-07,0.6927292388981704,0.6931871118714065,0.6921798474522034,0.6926377204254395,0,0,0.0,89487.57,89487.57,,,HOLD
2022-06-08,0.6926377204254395,0.6930893804938623,0.6860474520364769,0.6864991121048997,0,0,0.0,89487.57,89487.57,,,HOLD
2022-06-09,0.6864991121048997,0.6876377169097231,0.6844913938170062,0.6856299986218296,0,0,0.0,89487.57,89487.57,,,HOLD
2022-06-10,0.6856299986218296,0.6874727386970322,0.6853561938385848,0.6871989339137874,0,0,0.0,89487.57,89487.57,,,HOLD
2022-06-13,0.6871989339137874,0.6937094863458768,0.6856639201436918,0.6921744725757812,0,0,0.0,89487.57,89487.57,,,HOLD
2022-06-14,0.6921744725757812,0.6923210082771989,0.6906113809418601,0.6907579166432778,0,0,0.0,89487.57,89487.57,,,HOLD
2022-06-15,0.6907579166432778,0.6911248852674032,0.6871198069906634,0.6874867756147889,0,0,0.0,89487.57,89487.57,,,HOLD
2022-06-16,0.6874867756147889,0.6881353190422189,0.6836015759327889,0.684250119360219,0,0,0.0,89487.57,89487.57,,,HOLD
2022-06-17,0.684250119360219,0.6849000281499913,0.682998743635325,0.6836486524250973,0,0,0.0,89487.57,89487.57,,,HOLD
2022-06-20,0.6836486524250973,0.684141043884158,0.6826455097444272,0.6831379012034878,0,0,0.0,89487.57,89487.57,,,HOLD
2022-06-21,0.6831379012034878,0.6838535455859618,0.6759655968490195,0.6766812412314934,0,0,0.0,89487.57,89487.57,,,HOLD
2022-06-22,0.6766812412314934,0.6774093673178374,0.671557367790274,0.672285493876618,0,0,0.0,89487.57,89487.57,,,HOLD
2022-06-23,0.672285493876618,0.6725893813111529,0.6682241678928328,0.6685280553273677,0,0,0.0,89487.57,89487.57,,,HOLD
2022-06-24,0.6685280553273677,0.6695363599375282,0.6600966941893309,0.6611049987994915,0,0,0.0,89487.57,89487.57,,,HOLD
2022-06-27,0.6611049987994915,0.6613249565148587,0.6592077318174693,0.6594276895328365,0,0,0.0,89487.57,89487.57,,,HOLD
2022-06-28,0.6594276895328365,0.6609329324139506,0.6576039275087079,0.659109170389822,0,0,0.0,89487.57,89487.57,,,HOLD
2022-06-29,0.659109170389822,0.6624515728369008,0.6584456014443009,0.6617880038913797,0,0,0.0,89487.57,89487.57,,,HOLD
2022-06-30,0.6617880038913797,0.662086382431687,0.6557763166458436,0.6560746951861509,0,0,0.0,89487.57,89487.57,,,HOLD
2022-07-01,0.6560746951861509,0.6564731897536111,0.6539550220528498,0.65435351662031,0,0,0.0,89487.57,89487.57,,,HOLD
2022-07-04,0.65435351662031,0.6549942592749953,0.6539993169675526,0.6546400596222379,0,0,0.0,89487.57,89487.57,,,HOLD
2022-07-05,0.6546400596222379,0.6553221250303073,0.6537728851898297,0.654454950597899,0,0,0.0,89487.57,89487.57,,,HOLD
2022-07-06,0.654454950597899,0.655322830297159,0.6497406151270398,0.6506084948262998,0,0,0.0,89487.57,89487.57,,,HOLD
2022-07-07,0.6506084948262998,0.6513677183778422,0.6500057042895709,0.6507649278411134,0,0,0.0,89487.57,89487.57,,,HOLD
2022-07-08,0.6507649278411134,0.6518745589223753,0.650045068758451,0.651154699839713,0,0,0.0,89487.57,89487.57,,,HOLD
2022-07-11,0.651154699839713,0.6518795418819501,0.6506588263728078,0.6513836684150449,0,0,0.0,89487.57,89487.57,,,HOLD
2022-07-12,0.6513836684150449,0.6527462894467447,0.6507322739785488,0.6520948950102486,0,0,0.0,89487.57,89487.57,,,HOLD
2022-07-13,0.6520948950102486,0.6568276205021728,0.6506348439816525,0.6553675694735767,0,0,0.0,89487.57,89487.57,,,HOLD
2022-07-14,0.6553675694735767,0.656317607116155,0.6537743620439788,0.6547243996865572,0,0,0.0,89487.57,89487.57,,,HOLD
2022-07-15,0.6547243996865572,0.6552039930644646,0.6517453861878973,0.6522249795658048,0,0,0.0,89487.57,89487.57,,,HOLD
2022-07-18,0.6522249795658048,0.6537812330008856,0.6518419606128796,0.6533982140479604,0,0,0.0,89487.57,89487.57,,,HOLD
2022-07-19,0.6533982140479604,0.6566074813922772,0.6533337366873039,0.6565430040316207,0,0,0.0,89487.57,89487.57,,,HOLD
2022-07-20,0.6565430040316207,0.6579156685535749,0.6560722878406867,0.6574449523626409,0,0,0.0,89487.57,89487.57,,,HOLD
2022-07-21,0.6574449523626409,0.6585267483451048,0.6555021056765613,0.6565839016590252,0,0,0.0,89487.57,89487.57,,,HOLD
2022-07-22,0.6565839016590252,0.6593928942717704,0.6557953185606504,0.6586043111733956,0,0,0.0,89487.57,89487.57,,,HOLD
2022-07-25,0.6586043111733956,0.659202208598509,0.6579043319554313,0.6585022293805447,0,0,0.0,89487.57,89487.57,,,HOLD
2022-07-26,0.6585022293805447,0.6590542034273065,0.6579551672228469,0.6585071412696086,0,0,0.0,89487.57,89487.57,,,HOLD
2022-07-27,0.6585071412696086,0.6595022786132272,0.6578554820068334,0.658850619350452,0,0,0.0,89487.57,89487.57,,,HOLD
2022-07-28,0.658850619350452,0.6594016784082739,0.657732924321396,0.6582839833792179,0,0,0.0,89487.57,89487.57,,,HOLD
2022-07-29,0.6582839833792179,0.6638176530539659,0.6574012695838541,0.6629349392586021,0,0,0.0,89487.57,89487.57,,,HOLD
2022-08-01,0.6629349392586021,0.665978068431146,0.66245690691365,0.6655000360861939,0,0,0.0,89487.57,89487.57,,,HOLD
2022-08-02,0.6655000360861939,0.667848904721187,0.6646996566096566,0.6670485252446496,0,0,0.0,89487.57,89487.57,,,HOLD
2022-08-03,0.6670485252446496,0.667675255529078,0.6666064120512772,0.6672331423357056,0,0,0.0,89487.57,89487.57,,,HOLD
2022-08-04,0.6672331423357056,0.6680191601067892,0.6660808258198628,0.6668668435909464,0,0,0.0,89487.57,89487.57,,,HOLD
2022-08-05,0.6668668435909464,0.6669687251260404,0.6617136327792643,0.6618155143143584,0,0,0.0,89487.57,89487.57,,,HOLD
2022-08-08,0.6618155143143584,0.6624162740875985,0.6607304061350183,0.6613311659082585,0,0,0.0,89487.57,89487.57,,,HOLD
2022-08-09,0.6613311659082585,0.6615129457914009,0.6595540249905886,0.659735804873731,0,0,0.0,89487.57,89487.57,,,HOLD
2022-08-10,0.659735804873731,0.6602750066400562,0.6582675897580241,0.6588067915243494,0,0,0.0,89487.57,89487.57,,,HOLD
2022-08-11,0.6588067915243494,0.6599938946531891,0.6541582741935543,0.6553453773223941,0,0,0.0,89487.57,89487.57,,,HOLD
2022-08-12,0.6553453773223941,0.656343918390171,0.6535676025704403,0.6545661436382173,0,0,0.0,89487.57,89487.57,,,HOLD
2022-08-15,0.6545661436382173,0.6574500168247722,0.6544179735595411,0.657301846746096,0,0,0.0,89487.57,89487.57,,,HOLD
2022-08-16,0.657301846746096,0.6618505057844288,0.6570859422063897,0.6616346012447225,0,0,0.0,89487.57,89487.57,,,HOLD
2022-08-17,0.6616346012447225,0.6624055351424986,0.6605332099918491,0.6613041438896251,0,0,0.0,89487.57,89487.57,,,HOLD
2022-08-18,0.6613041438896251,0.6630522487200966,0.6605173581028911,0.6622654629333626,0,0,0.0,89487.57,89487.57,,,HOLD
2022-08-19,0.6622654629333626,0.663085315867421,0.6585767430183723,0.6593965959524307,0,0,0.0,89487.57,89487.57,,,HOLD
2022-08-22,0.6593965959524307,0.6624323744607834,0.6589453923627492,0.6619811708711019,0,0,0.0,89487.57,89487.57,,,HOLD
2022-08-23,0.6619811708711019,0.666422202959952,0.6618576963350984,0.6662987284239485,0,0,0.0,89487.57,89487.57,,,HOLD
2022-08-24,0.6662987284239485,0.6685941619968708,0.6655257098018692,0.6678211433747915,0,0,0.0,89487.57,89487.57,,,HOLD
2022-08-25,0.6678211433747915,0.6678724293031308,0.6637319084340566,0.663783194362396,0,0,0.0,89487.57,89487.57,,,HOLD
2022-08-26,0.663783194362396,0.6648046588531467,0.662635953200804,0.6636574176915547,0,0,0.0,89487.57,89487.57,,,HOLD
2022-08-29,0.6636574176915547,0.6648961044049626,0.6593957827684919,0.6606344694818997,0,0,0.0,89487.57,89487.57,,,HOLD
2022-08-30,0.6606344694818997,0.6642383127239484,0.6600826766142465,0.6636865198562951,0,0,0.0,89487.57,89487.57,,,HOLD
2022-08-31,0.6636865198562951,0.6659262611844669,0.6627892890706183,0.66502903039879,0,0,0.0,89487.57,89487.57,,,HOLD
2022-09-01,0.66502903039879,0.6655702961287995,0.6610300118348778,0.6615712775648872,0,0,0.0,89487.57,89487.57,,,HOLD
2022-09-02,0.6615712775648872,0.6630520968217177,0.660654448624042,0.6621352678808725,0,0,0.0,89487.57,89487.57,,,HOLD
2022-09-05,0.6621352678808725,0.6665834170337364,0.6620797230500778,0.6665278722029416,0,0,0.0,89487.57,89487.57,,,HOLD
2022-09-06,0.6665278722029416,0.6668741033426879,0.6639313812104181,0.6642776123501644,0,0,0.0,89487.57,89487.57,,,HOLD
2022-09-07,0.6642776123501644,0.6648147401456077,0.6624042893382077,0.6629414171336511,0,0,0.0,89487.57,89487.57,,,HOLD
2022-09-08,0.6629414171336511,0.6663182427577946,0.6615435300889883,0.6649203557131318,0,0,0.0,89487.57,89487.57,,,HOLD
2022-09-09,0.6649203557131318,0.6658455648753767,0.6638415030703848,0.6647667122326297,0,0,0.0,89487.57,89487.57,,,HOLD
2022-09-12,0.6647667122326297,0.6683231503731706,0.6641334097203616,0.6676898478609025,0,0,0.0,89487.57,89487.57,,,HOLD
2022-09-13,0.6676898478609025,0.6728809054675565,0.6669021161281179,0.672093173734772,0,0,0.0,89487.57,89487.57,,,HOLD
2022-09-14,0.672093173734772,0.6728579043660552,0.6712058376501221,0.6719705682814053,0,0,0.0,89487.57,89487.57,,,HOLD
2022-09-15,0.6719705682814053,0.6729820653765806,0.670115926079478,0.6711274231746532,0,0,0.0,89487.57,89487.57,,,HOLD
2022-09-16,0.6711274231746532,0.6719924732909259,0.6658329462731933,0.666697996389466,0,0,0.0,89487.57,89487.57,,,HOLD
2022-09-19,0.666697996389466,0.6692206120756821,0.6664348455687285,0.6689574612549445,0,0,0.0,89487.57,89487.57,,,HOLD
2022-09-20,0.6689574612549445,0.6696729843099262,0.6684937291345466,0.6692092521895283,0,0,0.0,89487.57,89487.57,,,HOLD
2022-09-21,0.6692092521895283,0.6697206607476555,0.6674845606687656,0.6679959692268927,0,0,0.0,89487.57,89487.57,,,HOLD
2022-09-22,0.6679959692268927,0.6718782163046579,0.667151243274322,0.6710334903520871,0,0,0.0,89487.57,89487.57,,,HOLD
2022-09-23,0.6710334903520871,0.6730353912949845,0.6702406211725517,0.672242522115449,0,0,0.0,89487.57,89487.57,,,HOLD
2022-09-26,0.672242522115449,0.6730026190617652,0.6719024643407225,0.6726625612870387,0,0,0.0,89487.57,89487.57,,,HOLD
2022-09-27,0.6726625612870387,0.6729073721914758,0.6719234754178323,0.6721682863222693,0,0,0.0,89487.57,89487.57,,,HOLD
2022-09-28,0.6721682863222693,0.6727564636291562,0.6700318706884552,0.670620047995342,0,0,0.0,89487.57,89487.57,,,HOLD
2022-09-29,0.670620047995342,0.6781179436750773,0.6696247472565626,0.6771226429362979,0,0,0.0,89487.57,89487.57,,,HOLD
2022-09-30,0.6771226429362979,0.683199906143294,0.6759847565518722,0.6820620197588683,0,0,0.0,89487.57,89487.57,,,HOLD
2022-10-03,0.6820620197588683,0.6842384703413428,0.6819418212289379,0.6841182718114124,0,0,0.0,89487.57,89487.57,,,HOLD
2022-10-04,0.6841182718114124,0.6844324671216263,0.6816604951163974,0.6819746904266113,0,0,0.0,89487.57,89487.57,,,HOLD
2022-10-05,0.6819746904266113,0.6826247067400358,0.679684152825631,0.6803341691390555,0,0,0.0,89487.57,89487.57,,,HOLD
2022-10-06,0.6803341691390555,0.6812811178313791,0.6794821757487672,0.6804291244410908,0,0,0.0,89487.57,89487.57,,,HOLD
2022-10-07,0.6804291244410908,0.6808598155320007,0.6794784090931676,0.6799091001840775,0,0,0.0,89487.57,89487.57,,,HOLD
2022-10-10,0.6799091001840775,0.6808382838738014,0.6779513863196661,0.6788805700093901,0,0,0.0,89487.57,89487.57,,,HOLD
2022-10-11,0.6788805700093901,0.6803108200287407,0.6757637277303519,0.6771939777497025,0,0,0.0,89487.57,89487.57,,,HOLD
2022-10-12,0.6771939777497025,0.6786107784197464,0.6769911133370978,0.6784079140071417,0,0,0.0,89487.57,89487.57,,,HOLD
2022-10-13,0.6784079140071417,0.6827370311664379,0.677914994487157,0.6822441116464532,0,0,0.0,89487.57,89487.57,,,HOLD
2022-10-14,0.6822441116464532,0.688081009682697,0.6817220618901045,0.6875589599263484,0,0,0.0,89487.57,89487.57,,,HOLD
2022-10-17,0.6875589599263484,0.6919081197577963,0.6867461982299039,0.6910953580613518,0,0,0.0,89487.57,89487.57,,,HOLD
2022-10-18,0.6910953580613518,0.6919610675181397,0.6909320948879097,0.6917978043446976,0,0,0.0,89487.57,89487.57,,,HOLD
2022-10-19,0.6917978043446976,0.692293946509839,0.6885782872434397,0.6890744294085811,0,0,0.0,89487.57,89487.57,,,HOLD
2022-10-20,0.6890744294085811,0.6926396716275787,0.6880346522231284,0.691599894442126,0,0,0.0,89487.57,89487.57,,,HOLD
2022-10-21,0.691599894442126,0.6924304807963002,0.6870019419044798,0.687832528258654,0,0,0.0,89487.57,89487.57,,,HOLD
2022-10-24,0.687832528258654,0.689012132087636,0.6857809200833158,0.6869605239122978,0,0,0.0,89487.57,89487.57,,,HOLD
2022-10-25,0.6869605239122978,0.6884213922789018,0.6857064718768943,0.6871673402434982,0,0,0.0,89487.57,89487.57,,,HOLD
2022-10-26,0.6871673402434982,0.6914018844935111,0.6862619187939445,0.6904964630439574,0,0,0.0,89487.57,89487.57,,,HOLD
2022-10-27,0.6904964630439574,0.6916966973274102,0.6902794131412332,0.691479647424686,0,0,0.0,89487.57,89487.57,,,HOLD
2022-10-28,0.691479647424686,0.6918051624154017,0.6892340227092106,0.6895595376999263,1,1,159507.14,89487.57,89169.33,0.685944,0.702775,BUY
2022-10-31,0.6895595376999263,0.6905941232417648,0.6891085967011835,0.6901431822430221,1,1,159507.14,89487.57,89262.43,0.685944,0.702775,HOLD
2022-11-01,0.6901431822430221,0.6961827750344006,0.6896220355416749,0.6956616283330535,1,1,159507.14,89487.57,90142.66,0.685944,0.702775,HOLD
2022-11-02,0.6956616283330535,0.6963966088370787,0.6932257334333364,0.6939607139373616,1,1,159507.14,89487.57,89871.35,0.685944,0.702775,HOLD
2022-11-03,0.6939607139373616,0.6942159099915923,0.6926169947161741,0.6928721907704048,1,1,159507.14,89487.57,89697.72,0.685944,0.702775,HOLD
2022-11-04,0.6928721907704048,0.6964064079952261,0.6916610603598732,0.6951952775846945,1,1,159507.14,89487.57,90068.27,0.685944,0.702775,HOLD
2022-11-07,0.6951952775846945,0.6973880545161583,0.6942820240177165,0.6964748009491804,1,1,159507.14,89487.57,90272.37,0.685944,0.702775,HOLD
2022-11-08,0.6964748009491804,0.6978255851394718,0.6943899537594383,0.6957407379497298,1,1,159507.14,89487.57,90155.28,0.685944,0.702775,HOLD
2022-11-09,0.6957407379497298,0.696429541263754,0.6955105757806889,0.6961993790947131,1,1,159507.14,89487.57,90228.43,0.685944,0.702775,HOLD
2022-11-10,0.6961993790947131,0.6962154174932158,0.6929958485981385,0.6930118869966412,1,1,159507.14,89487.57,89720.01,0.685944,0.702775,HOLD
2022-11-11,0.6930118869966412,0.6936015265580895,0.6923964787381318,0.6929861182995801,1,1,159507.14,89487.57,89715.9,0.685944,0.702775,HOLD
2022-11-14,0.6929861182995801,0.6956078235193086,0.691840266078449,0.6944619712981774,1,1,159507.14,89487.57,89951.3,0.685944,0.702775,HOLD
2022-11-15,0.6944619712981774,0.6949700597375986,0.6931207511639872,0.6936288396034084,1,1,159507.14,89487.57,89818.41,0.685944,0.702775,HOLD
2022-11-16,0.6936288396034084,0.6941009356803789,0.6912140039945522,0.6916861000715228,1,1,159507.14,89487.57,89508.53,0.685944,0.702775,HOLD
2022-11-17,0.6916861000715228,0.6984923601576666,0.6914253089563235,0.6982315690424673,1,1,159507.14,89487.57,90552.58,0.685944,0.702775,HOLD
2022-11-18,0.6982315690424673,0.7000807777456366,0.6979324005632711,0.6997816092664404,1,1,159507.14,89487.57,90799.83,0.685944,0.702775,HOLD
2022-11-21,0.6997816092664404,0.700562479536218,0.6989014642063394,0.6996823344761169,1,1,159507.14,89487.57,90783.99,0.685944,0.702775,HOLD
2022-11-22,0.6996823344761169,0.7009114156943608,0.6976619070566542,0.698890988274898,1,1,159507.14,89487.57,90657.76,0.685944,0.702775,HOLD
2022-11-23,0.698890988274898,0.7008978370299147,0.6983055338289826,0.7003123825839993,1,1,159507.14,89487.57,90884.49,0.685944,0.702775,HOLD
2022-11-24,0.7003123825839993,0.7037812578537951,0.6994556269179908,0.7029245021877866,1,1,205587.68,91265.35,91786.95,0.695948,0.709266,BUY
2022-11-25,0.7029245021877866,0.7033962673492263,0.6968229802867839,0.6972947454482237,1,1,205587.68,91265.35,90629.55,0.695948,0.709266,HOLD
2022-11-28,0.6972947454482237,0.7000817716470245,0.6961589437520271,0.6989459699508279,1,1,205587.68,91265.35,90969.02,0.695948,0.709266,HOLD
2022-11-29,0.6989459699508279,0.6998576972717749,0.6973926638161487,0.6983043911370957,1,1,205587.68,91265.35,90837.12,0.695948,0.709266,HOLD
2022-11-30,0.6983043911370957,0.6988218631686394,0.6948134515315213,0.6953309235630649,1,1,176678.01,90337.28,89798.68,0.693266,0.708606,BUY
2022-12-01,0.6953309235630649,0.6990357556811991,0.6942771942617709,0.6979820263799051,1,1,176678.01,90337.28,90267.08,0.693266,0.708606,HOLD
2022-12-02,0.6979820263799051,0.7006364905046086,0.6974237903606145,0.700078254485318,1,1,176678.01,90337.28,90637.43,0.693266,0.708606,HOLD
2022-12-05,0.700078254485318,0.7007930839018968,0.6989880628071886,0.6997028922237674,1,1,176678.01,90337.28,90571.12,0.693266,0.708606,HOLD
2022-12-06,0.6997028922237674,0.700485064879161,0.6963787684988136,0.6971609411542072,1,1,176678.01,90337.28,90122.01,0.693266,0.708606,HOLD
2022-12-07,0.6971609411542072,0.6972188390531994,0.6926507866936211,0.6927086845926133,1,1,168956.08,89420.66,88655.75,0.691943,0.707821,BUY
2022-12-08,0.6927086845926133,0.6954025574250247,0.6919479144111486,0.69464178724356,0,1,168956.08,89420.66,88982.36,0.691943,0.707821,HOLD
2022-12-09,0.69464178724356,0.7006906694736561,0.6937942494062833,0.6998431316363795,0,1,168956.08,89420.66,89861.16,0.691943,0.707821,HOLD
2022-12-12,0.6998431316363795,0.7018122818447957,0.699757371397346,0.7017265216057622,0,1,168956.08,89420.66,90179.37,0.691943,0.707821,HOLD
2022-12-13,0.7017265216057622,0.7029576188249124,0.7008646227082126,0.7020957199273627,0,1,168956.08,89420.66,90241.75,0.691943,0.707821,HOLD
2022-12-14,0.7020957199273627,0.702974051323844,0.6957729522644355,0.6966512836609168,0,1,168956.08,89420.66,89321.88,0.691943,0.707821,HOLD
2022-12-15,0.6966512836609168,0.6976948743689007,0.6924887050348301,0.6935322957428139,0,1,168956.08,89420.66,88794.9,0.691943,0.707821,HOLD
2022-12-16,0.6935322957428139,0.6942958971498511,0.6932660309152145,0.6940296323222517,0,1,168956.08,89420.66,88878.93,0.691943,0.707821,HOLD
2022-12-19,0.6940296323222517,0.6981027823253612,0.6937126410262536,0.6977857910293631,0,1,168956.08,89420.66,89513.56,0.691943,0.707821,HOLD
2022-12-20,0.6977857910293631,0.6984228042834906,0.6960704366845433,0.6967074499386707,0,1,168956.08,89420.66,89331.37,0.691943,0.707821,HOLD
2022-12-21,0.6967074499386707,0.700022381353453,0.6963268441262448,0.699641775541027,0,1,168956.08,89420.66,89827.14,0.691943,0.707821,HOLD
2022-12-22,0.699641775541027,0.70548339197784,0.6989133034496181,0.7047549198864311,0,1,168956.08,89420.66,90691.04,0.691943,0.707821,HOLD
2022-12-23,0.7047549198864311,0.7055748534990489,0.702279218742043,0.7030991523546608,0,1,168956.08,89420.66,90411.28,0.691943,0.707821,HOLD
2022-12-26,0.7030991523546608,0.7039965159015421,0.6961855802541687,0.69708294380105,0,1,168956.08,89420.66,89394.81,0.691943,0.707821,HOLD
2022-12-27,0.69708294380105,0.6980072242644746,0.6970711274224272,0.6979954078858518,0,1,168956.08,89420.66,89548.97,0.691943,0.707821,HOLD
2022-12-28,0.6979954078858518,0.6989579929135666,0.6946503699646808,0.6956129549923956,0,1,168956.08,89420.66,89146.44,0.691943,0.707821,HOLD
2022-12-29,0.6956129549923956,0.6999008494368245,0.6951339165399365,0.6994218109843654,0,1,168956.08,89420.66,89789.97,0.691943,0.707821,HOLD
2022-12-30,0.6994218109843654,0.7031930334508215,0.6981740106276616,0.7019452330941177,0,1,168956.08,89420.66,90216.32,0.691943,0.707821,HOLD
2023-01-02,0.7019452330941177,0.7031163247520692,0.7011193393137691,0.7022904309717206,0,1,168956.08,89420.66,90274.64,0.691943,0.707821,HOLD
2023-01-03,0.7022904309717206,0.7033294385731654,0.6966249734333114,0.6976639810347562,0,1,168956.08,89420.66,89492.98,0.691943,0.707821,HOLD
2023-01-04,0.6976639810347562,0.6992633606540823,0.6970247536269792,0.6986241332463053,0,1,168956.08,89420.66,89655.2,0.691943,0.707821,HOLD
2023-01-05,0.6986241332463053,0.7007718363315506,0.6977157464402172,0.6998634495254624,0,1,168956.08,89420.66,89864.59,0.691943,0.707821,HOLD
2023-01-06,0.6998634495254624,0.702063138945757,0.6990979501868677,0.7012976396071623,0,1,168956.08,89420.66,90106.91,0.691943,0.707821,HOLD
2023-01-09,0.7012976396071623,0.7024237378328203,0.6991741920971671,0.7003002903228251,0,1,168956.08,89420.66,89938.4,0.691943,0.707821,HOLD
2023-01-10,0.7003002903228251,0.7024844685571296,0.6993934199480323,0.7015775981823368,0,1,168956.08,89420.66,90154.21,0.691943,0.707821,HOLD
2023-01-11,0.7015775981823368,0.7032848833485815,0.7008167486839023,0.7025240338501471,0,1,168956.08,89420.66,90314.11,0.691943,0.707821,HOLD
2023-01-12,0.7025240338501471,0.7034730474474193,0.6983440342525576,0.6992930478498299,0,1,168956.08,89420.66,89768.22,0.691943,0.707821,HOLD
2023-01-13,0.6992930478498299,0.7008930680953768,0.6985122612801188,0.7001122815256656,0,1,168956.08,89420.66,89906.63,0.691943,0.707821,HOLD
2023-01-16,0.7001122815256656,0.7015666888984652,0.6991549187755725,0.700609326148372,0,1,168956.08,89420.66,89990.61,0.691943,0.707821,HOLD
2023-01-17,0.700609326148372,0.7016298685499648,0.6989255759963242,0.699946118397917,0,1,168956.08,89420.66,89878.56,0.691943,0.707821,HOLD
2023-01-18,0.699946118397917,0.7008440753999665,0.6981932752149519,0.6990912322170014,0,1,168956.08,89420.66,89734.12,0.691943,0.707821,HOLD
2023-01-19,0.6990912322170014,0.7002601973385659,0.6988007464220803,0.6999697115436448,0,1,168956.08,89420.66,89882.54,0.691943,0.707821,HOLD
2023-01-20,0.6999697115436448,0.7091754967029724,0.6992932965428927,0.7084990817022203,0,0,0.0,91196.4,91196.4,,,TARGET
2023-01-23,0.7084990817022203,0.7117151656915479,0.7075907744753775,0.7108068584647051,0,0,0.0,91196.4,91196.4,,,HOLD
2023-01-24,0.7108068584647051,0.7117149422655846,0.7074758380959459,0.7083839218968254,0,0,0.0,91196.4,91196.4,,,HOLD
2023-01-25,0.7083839218968254,0.7090546788843161,0.7041027938850757,0.7047735508725663,0,0,0.0,91196.4,91196.4,,,HOLD
2023-01-26,0.7047735508725663,0.707174667297579,0.7042438986598571,0.7066450150848699,0,0,0.0,91196.4,91196.4,,,HOLD
2023-01-27,0.7066450150848699,0.7105891521879685,0.7055311147273454,0.709475251830444,0,0,0.0,91196.4,91196.4,,,HOLD
2023-01-30,0.709475251830444,0.7102476318254839,0.7083978638188034,0.7091702438138433,0,0,0.0,91196.4,91196.4,,,HOLD
2023-01-31,0.7091702438138433,0.7096124827746922,0.7067679178249145,0.7072101567857635,0,0,0.0,91196.4,91196.4,,,HOLD
2023-02-01,0.7072101567857635,0.7119681540324018,0.7066595178516506,0.7114175150982889,0,0,0.0,91196.4,91196.4,,,HOLD
2023-02-02,0.7114175150982889,0.7148766082916892,0.7103170653527174,0.7137761585461178,0,0,0.0,91196.4,91196.4,,,HOLD
2023-02-03,0.7137761585461178,0.7162645130588389,0.7129821819316886,0.7154705364444097,0,0,0.0,91196.4,91196.4,,,HOLD
2023-02-06,0.7154705364444097,0.7165539946598458,0.7141660491106714,0.7152495073261075,1,1,153282.04,91196.4,91151.02,0.709596,0.727445,BUY
2023-02-07,0.7152495073261075,0.7155915139342222,0.7120261957250512,0.7123682023331659,1,1,153282.04,91196.4,90709.37,0.709596,0.727445,HOLD
2023-02-08,0.7123682023331659,0.7136378141793418,0.7122450015353778,0.7135146133815538,1,1,153282.04,91196.4,90885.1,0.709596,0.727445,HOLD
2023-02-09,0.7135146133815538,0.7158682192015628,0.7134592715472134,0.7158128773672225,1,1,153282.04,91196.4,91237.38,0.709596,0.727445,HOLD
2023-02-10,0.7158128773672225,0.7170836209108795,0.7139904185734698,0.7152611621171268,1,1,153282.04,91196.4,91152.81,0.709596,0.727445,HOLD
2023-02-13,0.7152611621171268,0.7165719792718445,0.711309971115808,0.7126207882705257,1,1,153282.04,91196.4,90748.09,0.709596,0.727445,HOLD
2023-02-14,0.7126207882705257,0.7134298189806467,0.707558670665414,0.7083677013755351,1,1,169135.18,90272.94,89540.91,0.707358,0.72337,BUY
2023-02-15,0.7083677013755351,0.7085139755902509,0.7040190349655523,0.7041653091802681,1,1,162323.18,89357.52,88663.2,0.702938,0.719453,BUY
2023-02-16,0.7041653091802681,0.70866967908761,0.7038717203623717,0.7083760902697136,0,1,162323.18,89357.52,89346.71,0.702938,0.719453,HOLD
2023-02-17,0.7083760902697136,0.7092308807281704,0.7061709460346883,0.7070257364931452,0,1,162323.18,89357.52,89127.52,0.702938,0.719453,HOLD
2023-02-20,0.7070257364931452,0.709388173556776,0.7069529915438046,0.7093154286074355,0,1,162323.18,89357.52,89499.19,0.702938,0.719453,HOLD
2023-02-21,0.7093154286074355,0.7106235624552579,0.707974447109181,0.7092825809570035,0,1,162323.18,89357.52,89493.86,0.702938,0.719453,HOLD
2023-02-22,0.7092825809570035,0.7100638442069848,0.7084008743245325,0.7091821375745138,0,1,162323.18,89357.52,89477.55,0.702938,0.719453,HOLD
2023-02-23,0.7091821375745138,0.7125544297833314,0.7087253644344098,0.7120976566432274,0,1,162323.18,89357.52,89950.81,0.702938,0.719453,HOLD
2023-02-24,0.7120976566432274,0.7154194525992341,0.7115834553055779,0.7149052512615846,0,1,162323.18,89357.52,90406.55,0.702938,0.719453,HOLD
2023-02-27,0.7149052512615846,0.7155075670365008,0.7139282990715529,0.7145306148464691,0,1,162323.18,89357.52,90345.73,0.702938,0.719453,HOLD
2023-02-28,0.7145306148464691,0.7162018417832574,0.7125540441606459,0.7142252710974343,0,1,162323.18,89357.52,90296.17,0.702938,0.719453,HOLD
2023-03-01,0.7142252710974343,0.714855271153665,0.7113996675588892,0.7120296676151199,0,1,162323.18,89357.52,89939.77,0.702938,0.719453,HOLD
2023-03-02,0.7120296676151199,0.7144303294722583,0.7115675134819542,0.7139681753390926,0,1,162323.18,89357.52,90254.44,0.702938,0.719453,HOLD
2023-03-03,0.7139681753390926,0.714304461157576,0.70985721344688,0.7101934992653633,0,1,162323.18,89357.52,89641.72,0.702938,0.719453,HOLD
2023-03-06,0.7101934992653633,0.7109474896674451,0.7083521714538245,0.7091061618559062,0,1,162323.18,89357.52,89465.22,0.702938,0.719453,HOLD
2023-03-07,0.7091061618559062,0.7119130173130318,0.7089329526667049,0.7117398081238304,0,1,162323.18,89357.52,89892.72,0.702938,0.719453,HOLD
2023-03-08,0.7117398081238304,0.7126482479666044,0.7092219562794916,0.7101303961222656,0,1,162323.18,89357.52,89631.48,0.702938,0.719453,HOLD
2023-03-09,0.7101303961222656,0.7131570084880087,0.7099045031115438,0.7129311154772869,0,1,162323.18,89357.52,90086.1,0.702938,0.719453,HOLD
2023-03-10,0.7129311154772869,0.7139731668111268,0.7082423601931858,0.7092844115270256,0,1,162323.18,89357.52,89494.15,0.702938,0.719453,HOLD
2023-03-13,0.7092844115270256,0.709656215498102,0.7075425473279758,0.7079143512990522,0,1,162323.18,89357.52,89271.76,0.702938,0.719453,HOLD
2023-03-14,0.7079143512990522,0.7110905865903603,0.707199033241261,0.710375268532569,0,1,162323.18,89357.52,89671.23,0.702938,0.719453,HOLD
2023-03-15,0.710375268532569,0.7157989570265222,0.7091389672537977,0.7145626557477508,0,1,162323.18,89357.52,90350.94,0.702938,0.719453,HOLD
2023-03-16,0.7145626557477508,0.7152696470696724,0.7113766584466399,0.7120836497685615,0,1,162323.18,89357.52,89948.53,0.702938,0.719453,HOLD
2023-03-17,0.7120836497685615,0.7129322065341419,0.7057558845687044,0.7066044413342848,0,1,162323.18,89357.52,89059.13,0.702938,0.719453,HOLD
2023-03-20,0.7066044413342848,0.7115174177567114,0.7054387597454567,0.7103517361678833,0,1,162323.18,89357.52,89667.41,0.702938,0.719453,HOLD
2023-03-21,0.7103517361678833,0.7134193060472327,0.7094700570633764,0.7125376269427258,0,1,162323.18,89357.52,90022.23,0.702938,0.719453,HOLD
2023-03-22,0.7125376269427258,0.7132773508323316,0.7111519468579732,0.711891670747579,0,1,162323.18,89357.52,89917.37,0.702938,0.719453,HOLD
2023-03-23,0.711891670747579,0.7140950796174591,0.7115159835182628,0.713719392388143,0,1,162323.18,89357.52,90214.05,0.702938,0.719453,HOLD
2023-03-24,0.713719392388143,0.7159697059993941,0.7131778660883629,0.715428179699614,0,1,162323.18,89357.52,90491.43,0.702938,0.719453,HOLD
2023-03-27,0.715428179699614,0.716800110850345,0.7147564454707295,0.7161283766214604,0,1,162323.18,89357.52,90605.09,0.702938,0.719453,HOLD
2023-03-28,0.7161283766214604,0.7221094739935771,0.7151815670646609,0.7211626644367775,0,0,0.0,91132.5,91132.5,,,TARGET
2023-03-29,0.7211626644367775,0.7261470661437568,0.7203895406441423,0.7253739423511216,0,0,0.0,91132.5,91132.5,,,HOLD
2023-03-30,0.7253739423511216,0.7260778723400024,0.723169167085001,0.7238730970738818,0,0,0.0,91132.5,91132.5,,,HOLD
2023-03-31,0.7238730970738818,0.7243775704038045,0.7217522830709018,0.7222567564008244,0,0,0.0,91132.5,91132.5,,,HOLD
2023-04-03,0.7222567564008244,0.7255058405478789,0.7213296871370461,0.7245787712841006,0,0,0.0,91132.5,91132.5,,,HOLD
2023-04-04,0.7245787712841006,0.7274103590650915,0.7237915416785722,0.7266231294595631,1,1,150140.46,91132.5,91428.18,0.718584,0.736793,BUY
2023-04-05,0.7266231294595631,0.7266898755120211,0.7264098587790657,0.7264766048315238,1,1,150140.46,91132.5,91406.18,0.718584,0.736793,HOLD
2023-04-06,0.7264766048315238,0.7272712128316999,0.7218124314676916,0.7226070394678678,1,1,150140.46,91132.5,90825.2,0.718584,0.736793,HOLD
2023-04-07,0.7226070394678678,0.7240127890218364,0.7202651167540738,0.7216708663080424,1,1,150140.46,91132.5,90684.65,0.718584,0.736793,HOLD
2023-04-10,0.7216708663080424,0.7224834914530178,0.7198356580794351,0.7206482832244104,1,1,150140.46,91132.5,90531.12,0.718584,0.736793,HOLD
2023-04-11,0.7206482832244104,0.7217505725427592,0.7191222520382776,0.7202245413566264,1,1,150140.46,91132.5,90467.49,0.718584,0.736793,HOLD
2023-04-12,0.7202245413566264,0.7225771501025459,0.7192599296761649,0.7216125384220844,1,1,150140.46,91132.5,90675.89,0.718584,0.736793,HOLD
2023-04-13,0.7216125384220844,0.7250523984293322,0.7209216864744146,0.7243615464816624,1,1,150140.46,91132.5,91088.63,0.718584,0.736793,HOLD
2023-04-14,0.7243615464816624,0.7312059186764279,0.7236232177805104,0.7304675899752759,1,1,150140.46,91132.5,92005.39,0.718584,0.736793,HOLD
2023-04-17,0.7304675899752759,0.7322324837804127,0.7294995379733814,0.7312644317785182,1,1,150140.46,91132.5,92125.03,0.718584,0.736793,HOLD
2023-04-18,0.7312644317785182,0.7324051185951073,0.7303647618526138,0.7315054486692029,1,1,150140.46,91132.5,92161.21,0.718584,0.736793,HOLD
2023-04-19,0.7315054486692029,0.7322103346135846,0.7231614997258837,0.7238663856702655,1,1,150140.46,91132.5,91014.28,0.718584,0.736793,HOLD
2023-04-20,0.7238663856702655,0.7250993935431642,0.7230308562653546,0.7242638641382533,1,1,150140.46,91132.5,91073.96,0.718584,0.736793,HOLD
2023-04-21,0.7242638641382533,0.7248560917582604,0.7241892972067238,0.7247815248267309,1,1,150140.46,91132.5,91151.68,0.718584,0.736793,HOLD
2023-04-24,0.7247815248267309,0.7255998570179609,0.7212212767083899,0.7220396088996199,1,1,150140.46,91132.5,90740.01,0.718584,0.736793,HOLD
2023-04-25,0.7220396088996199,0.7226035818689626,0.7213890609986118,0.7219530339679544,1,1,150140.46,91132.5,90727.01,0.718584,0.736793,HOLD
2023-04-26,0.7219530339679544,0.7226318981109586,0.7190388406687653,0.7197177048117696,1,1,150140.46,91132.5,90391.4,0.718584,0.736793,HOLD
2023-04-27,0.7197177048117696,0.7224535428423126,0.71863775793913,0.721373595969673,0,1,150140.46,91132.5,90640.01,0.718584,0.736793,HOLD
2023-04-28,0.721373595969673,0.7221388725818136,0.7201139541058029,0.7208792307179436,0,1,150140.46,91132.5,90565.79,0.718584,0.736793,HOLD
2023-05-01,0.7208792307179436,0.7221885887377768,0.7188699190613026,0.7201792770811358,0,1,150140.46,91132.5,90460.7,0.718584,0.736793,HOLD
2023-05-02,0.7201792770811358,0.721911725396817,0.7196564191007437,0.7213888674164249,0,1,150140.46,91132.5,90642.31,0.718584,0.736793,HOLD
2023-05-03,0.7213888674164249,0.7220780478501884,0.721324443773413,0.7220136242071764,0,1,150140.46,91132.5,90736.11,0.718584,0.736793,HOLD
2023-05-04,0.7220136242071764,0.7228344364976251,0.7203721493111589,0.7211929616016076,0,1,150140.46,91132.5,90612.89,0.718584,0.736793,HOLD
2023-05-05,0.7211929616016076,0.7213360549541149,0.7208754806749328,0.7210185740274401,0,1,150140.46,91132.5,90586.71,0.718584,0.736793,HOLD
2023-05-08,0.7210185740274401,0.7236889553965442,0.719640829389458,0.7223112107585621,0,1,150140.46,91132.5,90780.79,0.718584,0.736793,HOLD
2023-05-09,0.7223112107585621,0.726072730601682,0.7214863388304846,0.7252478586736045,0,1,150140.46,91132.5,91221.7,0.718584,0.736793,HOLD
2023-05-10,0.7252478586736045,0.7256496682472623,0.7222895584566495,0.7226913680303073,0,1,150140.46,91132.5,90837.86,0.718584,0.736793,HOLD
2023-05-11,0.7226913680303073,0.7237634621638697,0.719171298008725,0.7202433921422874,0,1,150140.46,91132.5,90470.32,0.718584,0.736793,HOLD
2023-05-12,0.7202433921422874,0.7208808160273672,0.7194934601828505,0.7201308840679304,0,1,150140.46,91132.5,90453.43,0.718584,0.736793,HOLD
2023-05-15,0.7201308840679304,0.7221934028160898,0.7196689053987498,0.7217314241469093,0,1,150140.46,91132.5,90693.74,0.718584,0.736793,HOLD
2023-05-16,0.7217314241469093,0.7224705492000759,0.7192237303997522,0.7199628554529188,0,1,150140.46,91132.5,90428.2,0.718584,0.736793,HOLD
2023-05-17,0.7199628554529188,0.7220816829112037,0.7188700225288797,0.7209888499871645,0,1,150140.46,91132.5,90582.25,0.718584,0.736793,HOLD
2023-05-18,0.7209888499871645,0.7230977687294283,0.7202266836142349,0.7223356023564987,0,1,150140.46,91132.5,90784.45,0.718584,0.736793,HOLD
2023-05-19,0.7223356023564987,0.7231578318872096,0.7193516637676663,0.7201738932983772,0,1,150140.46,91132.5,90459.89,0.718584,0.736793,HOLD
2023-05-22,0.7201738932983772,0.7253555620847151,0.7197527756338461,0.724934444420184,0,1,150140.46,91132.5,91174.64,0.718584,0.736793,HOLD
2023-05-23,0.724934444420184,0.7265285401926143,0.7238175957454007,0.725411691517831,0,1,150140.46,91132.5,91246.3,0.718584,0.736793,HOLD
2023-05-24,0.725411691517831,0.7281504613592014,0.7244476933725034,0.7271864632138737,0,1,150140.46,91132.5,91512.76,0.718584,0.736793,HOLD
2023-05-25,0.7271864632138737,0.7277765338551594,0.7263731098426566,0.7269631804839423,0,1,150140.46,91132.5,91479.24,0.718584,0.736793,HOLD
2023-05-26,0.7269631804839423,0.7275071534133102,0.7258064698981769,0.7263504428275448,0,1,150140.46,91132.5,91387.24,0.718584,0.736793,HOLD
2023-05-29,0.7263504428275448,0.7315373113516116,0.7253543002955608,0.7305411688196276,0,1,150140.46,91132.5,92016.44,0.718584,0.736793,HOLD
2023-05-30,0.7305411688196276,0.7307417641970075,0.7263161395481949,0.7265167349255748,0,1,150140.46,91132.5,91412.21,0.718584,0.736793,HOLD
2023-05-31,0.7265167349255748,0.7279702322647665,0.7214075309300664,0.7228610282692581,0,1,150140.46,91132.5,90863.34,0.718584,0.736793,HOLD
2023-06-01,0.7228610282692581,0.7230637809191932,0.7200052718270573,0.7202080244769924,0,1,150140.46,91132.5,90465.01,0.718584,0.736793,HOLD
2023-06-02,0.7202080244769924,0.7283446821965065,0.7197746997001986,0.7279113574197127,0,1,150140.46,91132.5,91621.6,0.718584,0.736793,HOLD
2023-06-05,0.7279113574197127,0.728416072101546,0.7272451241438194,0.7277498388256527,0,1,150140.46,91132.5,91597.35,0.718584,0.736793,HOLD
2023-06-06,0.7277498388256527,0.7314335206126491,0.7275813511964101,0.7312650329834065,0,1,150140.46,91132.5,92125.12,0.718584,0.736793,HOLD
2023-06-07,0.7312650329834065,0.7319648967756243,0.7275759201612634,0.7282757839534811,0,1,150140.46,91132.5,91676.31,0.718584,0.736793,HOLD
2023-06-08,0.7282757839534811,0.7305756018093269,0.7272593737838594,0.7295591916397052,0,1,150140.46,91132.5,91869.0,0.718584,0.736793,HOLD
2023-06-09,0.7295591916397052,0.7299781704019669,0.7248602311651711,0.7252792099274328,0,1,150140.46,91132.5,91226.4,0.718584,0.736793,HOLD
2023-06-12,0.7252792099274328,0.7261340851405046,0.7236408971768118,0.7244957723898836,0,1,150140.46,91132.5,91108.78,0.718584,0.736793,HOLD
2023-06-13,0.7244957723898836,0.7275388153243452,0.7238911868628607,0.7269342297973223,0,1,150140.46,91132.5,91474.89,0.718584,0.736793,HOLD
2023-06-14,0.7269342297973223,0.7276866927796487,0.7239631592854295,0.724715622267756,0,1,150140.46,91132.5,91141.79,0.718584,0.736793,HOLD
2023-06-15,0.724715622267756,0.7248267216688177,0.7237081773855599,0.7238192767866216,0,1,150140.46,91132.5,91007.21,0.718584,0.736793,HOLD
2023-06-16,0.7238192767866216,0.7261358753691756,0.7234251914381866,0.7257417900207406,0,1,150140.46,91132.5,91295.86,0.718584,0.736793,HOLD
2023-06-19,0.7257417900207406,0.726302222427671,0.7232745742709237,0.723835006677854,0,1,150140.46,91132.5,91009.57,0.718584,0.736793,HOLD
2023-06-20,0.723835006677854,0.7240852180017687,0.7217013038887682,0.7219515152126829,0,1,150140.46,91132.5,90726.78,0.718584,0.736793,HOLD
2023-06-21,0.7219515152126829,0.7287781207362457,0.721694997369884,0.7285216028934468,0,1,150140.46,91132.5,91713.22,0.718584,0.736793,HOLD
2023-06-22,0.7285216028934468,0.7295696742871836,0.7276638756215145,0.7287119470152512,0,1,150140.46,91132.5,91741.8,0.718584,0.736793,HOLD
2023-06-23,0.7287119470152512,0.7314678690548723,0.727885410408851,0.7306413324484721,0,1,150140.46,91132.5,92031.48,0.718584,0.736793,HOLD
2023-06-26,0.7306413324484721,0.7311429083713671,0.7291986087579699,0.729700184680865,0,1,150140.46,91132.5,91890.17,0.718584,0.736793,HOLD
2023-06-27,0.729700184680865,0.7308320678834794,0.7254012695620831,0.7265331527646975,0,1,150140.46,91132.5,91414.67,0.718584,0.736793,HOLD
2023-06-28,0.7265331527646975,0.7266346001063071,0.7264959797345755,0.726597427076185,0,1,150140.46,91132.5,91424.32,0.718584,0.736793,HOLD
2023-06-29,0.726597427076185,0.7280483414870257,0.7255780590547632,0.7270289734656039,0,1,150140.46,91132.5,91489.11,0.718584,0.736793,HOLD
2023-06-30,0.7270289734656039,0.7279634882283079,0.7229043131384951,0.7238388279011991,0,1,150140.46,91132.5,91010.14,0.718584,0.736793,HOLD
2023-07-03,0.7238388279011991,0.7253025001460772,0.723031918214112,0.72449559045899,0,1,150140.46,91132.5,91108.75,0.718584,0.736793,HOLD
2023-07-04,0.72449559045899,0.7256029963217431,0.722866356722789,0.723973762585542,0,1,150140.46,91132.5,91030.4,0.718584,0.736793,HOLD
2023-07-05,0.723973762585542,0.7283461530845402,0.723678596346308,0.7280509868453062,0,1,150140.46,91132.5,91642.56,0.718584,0.736793,HOLD
2023-07-06,0.7280509868453062,0.7284893686172279,0.7262895642267293,0.726727945998651,0,1,150140.46,91132.5,91443.92,0.718584,0.736793,HOLD
2023-07-07,0.726727945998651,0.7270735939528109,0.7250312767068761,0.725376924661036,0,1,150140.46,91132.5,91241.08,0.718584,0.736793,HOLD
2023-07-10,0.725376924661036,0.7258921055340417,0.7227610318519874,0.7232762127249931,0,1,150140.46,91132.5,90925.67,0.718584,0.736793,HOLD
2023-07-11,0.7232762127249931,0.7236699943870082,0.7217660250617649,0.72215980672378,0,1,150140.46,91132.5,90758.06,0.718584,0.736793,HOLD
2023-07-12,0.72215980672378,0.7236037119269492,0.7175196942207693,0.7189635994239385,0,0,0.0,90209.92,90209.92,,,STOP
2023-07-13,0.7189635994239385,0.7215123991775856,0.71830161954277,0.7208504192964171,0,0,0.0,90209.92,90209.92,,,HOLD
2023-07-14,0.7208504192964171,0.7216862997689477,0.7194586375036167,0.7202945179761473,0,0,0.0,90209.92,90209.92,,,HOLD
2023-07-17,0.7202945179761473,0.7217126797224502,0.717939052326323,0.719357214072626,0,0,0.0,90209.92,90209.92,,,HOLD
2023-07-18,0.719357214072626,0.719849178158267,0.7144927727551859,0.7149847368408269,0,0,0.0,90209.92,90209.92,,,HOLD
2023-07-19,0.7149847368408269,0.7184546382069239,0.7144465404638456,0.7179164418299426,0,0,0.0,90209.92,90209.92,,,HOLD
2023-07-20,0.7179164418299426,0.7181221511993902,0.7147378604866733,0.7149435698561208,0,0,0.0,90209.92,90209.92,,,HOLD
2023-07-21,0.7149435698561208,0.7161719022485284,0.7143770507336552,0.7156053831260628,0,0,0.0,90209.92,90209.92,,,HOLD
2023-07-24,0.7156053831260628,0.7197377705878777,0.7144809404775524,0.7186133279393673,0,0,0.0,90209.92,90209.92,,,HOLD
2023-07-25,0.7186133279393673,0.7195158123001876,0.717549727767456,0.7184522121282763,0,0,0.0,90209.92,90209.92,,,HOLD
2023-07-26,0.7184522121282763,0.7194451611577157,0.7179601241879413,0.7189530732173808,0,0,0.0,90209.92,90209.92,,,HOLD
2023-07-27,0.7189530732173808,0.7198063046957393,0.7152513998649978,0.7161046313433562,0,0,0.0,90209.92,90209.92,,,HOLD
2023-07-28,0.7161046313433562,0.7175862808924899,0.7152162412509715,0.7166978908001052,0,0,0.0,90209.92,90209.92,,,HOLD
2023-07-31,0.7166978908001052,0.7180323264314095,0.715665757486491,0.7170001931177953,0,0,0.0,90209.92,90209.92,,,HOLD
2023-08-01,0.7170001931177953,0.7210537954192231,0.7163798570686996,0.7204334593701274,0,0,0.0,90209.92,90209.92,,,HOLD
2023-08-02,0.7204334593701274,0.7209933168604383,0.7174666549679711,0.7180265124582821,0,0,0.0,90209.92,90209.92,,,HOLD
2023-08-03,0.7180265124582821,0.718444229774084,0.7152333929200179,0.7156511102358197,0,0,0.0,90209.92,90209.92,,,HOLD
2023-08-04,0.7156511102358197,0.7171119191854962,0.7144509563757746,0.7159117653254511,0,0,0.0,90209.92,90209.92,,,HOLD
2023-08-07,0.7159117653254511,0.716620408220597,0.7115569653256605,0.7122656082208064,0,0,0.0,90209.92,90209.92,,,HOLD
2023-08-08,0.7122656082208064,0.7136823078139755,0.711139252696146,0.712555952289315,0,0,0.0,90209.92,90209.92,,,HOLD
2023-08-09,0.712555952289315,0.7147023033152807,0.7120010672162542,0.71414741824222,0,0,0.0,90209.92,90209.92,,,HOLD
2023-08-10,0.71414741824222,0.7143969748726511,0.7099087787010727,0.7101583353315039,0,0,0.0,90209.92,90209.92,,,HOLD
2023-08-11,0.7101583353315039,0.7136357801019185,0.7095249057453926,0.7130023505158073,0,0,0.0,90209.92,90209.92,,,HOLD
2023-08-14,0.7130023505158073,0.7131943015485998,0.7104947862826618,0.7106867373154543,0,0,0.0,90209.92,90209.92,,,HOLD
2023-08-15,0.7106867373154543,0.7112762873842388,0.7075538032362343,0.7081433533050188,0,0,0.0,90209.92,90209.92,,,HOLD
2023-08-16,0.7081433533050188,0.7090615467249018,0.7064227728428483,0.7073409662627314,0,0,0.0,90209.92,90209.92,,,HOLD
2023-08-17,0.7073409662627314,0.70775357015217,0.7056096116835276,0.7060222155729663,0,0,0.0,90209.92,90209.92,,,HOLD
2023-08-18,0.7060222155729663,0.7066850512400431,0.7038119831419865,0.7044748188090633,0,0,0.0,90209.92,90209.92,,,HOLD
2023-08-21,0.7044748188090633,0.7053104153331189,0.7030568617532765,0.7038924582773322,0,0,0.0,90209.92,90209.92,,,HOLD
2023-08-22,0.7038924582773322,0.7051520375043762,0.7035550510702894,0.7048146302973334,0,0,0.0,90209.92,90209.92,,,HOLD
2023-08-23,0.7048146302973334,0.705770412191464,0.7038318019484607,0.7047875838425913,0,0,0.0,90209.92,90209.92,,,HOLD
2023-08-24,0.7047875838425913,0.7048753611368327,0.7028619945436962,0.7029497718379376,0,0,0.0,90209.92,90209.92,,,HOLD
2023-08-25,0.7029497718379376,0.7043085295192841,0.6991984461179733,0.7005572037993198,0,0,0.0,90209.92,90209.92,,,HOLD
2023-08-28,0.7005572037993198,0.7020728922093249,0.7002009844404555,0.7017166728504606,0,0,0.0,90209.92,90209.92,,,HOLD
2023-08-29,0.7017166728504606,0.7026491567901854,0.7015352799608806,0.7024677639006054,0,0,0.0,90209.92,90209.92,,,HOLD
2023-08-30,0.7024677639006054,0.7032463466400491,0.7015646286841756,0.7023432114236193,0,0,0.0,90209.92,90209.92,,,HOLD
2023-08-31,0.7023432114236193,0.7061875390349543,0.7016862230930772,0.7055305507044122,0,0,0.0,90209.92,90209.92,,,HOLD
2023-09-01,0.7055305507044122,0.7080666007429339,0.7046619017714263,0.707197951809948,0,0,0.0,90209.92,90209.92,,,HOLD
2023-09-04,0.707197951809948,0.7078644831860341,0.7046791916270823,0.7053457230031683,0,0,0.0,90209.92,90209.92,,,HOLD
2023-09-05,0.7053457230031683,0.7072499469149229,0.7045087789260979,0.7064130028378525,0,0,0.0,90209.92,90209.92,,,HOLD
2023-09-06,0.7064130028378525,0.7081286750015452,0.7062936558541492,0.7080093280178419,0,0,0.0,90209.92,90209.92,,,HOLD
2023-09-07,0.7080093280178419,0.7132992947678729,0.7075414785260411,0.7128314452760721,0,0,0.0,90209.92,90209.92,,,HOLD
2023-09-08,0.7128314452760721,0.7140488544589323,0.7078795474649172,0.7090969566477774,0,0,0.0,90209.92,90209.92,,,HOLD
2023-09-11,0.7090969566477774,0.7143154266804479,0.7088260505561524,0.714044520588823,0,0,0.0,90209.92,90209.92,,,HOLD
2023-09-12,0.714044520588823,0.7168848444784908,0.7129447807812059,0.7157851046708738,0,0,0.0,90209.92,90209.92,,,HOLD
2023-09-13,0.7157851046708738,0.7183961714235051,0.7148607726692544,0.7174718394218857,0,0,0.0,90209.92,90209.92,,,HOLD
2023-09-14,0.7174718394218857,0.7179157467168726,0.7146443114920704,0.7150882187870573,0,0,0.0,90209.92,90209.92,,,HOLD
2023-09-15,0.7150882187870573,0.7155407113952301,0.7135118959885568,0.7139643885967296,0,0,0.0,90209.92,90209.92,,,HOLD
2023-09-18,0.7139643885967296,0.7160400136771115,0.7135037898408266,0.7155794149212085,0,0,0.0,90209.92,90209.92,,,HOLD
2023-09-19,0.7155794149212085,0.7158898640983323,0.7146257872814504,0.7149362364585743,0,0,0.0,90209.92,90209.92,,,HOLD
2023-09-20,0.7149362364585743,0.7173558852144526,0.7141359193863236,0.7165555681422019,0,0,0.0,90209.92,90209.92,,,HOLD
2023-09-21,0.7165555681422019,0.7184555638680622,0.7159615017788741,0.7178614975047344,0,0,0.0,90209.92,90209.92,,,HOLD
2023-09-22,0.7178614975047344,0.7199290303624162,0.7172117133322836,0.7192792461899654,0,0,0.0,90209.92,90209.92,,,HOLD
2023-09-25,0.7192792461899654,0.7196721424259453,0.7128048998059024,0.7131977960418824,0,0,0.0,90209.92,90209.92,,,HOLD
2023-09-26,0.7131977960418824,0.7145183477594895,0.7091245237693934,0.7104450754870005,0,0,0.0,90209.92,90209.92,,,HOLD
2023-09-27,0.7104450754870005,0.715042299324526,0.7098173876290781,0.7144146114666036,0,0,0.0,90209.92,90209.92,,,HOLD
2023-09-28,0.7144146114666036,0.7159826841750876,0.7137489807568034,0.7153170534652874,0,0,0.0,90209.92,90209.92,,,HOLD
2023-09-29,0.7153170534652874,0.7161925729771655,0.7123240718814752,0.7131995913933533,0,0,0.0,90209.92,90209.92,,,HOLD
2023-10-02,0.7131995913933533,0.7151606807821795,0.7124522502332025,0.7144133396220287,0,0,0.0,90209.92,90209.92,,,HOLD
2023-10-03,0.7144133396220287,0.7145943474420864,0.7141469503894043,0.714327958209462,0,0,0.0,90209.92,90209.92,,,HOLD
2023-10-04,0.714327958209462,0.7168973640152052,0.7136756796135324,0.7162450854192756,0,0,0.0,90209.92,90209.92,,,HOLD
2023-10-05,0.7162450854192756,0.7171674484053117,0.7154004052984259,0.716322768284462,0,0,0.0,90209.92,90209.92,,,HOLD
2023-10-06,0.716322768284462,0.7173004643978413,0.7099987013593099,0.7109763974726893,0,0,0.0,90209.92,90209.92,,,HOLD
2023-10-09,0.7109763974726893,0.7163664399769011,0.7100051104166167,0.7153951529208286,0,0,0.0,90209.92,90209.92,,,HOLD
2023-10-10,0.7153951529208286,0.7209182052996447,0.7137205758808185,0.7192436282596346,0,0,0.0,90209.92,90209.92,,,HOLD
2023-10-11,0.7192436282596346,0.7217951012046996,0.7188379119745645,0.7213893849196295,0,0,0.0,90209.92,90209.92,,,HOLD
2023-10-12,0.7213893849196295,0.7218433186178177,0.7189464983146702,0.7194004320128584,0,0,0.0,90209.92,90209.92,,,HOLD
2023-10-13,0.7194004320128584,0.7205973414617355,0.7191838722815765,0.7203807817304536,0,0,0.0,90209.92,90209.92,,,HOLD
2023-10-16,0.7203807817304536,0.7210113519235988,0.7171424628104035,0.7177730330035487,0,0,0.0,90209.92,90209.92,,,HOLD
2023-10-17,0.7177730330035487,0.7187673183884744,0.714575294894193,0.7155695802791188,0,0,0.0,90209.92,90209.92,,,HOLD
2023-10-18,0.7155695802791188,0.7196888950136567,0.7152821259932537,0.7194014407277917,0,0,0.0,90209.92,90209.92,,,HOLD
2023-10-19,0.7194014407277917,0.7208725821754518,0.7187603324445883,0.7202314738922484,0,0,0.0,90209.92,90209.92,,,HOLD
2023-10-20,0.7202314738922484,0.7209188898420278,0.7177751287051691,0.7184625446549485,0,0,0.0,90209.92,90209.92,,,HOLD
2023-10-23,0.7184625446549485,0.7226240485696167,0.7178655748174526,0.7220270787321208,0,0,0.0,90209.92,90209.92,,,HOLD
2023-10-24,0.7220270787321208,0.7233849074240255,0.7212143975988079,0.7225722262907126,0,0,0.0,90209.92,90209.92,,,HOLD
2023-10-25,0.7225722262907126,0.7240084229133341,0.7220748315425737,0.7235110281651952,0,0,0.0,90209.92,90209.92,,,HOLD
2023-10-26,0.7235110281651952,0.7271511520261389,0.7228477530810686,0.7264878769420123,1,1,162804.07,90209.92,90682.35,0.718045,0.734668,BUY
2023-10-27,0.7264878769420123,0.7356675171951111,0.7252848872594619,0.7344645275125607,1,1,154058.92,92001.9,93219.22,0.720591,0.738507,BUY
2023-10-30,0.7344645275125607,0.740380021137935,0.7335728902862332,0.7394883839116074,1,1,158229.31,93830.39,94613.44,0.72861,0.7464,BUY
2023-10-31,0.7394883839116074,0.7430968478005342,0.7389400473983941,0.7425485112873209,1,1,158229.31,93830.39,95097.64,0.72861,0.7464,HOLD
2023-11-01,0.7425485112873209,0.7458383217942063,0.7425314710731261,0.7458212815800115,1,1,158229.31,93830.39,95615.49,0.72861,0.7464,HOLD
2023-11-02,0.7458212815800115,0.7514377096536731,0.7453321685450325,0.7509485966186941,1,1,144878.27,95695.13,96427.1,0.739291,0.759107,BUY
2023-11-03,0.7509485966186941,0.7516833146893971,0.7480983719300685,0.7488330900007715,1,1,144878.27,95695.13,96120.61,0.739291,0.759107,HOLD
2023-11-06,0.7488330900007715,0.7492776502068711,0.7449776338824706,0.7454221940885702,1,1,144878.27,95695.13,95626.44,0.739291,0.759107,HOLD
2023-11-07,0.7454221940885702,0.7454923346970296,0.7444804376389712,0.7445505782474305,1,1,144878.27,95695.13,95500.16,0.739291,0.759107,HOLD
2023-11-08,0.7445505782474305,0.7453984010209241,0.7423665443715106,0.7432143671450042,1,1,144878.27,95695.13,95306.58,0.739291,0.759107,HOLD
2023-11-09,0.7432143671450042,0.7442021745002599,0.7410439239898188,0.7420317313450745,1,1,144878.27,95695.13,95135.24,0.739291,0.759107,HOLD
2023-11-10,0.7420317313450745,0.7444634450967929,0.7419346553352919,0.7443663690870103,1,1,144878.27,95695.13,95473.48,0.739291,0.759107,HOLD
2023-11-13,0.7443663690870103,0.7473845281905402,0.7436279180512974,0.7466460771548273,1,1,144878.27,95695.13,95803.76,0.739291,0.759107,HOLD
2023-11-14,0.7466460771548273,0.747446177058186,0.7450957382438526,0.7458958381472112,1,1,144878.27,95695.13,95695.06,0.739291,0.759107,HOLD
2023-11-15,0.7458958381472112,0.7482029143262531,0.7446687205765217,0.7469757967555636,1,1,144878.27,95695.13,95851.53,0.739291,0.759107,HOLD
2023-11-16,0.7469757967555636,0.7476628791440468,0.7439754693135145,0.7446625517019978,1,1,144878.27,95695.13,95516.39,0.739291,0.759107,HOLD
2023-11-17,0.7446625517019978,0.7450197003226242,0.7429414792823313,0.7432986279029578,1,1,144878.27,95695.13,95318.78,0.739291,0.759107,HOLD
2023-11-20,0.7432986279029578,0.7460649949421767,0.7431117947607349,0.7458781617999538,1,1,144878.27,95695.13,95692.5,0.739291,0.759107,HOLD
2023-11-21,0.7458781617999538,0.7525782936936026,0.7457269398423346,0.7524270717359834,1,1,144878.27,95695.13,96641.3,0.739291,0.759107,HOLD
2023-11-22,0.7524270717359834,0.7530832995485229,0.7489295637737903,0.7495857915863298,1,1,144878.27,95695.13,96229.66,0.739291,0.759107,HOLD
2023-11-23,0.7495857915863298,0.7524425997446051,0.7491975420097233,0.7520543501679987,1,1,144878.27,95695.13,96587.3,0.739291,0.759107,HOLD
2023-11-24,0.7520543501679987,0.7560761478441342,0.7509776920596117,0.7549994897357473,1,1,144878.27,95695.13,97013.98,0.739291,0.759107,HOLD
2023-11-27,0.7549994897357473,0.7554155429557872,0.7477673789342761,0.748183432154316,1,1,144878.27,95695.13,96026.49,0.739291,0.759107,HOLD
2023-11-28,0.748183432154316,0.7491262613746192,0.7417271160145484,0.7426699452348516,1,1,144878.27,95695.13,95227.7,0.739291,0.759107,HOLD
2023-11-29,0.7426699452348516,0.7436788533696719,0.7413053237483375,0.7423142318831577,1,1,144878.27,95695.13,95176.17,0.739291,0.759107,HOLD
2023-11-30,0.7423142318831577,0.7429841682728406,0.7349781830092866,0.7356481193989696,1,1,140035.57,94727.31,93783.31,0.735625,0.755918,BUY
2023-12-01,0.7356481193989696,0.7406804200748353,0.7351034489702092,0.7401357496460749,0,0,0.0,93769.53,93769.53,,,STOP
2023-12-04,0.7401357496460749,0.7423934236674573,0.7399480255554658,0.7422056995768482,0,0,0.0,93769.53,93769.53,,,HOLD
2023-12-05,0.7422056995768482,0.7433226587542828,0.7416677366746618,0.7427846958520964,0,0,0.0,93769.53,93769.53,,,HOLD
2023-12-06,0.7427846958520964,0.743249122071724,0.7415499445692988,0.7420143707889264,0,0,0.0,93769.53,93769.53,,,HOLD
2023-12-07,0.7420143707889264,0.7437335194028281,0.7415177863099605,0.7432369349238621,0,0,0.0,93769.53,93769.53,,,HOLD
2023-12-08,0.7432369349238621,0.744193842429404,0.7414906462535813,0.7424475537591232,0,0,0.0,93769.53,93769.53,,,HOLD
2023-12-11,0.7424475537591232,0.7432829109559104,0.7414609154196959,0.7422962726164831,0,0,0.0,93769.53,93769.53,,,HOLD
2023-12-12,0.7422962726164831,0.7445612738301757,0.7418105016758952,0.7440755028895878,0,0,0.0,93769.53,93769.53,,,HOLD
2023-12-13,0.7440755028895878,0.7440760329643548,0.7403697732715636,0.7403703033463306,0,0,0.0,93769.53,93769.53,,,HOLD
2023-12-14,0.7403703033463306,0.7454032141438219,0.740072916998177,0.7451058277956684,0,0,0.0,93769.53,93769.53,,,HOLD
2023-12-15,0.7451058277956684,0.7487860088598861,0.744829258018017,0.7485094390822348,0,0,0.0,93769.53,93769.53,,,HOLD
2023-12-18,0.7485094390822348,0.7522219162114278,0.7476498443377548,0.7513623214669478,1,1,179292.66,93769.53,94267.59,0.743354,0.759044,BUY
2023-12-19,0.7513623214669478,0.7525429324956286,0.7474648280991116,0.7486454391277925,1,1,179292.66,93769.53,93780.47,0.743354,0.759044,HOLD
2023-12-20,0.7486454391277925,0.7495652095060575,0.7453019303608582,0.7462217007391233,1,1,179292.66,93769.53,93345.91,0.743354,0.759044,HOLD
2023-12-21,0.7462217007391233,0.7474343848296428,0.7456562216664899,0.7468689057570094,1,1,179292.66,93769.53,93461.95,0.743354,0.759044,HOLD
2023-12-22,0.7468689057570094,0.7476365981627067,0.7462440494693268,0.7470117418750241,1,1,179292.66,93769.53,93487.56,0.743354,0.759044,HOLD
2023-12-25,0.7470117418750241,0.7479878637357309,0.7424744346398917,0.7434505565005985,1,1,185180.0,92818.39,92145.04,0.742074,0.757111,BUY
2023-12-26,0.7434505565005985,0.7441288617096782,0.7429926223710355,0.7436709275801151,1,1,185180.0,92818.39,92185.85,0.742074,0.757111,HOLD
2023-12-27,0.7436709275801151,0.7453220541857427,0.7431622568109277,0.7448133834165553,1,1,185180.0,92818.39,92397.41,0.742074,0.757111,HOLD
2023-12-28,0.7448133834165553,0.7453504919157962,0.7429851281712162,0.743522236670457,1,1,185180.0,92818.39,92158.32,0.742074,0.757111,HOLD
2023-12-29,0.743522236670457,0.7480343619337744,0.7421714501250859,0.7466835753884032,1,1,185180.0,92818.39,92743.73,0.742074,0.757111,HOLD
2024-01-01,0.7466835753884032,0.7496069857507683,0.7466640611333087,0.7495874714956738,1,1,185180.0,92818.39,93281.48,0.742074,0.757111,HOLD
2024-01-02,0.7495874714956738,0.7497688947959862,0.7467141695182747,0.7468955928185871,1,1,185180.0,92818.39,92783.0,0.742074,0.757111,HOLD
2024-01-03,0.7468955928185871,0.7469924079927737,0.7446921417562388,0.7447889569304253,1,1,185180.0,92818.39,92392.89,0.742074,0.757111,HOLD
2024-01-04,0.7447889569304253,0.7455490475201068,0.7416245477483403,0.7423846383380217,1,1,185030.71,91876.32,91417.57,0.739898,0.754795,BUY
2024-01-05,0.7423846383380217,0.748560108496471,0.7413176645316237,0.7474931346900731,0,1,185030.71,91876.32,92362.8,0.739898,0.754795,HOLD
2024-01-08,0.7474931346900731,0.7514186166584236,0.7474130516481344,0.751338533616485,0,1,185030.71,91876.32,93074.32,0.739898,0.754795,HOLD
2024-01-09,0.751338533616485,0.752432770488865,0.748748759538386,0.7498429964107661,0,1,185030.71,91876.32,92797.6,0.739898,0.754795,HOLD
2024-01-10,0.7498429964107661,0.7516100327383957,0.7488229384368449,0.7505899747644744,0,1,185030.71,91876.32,92935.81,0.739898,0.754795,HOLD
2024-01-11,0.7505899747644744,0.7516389649917776,0.7485268526033865,0.7495758428306897,0,1,185030.71,91876.32,92748.16,0.739898,0.754795,HOLD
2024-01-12,0.7495758428306897,0.7503519985930545,0.7461905755444168,0.7469667313067816,0,1,185030.71,91876.32,92265.4,0.739898,0.754795,HOLD
2024-01-15,0.7469667313067816,0.7496797799422691,0.7466317435032636,0.749344792138751,0,1,185030.71,91876.32,92705.41,0.739898,0.754795,HOLD
2024-01-16,0.749344792138751,0.749657252652884,0.7425706313232537,0.7428830918373867,0,1,185030.71,91876.32,91509.8,0.739898,0.754795,HOLD
2024-01-17,0.7428830918373867,0.7462199220877451,0.7419920004048217,0.7453288306551802,0,1,185030.71,91876.32,91962.34,0.739898,0.754795,HOLD
2024-01-18,0.7453288306551802,0.7462496886617811,0.7444595758718247,0.7453804338784256,0,1,185030.71,91876.32,91971.88,0.739898,0.754795,HOLD
2024-01-19,0.7453804338784256,0.7492367931462353,0.7449987484503121,0.7488551077181218,0,1,185030.71,91876.32,92614.81,0.739898,0.754795,HOLD
2024-01-22,0.7488551077181218,0.7493799317948107,0.7462456892254085,0.7467705133020973,0,1,185030.71,91876.32,92229.09,0.739898,0.754795,HOLD
2024-01-23,0.7467705133020973,0.7474141066065918,0.7454938506700761,0.7461374439745706,0,1,185030.71,91876.32,92111.95,0.739898,0.754795,HOLD
2024-01-24,0.7461374439745706,0.7502214571663727,0.7450054209068825,0.7490894340986846,0,1,185030.71,91876.32,92658.16,0.739898,0.754795,HOLD
2024-01-25,0.7490894340986846,0.7496352811843254,0.7484644685239422,0.7490103156095831,0,1,185030.71,91876.32,92643.52,0.739898,0.754795,HOLD
2024-01-26,0.7490103156095831,0.753676008292962,0.7487147867648196,0.7533804794481985,0,1,185030.71,91876.32,93452.14,0.739898,0.754795,HOLD
2024-01-29,0.7533804794481985,0.7537166114012678,0.7466062764551518,0.746942408408221,0,1,185030.71,91876.32,92260.9,0.739898,0.754795,HOLD
2024-01-30,0.746942408408221,0.74899490319982,0.7464961938212299,0.7485486886128289,0,1,185030.71,91876.32,92558.11,0.739898,0.754795,HOLD
2024-01-31,0.7485486886128289,0.7509188976028821,0.746948268168645,0.7493184771586983,0,1,185030.71,91876.32,92700.54,0.739898,0.754795,HOLD
2024-02-01,0.7493184771586983,0.751053328457077,0.7483689805865807,0.7501038318849594,0,1,185030.71,91876.32,92845.86,0.739898,0.754795,HOLD
2024-02-02,0.7501038318849594,0.7512115780061799,0.7447480539728828,0.7458558000941032,0,1,185030.71,91876.32,92059.84,0.739898,0.754795,HOLD
2024-02-05,0.7458558000941032,0.7459341335737737,0.7453274499154209,0.7454057833950913,0,1,185030.71,91876.32,91976.57,0.739898,0.754795,HOLD
2024-02-06,0.7454057833950913,0.7458057722419418,0.7441427453980991,0.7445427342449495,0,1,185030.71,91876.32,91816.88,0.739898,0.754795,HOLD
2024-02-07,0.7445427342449495,0.7448890964045339,0.7438307227442299,0.7441770849038143,0,1,185030.71,91876.32,91749.23,0.739898,0.754795,HOLD
2024-02-08,0.7441770849038143,0.7458159027553428,0.7395326442857297,0.7411714621372583,0,0,0.0,90943.68,90943.68,,,STOP
2024-02-09,0.7411714621372583,0.743230373498666,0.7408324047079251,0.7428913160693329,0,0,0.0,90943.68,90943.68,,,HOLD
2024-02-12,0.7428913160693329,0.7436382276840697,0.7412819439141914,0.7420288555289283,0,0,0.0,90943.68,90943.68,,,HOLD
2024-02-13,0.7420288555289283,0.7467180038347253,0.7415224969293925,0.7462116452351896,0,0,0.0,90943.68,90943.68,,,HOLD
2024-02-14,0.7462116452351896,0.7472517563319603,0.745657343258817,0.7466974543555878,0,0,0.0,90943.68,90943.68,,,HOLD
2024-02-15,0.7466974543555878,0.7476644430278779,0.7438034649456278,0.7447704536179179,0,0,0.0,90943.68,90943.68,,,HOLD
2024-02-16,0.7447704536179179,0.7466937357453329,0.7437266891223455,0.7456499712497605,0,0,0.0,90943.68,90943.68,,,HOLD
2024-02-19,0.7456499712497605,0.7474227417379635,0.7446212573622633,0.7463940278504663,0,0,0.0,90943.68,90943.68,,,HOLD
2024-02-20,0.7463940278504663,0.7474241039108741,0.7454982954744783,0.7465283715348862,0,0,0.0,90943.68,90943.68,,,HOLD
2024-02-21,0.7465283715348862,0.7482799505627681,0.7454217431740178,0.7471733222018997,0,0,0.0,90943.68,90943.68,,,HOLD
2024-02-22,0.7471733222018997,0.7471829289551134,0.743308310240525,0.7433179169937387,0,0,0.0,90943.68,90943.68,,,HOLD
2024-02-23,0.7433179169937387,0.7450447485986353,0.7427128837802954,0.744439715385192,0,0,0.0,90943.68,90943.68,,,HOLD
2024-02-26,0.744439715385192,0.7484071284092981,0.743990540378014,0.7479579534021201,0,0,0.0,90943.68,90943.68,,,HOLD
2024-02-27,0.7479579534021201,0.7485211779993838,0.7455775307079086,0.7461407553051722,0,0,0.0,90943.68,90943.68,,,HOLD
2024-02-28,0.7461407553051722,0.7468854410771201,0.7418730922345627,0.7426177780065105,0,0,0.0,90943.68,90943.68,,,HOLD
2024-02-29,0.7426177780065105,0.7431381931643538,0.7398878405962036,0.7404082557540469,0,0,0.0,90943.68,90943.68,,,HOLD
2024-03-01,0.7404082557540469,0.7456885130677998,0.739927951724442,0.745208209038195,0,0,0.0,90943.68,90943.68,,,HOLD
2024-03-04,0.745208209038195,0.7464224641391612,0.7428399557329634,0.7440542108339296,0,0,0.0,90943.68,90943.68,,,HOLD
2024-03-05,0.7440542108339296,0.7457850854915092,0.7434991303835312,0.7452300050411108,0,0,0.0,90943.68,90943.68,,,HOLD
2024-03-06,0.7452300050411108,0.7458918764866901,0.741204549859981,0.7418664213055602,0,0,0.0,90943.68,90943.68,,,HOLD
2024-03-07,0.7418664213055602,0.7420798667252552,0.7416933217083391,0.741906767128034,0,0,0.0,90943.68,90943.68,,,HOLD
2024-03-08,0.741906767128034,0.7444741798991767,0.7412231351854595,0.7437905479566022,0,0,0.0,90943.68,90943.68,,,HOLD
2024-03-11,0.7437905479566022,0.7446804446416397,0.7402907276926686,0.7411806243777062,0,0,0.0,90943.68,90943.68,,,HOLD
2024-03-12,0.7411806243777062,0.7416002268850617,0.7379310445893723,0.7383506470967278,0,0,0.0,90943.68,90943.68,,,HOLD
2024-03-13,0.7383506470967278,0.74169374429999,0.7371237116127339,0.7404668088159961,0,0,0.0,90943.68,90943.68,,,HOLD
2024-03-14,0.7404668088159961,0.7443019877262234,0.7393163029510293,0.7431514818612566,0,0,0.0,90943.68,90943.68,,,HOLD
2024-03-15,0.7431514818612566,0.7444003154304599,0.7373621897669341,0.7386110233361375,0,0,0.0,90943.68,90943.68,,,HOLD
2024-03-18,0.7386110233361375,0.7443912543728433,0.738000542286906,0.7437807733236118,0,0,0.0,90943.68,90943.68,,,HOLD
2024-03-19,0.7437807733236118,0.7443890643606361,0.7431684820878594,0.7437767731248837,0,0,0.0,90943.68,90943.68,,,HOLD
2024-03-20,0.7437767731248837,0.7440607695265834,0.739640205712569,0.7399242021142688,0,0,0.0,90943.68,90943.68,,,HOLD
2024-03-21,0.7399242021142688,0.7413438054191687,0.7396983754273353,0.7411179787322352,0,0,0.0,90943.68,90943.68,,,HOLD
2024-03-22,0.7411179787322352,0.7426063835504585,0.7402528106591637,0.741741215477387,0,0,0.0,90943.68,90943.68,,,HOLD
2024-03-25,0.741741215477387,0.7427652162150523,0.740617651589097,0.7416416523267623,0,0,0.0,90943.68,90943.68,,,HOLD
2024-03-26,0.7416416523267623,0.7445380887178596,0.7403879652764562,0.7432844016675536,0,0,0.0,90943.68,90943.68,,,HOLD
2024-03-27,0.7432844016675536,0.7494843090475635,0.7422851421234643,0.7484850495034742,0,0,0.0,90943.68,90943.68,,,HOLD
2024-03-28,0.7484850495034742,0.7505813447748128,0.7475533448775801,0.7496496401489187,0,0,0.0,90943.68,90943.68,,,HOLD
2024-03-29,0.7496496401489187,0.7539587110925046,0.748494294806033,0.7528033657496189,0,0,0.0,90943.68,90943.68,,,HOLD
2024-04-01,0.7528033657496189,0.7531455493164659,0.7500402878325934,0.7503824713994404,0,0,0.0,90943.68,90943.68,,,HOLD
2024-04-02,0.7503824713994404,0.7555393854209191,0.7499829509347566,0.7551398649562354,0,0,0.0,90943.68,90943.68,,,HOLD
2024-04-03,0.7551398649562354,0.7562734838716556,0.7547748348622837,0.7559084537777039,0,0,0.0,90943.68,90943.68,,,HOLD
2024-04-04,0.7559084537777039,0.7564711694415102,0.7552813470208347,0.755844062684641,0,0,0.0,90943.68,90943.68,,,HOLD
2024-04-05,0.755844062684641,0.7572949563531501,0.7549750474453194,0.7564259411138285,0,0,0.0,90943.68,90943.68,,,HOLD
2024-04-08,0.7564259411138285,0.7602372938344841,0.7553349810564235,0.7591463337770791,0,0,0.0,90943.68,90943.68,,,HOLD
2024-04-09,0.7591463337770791,0.760439700350946,0.7587042394289645,0.7599976060028314,0,0,0.0,90943.68,90943.68,,,HOLD
2024-04-10,0.7599976060028314,0.7613787435915419,0.7592115971274046,0.7605927347161151,0,0,0.0,90943.68,90943.68,,,HOLD
2024-04-11,0.7605927347161151,0.7631806823650774,0.7598680093227907,0.7624559569717531,0,0,0.0,90943.68,90943.68,,,HOLD
2024-04-12,0.7624559569717531,0.764072688811127,0.761679109463179,0.7632958413025529,0,0,0.0,90943.68,90943.68,,,HOLD
2024-04-15,0.7632958413025529,0.7643558760408592,0.7574450221802821,0.7585050569185884,0,0,0.0,90943.68,90943.68,,,HOLD
2024-04-16,0.7585050569185884,0.7590971557765481,0.7511613725341265,0.7517534713920863,0,0,0.0,90943.68,90943.68,,,HOLD
2024-04-17,0.7517534713920863,0.7531306711093833,0.7490403082631902,0.7504175079804872,0,0,0.0,90943.68,90943.68,,,HOLD
2024-04-18,0.7504175079804872,0.7509106134773591,0.7493795065392632,0.7498726120361351,0,0,0.0,90943.68,90943.68,,,HOLD
2024-04-19,0.7498726120361351,0.7516733442920451,0.748544215724243,0.750344947980153,0,0,0.0,90943.68,90943.68,,,HOLD
2024-04-22,0.750344947980153,0.7546609693270705,0.7498782987116804,0.7541943200585979,0,0,0.0,90943.68,90943.68,,,HOLD
2024-04-23,0.7541943200585979,0.7569257618548002,0.7529979416769036,0.7557293834731059,0,0,0.0,90943.68,90943.68,,,HOLD
2024-04-24,0.7557293834731059,0.756532474081654,0.7533964325864305,0.7541995231949786,0,0,0.0,90943.68,90943.68,,,HOLD
2024-04-25,0.7541995231949786,0.7550328539045553,0.7518694397842158,0.7527027704937925,0,0,0.0,90943.68,90943.68,,,HOLD
2024-04-26,0.7527027704937925,0.752759794291115,0.7496181805436489,0.7496752043409713,0,0,0.0,90943.68,90943.68,,,HOLD
2024-04-29,0.7496752043409713,0.7509935695588746,0.7486919512163556,0.7500103164342589,0,0,0.0,90943.68,90943.68,,,HOLD
2024-04-30,0.7500103164342589,0.7522032501994692,0.7487943156122143,0.7509872493774247,0,0,0.0,90943.68,90943.68,,,HOLD
2024-05-01,0.7509872493774247,0.7511534068904728,0.7486612102550474,0.7488273677680956,0,0,0.0,90943.68,90943.68,,,HOLD
2024-05-02,0.7488273677680956,0.7498632443125903,0.7416868036134671,0.7427226801579618,0,0,0.0,90943.68,90943.68,,,HOLD
2024-05-03,0.7427226801579618,0.7458915724470324,0.7420765070634098,0.7452453993524804,0,0,0.0,90943.68,90943.68,,,HOLD
2024-05-06,0.7452453993524804,0.7453901487889668,0.7444122299649607,0.7445569794014472,0,0,0.0,90943.68,90943.68,,,HOLD
2024-05-07,0.7445569794014472,0.7458649906041094,0.7441000684531057,0.7454080796557679,0,0,0.0,90943.68,90943.68,,,HOLD
2024-05-08,0.7454080796557679,0.7482982745502285,0.7453029408361567,0.7481931357306172,0,0,0.0,90943.68,90943.68,,,HOLD
2024-05-09,0.7481931357306172,0.7486094749055021,0.7456211402907947,0.7460374794656797,0,0,0.0,90943.68,90943.68,,,HOLD
2024-05-10,0.7460374794656797,0.7477567768128378,0.744233697193641,0.7459529945407991,0,0,0.0,90943.68,90943.68,,,HOLD
2024-05-13,0.7459529945407991,0.7462053274221493,0.740155948751196,0.7404082816325461,0,0,0.0,90943.68,90943.68,,,HOLD
2024-05-14,0.7404082816325461,0.7405716486736738,0.7364136105401684,0.736576977581296,0,0,0.0,90943.68,90943.68,,,HOLD
2024-05-15,0.736576977581296,0.7372065639105402,0.7358272845936847,0.7364568709229289,0,0,0.0,90943.68,90943.68,,,HOLD
2024-05-16,0.7364568709229289,0.7366533576185662,0.7300448738338355,0.7302413605294729,0,0,0.0,90943.68,90943.68,,,HOLD
2024-05-17,0.7302413605294729,0.7307148422375859,0.7289724238809411,0.7294459055890541,0,0,0.0,90943.68,90943.68,,,HOLD
2024-05-20,0.7294459055890541,0.7336905909673126,0.728567251168466,0.7328119365467245,0,0,0.0,90943.68,90943.68,,,HOLD
2024-05-21,0.7328119365467245,0.7335032087086019,0.7304640804311257,0.731155352593003,0,0,0.0,90943.68,90943.68,,,HOLD
2024-05-22,0.731155352593003,0.732470686863458,0.7301616202589593,0.7314769545294142,0,0,0.0,90943.68,90943.68,,,HOLD
2024-05-23,0.7314769545294142,0.73256830286687,0.7292768680051601,0.730368216342616,0,0,0.0,90943.68,90943.68,,,HOLD
2024-05-24,0.730368216342616,0.7310337735607885,0.7291243745790621,0.7297899317972346,0,0,0.0,90943.68,90943.68,,,HOLD
2024-05-27,0.7297899317972346,0.7305893691557628,0.7278161609560776,0.7286155983146058,0,0,0.0,90943.68,90943.68,,,HOLD
2024-05-28,0.7286155983146058,0.7373981681227879,0.7278731113253795,0.7366556811335616,0,0,0.0,90943.68,90943.68,,,HOLD
2024-05-29,0.7366556811335616,0.7398435224832343,0.7359376494646938,0.7391254908143664,0,0,0.0,90943.68,90943.68,,,HOLD
2024-05-30,0.7391254908143664,0.739994253899322,0.7362031131968794,0.737071876281835,0,0,0.0,90943.68,90943.68,,,HOLD
2024-05-31,0.737071876281835,0.7372915783448948,0.7356763209065555,0.7358960229696153,0,0,0.0,90943.68,90943.68,,,HOLD
2024-06-03,0.7358960229696153,0.7365929371208939,0.7307924355891974,0.731489349740476,0,0,0.0,90943.68,90943.68,,,HOLD
2024-06-04,0.731489349740476,0.7319963887607076,0.7249783541371456,0.7254853931573773,0,0,0.0,90943.68,90943.68,,,HOLD
2024-06-05,0.7254853931573773,0.7260552759606563,0.7227797151372818,0.7233495979405609,0,0,0.0,90943.68,90943.68,,,HOLD
2024-06-06,0.7233495979405609,0.7238601181310028,0.7155960074646638,0.7161065276551057,0,0,0.0,90943.68,90943.68,,,HOLD
2024-06-07,0.7161065276551057,0.7208123284231548,0.7158714683136183,0.7205772690816673,0,0,0.0,90943.68,90943.68,,,HOLD
2024-06-10,0.7205772690816673,0.7210828519484694,0.7171731403082798,0.717678723175082,0,0,0.0,90943.68,90943.68,,,HOLD
2024-06-11,0.717678723175082,0.721704457632442,0.7159383541170469,0.7199640885744069,0,0,0.0,90943.68,90943.68,,,HOLD
2024-06-12,0.7199640885744069,0.7207818934310433,0.7181853523779269,0.7190031572345633,0,0,0.0,90943.68,90943.68,,,HOLD
2024-06-13,0.7190031572345633,0.7196688636425852,0.7142881997402136,0.7149539061482355,-1,-1,123800.35,90943.68,91435.69,0.726274,0.704236,SELL
2024-06-14,0.7149539061482355,0.7155804416340112,0.7142377179333531,0.7148642534191288,-1,-1,123800.35,90943.68,91446.79,0.726274,0.704236,HOLD
2024-06-17,0.7148642534191288,0.7177113036023396,0.7145784145697561,0.7174254647529669,-1,-1,123800.35,90943.68,91129.71,0.726274,0.704236,HOLD
2024-06-18,0.7174254647529669,0.7188576133921302,0.7166243310530629,0.7180564796922262,-1,-1,123800.35,90943.68,91051.59,0.726274,0.704236,HOLD
2024-06-19,0.7180564796922262,0.7199637592280312,0.7174791386848225,0.7193864182206275,-1,-1,123800.35,90943.68,90886.95,0.726274,0.704236,HOLD
2024-06-20,0.7193864182206275,0.719995428985212,0.7172227553527907,0.7178317661173751,-1,-1,123800.35,90943.68,91079.41,0.726274,0.704236,HOLD
2024-06-21,0.7178317661173751,0.724238656898549,0.717103911367184,0.723510802148358,-1,-1,123800.35,90943.68,90376.35,0.726274,0.704236,HOLD
2024-06-24,0.723510802148358,0.7241646227385025,0.7209157290504086,0.7215695496405531,-1,-1,123800.35,90943.68,90616.67,0.726274,0.704236,HOLD
2024-06-25,0.7215695496405531,0.7243620595967754,0.7213068706682563,0.7240993806244785,-1,-1,123800.35,90943.68,90303.48,0.726274,0.704236,HOLD
2024-06-26,0.7240993806244785,0.7256104121740502,0.7233920486319271,0.7249030801814987,-1,-1,123800.35,90943.68,90203.98,0.726274,0.704236,HOLD
2024-06-27,0.7249030801814987,0.7279920549458976,0.7241346105135832,0.727223585277982,-1,-1,171008.99,90024.96,89615.3,0.730092,0.714299,SELL
2024-06-28,0.727223585277982,0.7333063971675254,0.7257251548151923,0.7318079667047357,0,0,0.0,89111.88,89111.88,,,STOP
2024-07-01,0.7318079667047357,0.7370195261214687,0.731779945041881,0.736991504458614,0,0,0.0,89111.88,89111.88,,,HOLD
2024-07-02,0.736991504458614,0.7374637386013091,0.7343253185973108,0.7347975527400058,0,0,0.0,89111.88,89111.88,,,HOLD
2024-07-03,0.7347975527400058,0.7353585269538491,0.7335780819592861,0.7341390561731294,0,0,0.0,89111.88,89111.88,,,HOLD
2024-07-04,0.7341390561731294,0.7352484937506185,0.7309062883747639,0.7320157259522531,0,0,0.0,89111.88,89111.88,,,HOLD
2024-07-05,0.7320157259522531,0.7325616256362063,0.7290597751313165,0.7296056748152697,0,0,0.0,89111.88,89111.88,,,HOLD
2024-07-08,0.7296056748152697,0.7304391754300222,0.7240165334523598,0.7248500340671123,0,0,0.0,89111.88,89111.88,,,HOLD
2024-07-09,0.7248500340671123,0.7257120548222006,0.7224609745504611,0.7233229953055493,0,0,0.0,89111.88,89111.88,,,HOLD
2024-07-10,0.7233229953055493,0.723802488322813,0.721460956040475,0.7219404490577387,0,0,0.0,89111.88,89111.88,,,HOLD
2024-07-11,0.7219404490577387,0.7258369481002085,0.7216390373330998,0.7255355363755696,-1,-1,153517.91,89111.88,88548.46,0.72767,0.710256,SELL
2024-07-12,0.7255355363755696,0.7308785874507991,0.7246425647862522,0.7299856158614818,-1,-1,144022.0,88209.25,87557.54,0.731585,0.713211,SELL
2024-07-15,0.7299856158614818,0.7310940682789302,0.7283727013002463,0.7294811537176947,-1,-1,144022.0,88209.25,87630.19,0.731585,0.713211,HOLD
2024-07-16,0.7294811537176947,0.729535977102329,0.7291904741584738,0.7292452975431081,-1,-1,144022.0,88209.25,87664.16,0.731585,0.713211,HOLD
2024-07-17,0.7292452975431081,0.730277708207022,0.7249399083306463,0.7259723189945602,0,-1,144022.0,88209.25,88135.54,0.731585,0.713211,HOLD
2024-07-18,0.7259723189945602,0.7262162105809733,0.7231158544209265,0.7233597460073397,0,-1,144022.0,88209.25,88511.81,0.731585,0.713211,HOLD
2024-07-19,0.7233597460073397,0.724677621558456,0.7227781682073265,0.7240960437584429,0,-1,144022.0,88209.25,88405.77,0.731585,0.713211,HOLD
2024-07-22,0.7240960437584429,0.7251621641818752,0.722632246893095,0.7236983673165273,0,-1,144022.0,88209.25,88463.04,0.731585,0.713211,HOLD
2024-07-23,0.7236983673165273,0.7267525774138082,0.7222714860697492,0.7253256961670301,0,-1,144022.0,88209.25,88228.67,0.731585,0.713211,HOLD
2024-07-24,0.7253256961670301,0.7307747699391504,0.7244795178944159,0.7299285916665361,0,-1,144022.0,88209.25,87565.75,0.731585,0.713211,HOLD
2024-07-25,0.7299285916665361,0.7307898869393847,0.7272867128139126,0.7281480080867612,0,-1,144022.0,88209.25,87822.19,0.731585,0.713211,HOLD
2024-07-26,0.7281480080867612,0.7299785943150735,0.7275115485620904,0.7293421347904028,0,-1,144022.0,88209.25,87650.21,0.731585,0.713211,HOLD
2024-07-29,0.7293421347904028,0.7312542163795038,0.7266178819455766,0.7285299635346777,0,-1,144022.0,88209.25,87767.18,0.731585,0.713211,HOLD
2024-07-30,0.7285299635346777,0.7289773995406655,0.726432917847695,0.7268803538536829,0,-1,144022.0,88209.25,88004.76,0.731585,0.713211,HOLD
2024-07-31,0.7268803538536829,0.7298858695661748,0.7258799023017308,0.7288854180142228,0,-1,144022.0,88209.25,87715.99,0.731585,0.713211,HOLD
2024-08-01,0.7288854180142228,0.7303943371482676,0.7258108159208811,0.727319735054926,0,-1,144022.0,88209.25,87941.48,0.731585,0.713211,HOLD
2024-08-02,0.727319735054926,0.7298992306941894,0.7266824624527646,0.729261958092028,0,-1,144022.0,88209.25,87661.76,0.731585,0.713211,HOLD
2024-08-05,0.729261958092028,0.7297235135460625,0.7288932385700854,0.7293547940241198,0,-1,144022.0,88209.25,87648.39,0.731585,0.713211,HOLD
2024-08-06,0.7293547940241198,0.7300225126342065,0.7278029364975847,0.7284706551076713,0,-1,144022.0,88209.25,87775.73,0.731585,0.713211,HOLD
2024-08-07,0.7284706551076713,0.7293459608471863,0.7240419939057574,0.7249172996452724,0,-1,144022.0,88209.25,88287.49,0.731585,0.713211,HOLD
2024-08-08,0.7249172996452724,0.725331461925177,0.7239109511027355,0.72432511338264,0,-1,144022.0,88209.25,88372.78,0.731585,0.713211,HOLD
2024-08-09,0.72432511338264,0.7247569024197302,0.7240105805367112,0.7244423695738014,0,-1,144022.0,88209.25,88355.89,0.731585,0.713211,HOLD
2024-08-12,0.7244423695738014,0.7286619898169037,0.7240515590347764,0.7282711792778787,0,-1,144022.0,88209.25,87804.46,0.731585,0.713211,HOLD
2024-08-13,0.7282711792778787,0.7336775328508572,0.7271137807419377,0.7325201343149162,0,0,0.0,87316.36,87316.36,,,STOP
2024-08-14,0.7325201343149162,0.7381526070823522,0.7322617357725919,0.7378942085400279,0,0,0.0,87316.36,87316.36,,,HOLD
2024-08-15,0.7378942085400279,0.7404397618824374,0.737201588187545,0.7397471415299546,0,0,0.0,87316.36,87316.36,,,HOLD
2024-08-16,0.7397471415299546,0.7405532157524818,0.7369345301525276,0.7377406043750548,0,0,0.0,87316.36,87316.36,,,HOLD
2024-08-19,0.7377406043750548,0.7416180048244329,0.7361537203604245,0.7400311208098025,0,0,0.0,87316.36,87316.36,,,HOLD
2024-08-20,0.7400311208098025,0.7406703021599284,0.7344482704116913,0.7350874517618171,0,0,0.0,87316.36,87316.36,,,HOLD
2024-08-21,0.7350874517618171,0.7352087674350829,0.7295696726779501,0.7296909883512159,0,0,0.0,87316.36,87316.36,,,HOLD
2024-08-22,0.7296909883512159,0.7304603695811941,0.7289033327855585,0.7296727140155367,0,0,0.0,87316.36,87316.36,,,HOLD
2024-08-23,0.7296727140155367,0.735710844672542,0.7286915708513643,0.7347297015083696,0,0,0.0,87316.36,87316.36,,,HOLD
2024-08-26,0.7347297015083696,0.7354951100438718,0.7320356228660942,0.7328010314015965,0,0,0.0,87316.36,87316.36,,,HOLD
2024-08-27,0.7328010314015965,0.734708361425849,0.7323265152937252,0.7342338453179778,0,0,0.0,87316.36,87316.36,,,HOLD
2024-08-28,0.7342338453179778,0.7353754963710033,0.7299547419367179,0.7310963929897435,0,0,0.0,87316.36,87316.36,,,HOLD
2024-08-29,0.7310963929897435,0.7353026157614199,0.7310580544486251,0.7352642772203015,0,0,0.0,87316.36,87316.36,,,HOLD
2024-08-30,0.7352642772203015,0.7421475632939942,0.734501413712154,0.7413846997858468,0,0,0.0,87316.36,87316.36,,,HOLD
2024-09-02,0.7413846997858468,0.7424507699542405,0.738465245849832,0.7395313160182257,0,0,0.0,87316.36,87316.36,,,HOLD
2024-09-03,0.7395313160182257,0.7402526930077148,0.7378185257409975,0.7385399027304865,0,0,0.0,87316.36,87316.36,,,HOLD
2024-09-04,0.7385399027304865,0.7395036353242728,0.7377102662279176,0.7386739988217038,0,0,0.0,87316.36,87316.36,,,HOLD
2024-09-05,0.7386739988217038,0.739401920805463,0.7364348457310096,0.7371627677147687,0,0,0.0,87316.36,87316.36,,,HOLD
2024-09-06,0.7371627677147687,0.7387749525137998,0.7360472877113919,0.737659472510423,0,0,0.0,87316.36,87316.36,,,HOLD
2024-09-09,0.737659472510423,0.7381044661860795,0.7372014243100682,0.7376464179857247,0,0,0.0,87316.36,87316.36,,,HOLD
2024-09-10,0.7376464179857247,0.7417251652482214,0.7369764018604964,0.7410551491229931,0,0,0.0,87316.36,87316.36,,,HOLD
2024-09-11,0.7410551491229931,0.7430765688585323,0.7407053061498836,0.7427267258854229,0,0,0.0,87316.36,87316.36,,,HOLD
2024-09-12,0.7427267258854229,0.7441660615850394,0.7414215940207967,0.7428609297204132,0,0,0.0,87316.36,87316.36,,,HOLD
2024-09-13,0.7428609297204132,0.7433118027998015,0.7404761652038675,0.7409270382832558,0,0,0.0,87316.36,87316.36,,,HOLD
2024-09-16,0.7409270382832558,0.743250070492562,0.7398571422298982,0.7421801744392044,0,0,0.0,87316.36,87316.36,,,HOLD
2024-09-17,0.7421801744392044,0.7473656414097222,0.7415875980763156,0.7467730650468334,0,0,0.0,87316.36,87316.36,,,HOLD
2024-09-18,0.7467730650468334,0.7480744880747277,0.7408645398020441,0.7421659628299384,0,0,0.0,87316.36,87316.36,,,HOLD
2024-09-19,0.7421659628299384,0.7447654396888114,0.7414723829030112,0.7440718597618842,0,0,0.0,87316.36,87316.36,,,HOLD
2024-09-20,0.7440718597618842,0.7483331805969844,0.7430893416469806,0.7473506624820808,0,0,0.0,87316.36,87316.36,,,HOLD
2024-09-23,0.7473506624820808,0.7483881696112745,0.7459370403573763,0.74697454748657,0,0,0.0,87316.36,87316.36,,,HOLD
2024-09-24,0.74697454748657,0.748126457974003,0.743092112791269,0.744244023278702,0,0,0.0,87316.36,87316.36,,,HOLD
2024-09-25,0.744244023278702,0.747947845368335,0.7438735413094679,0.747577363399101,0,0,0.0,87316.36,87316.36,,,HOLD
2024-09-26,0.747577363399101,0.7488136356742205,0.7446985005166835,0.7459347727918031,0,0,0.0,87316.36,87316.36,,,HOLD
2024-09-27,0.7459347727918031,0.7469765559562659,0.7406324723558795,0.7416742555203423,1,1,136652.32,87316.36,86723.9,0.73962,0.758789,BUY
2024-09-30,0.7416742555203423,0.7441880818684216,0.7412761287861552,0.7437899551342345,1,1,136652.32,87316.36,87013.01,0.73962,0.758789,HOLD
2024-10-01,0.7437899551342345,0.7441553472880835,0.7430874041658305,0.7434527963196795,1,1,136652.32,87316.36,86966.94,0.73962,0.758789,HOLD
2024-10-02,0.7434527963196795,0.7447888368855192,0.7356035994965833,0.736939640062423,1,1,128175.79,86432.94,85588.5,0.736784,0.757014,BUY
2024-10-03,0.736939640062423,0.7379618422752626,0.7317272754566005,0.7327494776694402,0,0,0.0,85559.0,85559.0,,,STOP
2024-10-04,0.7327494776694402,0.734939484435315,0.7315511812324407,0.7337411879983154,0,0,0.0,85559.0,85559.0,,,HOLD
2024-10-07,0.7337411879983154,0.7361137017592133,0.7336711545454628,0.7360436683063607,0,0,0.0,85559.0,85559.0,,,HOLD
2024-10-08,0.7360436683063607,0.7408071304346132,0.7354557356117455,0.740219197739998,0,0,0.0,85559.0,85559.0,,,HOLD
2024-10-09,0.740219197739998,0.7413836165182588,0.7396032541676996,0.7407676729459604,0,0,0.0,85559.0,85559.0,,,HOLD
2024-10-10,0.7407676729459604,0.7427495690626977,0.7400366728361322,0.7420185689528696,0,0,0.0,85559.0,85559.0,,,HOLD
2024-10-11,0.7420185689528696,0.7452330727720496,0.7415414600050038,0.7447559638241839,0,0,0.0,85559.0,85559.0,,,HOLD
2024-10-14,0.7447559638241839,0.7456042795669233,0.7422421052326373,0.7430904209753768,0,0,0.0,85559.0,85559.0,,,HOLD
2024-10-15,0.7430904209753768,0.743579359042325,0.7413451848906095,0.7418341229575577,0,0,0.0,85559.0,85559.0,,,HOLD
2024-10-16,0.7418341229575577,0.7450005696794744,0.7414942058120945,0.7446606525340111,0,0,0.0,85559.0,85559.0,,,HOLD
2024-10-17,0.7446606525340111,0.7458119534990277,0.7393386154275509,0.7404899163925674,0,0,0.0,85559.0,85559.0,,,HOLD
2024-10-18,0.7404899163925674,0.7441740751135238,0.7395941551276701,0.7432783138486265,0,0,0.0,85559.0,85559.0,,,HOLD
2024-10-21,0.7432783138486265,0.7439616928500902,0.7424769755994916,0.7431603546009552,0,0,0.0,85559.0,85559.0,,,HOLD
2024-10-22,0.7431603546009552,0.7438936534679971,0.7416391914530706,0.7423724903201124,0,0,0.0,85559.0,85559.0,,,HOLD
2024-10-23,0.7423724903201124,0.7429099684381321,0.7402042072584597,0.7407416853764793,0,0,0.0,85559.0,85559.0,,,HOLD
2024-10-24,0.7407416853764793,0.7447449448891622,0.7398351112833945,0.7438383707960774,0,0,0.0,85559.0,85559.0,,,HOLD
2024-10-25,0.7438383707960774,0.7452137772180597,0.7434302187135693,0.7448056251355516,0,0,0.0,85559.0,85559.0,,,HOLD
2024-10-28,0.7448056251355516,0.7477548000050915,0.7442245438746153,0.7471737187441553,0,0,0.0,85559.0,85559.0,,,HOLD
2024-10-29,0.7471737187441553,0.7473508118589882,0.7463258316268371,0.74650292474167,0,0,0.0,85559.0,85559.0,,,HOLD
2024-10-30,0.74650292474167,0.7551182799407391,0.7454713799775259,0.754086735176595,0,0,0.0,85559.0,85559.0,,,HOLD
2024-10-31,0.754086735176595,0.7586547773390553,0.7532143347688193,0.7577823769312796,0,0,0.0,85559.0,85559.0,,,HOLD
2024-11-01,0.7577823769312796,0.7637236357537499,0.7567139928872781,0.7626552517097485,0,0,0.0,85559.0,85559.0,,,HOLD
2024-11-04,0.7626552517097485,0.7663977250386864,0.7617350019182196,0.7654774752471576,0,0,0.0,85559.0,85559.0,,,HOLD
2024-11-05,0.7654774752471576,0.7669159471709492,0.7578328765824259,0.7592713485062176,0,0,0.0,85559.0,85559.0,,,HOLD
2024-11-06,0.7592713485062176,0.7599824907100781,0.7536266256670527,0.7543377678709132,0,0,0.0,85559.0,85559.0,,,HOLD
2024-11-07,0.7543377678709132,0.7546192518903373,0.7480108100918681,0.7482922941112922,1,1,120081.63,85559.0,84824.04,0.747288,0.768663,BUY
2024-11-08,0.7482922941112922,0.7496631411327945,0.7472806708276428,0.7486515178491452,1,1,117284.83,84694.4,84727.74,0.741146,0.76281,BUY
2024-11-11,0.7486515178491452,0.7487633049856739,0.7476732178785418,0.7477850050150705,1,1,117284.83,84694.4,84626.11,0.741146,0.76281,HOLD
2024-11-12,0.7477850050150705,0.7485266517318365,0.7439885786160279,0.7447302253327939,1,1,117284.83,84694.4,84267.83,0.741146,0.76281,HOLD
2024-11-13,0.7447302253327939,0.7506439102698519,0.7439378227427191,0.7498515076797772,0,1,117284.83,84694.4,84868.48,0.741146,0.76281,HOLD
2024-11-14,0.7498515076797772,0.7504090782738241,0.7470539236168492,0.7476114942108961,0,1,117284.83,84694.4,84605.76,0.741146,0.76281,HOLD
2024-11-15,0.7476114942108961,0.7481248222409779,0.7470624099313915,0.7475757379614733,0,1,117284.83,84694.4,84601.57,0.741146,0.76281,HOLD
2024-11-18,0.7475757379614733,0.7483628104465466,0.747529811811976,0.7483168842970493,0,1,117284.83,84694.4,84688.49,0.741146,0.76281,HOLD
2024-11-19,0.7483168842970493,0.7495724682038705,0.7455288210191316,0.7467844049259528,0,1,117284.83,84694.4,84508.76,0.741146,0.76281,HOLD
2024-11-20,0.7467844049259528,0.7475685971745275,0.7439852796488465,0.7447694718974213,0,1,117284.83,84694.4,84272.43,0.741146,0.76281,HOLD
2024-11-21,0.7447694718974213,0.7485342108284915,0.7440502402732958,0.747814979204366,0,1,117284.83,84694.4,84629.63,0.741146,0.76281,HOLD
2024-11-22,0.747814979204366,0.749780245148135,0.7471890457324003,0.7491543116761693,0,1,117284.83,84694.4,84786.71,0.741146,0.76281,HOLD
2024-11-25,0.7491543116761693,0.7502552253199891,0.7455529668790792,0.746653880522899,0,1,117284.83,84694.4,84493.45,0.741146,0.76281,HOLD
2024-11-26,0.746653880522899,0.750500032040603,0.7459760717846372,0.7498222233023412,0,1,117284.83,84694.4,84865.05,0.741146,0.76281,HOLD
2024-11-27,0.7498222233023412,0.7507428093540739,0.7478690914720165,0.7487896775237493,0,1,117284.83,84694.4,84743.94,0.741146,0.76281,HOLD
2024-11-28,0.7487896775237493,0.7515458380450413,0.7481800717285082,0.7509362322498002,0,1,117284.83,84694.4,84995.7,0.741146,0.76281,HOLD
2024-11-29,0.7509362322498002,0.752208498559674,0.7496795705112403,0.7509518368211141,0,1,117284.83,84694.4,84997.53,0.741146,0.76281,HOLD
2024-12-02,0.7509518368211141,0.7571389737342349,0.7501758531230137,0.7563629900361345,0,1,117284.83,84694.4,85632.18,0.741146,0.76281,HOLD
2024-12-03,0.7563629900361345,0.7569336632026671,0.7560285845095466,0.7565992576760792,0,1,117284.83,84694.4,85659.89,0.741146,0.76281,HOLD
2024-12-04,0.7565992576760792,0.7589402347858,0.7557859765822479,0.7581269536919687,0,1,117284.83,84694.4,85839.06,0.741146,0.76281,HOLD
2024-12-05,0.7581269536919687,0.7583406331352617,0.7545229611239146,0.7547366405672076,0,1,117284.83,84694.4,85441.43,0.741146,0.76281,HOLD
2024-12-06,0.7547366405672076,0.756318514295084,0.7535255628971005,0.7551074366249769,0,1,117284.83,84694.4,85484.92,0.741146,0.76281,HOLD
2024-12-09,0.7551074366249769,0.7581178257959504,0.753769146740416,0.7567795359113895,0,1,117284.83,84694.4,85681.03,0.741146,0.76281,HOLD
2024-12-10,0.7567795359113895,0.76136099193403,0.7561666070692916,0.7607480630919321,0,1,117284.83,84694.4,86146.48,0.741146,0.76281,HOLD
2024-12-11,0.7607480630919321,0.7621403326374389,0.7596265634136984,0.7610188329592051,0,1,117284.83,84694.4,86178.24,0.741146,0.76281,HOLD
2024-12-12,0.7610188329592051,0.762091494444209,0.7605587348155219,0.7616313963005258,0,1,117284.83,84694.4,86250.08,0.741146,0.76281,HOLD
2024-12-13,0.7616313963005258,0.7670091826042362,0.7605446872690086,0.765922473572719,0,0,0.0,86379.5,86379.5,,,TARGET
2024-12-16,0.765922473572719,0.7678124326314771,0.7650508090405995,0.7669407680993576,0,0,0.0,86379.5,86379.5,,,HOLD
2024-12-17,0.7669407680993576,0.768217578569941,0.7645357471182136,0.765812557588797,0,0,0.0,86379.5,86379.5,,,HOLD
2024-12-18,0.765812557588797,0.7674030609711883,0.7621962747824108,0.7637867781648021,0,0,0.0,86379.5,86379.5,,,HOLD
2024-12-19,0.7637867781648021,0.7644792785051105,0.7606656049646834,0.7613581053049918,0,0,0.0,86379.5,86379.5,,,HOLD
2024-12-20,0.7613581053049918,0.7625520682437438,0.759923432892445,0.761117395831197,0,0,0.0,86379.5,86379.5,,,HOLD
2024-12-23,0.761117395831197,0.761525929856531,0.7593464914265621,0.7597550254518961,0,0,0.0,86379.5,86379.5,,,HOLD
2024-12-24,0.7597550254518961,0.7606809602235868,0.7582496638599022,0.7591755986315929,0,0,0.0,86379.5,86379.5,,,HOLD
2024-12-25,0.7591755986315929,0.7599862761038473,0.7542318755806411,0.7550425530528955,0,0,0.0,86379.5,86379.5,,,HOLD
2024-12-26,0.7550425530528955,0.7555937250935832,0.7516592737254215,0.7522104457661093,0,0,0.0,86379.5,86379.5,,,HOLD
2024-12-27,0.7522104457661093,0.7549109271417959,0.7511312523620636,0.7538317337377501,0,0,0.0,86379.5,86379.5,,,HOLD
2024-12-30,0.7538317337377501,0.7546028490764553,0.7503137582757266,0.7510848736144317,0,0,0.0,86379.5,86379.5,,,HOLD
2024-12-31,0.7510848736144317,0.7581483366344977,0.7497457143235736,0.7568091773436396,0,0,0.0,86379.5,86379.5,,,HOLD
2025-01-01,0.7568091773436396,0.7576409509202564,0.7537746705318588,0.7546064441084755,0,0,0.0,86379.5,86379.5,,,HOLD
2025-01-02,0.7546064441084755,0.7558095303115488,0.7515959015028564,0.7527989877059297,0,0,0.0,86379.5,86379.5,,,HOLD
2025-01-03,0.7527989877059297,0.7601253809023493,0.7520762353710315,0.7594026285674511,0,0,0.0,86379.5,86379.5,,,HOLD
2025-01-06,0.7594026285674511,0.7624497079020356,0.7581587155853767,0.7612057949199612,0,0,0.0,86379.5,86379.5,,,HOLD
2025-01-07,0.7612057949199612,0.7618594792689336,0.7557685378516575,0.7564222222006299,0,0,0.0,86379.5,86379.5,,,HOLD
2025-01-08,0.7564222222006299,0.7607244939011819,0.7560317000550618,0.7603339717556138,0,0,0.0,86379.5,86379.5,,,HOLD
2025-01-09,0.7603339717556138,0.7605511599658186,0.7594005395109119,0.7596177277211167,0,0,0.0,86379.5,86379.5,,,HOLD
2025-01-10,0.7596177277211167,0.7603477457561746,0.7555065352570646,0.7562365532921225,0,0,0.0,86379.5,86379.5,,,HOLD
2025-01-13,0.7562365532921225,0.7596596628558409,0.7554642273027415,0.7588873368664599,0,0,0.0,86379.5,86379.5,,,HOLD
2025-01-14,0.7588873368664599,0.7598110228013191,0.7541244316345854,0.7550481175694446,0,0,0.0,86379.5,86379.5,,,HOLD
2025-01-15,0.7550481175694446,0.755845306702534,0.749119659381034,0.7499168485141234,0,0,0.0,86379.5,86379.5,,,HOLD
2025-01-16,0.7499168485141234,0.7518846438506,0.749109586979459,0.7510773823159356,0,0,0.0,86379.5,86379.5,,,HOLD
2025-01-17,0.7510773823159356,0.7556756997020394,0.7503541124805376,0.7549524298666415,0,0,0.0,86379.5,86379.5,,,HOLD
2025-01-20,0.7549524298666415,0.755139696288143,0.7529210821177866,0.7531083485392882,0,0,0.0,86379.5,86379.5,,,HOLD
2025-01-21,0.7531083485392882,0.7541890482466277,0.7517028729941712,0.7527835727015106,0,0,0.0,86379.5,86379.5,,,HOLD
2025-01-22,0.7527835727015106,0.7578417827349421,0.7513766543157253,0.7564348643491567,0,0,0.0,86379.5,86379.5,,,HOLD
2025-01-23,0.7564348643491567,0.7635327084128811,0.7550172239237074,0.7621150679874318,0,0,0.0,86379.5,86379.5,,,HOLD
2025-01-24,0.7621150679874318,0.7644647227014307,0.761392764106879,0.7637424188208779,0,0,0.0,86379.5,86379.5,,,HOLD
2025-01-27,0.7637424188208779,0.7646321571020024,0.7612952253817836,0.7621849636629081,0,0,0.0,86379.5,86379.5,,,HOLD
2025-01-28,0.7621849636629081,0.7656476743074772,0.7611703723309162,0.7646330829754853,0,0,0.0,86379.5,86379.5,,,HOLD
2025-01-29,0.7646330829754853,0.7674412396708704,0.7634308733853874,0.7662390300807725,0,0,0.0,86379.5,86379.5,,,HOLD
2025-01-30,0.7662390300807725,0.7667021891221074,0.7654023439261157,0.7658655029674506,0,0,0.0,86379.5,86379.5,,,HOLD
2025-01-31,0.7658655029674506,0.7696528088408395,0.764417114076479,0.768204419949868,0,0,0.0,86379.5,86379.5,,,HOLD
2025-02-03,0.768204419949868,0.7754689766934006,0.7673600280292325,0.7746245847727652,0,0,0.0,86379.5,86379.5,,,HOLD
2025-02-04,0.7746245847727652,0.7757415300930284,0.7687731248432096,0.7698900701634728,1,1,125398.95,86379.5,85776.39,0.767811,0.788476,BUY
2025-02-05,0.7698900701634728,0.7740044259590146,0.7695719686652968,0.7736863244608386,1,1,125398.95,86379.5,86252.43,0.767811,0.788476,HOLD
2025-02-06,0.7736863244608386,0.7742960689541385,0.7710042142609769,0.7716139587542767,1,1,125398.95,86379.5,85992.56,0.767811,0.788476,HOLD
2025-02-07,0.7716139587542767,0.7771865754357324,0.7707360882062276,0.7763087048876833,1,1,125398.95,86379.5,86581.28,0.767811,0.788476,HOLD
2025-02-10,0.7763087048876833,0.7789736868639023,0.7760236482893123,0.7786886302655313,1,1,125398.95,86379.5,86879.72,0.767811,0.788476,HOLD
2025-02-11,0.7786886302655313,0.7795015231756709,0.7760147580313815,0.7768276509415212,1,1,125398.95,86379.5,86646.35,0.767811,0.788476,HOLD
2025-02-12,0.7768276509415212,0.7823878194562708,0.7760252679844257,0.7815854364991753,1,1,125398.95,86379.5,87242.97,0.767811,0.788476,HOLD
2025-02-13,0.7815854364991753,0.7824143732460785,0.780579944396185,0.7814088811430883,1,1,125398.95,86379.5,87220.83,0.767811,0.788476,HOLD
2025-02-14,0.7814088811430883,0.790694405108455,0.780251155854179,0.7895366798195458,1,1,118560.44,88097.68,89052.42,0.774053,0.796345,BUY
2025-02-17,0.7895366798195458,0.7900183240444177,0.7879380993380991,0.7884197435629711,1,1,118560.44,88097.68,88920.0,0.774053,0.796345,HOLD
2025-02-18,0.7884197435629711,0.7937602244015551,0.7866264783422919,0.791966959180876,1,1,118560.44,88097.68,89340.56,0.774053,0.796345,HOLD
2025-02-19,0.791966959180876,0.7960767859952971,0.791431764027415,0.7955415908418361,1,1,118560.44,88097.68,89764.37,0.774053,0.796345,HOLD
2025-02-20,0.7955415908418361,0.7976304690486353,0.7946788620084483,0.7967677402152475,1,1,117881.56,89850.74,89986.44,0.787994,0.810861,BUY
2025-02-21,0.7967677402152475,0.7978284853876504,0.7943727619551032,0.795433507127506,1,1,117881.56,89850.74,89829.16,0.787994,0.810861,HOLD
2025-02-24,0.795433507127506,0.8040904192055522,0.7945796341982984,0.8032365462763446,1,1,117881.56,89850.74,90748.99,0.787994,0.810861,HOLD
2025-02-25,0.8032365462763446,0.8042627891985702,0.8016627140002951,0.8026889569225207,1,1,117881.56,89850.74,90684.44,0.787994,0.810861,HOLD
2025-02-26,0.8026889569225207,0.8095302670102712,0.8014649644981305,0.808306274585881,1,1,117881.56,89850.74,91346.62,0.787994,0.810861,HOLD
2025-02-27,0.808306274585881,0.8092448529322399,0.8013848359916889,0.8023234143380478,1,1,117881.56,89850.74,90641.35,0.787994,0.810861,HOLD
2025-02-28,0.8023234143380478,0.8028632107190047,0.7993079120016838,0.7998477083826407,1,1,117881.56,89850.74,90349.51,0.787994,0.810861,HOLD
2025-03-03,0.7998477083826407,0.8019309509932707,0.7985858739758912,0.8006691165865212,1,1,117881.56,89850.74,90446.34,0.787994,0.810861,HOLD
2025-03-04,0.8006691165865212,0.8012447694670487,0.797203756195511,0.7977794090760385,1,1,117881.56,89850.74,90105.7,0.787994,0.810861,HOLD
2025-03-05,0.7977794090760385,0.8023082056648452,0.7975194904922567,0.8020482870810633,1,1,117881.56,89850.74,90608.92,0.787994,0.810861,HOLD
2025-03-06,0.8020482870810633,0.8026002399265532,0.8012875609407676,0.8018395137862574,1,1,117881.56,89850.74,90584.31,0.787994,0.810861,HOLD
2025-03-07,0.8018395137862574,0.8054829210560686,0.800866807020206,0.8045102142900171,1,1,117881.56,89850.74,90899.14,0.787994,0.810861,HOLD
2025-03-10,0.8045102142900171,0.8068395598751449,0.8034165097608653,0.8057458553459931,1,1,117881.56,89850.74,91044.8,0.787994,0.810861,HOLD
2025-03-11,0.8057458553459931,0.8117698011176856,0.8055011724494449,0.8115251182211374,1,1,129995.96,91638.92,92380.45,0.798771,0.81992,BUY
2025-03-12,0.8115251182211374,0.8149413142672214,0.8109419222270229,0.8143581182731069,1,1,129995.96,91638.92,92748.73,0.798771,0.81992,HOLD
2025-03-13,0.8143581182731069,0.8151634894554787,0.8090473153432916,0.8098526865256633,1,1,129995.96,91638.92,92163.04,0.798771,0.81992,HOLD
2025-03-14,0.8098526865256633,0.8111146717231151,0.8066449181820529,0.8079069033795047,1,1,129995.96,91638.92,91910.09,0.798771,0.81992,HOLD
2025-03-17,0.8079069033795047,0.8117726949306312,0.8063534540573926,0.8102192456085191,1,1,129995.96,91638.92,92210.69,0.798771,0.81992,HOLD
2025-03-18,0.8102192456085191,0.8116370875234562,0.8064974235508889,0.807915265465826,1,1,129995.96,91638.92,91911.18,0.798771,0.81992,HOLD
2025-03-19,0.807915265465826,0.8141072869106194,0.8067278526339225,0.8129198740787159,1,1,129995.96,91638.92,92561.76,0.798771,0.81992,HOLD
2025-03-20,0.8129198740787159,0.8138246588245608,0.8098112715252321,0.810716056271077,1,1,129995.96,91638.92,92275.27,0.798771,0.81992,HOLD
2025-03-21,0.810716056271077,0.8121053731678087,0.8081685593727882,0.8095578762695199,1,1,129995.96,91638.92,92124.71,0.798771,0.81992,HOLD
2025-03-24,0.8095578762695199,0.8109073629952928,0.8083173893835578,0.8096668761093306,1,1,129995.96,91638.92,92138.88,0.798771,0.81992,HOLD
2025-03-25,0.8096668761093306,0.8101423106049486,0.8055645144000618,0.8060399488956798,1,1,129995.96,91638.92,91667.4,0.798771,0.81992,HOLD
2025-03-26,0.8060399488956798,0.8073277843934275,0.798196976673284,0.7994848121710317,1,1,119112.25,90712.78,89923.05,0.798499,0.821346,BUY
2025-03-27,0.7994848121710317,0.8001373397745506,0.7954072156914349,0.7960597432949538,0,0,0.0,89796.72,89796.72,,,STOP
2025-03-28,0.7960597432949538,0.7966992606660575,0.7938345570639156,0.7944740744350193,0,0,0.0,89796.72,89796.72,,,HOLD
2025-03-31,0.7944740744350193,0.7952776295945165,0.7913663850516696,0.7921699402111668,0,0,0.0,89796.72,89796.72,,,HOLD
2025-04-01,0.7921699402111668,0.7968526294428874,0.7920633806972289,0.7967460699289495,0,0,0.0,89796.72,89796.72,,,HOLD
2025-04-02,0.7967460699289495,0.7978971174695432,0.7904811563678638,0.7916322039084575,0,0,0.0,89796.72,89796.72,,,HOLD
2025-04-03,0.7916322039084575,0.7941966363529525,0.7907259081862579,0.7932903406307529,0,0,0.0,89796.72,89796.72,,,HOLD
2025-04-04,0.7932903406307529,0.7945371221273602,0.7915504171367229,0.7927971986333302,0,0,0.0,89796.72,89796.72,,,HOLD
2025-04-07,0.7927971986333302,0.7933215737224435,0.7890020673448476,0.7895264424339609,0,0,0.0,89796.72,89796.72,,,HOLD
2025-04-08,0.7895264424339609,0.7897267688268965,0.7864630149714599,0.7866633413643955,0,0,0.0,89796.72,89796.72,,,HOLD
2025-04-09,0.7866633413643955,0.7876436039822768,0.7837542036993878,0.7847344663172691,0,0,0.0,89796.72,89796.72,,,HOLD
2025-04-10,0.7847344663172691,0.7875384217737749,0.7841719910132057,0.7869759464697115,0,0,0.0,89796.72,89796.72,,,HOLD
2025-04-11,0.7869759464697115,0.7872583440110462,0.7837385128329578,0.7840209103742926,0,0,0.0,89796.72,89796.72,,,HOLD
2025-04-14,0.7840209103742926,0.7846588723353134,0.7810944675815421,0.781732429542563,0,0,0.0,89796.72,89796.72,,,HOLD
2025-04-15,0.781732429542563,0.7825177678686995,0.7799443566908411,0.7807296950169776,0,0,0.0,89796.72,89796.72,,,HOLD
2025-04-16,0.7807296950169776,0.7830712686903927,0.7805382695348783,0.7828798432082933,0,0,0.0,89796.72,89796.72,,,HOLD
2025-04-17,0.7828798432082933,0.7838326436110806,0.7793647443879955,0.7803175447907829,0,0,0.0,89796.72,89796.72,,,HOLD
2025-04-18,0.7803175447907829,0.780895800982661,0.7792115535365315,0.7797898097284096,0,0,0.0,89796.72,89796.72,,,HOLD
2025-04-21,0.7797898097284096,0.7814218498413139,0.7794749025072463,0.7811069426201506,0,0,0.0,89796.72,89796.72,,,HOLD
2025-04-22,0.7811069426201506,0.7823553184343879,0.7806712513609322,0.7819196271751695,0,0,0.0,89796.72,89796.72,,,HOLD
2025-04-23,0.7819196271751695,0.7863443013886768,0.7813195676108963,0.7857442418244036,0,0,0.0,89796.72,89796.72,,,HOLD
2025-04-24,0.7857442418244036,0.7866244318522303,0.7827213825350977,0.7836015725629244,0,0,0.0,89796.72,89796.72,,,HOLD
2025-04-25,0.7836015725629244,0.7843917418472846,0.7778698359936709,0.778660005278031,0,0,0.0,89796.72,89796.72,,,HOLD
2025-04-28,0.778660005278031,0.7840322475758604,0.7774753045176344,0.7828475468154638,0,0,0.0,89796.72,89796.72,,,HOLD
2025-04-29,0.7828475468154638,0.7848632474739881,0.7823137501072168,0.7843294507657411,0,0,0.0,89796.72,89796.72,,,HOLD
2025-04-30,0.7843294507657411,0.7911540657269758,0.7832879458055415,0.7901125607667762,0,0,0.0,89796.72,89796.72,,,HOLD
2025-05-01,0.7901125607667762,0.7941648194605907,0.7887273171751443,0.7927795758689589,0,0,0.0,89796.72,89796.72,,,HOLD
2025-05-02,0.7927795758689589,0.7930035710111922,0.7869971096560738,0.7872211047983072,0,0,0.0,89796.72,89796.72,,,HOLD
2025-05-05,0.7872211047983072,0.7881607188861066,0.7771134147428299,0.7780530288306293,0,0,0.0,89796.72,89796.72,,,HOLD
2025-05-06,0.7780530288306293,0.7811251533056671,0.7772978747695618,0.7803699992445996,0,0,0.0,89796.72,89796.72,,,HOLD
2025-05-07,0.7803699992445996,0.7872239614475893,0.7793838840697336,0.7862378462727233,0,0,0.0,89796.72,89796.72,,,HOLD
2025-05-08,0.7862378462727233,0.790441676764453,0.7851867829572352,0.7893906134489649,0,0,0.0,89796.72,89796.72,,,HOLD
2025-05-09,0.7893906134489649,0.7901626884828153,0.7883096302014255,0.789081705235276,0,0,0.0,89796.72,89796.72,,,HOLD
2025-05-12,0.789081705235276,0.7903948050495568,0.7822879016753702,0.7836010014896511,0,0,0.0,89796.72,89796.72,,,HOLD
2025-05-13,0.7836010014896511,0.7860881812363749,0.783043102615905,0.7855302823626289,0,0,0.0,89796.72,89796.72,,,HOLD
2025-05-14,0.7855302823626289,0.786882872118261,0.7845536044486209,0.785906194204253,0,0,0.0,89796.72,89796.72,,,HOLD
2025-05-15,0.785906194204253,0.789182666159015,0.7850928745636055,0.7883693465183675,0,0,0.0,89796.72,89796.72,,,HOLD
2025-05-16,0.7883693465183675,0.7883954244510142,0.7863857656839425,0.7864118436165891,0,0,0.0,89796.72,89796.72,,,HOLD
2025-05-19,0.7864118436165891,0.7899144784792803,0.7855267987948296,0.7890294336575208,0,0,0.0,89796.72,89796.72,,,HOLD
2025-05-20,0.7890294336575208,0.7916987794875446,0.7879906343441733,0.7906599801741971,0,0,0.0,89796.72,89796.72,,,HOLD
2025-05-21,0.7906599801741971,0.7921131748688196,0.7854090709614283,0.7868622656560508,0,0,0.0,89796.72,89796.72,,,HOLD
2025-05-22,0.7868622656560508,0.793630184744108,0.7860995518402457,0.7928674709283029,0,0,0.0,89796.72,89796.72,,,HOLD
2025-05-23,0.7928674709283029,0.7933107400979509,0.7907554504616864,0.7911987196313344,0,0,0.0,89796.72,89796.72,,,HOLD
2025-05-26,0.7911987196313344,0.7951674106392901,0.7906584291697766,0.7946271201777323,0,0,0.0,89796.72,89796.72,,,HOLD
2025-05-27,0.7946271201777323,0.7978126316135609,0.7941906437053498,0.7973761551411783,0,0,0.0,89796.72,89796.72,,,HOLD
2025-05-28,0.7973761551411783,0.8028155538926239,0.7964604212691992,0.8018998200206449,0,0,0.0,89796.72,89796.72,,,HOLD
2025-05-29,0.8018998200206449,0.802129858711542,0.8005297096230031,0.8007597483139002,0,0,0.0,89796.72,89796.72,,,HOLD
2025-05-30,0.8007597483139002,0.8057603230813166,0.7999248705748168,0.8049254453422332,0,0,0.0,89796.72,89796.72,,,HOLD
2025-06-02,0.8049254453422332,0.8049481929665208,0.802194944732905,0.8022176923571925,0,0,0.0,89796.72,89796.72,,,HOLD
2025-06-03,0.8022176923571925,0.8132143513041612,0.8016401889349796,0.8126368478819482,0,0,0.0,89796.72,89796.72,,,HOLD
2025-06-04,0.8126368478819482,0.813425390975595,0.8116733031107054,0.8124618462043521,0,0,0.0,89796.72,89796.72,,,HOLD
2025-06-05,0.8124618462043521,0.8130756687245356,0.8124251612655822,0.8130389837857657,0,0,0.0,89796.72,89796.72,,,HOLD
2025-06-06,0.8130389837857657,0.81517985542216,0.8120660658421432,0.8142069374785376,0,0,0.0,89796.72,89796.72,,,HOLD
2025-06-09,0.8142069374785376,0.8169222045227265,0.8137463139195898,0.8164615809637787,0,0,0.0,89796.72,89796.72,,,HOLD
2025-06-10,0.8164615809637787,0.8183926175444578,0.8158671002208913,0.8177981368015703,0,0,0.0,89796.72,89796.72,,,HOLD
2025-06-11,0.8177981368015703,0.8196721095022339,0.8171865572897515,0.8190605299904151,0,0,0.0,89796.72,89796.72,,,HOLD
2025-06-12,0.8190605299904151,0.8193877033436813,0.8168730634753567,0.8172002368286229,0,0,0.0,89796.72,89796.72,,,HOLD
2025-06-13,0.8172002368286229,0.8205077635276954,0.8162804943341194,0.819588021033192,0,0,0.0,89796.72,89796.72,,,HOLD
2025-06-16,0.819588021033192,0.8202678981807733,0.8177592550853408,0.8184391322329221,0,0,0.0,89796.72,89796.72,,,HOLD
2025-06-17,0.8184391322329221,0.8186716592791943,0.816757596256932,0.8169901233032042,0,0,0.0,89796.72,89796.72,,,HOLD
2025-06-18,0.8169901233032042,0.8200399534837274,0.8155245797006919,0.8185744098812151,0,0,0.0,89796.72,89796.72,,,HOLD
2025-06-19,0.8185744098812151,0.8209877690936999,0.8176351029858859,0.8200484621983707,0,0,0.0,89796.72,89796.72,,,HOLD
2025-06-20,0.8200484621983707,0.8227772716825004,0.8192459007161588,0.8219747102002884,0,0,0.0,89796.72,89796.72,,,HOLD
2025-06-23,0.8219747102002884,0.8226957512843748,0.819989713158649,0.8207107542427353,0,0,0.0,89796.72,89796.72,,,HOLD
2025-06-24,0.8207107542427353,0.8214376963104859,0.814436112039865,0.8151630541076156,0,0,0.0,89796.72,89796.72,,,HOLD
2025-06-25,0.8151630541076156,0.8153897204788219,0.8119321772928014,0.8121588436640077,0,0,0.0,89796.72,89796.72,,,HOLD
2025-06-26,0.8121588436640077,0.8128031108790643,0.8053379152068826,0.8059821824219392,0,0,0.0,89796.72,89796.72,,,HOLD
2025-06-27,0.8059821824219392,0.8085557383343409,0.8049151515733081,0.8074887074857098,0,0,0.0,89796.72,89796.72,,,HOLD
2025-06-30,0.8074887074857098,0.8087193433138239,0.8058824368990245,0.8071130727271386,0,0,0.0,89796.72,89796.72,,,HOLD
2025-07-01,0.8071130727271386,0.8100354755400114,0.8055327490527827,0.8084551518656555,0,0,0.0,89796.72,89796.72,,,HOLD
2025-07-02,0.8084551518656555,0.8095231496701313,0.8045053654919273,0.805573363296403,0,0,0.0,89796.72,89796.72,,,HOLD
2025-07-03,0.805573363296403,0.8059760606553549,0.8029455770263602,0.803348274385312,0,0,0.0,89796.72,89796.72,,,HOLD
2025-07-04,0.803348274385312,0.8058146529468598,0.8021448015750955,0.8046111801366433,0,0,0.0,89796.72,89796.72,,,HOLD
2025-07-07,0.8046111801366433,0.8087505427672713,0.80378796320275,0.807927325833378,0,0,0.0,89796.72,89796.72,,,HOLD
2025-07-08,0.807927325833378,0.8106631673046506,0.8067971406399369,0.8095329821112095,0,0,0.0,89796.72,89796.72,,,HOLD
2025-07-09,0.8095329821112095,0.8114851226432228,0.8087888112202543,0.8107409517522676,0,0,0.0,89796.72,89796.72,,,HOLD
2025-07-10,0.8107409517522676,0.8117234463122337,0.8105514212632866,0.8115339158232527,0,0,0.0,89796.72,89796.72,,,HOLD
2025-07-11,0.8115339158232527,0.8147057302470573,0.8111985734362285,0.814370387860033,0,0,0.0,89796.72,89796.72,,,HOLD
2025-07-14,0.814370387860033,0.8156130476299909,0.8119307369444836,0.8131733967144414,0,0,0.0,89796.72,89796.72,,,HOLD
2025-07-15,0.8131733967144414,0.8165119870864408,0.8121007678860689,0.8154393582580682,0,0,0.0,89796.72,89796.72,,,HOLD
2025-07-16,0.8154393582580682,0.8160813802364854,0.8060284072177749,0.806670429196192,0,0,0.0,89796.72,89796.72,,,HOLD
2025-07-17,0.806670429196192,0.8103377655893539,0.8055435198445026,0.8092108562376644,0,0,0.0,89796.72,89796.72,,,HOLD
2025-07-18,0.8092108562376644,0.8103391595344769,0.8059476186307197,0.8070759219275322,0,0,0.0,89796.72,89796.72,,,HOLD
2025-07-21,0.8070759219275322,0.807882146792377,0.802948555260405,0.8037547801252498,0,0,0.0,89796.72,89796.72,,,HOLD
2025-07-22,0.8037547801252498,0.8038234885997545,0.8018103145343423,0.801879023008847,0,0,0.0,89796.72,89796.72,,,HOLD
2025-07-23,0.801879023008847,0.8038455929371704,0.8014021020954686,0.803368672023792,0,0,0.0,89796.72,89796.72,,,HOLD
2025-07-24,0.803368672023792,0.8052800443651436,0.8025986755098957,0.8045100478512472,0,0,0.0,89796.72,89796.72,,,HOLD
2025-07-25,0.8045100478512472,0.8061388340737279,0.8038477949925185,0.8054765812149991,0,0,0.0,89796.72,89796.72,,,HOLD
2025-07-28,0.8054765812149991,0.8113271838686477,0.8050385316699865,0.8108891343236351,0,0,0.0,89796.72,89796.72,,,HOLD
2025-07-29,0.8108891343236351,0.8117869925481257,0.8103170902592155,0.8112149484837061,0,0,0.0,89796.72,89796.72,,,HOLD
2025-07-30,0.8112149484837061,0.8149499802805261,0.8111120058032459,0.8148470376000659,0,0,0.0,89796.72,89796.72,,,HOLD
2025-07-31,0.8148470376000659,0.8167401289408308,0.8141571921117884,0.8160502834525533,0,0,0.0,89796.72,89796.72,,,HOLD
2025-08-01,0.8160502834525533,0.8162029438338834,0.8128575122704459,0.813010172651776,0,0,0.0,89796.72,89796.72,,,HOLD
2025-08-04,0.813010172651776,0.8166617035817467,0.8126383283488586,0.8162898592788294,0,0,0.0,89796.72,89796.72,,,HOLD
2025-08-05,0.8162898592788294,0.8168179444115404,0.813509418567145,0.8140375036998561,0,0,0.0,89796.72,89796.72,,,HOLD
2025-08-06,0.8140375036998561,0.8183476606788022,0.8130156545454927,0.8173258115244388,0,0,0.0,89796.72,89796.72,,,HOLD
2025-08-07,0.8173258115244388,0.8183803317681205,0.8111229592719704,0.8121774795156521,0,0,0.0,89796.72,89796.72,,,HOLD
2025-08-08,0.8121774795156521,0.816490745912403,0.811632216442458,0.8159454828392089,0,0,0.0,89796.72,89796.72,,,HOLD
2025-08-11,0.8159454828392089,0.8168001834735812,0.8152107209202468,0.8160654215546191,0,0,0.0,89796.72,89796.72,,,HOLD
2025-08-12,0.8160654215546191,0.8238961583012929,0.8155478228533207,0.8233785595999945,0,0,0.0,89796.72,89796.72,,,HOLD
2025-08-13,0.8233785595999945,0.824630907832502,0.8151347168586774,0.816387065091185,0,0,0.0,89796.72,89796.72,,,HOLD
2025-08-14,0.816387065091185,0.8177281053653259,0.8153427235034176,0.8166837637775586,0,0,0.0,89796.72,89796.72,,,HOLD
2025-08-15,0.8166837637775586,0.8199380082873088,0.8155000122452282,0.8187542567549784,1,1,134584.33,89796.72,90065.28,0.810087,0.830103,BUY
2025-08-18,0.8187542567549784,0.8199979375636668,0.8160161694037373,0.8172598502124258,1,1,134584.33,89796.72,89864.15,0.810087,0.830103,HOLD
2025-08-19,0.8172598502124258,0.8183173247883772,0.8157515311614094,0.8168090057373608,1,1,134584.33,89796.72,89803.48,0.810087,0.830103,HOLD
2025-08-20,0.8168090057373608,0.818725268797879,0.8153382327405642,0.8172544958010823,1,1,134584.33,89796.72,89863.43,0.810087,0.830103,HOLD
2025-08-21,0.8172544958010823,0.817801953296512,0.8155047357686241,0.8160521932640538,1,1,134584.33,89796.72,89701.62,0.810087,0.830103,HOLD
2025-08-22,0.8160521932640538,0.8190029636142498,0.8151943282288073,0.8181450985790034,1,1,134584.33,89796.72,89983.3,0.810087,0.830103,HOLD
2025-08-25,0.8181450985790034,0.8193652879395975,0.8159309079138651,0.8171510972744592,1,1,134584.33,89796.72,89849.52,0.810087,0.830103,HOLD
2025-08-26,0.8171510972744592,0.8203236070613408,0.8162538897369364,0.8194263995238179,1,1,134584.33,89796.72,90155.74,0.810087,0.830103,HOLD
2025-08-27,0.8194263995238179,0.8209726812538554,0.8126181720221834,0.8141644537522209,1,1,134584.33,89796.72,89447.56,0.810087,0.830103,HOLD
2025-08-28,0.8141644537522209,0.8143212884533892,0.8129911468652056,0.8131479815663739,1,1,134584.33,89796.72,89310.76,0.810087,0.830103,HOLD
2025-08-29,0.8131479815663739,0.8136539147788279,0.808668280676094,0.8091742138885479,0,0,0.0,88888.66,88888.66,,,STOP
2025-09-01,0.8091742138885479,0.814406216060153,0.8085918371026846,0.8138238392742896,0,0,0.0,88888.66,88888.66,,,HOLD
2025-09-02,0.8138238392742896,0.8153754192045912,0.8111007200801239,0.8126523000104255,0,0,0.0,88888.66,88888.66,,,HOLD
2025-09-03,0.8126523000104255,0.8143607431835767,0.811172131853507,0.8128805750266581,0,0,0.0,88888.66,88888.66,,,HOLD
2025-09-04,0.8128805750266581,0.8136562982551251,0.8054702762099022,0.8062459994383692,0,0,0.0,88888.66,88888.66,,,HOLD
2025-09-05,0.8062459994383692,0.8073955992054475,0.8041454443176075,0.8052950440846858,0,0,0.0,88888.66,88888.66,,,HOLD
2025-09-08,0.8052950440846858,0.8071026442706908,0.8039854551471026,0.8057930553331076,0,0,0.0,88888.66,88888.66,,,HOLD
2025-09-09,0.8057930553331076,0.8084402186454521,0.8056934700780641,0.8083406333904086,0,0,0.0,88888.66,88888.66,,,HOLD
2025-09-10,0.8083406333904086,0.808882551478202,0.8055668717193015,0.8061087898070949,0,0,0.0,88888.66,88888.66,,,HOLD
2025-09-11,0.8061087898070949,0.8106491608764943,0.8052662892066859,0.8098066602760853,0,0,0.0,88888.66,88888.66,,,HOLD
2025-09-12,0.8098066602760853,0.8116607194466229,0.8083923166515006,0.8102463758220382,0,0,0.0,88888.66,88888.66,,,HOLD
2025-09-15,0.8102463758220382,0.8102884904891754,0.8101741174427868,0.810216232109924,0,0,0.0,88888.66,88888.66,,,HOLD
2025-09-16,0.810216232109924,0.8112024598282335,0.8036141607750683,0.8046003884933778,0,0,0.0,88888.66,88888.66,,,HOLD
2025-09-17,0.8046003884933778,0.8056176680733037,0.8045178596265399,0.8055351392064658,0,0,0.0,88888.66,88888.66,,,HOLD
2025-09-18,0.8055351392064658,0.8151361203892485,0.8048138603807423,0.8144148415635251,0,0,0.0,88888.66,88888.66,,,HOLD
2025-09-19,0.8144148415635251,0.8149362510536424,0.8120341624948982,0.8125555719850156,0,0,0.0,88888.66,88888.66,,,HOLD
2025-09-22,0.8125555719850156,0.8134997155011428,0.8079369207832585,0.8088810642993857,0,0,0.0,88888.66,88888.66,,,HOLD
2025-09-23,0.8088810642993857,0.8107989558695151,0.8081388952142129,0.8100567867843423,0,0,0.0,88888.66,88888.66,,,HOLD
2025-09-24,0.8100567867843423,0.8120781813185466,0.8092418275447308,0.8112632220789351,0,0,0.0,88888.66,88888.66,,,HOLD
2025-09-25,0.8112632220789351,0.8144159619636246,0.8104905660022247,0.8136433058869142,0,0,0.0,88888.66,88888.66,,,HOLD
2025-09-26,0.8136433058869142,0.8148331751424387,0.8134915650804838,0.8146814343360083,0,0,0.0,88888.66,88888.66,,,HOLD
2025-09-29,0.8146814343360083,0.8156498413556281,0.8135445659544653,0.8145129729740852,0,0,0.0,88888.66,88888.66,,,HOLD
2025-09-30,0.8145129729740852,0.815046998951355,0.8129531853160732,0.813487211293343,0,0,0.0,88888.66,88888.66,,,HOLD
2025-10-01,0.813487211293343,0.8160775072048427,0.8130392378531245,0.8156295337646242,0,0,0.0,88888.66,88888.66,,,HOLD
2025-10-02,0.8156295337646242,0.8260490179074861,0.8143696529803551,0.824789137123217,0,0,0.0,88888.66,88888.66,,,HOLD
2025-10-03,0.824789137123217,0.8251353054605443,0.8222119063923725,0.8225580747296998,0,0,0.0,88888.66,88888.66,,,HOLD
2025-10-06,0.8225580747296998,0.8230545377111684,0.8187736665984934,0.819270129579962,0,0,0.0,88888.66,88888.66,,,HOLD
2025-10-07,0.819270129579962,0.824002124108767,0.8180994599737595,0.8228314545025646,0,0,0.0,88888.66,88888.66,,,HOLD
2025-10-08,0.8228314545025646,0.8243831396235699,0.8215509079384068,0.8231025930594121,0,0,0.0,88888.66,88888.66,,,HOLD
2025-10-09,0.8231025930594121,0.8305227128972937,0.8218901822425467,0.8293103020804283,0,0,0.0,88888.66,88888.66,,,HOLD
2025-10-10,0.8293103020804283,0.8298220317869167,0.8267388578945748,0.8272505876010632,0,0,0.0,88888.66,88888.66,,,HOLD
2025-10-13,0.8272505876010632,0.8280004438218721,0.8257582922042646,0.8265081484250735,0,0,0.0,88888.66,88888.66,,,HOLD
2025-10-14,0.8265081484250735,0.8298890095074355,0.8252741268772447,0.8286549879596067,0,0,0.0,88888.66,88888.66,,,HOLD
2025-10-15,0.8286549879596067,0.8296451681260384,0.8267738566424364,0.8277640368088681,0,0,0.0,88888.66,88888.66,,,HOLD
2025-10-16,0.8277640368088681,0.8287150727861127,0.8255668880044368,0.8265179239816813,0,0,0.0,88888.66,88888.66,,,HOLD
2025-10-17,0.8265179239816813,0.8316238959847895,0.8254261660768402,0.8305321380799483,0,0,0.0,88888.66,88888.66,,,HOLD
2025-10-20,0.8305321380799483,0.831516325638865,0.8265263633018542,0.827510550860771,0,0,0.0,88888.66,88888.66,,,HOLD
2025-10-21,0.827510550860771,0.8281841640837481,0.8267910158239814,0.8274646290469585,1,1,128045.51,88888.66,88873.17,0.820644,0.841469,BUY
2025-10-22,0.8274646290469585,0.8315378954807976,0.8266251416070667,0.8306984080409058,1,1,128045.51,88888.66,89287.24,0.820644,0.841469,HOLD
2025-10-23,0.8306984080409058,0.836795501497057,0.8302300938791137,0.8363271873352649,1,1,128045.51,88888.66,90007.98,0.820644,0.841469,HOLD
2025-10-24,0.8363271873352649,0.8365328678621707,0.8349438791299246,0.8351495596568305,1,1,128045.51,88888.66,89857.19,0.820644,0.841469,HOLD
2025-10-27,0.8351495596568305,0.8354021781651686,0.8349685819637249,0.835221200472063,1,1,128045.51,88888.66,89866.37,0.820644,0.841469,HOLD
2025-10-28,0.835221200472063,0.836672934098468,0.8342229695020055,0.8356747031284104,1,1,128045.51,88888.66,89924.43,0.820644,0.841469,HOLD
2025-10-29,0.8356747031284104,0.836503746520387,0.8335562800232581,0.8343853234152346,1,1,128045.51,88888.66,89759.34,0.820644,0.841469,HOLD
2025-10-30,0.8343853234152346,0.8388114663933822,0.8336625739930019,0.8380887169711495,1,1,128045.51,88888.66,90233.54,0.820644,0.841469,HOLD
2025-10-31,0.8380887169711495,0.8390368523136056,0.8320294040502515,0.8329775393927076,1,1,128045.51,88888.66,89579.08,0.820644,0.841469,HOLD
2025-11-03,0.8329775393927076,0.8335336694164056,0.8324616577955996,0.8330177878192976,1,1,128045.51,88888.66,89584.23,0.820644,0.841469,HOLD
2025-11-04,0.8330177878192976,0.8340252984855557,0.8293209495505598,0.8303284602168179,1,1,128045.51,88888.66,89239.87,0.820644,0.841469,HOLD
2025-11-05,0.8303284602168179,0.8313248508419785,0.8267851290572389,0.8277815196823994,1,1,128045.51,88888.66,88913.75,0.820644,0.841469,HOLD
2025-11-06,0.8277815196823994,0.8313586017015916,0.8277580089456098,0.831335090964802,1,1,128045.51,88888.66,89368.77,0.820644,0.841469,HOLD
2025-11-07,0.831335090964802,0.8320865358577317,0.8279533340663331,0.8287047789592629,1,1,128045.51,88888.66,89031.97,0.820644,0.841469,HOLD
2025-11-10,0.8287047789592629,0.8296980285444571,0.8279369076593092,0.8289301572445034,1,1,128045.51,88888.66,89060.83,0.820644,0.841469,HOLD
2025-11-11,0.8289301572445034,0.8328538111271567,0.8274790016567511,0.8314026555394045,1,1,128045.51,88888.66,89377.42,0.820644,0.841469,HOLD
2025-11-12,0.8314026555394045,0.8373078978380368,0.8311322605691891,0.8370375028678214,1,1,128045.51,88888.66,90098.94,0.820644,0.841469,HOLD
2025-11-13,0.8370375028678214,0.8384840729501002,0.8370274374944103,0.8384740075766891,1,1,128045.51,88888.66,90282.87,0.820644,0.841469,HOLD
2025-11-14,0.8384740075766891,0.8391309064477561,0.8336886292558244,0.8343455281268914,1,1,128045.51,88888.66,89754.24,0.820644,0.841469,HOLD
2025-11-17,0.8343455281268914,0.8360866861380242,0.8335014087957228,0.8352425668068555,1,1,128045.51,88888.66,89869.1,0.820644,0.841469,HOLD
2025-11-18,0.8352425668068555,0.8356411389770005,0.8345215488681816,0.8349201210383267,1,1,128045.51,88888.66,89827.81,0.820644,0.841469,HOLD
2025-11-19,0.8349201210383267,0.8362642055393428,0.8335980585756483,0.8349421430766644,1,1,128045.51,88888.66,89830.63,0.820644,0.841469,HOLD
2025-11-20,0.8349421430766644,0.8396981392349049,0.8340290653124872,0.8387850614707277,1,1,128045.51,88888.66,90322.7,0.820644,0.841469,HOLD
2025-11-21,0.8387850614707277,0.8461769018739708,0.8375273158571264,0.8449191562603694,1,1,146192.0,90656.82,91542.62,0.832659,0.851262,BUY
2025-11-24,0.8449191562603694,0.8464450660039244,0.8439928863858435,0.8455187961293985,1,1,146192.0,90656.82,91630.28,0.832659,0.851262,HOLD
2025-11-25,0.8455187961293985,0.8470426188264469,0.8430865574501976,0.844610380147246,1,1,146192.0,90656.82,91497.48,0.832659,0.851262,HOLD
2025-11-26,0.844610380147246,0.8464907369551522,0.8440162058050661,0.8458965626129723,1,1,146192.0,90656.82,91685.51,0.832659,0.851262,HOLD
2025-11-27,0.8458965626129723,0.8463310026482125,0.8445134272296246,0.8449478672648648,1,1,146192.0,90656.82,91546.81,0.832659,0.851262,HOLD
2025-11-28,0.8449478672648648,0.8501278765803414,0.8441431968378228,0.8493232061532994,1,1,146192.0,90656.82,92186.45,0.832659,0.851262,HOLD
2025-12-01,0.8493232061532994,0.8559086839739363,0.8485352818627014,0.8551207596833383,1,1,149240.93,92459.0,93313.04,0.843203,0.861789,BUY
2025-12-02,0.8551207596833383,0.8554980387538189,0.8539283851345806,0.8543056642050612,1,1,149240.93,92459.0,93191.39,0.843203,0.861789,HOLD
2025-12-03,0.8543056642050612,0.8545689928293233,0.846690702200086,0.8469540308243482,1,1,149240.93,92459.0,92094.23,0.843203,0.861789,HOLD
2025-12-04,0.8469540308243482,0.8479587453460349,0.8432781414240276,0.8442828559457143,1,1,149240.93,92459.0,91695.58,0.843203,0.861789,HOLD
2025-12-05,0.8442828559457143,0.8450666837853916,0.8437921943610269,0.8445760222007043,1,1,149240.93,92459.0,91739.33,0.843203,0.861789,HOLD
2025-12-08,0.8445760222007043,0.8449004900294114,0.8403063112424901,0.8406307790711972,1,1,139942.71,91523.21,90960.61,0.838111,0.857731,BUY
2025-12-09,0.8406307790711972,0.8415598315975619,0.8365916002783359,0.8375206528047006,1,1,133492.69,90597.49,90172.3,0.833919,0.854279,BUY
2025-12-10,0.8375206528047006,0.843314505691695,0.8369348974211471,0.8427287503081415,0,1,133492.69,90597.49,90867.54,0.833919,0.854279,HOLD
2025-12-11,0.8427287503081415,0.8436226808623956,0.8417748968038876,0.8426688273581416,0,1,133492.69,90597.49,90859.54,0.833919,0.854279,HOLD
2025-12-12,0.8426688273581416,0.8433592285444804,0.8376640338473569,0.8383544350336957,0,1,133492.69,90597.49,90283.6,0.833919,0.854279,HOLD
2025-12-15,0.8383544350336957,0.8449518344106393,0.8366137176048499,0.8432111169817935,0,1,133492.69,90597.49,90931.93,0.833919,0.854279,HOLD
2025-12-16,0.8432111169817935,0.8440463726838887,0.8366384220190523,0.8374736777211474,0,1,133492.69,90597.49,90166.02,0.833919,0.854279,HOLD
2025-12-17,0.8374736777211474,0.838625910597327,0.8316203788536448,0.8327726117298244,0,0,0.0,89681.5,89681.5,,,STOP
2025-12-18,0.8327726117298244,0.8337188355475877,0.8295254861727998,0.8304717099905631,0,0,0.0,89681.5,89681.5,,,HOLD
2025-12-19,0.8304717099905631,0.8312554160023387,0.8286027096511042,0.8293864156628797,0,0,0.0,89681.5,89681.5,,,HOLD
2025-12-22,0.8293864156628797,0.829915625024061,0.8283585791377208,0.8288877884989021,0,0,0.0,89681.5,89681.5,,,HOLD
2025-12-23,0.8288877884989021,0.835158273051051,0.8274062611162485,0.8336767456683973,0,0,0.0,89681.5,89681.5,,,HOLD
2025-12-24,0.8336767456683973,0.8345945117100929,0.8312229308659986,0.8321406969076942,0,0,0.0,89681.5,89681.5,,,HOLD
2025-12-25,0.8321406969076942,0.8368952000273621,0.8312072089101477,0.8359617120298155,0,0,0.0,89681.5,89681.5,,,HOLD
2025-12-26,0.8359617120298155,0.8419362655347626,0.8356328582949191,0.8416074117998662,0,0,0.0,89681.5,89681.5,,,HOLD
2025-12-29,0.8416074117998662,0.8424717041175552,0.8403387833418025,0.8412030756594915,0,0,0.0,89681.5,89681.5,,,HOLD
2025-12-30,0.8412030756594915,0.8422084932002828,0.8329677689542514,0.8339731864950427,0,0,0.0,89681.5,89681.5,,,HOLD
2025-12-31,0.8339731864950427,0.8385346945171254,0.8330879135014648,0.8376494215235475,0,0,0.0,89681.5,89681.5,,,HOLD
2026-01-01,0.8376494215235475,0.8381732664272695,0.8282796498047247,0.8288034947084467,0,0,0.0,89681.5,89681.5,,,HOLD
2026-01-02,0.8288034947084467,0.8298036799940836,0.8259278330590061,0.8269280183446429,0,0,0.0,89681.5,89681.5,,,HOLD
2026-01-05,0.8269280183446429,0.832401129254456,0.8256803903957214,0.8311535013055344,0,0,0.0,89681.5,89681.5,,,HOLD
2026-01-06,0.8311535013055344,0.8373395136098458,0.8296043965121559,0.8357904088164673,0,0,0.0,89681.5,89681.5,,,HOLD
2026-01-07,0.8357904088164673,0.8371026628162128,0.8322109223514466,0.8335231763511921,0,0,0.0,89681.5,89681.5,,,HOLD
2026-01-08,0.8335231763511921,0.8346325017736008,0.8287937319259989,0.8299030573484076,0,0,0.0,89681.5,89681.5,,,HOLD
2026-01-09,0.8299030573484076,0.8347321592248823,0.8291773996224412,0.8340065014989159,0,0,0.0,89681.5,89681.5,,,HOLD
2026-01-12,0.8340065014989159,0.83493092089751,0.8326433871409579,0.833567806539552,0,0,0.0,89681.5,89681.5,,,HOLD
2026-01-13,0.833567806539552,0.8338382653203313,0.827373612804253,0.8276440715850324,0,0,0.0,89681.5,89681.5,,,HOLD
2026-01-14,0.8276440715850324,0.8311972467119824,0.826758197117543,0.8303113722444929,0,0,0.0,89681.5,89681.5,,,HOLD
2026-01-15,0.8303113722444929,0.8314213592586246,0.8276486002635932,0.8287585872777249,0,0,0.0,89681.5,89681.5,,,HOLD
2026-01-16,0.8287585872777249,0.8298081943945984,0.8199545225247984,0.8210041296416719,0,0,0.0,89681.5,89681.5,,,HOLD
2026-01-19,0.8210041296416719,0.8242105279166677,0.82018545468557,0.8233918529605658,0,0,0.0,89681.5,89681.5,,,HOLD
2026-01-20,0.8233918529605658,0.8240000592632651,0.8197800843047152,0.8203882906074145,0,0,0.0,89681.5,89681.5,,,HOLD
2026-01-21,0.8203882906074145,0.8250388635631202,0.8193721638244389,0.8240227367801446,0,0,0.0,89681.5,89681.5,,,HOLD
2026-01-22,0.8240227367801446,0.8255096573073434,0.8227137530726177,0.8242006735998165,0,0,0.0,89681.5,89681.5,,,HOLD
2026-01-23,0.8242006735998165,0.8269632966788943,0.8227124193012182,0.825475042380296,0,0,0.0,89681.5,89681.5,,,HOLD
2026-01-26,0.825475042380296,0.8261512677587439,0.8198171553364543,0.8204933807149022,0,0,0.0,89681.5,89681.5,,,HOLD
2026-01-27,0.8204933807149022,0.8213576402805866,0.8177499586565509,0.8186142182222352,0,0,0.0,89681.5,89681.5,,,HOLD
2026-01-28,0.8186142182222352,0.8198004214892908,0.8152220280170442,0.8164082312840998,0,0,0.0,89681.5,89681.5,,,HOLD
2026-01-29,0.8164082312840998,0.8214540767858333,0.8158748351892708,0.8209206806910043,0,0,0.0,89681.5,89681.5,,,HOLD
2026-01-30,0.8209206806910043,0.8258048062534177,0.8204633305892491,0.8253474561516625,0,0,0.0,89681.5,89681.5,,,HOLD
2026-02-02,0.8253474561516625,0.830190972032695,0.8247076028276492,0.8295511187086817,0,0,0.0,89681.5,89681.5,,,HOLD
2026-02-03,0.8295511187086817,0.8301752187492989,0.8234218606767428,0.82404596071736,0,0,0.0,89681.5,89681.5,,,HOLD
2026-02-04,0.82404596071736,0.8294851378962257,0.8234827571230777,0.8289219343019434,0,0,0.0,89681.5,89681.5,,,HOLD
2026-02-05,0.8289219343019434,0.8368036888548879,0.8286147109889801,0.8364964655419246,0,0,0.0,89681.5,89681.5,,,HOLD
2026-02-06,0.8364964655419246,0.8373545209604473,0.835465435809166,0.8363234912276887,0,0,0.0,89681.5,89681.5,,,HOLD
2026-02-09,0.8363234912276887,0.8394792803206202,0.8360228905962505,0.839178679689182,0,0,0.0,89681.5,89681.5,,,HOLD
2026-02-10,0.839178679689182,0.8490197596680928,0.8381795834875247,0.8480206634664356,0,0,0.0,89681.5,89681.5,,,HOLD
2026-02-11,0.8480206634664356,0.8488307722705524,0.8477868141472578,0.8485969229513746,0,0,0.0,89681.5,89681.5,,,HOLD
2026-02-12,0.8485969229513746,0.8511869536430614,0.8472759450979529,0.8498659757896397,0,0,0.0,89681.5,89681.5,,,HOLD
2026-02-13,0.8498659757896397,0.8532440759828366,0.8485750386346882,0.851953138827885,0,0,0.0,89681.5,89681.5,,,HOLD
2026-02-16,0.851953138827885,0.8538831139668118,0.8514085715656756,0.8533385467046024,0,0,0.0,89681.5,89681.5,,,HOLD
2026-02-17,0.8533385467046024,0.8545715183664442,0.8493763162841674,0.8506092879460092,0,0,0.0,89681.5,89681.5,,,HOLD
2026-02-18,0.8506092879460092,0.8513526254322556,0.8461023138589093,0.8468456513451558,0,0,0.0,89681.5,89681.5,,,HOLD
2026-02-19,0.8468456513451558,0.8477574551473264,0.8440232200215773,0.8449350238237479,0,0,0.0,89681.5,89681.5,,,HOLD
2026-02-20,0.8449350238237479,0.8453337578838179,0.8418819749786072,0.8422807090386772,1,1,125190.21,89681.5,89339.82,0.837846,0.859337,BUY
2026-02-23,0.8422807090386772,0.8426604787224975,0.8417047044441442,0.8420844741279645,1,1,125190.21,89681.5,89315.25,0.837846,0.859337,HOLD
2026-02-24,0.8420844741279645,0.8424372015854297,0.8403699731103852,0.8407227005678504,1,1,125190.21,89681.5,89144.77,0.837846,0.859337,HOLD
2026-02-25,0.8407227005678504,0.8428394717225964,0.8398631992370625,0.8419799703918086,1,1,125190.21,89681.5,89302.17,0.837846,0.859337,HOLD
2026-02-26,0.8419799703918086,0.8421209489803251,0.8418382941931326,0.8419792727816491,1,1,125190.21,89681.5,89302.08,0.837846,0.859337,HOLD
2026-02-27,0.8419792727816491,0.8426688640621904,0.8377160258404498,0.8384056171209912,1,1,159939.98,88775.3,88191.73,0.836504,0.853155,BUY
2026-03-02,0.8384056171209912,0.8425316943903224,0.8373319443347703,0.8414580216041015,1,1,159939.98,88775.3,88679.93,0.836504,0.853155,HOLD
2026-03-03,0.8414580216041015,0.8448121874517528,0.8407228599024628,0.844077025750114,1,1,159939.98,88775.3,89098.81,0.836504,0.853155,HOLD
2026-03-04,0.844077025750114,0.8479054455915184,0.8427319342569772,0.8465603540983816,1,1,159939.98,88775.3,89496.0,0.836504,0.853155,HOLD
2026-03-05,0.8465603540983816,0.8468357194635264,0.84548832116983,0.8457636865349748,1,1,159939.98,88775.3,89368.58,0.836504,0.853155,HOLD
2026-03-06,0.8457636865349748,0.8505221792471898,0.8449089761528755,0.8496674688650905,1,1,159939.98,88775.3,89992.95,0.836504,0.853155,HOLD
2026-03-09,0.8496674688650905,0.8503332707174837,0.8444276985118455,0.8450935003642387,1,1,159939.98,88775.3,89261.39,0.836504,0.853155,HOLD
2026-03-10,0.8450935003642387,0.8462716349533481,0.8402611426105858,0.8414392771996952,1,1,159939.98,88775.3,88676.93,0.836504,0.853155,HOLD
2026-03-11,0.8414392771996952,0.8501419129889329,0.8400088454052517,0.8487114811944894,1,1,159939.98,88775.3,89840.05,0.836504,0.853155,HOLD
2026-03-12,0.8487114811944894,0.8569639745984244,0.8474371824210062,0.8556896758249413,1,1,131555.0,90538.81,91446.96,0.841904,0.862551,BUY
2026-03-13,0.8556896758249413,0.8601450840866249,0.8547083598709928,0.8591637681326765,1,1,131555.0,90538.81,91903.99,0.841904,0.862551,HOLD
2026-03-16,0.8591637681326765,0.8674709329914425,0.858494097789336,0.8668012626481021,1,1,113962.81,92339.72,93201.56,0.851136,0.875444,BUY
2026-03-17,0.8668012626481021,0.8691712854015655,0.8657882523188037,0.8681582750722672,1,1,113962.81,92339.72,93356.21,0.851136,0.875444,HOLD
2026-03-18,0.8681582750722672,0.8685626203259887,0.8641098715963056,0.8645142168500272,1,1,113962.81,92339.72,92940.92,0.851136,0.875444,HOLD
2026-03-19,0.8645142168500272,0.868207507753756,0.8638567204204713,0.8675500113242002,1,1,113962.81,92339.72,93286.89,0.851136,0.875444,HOLD
2026-03-20,0.8675500113242002,0.8704004224197203,0.8666626917600226,0.8695131028555427,1,1,113962.81,92339.72,93510.61,0.851136,0.875444,HOLD
2026-03-23,0.8695131028555427,0.872438624571302,0.8688843986755576,0.8718099203913168,1,1,113962.81,92339.72,93772.36,0.851136,0.875444,HOLD
2026-03-24,0.8718099203913168,0.8767081909966203,0.8710542279349943,0.8759524985402979,1,1,112572.4,94177.96,94635.86,0.863519,0.888617,BUY
2026-03-25,0.8759524985402979,0.8782360422710843,0.8751993459766357,0.8774828897074222,1,1,112572.4,94177.96,94808.14,0.863519,0.888617,HOLD
2026-03-26,0.8774828897074222,0.8801462881799216,0.876267884392406,0.8789312828649054,1,1,112572.4,94177.96,94971.19,0.863519,0.888617,HOLD
2026-03-27,0.8789312828649054,0.8849025836511949,0.878049485724005,0.8840207865102945,1,1,112572.4,94177.96,95544.13,0.863519,0.888617,HOLD
2026-03-30,0.8840207865102945,0.8847076444893227,0.8778756515826087,0.878562509561637,1,1,112572.4,94177.96,94929.67,0.863519,0.888617,HOLD
2026-03-31,0.878562509561637,0.8793773315423732,0.8760166319352768,0.876831453916013,1,1,112572.4,94177.96,94734.81,0.863519,0.888617,HOLD
2026-04-01,0.876831453916013,0.8817590211899149,0.8758506539569031,0.880778221230805,1,1,112572.4,94177.96,95179.1,0.863519,0.888617,HOLD
2026-04-02,0.880778221230805,0.8823711121546292,0.8802318456583624,0.8818247365821866,1,1,112572.4,94177.96,95296.91,0.863519,0.888617,HOLD
2026-04-03,0.8818247365821866,0.8820913562875417,0.8775558792636536,0.8778224989690087,1,1,112572.4,94177.96,94846.37,0.863519,0.888617,HOLD
2026-04-06,0.8778224989690087,0.879205794753552,0.8768418961466095,0.8782251919311528,1,1,112572.4,94177.96,94891.7,0.863519,0.888617,HOLD
2026-04-07,0.8782251919311528,0.8818632732367235,0.8776790961511921,0.8813171774567629,1,1,112572.4,94177.96,95239.77,0.863519,0.888617,HOLD
2026-04-08,0.8813171774567629,0.8822376809325932,0.8805032628994932,0.8814237663753236,1,1,112572.4,94177.96,95251.77,0.863519,0.888617,HOLD
2026-04-09,0.8814237663753236,0.88255335703326,0.8726043216114796,0.873733912269416,1,1,112572.4,94177.96,94379.92,0.863519,0.888617,FORCED_EXIT
