Date,Open,High,Low,Close,Signal,Position,Units,Cash_Equity,Portfolio_Value,Stop_Price,Take_Profit,Action
2018-01-01,0.6095465602508088,0.6100775272849551,0.6090155932166624,0.6095465602508088,0,0,0.0,100000.0,100000.0,,,HOLD
2018-01-02,0.6095465602508088,0.610649261902293,0.6089981054252113,0.6101008070766955,0,0,0.0,100000.0,100000.0,,,HOLD
2018-01-03,0.6101008070766955,0.6123966324075094,0.6097550416505743,0.6120508669813882,0,0,0.0,100000.0,100000.0,,,HOLD
2018-01-04,0.6120508669813882,0.6125174086282025,0.6113462275465661,0.6118127691933803,0,0,0.0,100000.0,100000.0,,,HOLD
2018-01-05,0.6118127691933803,0.6172577946221749,0.6106740666134577,0.6161190920422522,0,0,0.0,100000.0,100000.0,,,HOLD
2018-01-08,0.6161190920422522,0.6161270716996341,0.6158504475702298,0.6158584272276116,0,0,0.0,100000.0,100000.0,,,HOLD
2018-01-09,0.6158584272276116,0.6176180370552534,0.614912855661978,0.6166724654896197,0,0,0.0,100000.0,100000.0,,,HOLD
2018-01-10,0.6166724654896197,0.6168577971921224,0.6128400987624969,0.6130254304649996,0,0,0.0,100000.0,100000.0,,,HOLD
2018-01-11,0.6130254304649996,0.615716125351821,0.612678305756982,0.6153690006438034,0,0,0.0,100000.0,100000.0,,,HOLD
2018-01-12,0.6153690006438034,0.6175896811963772,0.6149639242353224,0.6171846047878963,0,0,0.0,100000.0,100000.0,,,HOLD
2018-01-15,0.6171846047878963,0.6179458435309698,0.6130396326009486,0.6138008713440222,0,0,0.0,100000.0,100000.0,,,HOLD
2018-01-16,0.6138008713440222,0.6174128058296479,0.6132528671949186,0.6168648016805443,0,0,0.0,100000.0,100000.0,,,HOLD
2018-01-17,0.6168648016805443,0.6177467528214058,0.6162251888557295,0.6171071399965911,0,0,0.0,100000.0,100000.0,,,HOLD
2018-01-18,0.6171071399965911,0.6172239959226838,0.615994654872889,0.6161115107989817,0,0,0.0,100000.0,100000.0,,,HOLD
2018-01-19,0.6161115107989817,0.6169711187005206,0.6124866716243774,0.6133462795259162,0,0,0.0,100000.0,100000.0,,,HOLD
2018-01-22,0.6133462795259162,0.6153754795458877,0.6128484421175251,0.6148776421374965,0,0,0.0,100000.0,100000.0,,,HOLD
2018-01-23,0.6148776421374965,0.6185798405125585,0.614317802240862,0.618020000615924,0,0,0.0,100000.0,100000.0,,,HOLD
2018-01-24,0.618020000615924,0.6187593657218283,0.6154356219917243,0.6161749870976286,0,0,0.0,100000.0,100000.0,,,HOLD
2018-01-25,0.6161749870976286,0.6168866846725626,0.6152580502970635,0.6159697478719974,0,0,0.0,100000.0,100000.0,,,HOLD
2018-01-26,0.6159697478719974,0.6177327895254702,0.6151090888094634,0.6168721304629361,0,0,0.0,100000.0,100000.0,,,HOLD
2018-01-29,0.6168721304629361,0.6198381429801908,0.6155805287179918,0.6185465412352465,0,0,0.0,100000.0,100000.0,,,HOLD
2018-01-30,0.6185465412352465,0.6190377306582394,0.6178741676226788,0.6183653570456716,0,0,0.0,100000.0,100000.0,,,HOLD
2018-01-31,0.6183653570456716,0.6200612718172948,0.6175050108350766,0.6192009256066997,0,0,0.0,100000.0,100000.0,,,HOLD
2018-02-01,0.6192009256066997,0.6197650264810806,0.6177682663343856,0.6183323672087665,0,0,0.0,100000.0,100000.0,,,HOLD
2018-02-02,0.6183323672087665,0.6186717087384772,0.6157005031432172,0.6160398446729279,0,0,0.0,100000.0,100000.0,,,HOLD
2018-02-05,0.6160398446729279,0.616342413588853,0.6149730839235241,0.6152756528394492,0,0,0.0,100000.0,100000.0,,,HOLD
2018-02-06,0.6152756528394492,0.6163269762180063,0.6136968205728353,0.6147481439513923,0,0,0.0,100000.0,100000.0,,,HOLD
2018-02-07,0.6147481439513923,0.615188987482267,0.6121780989409661,0.6126189424718408,0,0,0.0,100000.0,100000.0,,,HOLD
2018-02-08,0.6126189424718408,0.6129420613779496,0.6076681197779498,0.6079912386840586,0,0,0.0,100000.0,100000.0,,,HOLD
2018-02-09,0.6079912386840586,0.6089171208227538,0.6027201159591634,0.6036459980978587,0,0,0.0,100000.0,100000.0,,,HOLD
2018-02-12,0.6036459980978587,0.6041056889973344,0.5979112542120291,0.5983709451115048,0,0,0.0,100000.0,100000.0,,,HOLD
2018-02-13,0.5983709451115048,0.602509211377896,0.5973623046578952,0.6015005709242864,0,0,0.0,100000.0,100000.0,,,HOLD
2018-02-14,0.6015005709242864,0.6036898325181576,0.6007617436116004,0.6029510052054715,0,0,0.0,100000.0,100000.0,,,HOLD
2018-02-15,0.6029510052054715,0.6033258947404618,0.602211368936914,0.6025862584719043,0,0,0.0,100000.0,100000.0,,,HOLD
2018-02-16,0.6025862584719043,0.6032186747074983,0.6011667826215741,0.6017991988571681,0,0,0.0,100000.0,100000.0,,,HOLD
2018-02-19,0.6017991988571681,0.6049033341760642,0.6010030292642728,0.6041071645831689,0,0,0.0,100000.0,100000.0,,,HOLD
2018-02-20,0.6041071645831689,0.6058157636849584,0.6034905756561187,0.6051991747579082,0,0,0.0,100000.0,100000.0,,,HOLD
2018-02-21,0.6051991747579082,0.6071625933123944,0.6043483401706424,0.6063117587251287,0,0,0.0,100000.0,100000.0,,,HOLD
2018-02-22,0.6063117587251287,0.6064165965170593,0.6034625193692312,0.6035673571611618,0,0,0.0,100000.0,100000.0,,,HOLD
2018-02-23,0.6035673571611618,0.6043294561116077,0.6003105465517032,0.6010726455021491,0,0,0.0,100000.0,100000.0,,,HOLD
2018-02-26,0.6010726455021491,0.6036066031036776,0.6003053165310268,0.6028392741325553,0,0,0.0,100000.0,100000.0,,,HOLD
2018-02-27,0.6028392741325553,0.6036106985215816,0.6012068575347144,0.6019782819237406,0,0,0.0,100000.0,100000.0,,,HOLD
2018-02-28,0.6019782819237406,0.6040295224682628,0.6012202520000302,0.6032714925445524,0,0,0.0,100000.0,100000.0,,,HOLD
2018-03-01,0.6032714925445524,0.6037814867571678,0.6017047598081818,0.6022147540207973,0,0,0.0,100000.0,100000.0,,,HOLD
2018-03-02,0.6022147540207973,0.6027080182948709,0.5994224369910838,0.5999157012651574,0,0,0.0,100000.0,100000.0,,,HOLD
2018-03-05,0.5999157012651574,0.6005680489759064,0.5973720884991802,0.5980244362099293,0,0,0.0,100000.0,100000.0,,,HOLD
2018-03-06,0.5980244362099293,0.6005738352967951,0.5972473702152634,0.5997967693021292,0,0,0.0,100000.0,100000.0,,,HOLD
2018-03-07,0.5997967693021292,0.6004649380887671,0.5992574956317684,0.5999256644184063,0,0,0.0,100000.0,100000.0,,,HOLD
2018-03-08,0.5999256644184063,0.6005422810488958,0.5983567451395028,0.5989733617699923,0,0,0.0,100000.0,100000.0,,,HOLD
2018-03-09,0.5989733617699923,0.5995370324487825,0.5983929309611082,0.5989566016398985,0,0,0.0,100000.0,100000.0,,,HOLD
2018-03-12,0.5989566016398985,0.6009404124855849,0.5985882159823445,0.6005720268280309,0,0,0.0,100000.0,100000.0,,,HOLD
2018-03-13,0.6005720268280309,0.603347511380042,0.6002323280345041,0.6030078125865151,0,0,0.0,100000.0,100000.0,,,HOLD
2018-03-14,0.6030078125865151,0.603971708696298,0.6020972501996547,0.6030611463094375,0,0,0.0,100000.0,100000.0,,,HOLD
2018-03-15,0.6030611463094375,0.6042366526805253,0.6025533607206128,0.6037288670917006,0,0,0.0,100000.0,100000.0,,,HOLD
2018-03-16,0.6037288670917006,0.6044316451971903,0.6002930657412585,0.6009958438467482,0,0,0.0,100000.0,100000.0,,,HOLD
2018-03-19,0.6009958438467482,0.6017612108912572,0.5960645675888272,0.5968299346333362,0,0,0.0,100000.0,100000.0,,,HOLD
2018-03-20,0.5968299346333362,0.5977964086172411,0.5961460962663999,0.5971125702503048,0,0,0.0,100000.0,100000.0,,,HOLD
2018-03-21,0.5971125702503048,0.5974102818624776,0.5967427605318503,0.597040472144023,0,0,0.0,100000.0,100000.0,,,HOLD
2018-03-22,0.597040472144023,0.6021836409591804,0.5957827470513024,0.6009259158664598,0,0,0.0,100000.0,100000.0,,,HOLD
2018-03-23,0.6009259158664598,0.6036908467587017,0.6005178482252413,0.6032827791174832,0,0,0.0,100000.0,100000.0,,,HOLD
2018-03-26,0.6032827791174832,0.60417934739979,0.6021692241781804,0.6030657924604872,0,0,0.0,100000.0,100000.0,,,HOLD
2018-03-27,0.6030657924604872,0.6039671433633672,0.598026075383399,0.598927426286279,0,0,0.0,100000.0,100000.0,,,HOLD
2018-03-28,0.598927426286279,0.6020504559817925,0.5983536567735724,0.6014766864690859,0,0,0.0,100000.0,100000.0,,,HOLD
2018-03-29,0.6014766864690859,0.6042304043298612,0.6014019500739967,0.6041556679347719,0,0,0.0,100000.0,100000.0,,,HOLD
2018-03-30,0.6041556679347719,0.6051525721465837,0.6026136009187407,0.6036105051305525,0,0,0.0,100000.0,100000.0,,,HOLD
2018-04-02,0.6036105051305525,0.6054537374824221,0.6027838160044583,0.604627048356328,0,0,0.0,100000.0,100000.0,,,HOLD
2018-04-03,0.604627048356328,0.6053395718602251,0.6025147346675237,0.6032272581714209,0,0,0.0,100000.0,100000.0,,,HOLD
2018-04-04,0.6032272581714209,0.6044433112803228,0.6024704930154228,0.6036865461243247,0,0,0.0,100000.0,100000.0,,,HOLD
2018-04-05,0.6036865461243247,0.604531392820108,0.601567352375713,0.6024121990714963,0,0,0.0,100000.0,100000.0,,,HOLD
2018-04-06,0.6024121990714963,0.6053518720883304,0.6017924606911768,0.6047321337080108,0,0,0.0,100000.0,100000.0,,,HOLD
2018-04-09,0.6047321337080108,0.6058738304319006,0.6021648181856075,0.6033065149094973,0,0,0.0,100000.0,100000.0,,,HOLD
2018-04-10,0.6033065149094973,0.6037208322591627,0.6027034700226661,0.6031177873723316,0,0,0.0,100000.0,100000.0,,,HOLD
2018-04-11,0.6031177873723316,0.6058977034749404,0.6023350109099074,0.6051149270125162,0,0,0.0,100000.0,100000.0,,,HOLD
2018-04-12,0.6051149270125162,0.6061287483758049,0.6034453009755294,0.604459122338818,0,0,0.0,100000.0,100000.0,,,HOLD
2018-04-13,0.604459122338818,0.6044833057851146,0.5984760978070318,0.5985002812533283,0,0,0.0,100000.0,100000.0,,,HOLD
2018-04-16,0.5985002812533283,0.5989214244476598,0.5928030412669584,0.5932241844612899,0,0,0.0,100000.0,100000.0,,,HOLD
2018-04-17,0.5932241844612899,0.5936530042963151,0.5912111729562249,0.5916399927912501,0,0,0.0,100000.0,100000.0,,,HOLD
2018-04-18,0.5916399927912501,0.5919390190595643,0.5900999517666038,0.5903989780349179,0,0,0.0,100000.0,100000.0,,,HOLD
2018-04-19,0.5903989780349179,0.5925845032583578,0.5897938023911984,0.5919793276146382,-1,-1,211349.14,100000.0,99642.75,0.59502,0.580826,SELL
2018-04-20,0.5919793276146382,0.592819395342803,0.5884380269490109,0.5892780946771757,-1,-1,211349.14,100000.0,100213.65,0.59502,0.580826,HOLD
2018-04-23,0.5892780946771757,0.5893864343678383,0.5881015640768229,0.5882099037674855,-1,-1,211349.14,100000.0,100439.41,0.59502,0.580826,HOLD
2018-04-24,0.5882099037674855,0.5888092703663154,0.5849347066757024,0.5855340732745322,-1,-1,211349.14,100000.0,101004.95,0.59502,0.580826,HOLD
2018-04-25,0.5855340732745322,0.5881337671445476,0.5851794121244911,0.5877791059945064,-1,-1,211349.14,100000.0,100530.46,0.59502,0.580826,HOLD
2018-04-26,0.5877791059945064,0.5892108879209879,0.5867450630027147,0.5881768449291961,-1,-1,211349.14,100000.0,100446.4,0.59502,0.580826,HOLD
2018-04-27,0.5881768449291961,0.5918085767215833,0.5876763228373276,0.5913080546297148,-1,-1,211349.14,100000.0,99784.62,0.59502,0.580826,HOLD
2018-04-30,0.5913080546297148,0.5916566719778612,0.5899810345679666,0.590329651916113,-1,-1,211349.14,100000.0,99991.4,0.59502,0.580826,HOLD
2018-05-01,0.590329651916113,0.5932190290814311,0.5897331899677031,0.5926225671330212,-1,-1,211349.14,100000.0,99506.8,0.59502,0.580826,HOLD
2018-05-02,0.5926225671330212,0.5933391720173624,0.5911377466821656,0.5918543515665068,-1,-1,211349.14,100000.0,99669.16,0.59502,0.580826,HOLD
2018-05-03,0.5918543515665068,0.5930121036406707,0.5913008333634475,0.5924585854376114,-1,-1,211349.14,100000.0,99541.46,0.59502,0.580826,HOLD
2018-05-04,0.5924585854376114,0.5928468369617875,0.5903491710825647,0.5907374226067408,-1,-1,211349.14,100000.0,99905.22,0.59502,0.580826,HOLD
2018-05-07,0.5907374226067408,0.5944253330054275,0.590173254870439,0.5938611652691258,-1,-1,211349.14,100000.0,99245.02,0.59502,0.580826,HOLD
2018-05-08,0.5938611652691258,0.5962676171704963,0.5930455692791886,0.5954520211805591,-1,-1,225698.81,98976.75,98592.87,0.598137,0.58498,SELL
2018-05-09,0.5954520211805591,0.5973086591069502,0.5948973010001972,0.5967539389265883,-1,-1,225698.81,98976.75,98299.03,0.598137,0.58498,HOLD
2018-05-10,0.5967539389265883,0.5987279775390063,0.5965350275814123,0.5985090661938303,0,0,0.0,97962.16,97962.16,,,STOP
2018-05-11,0.5985090661938303,0.5992249146701153,0.5973178574223461,0.5980337058986311,0,0,0.0,97962.16,97962.16,,,HOLD
2018-05-14,0.5980337058986311,0.6027979631601291,0.597552222751818,0.602316480013316,0,0,0.0,97962.16,97962.16,,,HOLD
2018-05-15,0.602316480013316,0.6058338285731799,0.601093605246838,0.6046109538067019,0,0,0.0,97962.16,97962.16,,,HOLD
2018-05-16,0.6046109538067019,0.6061397184265598,0.6042595980398815,0.6057883626597393,0,0,0.0,97962.16,97962.16,,,HOLD
2018-05-17,0.6057883626597393,0.6078082894005907,0.6046841895865792,0.6067041163274306,0,0,0.0,97962.16,97962.16,,,HOLD
2018-05-18,0.6067041163274306,0.6068367264330955,0.6038642116596693,0.6039968217653342,0,0,0.0,97962.16,97962.16,,,HOLD
2018-05-21,0.6039968217653342,0.6062776904795445,0.6036957217358453,0.6059765904500556,0,0,0.0,97962.16,97962.16,,,HOLD
2018-05-22,0.6059765904500556,0.6099299808071009,0.6051011113555603,0.6090545017126057,0,0,0.0,97962.16,97962.16,,,HOLD
2018-05-23,0.6090545017126057,0.6097440512076855,0.606652154117048,0.6073417036121278,0,0,0.0,97962.16,97962.16,,,HOLD
2018-05-24,0.6073417036121278,0.609052720693402,0.6065860570950341,0.6082970741763083,0,0,0.0,97962.16,97962.16,,,HOLD
2018-05-25,0.6082970741763083,0.6111938809856396,0.6080120017855084,0.6109088085948398,0,0,0.0,97962.16,97962.16,,,HOLD
2018-05-28,0.6109088085948398,0.6113107898261155,0.6103143746870571,0.6107163559183328,0,0,0.0,97962.16,97962.16,,,HOLD
2018-05-29,0.6107163559183328,0.6122285070375455,0.6102127203118421,0.6117248714310548,0,0,0.0,97962.16,97962.16,,,HOLD
2018-05-30,0.6117248714310548,0.6117711059166875,0.6095741807534544,0.609620415239087,0,0,0.0,97962.16,97962.16,,,HOLD
2018-05-31,0.609620415239087,0.6100987978501299,0.6078360794130098,0.6083144620240526,0,0,0.0,97962.16,97962.16,,,HOLD
2018-06-01,0.6083144620240526,0.6095838682090992,0.6077151608552538,0.6089845670403004,0,0,0.0,97962.16,97962.16,,,HOLD
2018-06-04,0.6089845670403004,0.6101077166850234,0.6054518419734953,0.6065749916182184,0,0,0.0,97962.16,97962.16,,,HOLD
2018-06-05,0.6065749916182184,0.6075474458968542,0.6060808382332545,0.6070532925118903,0,0,0.0,97962.16,97962.16,,,HOLD
2018-06-06,0.6070532925118903,0.6094707513861892,0.606528222034378,0.6089456809086768,0,0,0.0,97962.16,97962.16,,,HOLD
2018-06-07,0.6089456809086768,0.6113073426640362,0.608461278761746,0.6108229405171054,0,0,0.0,97962.16,97962.16,,,HOLD
2018-06-08,0.6108229405171054,0.6125326559150498,0.6098861136676668,0.6115958290656112,0,0,0.0,97962.16,97962.16,,,HOLD
2018-06-11,0.6115958290656112,0.6122809818535603,0.6105292798143164,0.6112144326022655,0,0,0.0,97962.16,97962.16,,,HOLD
2018-06-12,0.6112144326022655,0.6112991691031808,0.607800688445582,0.6078854249464973,0,0,0.0,97962.16,97962.16,,,HOLD
2018-06-13,0.6078854249464973,0.6092900196652291,0.606966420100314,0.6083710148190458,0,0,0.0,97962.16,97962.16,,,HOLD
2018-06-14,0.6083710148190458,0.6106366849340056,0.6075301934450615,0.6097958635600214,0,0,0.0,97962.16,97962.16,,,HOLD
2018-06-15,0.6097958635600214,0.6100210674120783,0.6053404356096316,0.6055656394616885,0,0,0.0,97962.16,97962.16,,,HOLD
2018-06-18,0.6055656394616885,0.6076575960560696,0.6049615183157177,0.6070534749100988,0,0,0.0,97962.16,97962.16,,,HOLD
2018-06-19,0.6070534749100988,0.6072361350258815,0.6025670281298838,0.6027496882456665,0,0,0.0,97962.16,97962.16,,,HOLD
2018-06-20,0.6027496882456665,0.6038428781230095,0.6014784381718051,0.6025716280491481,0,0,0.0,97962.16,97962.16,,,HOLD
2018-06-21,0.6025716280491481,0.6035958659749843,0.6004891375838842,0.6015133755097204,0,0,0.0,97962.16,97962.16,,,HOLD
2018-06-22,0.6015133755097204,0.6015786575862075,0.5992894434542138,0.5993547255307009,0,0,0.0,97962.16,97962.16,,,HOLD
2018-06-25,0.5993547255307009,0.6022562900539512,0.598214873196488,0.6011164377197383,0,0,0.0,97962.16,97962.16,,,HOLD
2018-06-26,0.6011164377197383,0.6015509773966524,0.5989773445199975,0.5994118841969116,0,0,0.0,97962.16,97962.16,,,HOLD
2018-06-27,0.5994118841969116,0.6005257771363278,0.5988521855128747,0.5999660784522909,0,0,0.0,97962.16,97962.16,,,HOLD
2018-06-28,0.5999660784522909,0.6006696126552213,0.5994954443215383,0.6001989785244688,0,0,0.0,97962.16,97962.16,,,HOLD
2018-06-29,0.6001989785244688,0.6014987403501495,0.5996697859871412,0.6009695478128219,0,0,0.0,97962.16,97962.16,,,HOLD
2018-07-02,0.6009695478128219,0.601115230125863,0.6009528214284255,0.6010985037414667,0,0,0.0,97962.16,97962.16,,,HOLD
2018-07-03,0.6010985037414667,0.6016668784386155,0.5957851241980923,0.5963534988952411,0,0,0.0,97962.16,97962.16,,,HOLD
2018-07-04,0.5963534988952411,0.5997425090631514,0.5957834547783241,0.5991724649462343,0,0,0.0,97962.16,97962.16,,,HOLD
2018-07-05,0.5991724649462343,0.6000130195132909,0.5989380926378987,0.5997786472049552,0,0,0.0,97962.16,97962.16,,,HOLD
2018-07-06,0.5997786472049552,0.6023857537991686,0.5993920834276002,0.6019991900218136,0,0,0.0,97962.16,97962.16,,,HOLD
2018-07-09,0.6019991900218136,0.6049979763463263,0.6012436137119852,0.604242400036498,0,0,0.0,97962.16,97962.16,,,HOLD
2018-07-10,0.604242400036498,0.6055200433889457,0.6031191100643546,0.6043967534168023,0,0,0.0,97962.16,97962.16,,,HOLD
2018-07-11,0.6043967534168023,0.6057207802759669,0.6037104749344483,0.6050345017936128,0,0,0.0,97962.16,97962.16,,,HOLD
2018-07-12,0.6050345017936128,0.6061951673914188,0.6046765470984806,0.6058372126962865,0,0,0.0,97962.16,97962.16,,,HOLD
2018-07-13,0.6058372126962865,0.606211497669162,0.600001086336284,0.6003753713091595,0,0,0.0,97962.16,97962.16,,,HOLD
2018-07-16,0.6003753713091595,0.6049963783473196,0.5999247570634317,0.6045457641015918,0,0,0.0,97962.16,97962.16,,,HOLD
2018-07-17,0.6045457641015918,0.6057074920784964,0.6041256375878797,0.6052873655647844,0,0,0.0,97962.16,97962.16,,,HOLD
2018-07-18,0.6052873655647844,0.6057599567727802,0.6039768382673163,0.6044494294753121,0,0,0.0,97962.16,97962.16,,,HOLD
2018-07-19,0.6044494294753121,0.6071484983074679,0.603273609512135,0.6059726783442908,0,0,0.0,97962.16,97962.16,,,HOLD
2018-07-20,0.6059726783442908,0.6081200858289111,0.6047434590744253,0.6068908665590456,0,0,0.0,97962.16,97962.16,,,HOLD
2018-07-23,0.6068908665590456,0.6069221032182165,0.6029803110239719,0.6030115476831428,0,0,0.0,97962.16,97962.16,,,HOLD
2018-07-24,0.6030115476831428,0.6046787586607709,0.6025007474191997,0.6041679583968278,0,0,0.0,97962.16,97962.16,,,HOLD
2018-07-25,0.6041679583968278,0.6064771523468951,0.6037615663821231,0.6060707603321904,0,0,0.0,97962.16,97962.16,,,HOLD
2018-07-26,0.6060707603321904,0.6071172416344254,0.6050408976291697,0.6060873789314046,0,0,0.0,97962.16,97962.16,,,HOLD
2018-07-27,0.6060873789314046,0.6068596499747515,0.6040775232141563,0.6048497942575032,0,0,0.0,97962.16,97962.16,,,HOLD
2018-07-30,0.6048497942575032,0.6086194584486265,0.6045838166442508,0.6083534808353741,0,0,0.0,97962.16,97962.16,,,HOLD
2018-07-31,0.6083534808353741,0.6088773965856547,0.606782029302759,0.6073059450530396,0,0,0.0,97962.16,97962.16,,,HOLD
2018-08-01,0.6073059450530396,0.6102094771025187,0.6072297021030054,0.6101332341524845,0,0,0.0,97962.16,97962.16,,,HOLD
2018-08-02,0.6101332341524845,0.6104976321423535,0.6061255123038648,0.6064899102937338,0,0,0.0,97962.16,97962.16,,,HOLD
2018-08-03,0.6064899102937338,0.6120414343663318,0.6059868763773061,0.6115384004499042,0,0,0.0,97962.16,97962.16,,,HOLD
2018-08-06,0.6115384004499042,0.6121407768413735,0.6105422501617422,0.6111446265532116,0,0,0.0,97962.16,97962.16,,,HOLD
2018-08-07,0.6111446265532116,0.6117628634225931,0.6085208810876813,0.6091391179570629,0,0,0.0,97962.16,97962.16,,,HOLD
2018-08-08,0.6091391179570629,0.609422506024904,0.6064520661234212,0.6067354541912623,0,0,0.0,97962.16,97962.16,,,HOLD
2018-08-09,0.6067354541912623,0.6077694110369991,0.6055454222210019,0.6065793790667388,0,0,0.0,97962.16,97962.16,,,HOLD
2018-08-10,0.6065793790667388,0.6086440085941034,0.6059895540359828,0.6080541835633474,0,0,0.0,97962.16,97962.16,,,HOLD
2018-08-13,0.6080541835633474,0.6115380997519926,0.6075304654060779,0.6110143815947231,0,0,0.0,97962.16,97962.16,,,HOLD
2018-08-14,0.6110143815947231,0.6115378221373389,0.6069859874059038,0.6075094279485196,0,0,0.0,97962.16,97962.16,,,HOLD
2018-08-15,0.6075094279485196,0.6094859167599241,0.6072047476079773,0.6091812364193818,0,0,0.0,97962.16,97962.16,,,HOLD
2018-08-16,0.6091812364193818,0.6127015293896477,0.6088457327230308,0.6123660256932967,0,0,0.0,97962.16,97962.16,,,HOLD
2018-08-17,0.6123660256932967,0.6141883175337052,0.6119721300875812,0.6137944219279897,0,0,0.0,97962.16,97962.16,,,HOLD
2018-08-20,0.6137944219279897,0.6169024861667707,0.6130332597536177,0.6161413239923986,1,1,195042.33,97962.16,98398.45,0.608882,0.62395,BUY
2018-08-21,0.6161413239923986,0.6168100006322086,0.6136800877075346,0.6143487643473445,1,1,195042.33,97962.16,98048.82,0.608882,0.62395,HOLD
2018-08-22,0.6143487643473445,0.6158061440571786,0.6137913150686267,0.6152486947784608,1,1,195042.33,97962.16,98224.35,0.608882,0.62395,HOLD
2018-08-23,0.6152486947784608,0.6194172722261575,0.6151177727847135,0.6192863502324102,1,1,195042.33,97962.16,99011.86,0.608882,0.62395,HOLD
2018-08-24,0.6192863502324102,0.6230894679499884,0.6185222539587981,0.6223253716763764,1,1,195042.33,97962.16,99604.6,0.608882,0.62395,HOLD
2018-08-27,0.6223253716763764,0.6226579086166402,0.6178881268741895,0.6182206638144533,1,1,195042.33,97962.16,98804.01,0.608882,0.62395,HOLD
2018-08-28,0.6182206638144533,0.6232076963569111,0.6175694752804936,0.6225565078229514,1,1,195042.33,97962.16,99649.68,0.608882,0.62395,HOLD
2018-08-29,0.6225565078229514,0.6228334828782499,0.6204232809098637,0.6207002559651622,1,1,195042.33,97962.16,99287.63,0.608882,0.62395,HOLD
2018-08-30,0.6207002559651622,0.6212098197653265,0.620095613569087,0.6206051773692514,1,1,195042.33,97962.16,99269.09,0.608882,0.62395,HOLD
2018-08-31,0.6206051773692514,0.6211632468221038,0.6173229259040841,0.6178809953569365,1,1,195042.33,97962.16,98737.76,0.608882,0.62395,HOLD
2018-09-03,0.6178809953569365,0.6230805552067822,0.6173086032315451,0.6225081630813908,1,1,195042.33,97962.16,99640.25,0.608882,0.62395,HOLD
2018-09-04,0.6225081630813908,0.626442531490083,0.6215531963651164,0.6254875647738086,1,1,177984.06,99899.95,100410.65,0.617005,0.633844,BUY
2018-09-05,0.6254875647738086,0.6262126074680372,0.6207054794231961,0.6214305221174247,1,1,177984.06,99899.95,99688.56,0.617005,0.633844,HOLD
2018-09-06,0.6214305221174247,0.6267553696517263,0.6208268653340911,0.6261517128683928,1,1,177984.06,99899.95,100528.86,0.617005,0.633844,HOLD
2018-09-07,0.6261517128683928,0.6269515668139221,0.6238056889948335,0.6246055429403627,1,1,177984.06,99899.95,100253.67,0.617005,0.633844,HOLD
2018-09-10,0.6246055429403627,0.6253135940181659,0.6213599470527712,0.6220679981305743,1,1,177984.06,99899.95,99802.03,0.617005,0.633844,HOLD
2018-09-11,0.6220679981305743,0.6233754397631031,0.618736179930875,0.6200436215634038,1,1,177984.06,99899.95,99441.72,0.617005,0.633844,HOLD
2018-09-12,0.6200436215634038,0.6206199037747788,0.6182612355865339,0.618837517797909,1,1,177984.06,99899.95,99227.05,0.617005,0.633844,HOLD
2018-09-13,0.618837517797909,0.619507318523657,0.6174970754524695,0.6181668761782175,1,1,177984.06,99899.95,99107.69,0.617005,0.633844,HOLD
2018-09-14,0.6181668761782175,0.6192482953968947,0.6171051172746927,0.61818653649337,1,1,177984.06,99899.95,99111.19,0.617005,0.633844,HOLD
2018-09-17,0.61818653649337,0.6194098086493114,0.6179373408391179,0.6191606129950593,1,1,177984.06,99899.95,99284.56,0.617005,0.633844,HOLD
2018-09-18,0.6191606129950593,0.6199022547534415,0.6180608557468854,0.6188024975052676,1,1,177984.06,99899.95,99220.82,0.617005,0.633844,HOLD
2018-09-19,0.6188024975052676,0.625456629399838,0.6184872883988175,0.6251414202933879,1,1,177984.06,99899.95,100349.05,0.617005,0.633844,HOLD
2018-09-20,0.6251414202933879,0.629394235918313,0.6246902786505335,0.6289430942754586,1,1,177984.06,99899.95,101025.68,0.617005,0.633844,HOLD
2018-09-21,0.6289430942754586,0.6299634972959469,0.627826500583045,0.6288469036035333,1,1,177984.06,99899.95,101008.56,0.617005,0.633844,HOLD
2018-09-24,0.6288469036035333,0.6299282578274031,0.6271382386142318,0.6282195928381016,1,1,177984.06,99899.95,100896.91,0.617005,0.633844,HOLD
2018-09-25,0.6282195928381016,0.630310989399136,0.6274825786583215,0.6295739752193559,1,1,177984.06,99899.95,101137.97,0.617005,0.633844,HOLD
2018-09-26,0.6295739752193559,0.6337769414230426,0.6284681608226435,0.6326711270263302,1,1,177984.06,99899.95,101689.21,0.617005,0.633844,HOLD
2018-09-27,0.6326711270263302,0.6331669072518046,0.6308815007805901,0.6313772810060645,1,1,177984.06,99899.95,101458.93,0.617005,0.633844,HOLD
2018-09-28,0.6313772810060645,0.6320907694758668,0.629938110418055,0.6306515988878574,1,1,177984.06,99899.95,101329.77,0.617005,0.633844,HOLD
2018-10-01,0.6306515988878574,0.631487627270372,0.6301054309508677,0.6309414593333823,1,1,177984.06,99899.95,101381.36,0.617005,0.633844,HOLD
2018-10-02,0.6309414593333823,0.6317159125974777,0.6287251555525826,0.629499608816678,1,1,177984.06,99899.95,101124.73,0.617005,0.633844,HOLD
2018-10-03,0.629499608816678,0.6299115093455283,0.6264772365557779,0.6268891370846282,1,1,177984.06,99899.95,100660.11,0.617005,0.633844,HOLD
2018-10-04,0.6268891370846282,0.6298787407765049,0.6259909347600583,0.6289805384519349,1,1,177984.06,99899.95,101032.35,0.617005,0.633844,HOLD
2018-10-05,0.6289805384519349,0.6294514100742755,0.6283355753728653,0.6288064469952059,1,1,177984.06,99899.95,101001.36,0.617005,0.633844,HOLD
2018-10-08,0.6288064469952059,0.6317260696987581,0.6279344197176574,0.6308540424212096,1,1,177984.06,99899.95,101365.8,0.617005,0.633844,HOLD
2018-10-09,0.6308540424212096,0.6327828255078135,0.6301413980716405,0.6320701811582444,1,1,177984.06,99899.95,101582.25,0.617005,0.633844,HOLD
2018-10-10,0.6320701811582444,0.6329852726847706,0.6281983210798925,0.6291134126064186,1,1,177984.06,99899.95,101056.0,0.617005,0.633844,HOLD
2018-10-11,0.6291134126064186,0.6301150244619373,0.6280750031328715,0.6290766149883902,1,1,177984.06,99899.95,101049.45,0.617005,0.633844,HOLD
2018-10-12,0.6290766149883902,0.6300571868271528,0.6260930716994595,0.6270736435382221,1,1,177984.06,99899.95,100692.95,0.617005,0.633844,HOLD
2018-10-15,0.6270736435382221,0.6331640379338053,0.6268117749410776,0.6329021693366608,1,1,177984.06,99899.95,101730.33,0.617005,0.633844,HOLD
2018-10-16,0.6329021693366608,0.634241895630262,0.6318654292648042,0.6332051555584054,1,1,220098.27,101878.37,101920.84,0.628383,0.64227,BUY
2018-10-17,0.6332051555584054,0.6341359017483305,0.6281354297710094,0.6290661759609345,1,1,200595.16,100835.37,99983.05,0.628288,0.643369,BUY
2018-10-18,0.6290661759609345,0.629743138636641,0.6272544827816118,0.6279314454573183,1,1,197133.53,99804.95,99559.57,0.624113,0.639302,BUY
2018-10-19,0.6279314454573183,0.6285558875567173,0.6268650645725691,0.6274895066719681,1,1,197133.53,99804.95,99472.45,0.624113,0.639302,HOLD
2018-10-22,0.6274895066719681,0.6315084127798002,0.6267774319458712,0.6307963380537033,1,1,197133.53,99804.95,100124.34,0.624113,0.639302,HOLD
2018-10-23,0.6307963380537033,0.6309031389054802,0.6293441987177876,0.6294509995695645,1,1,197133.53,99804.95,99859.13,0.624113,0.639302,HOLD
2018-10-24,0.6294509995695645,0.6309112779198012,0.6283357488100322,0.6297960271602688,1,1,197133.53,99804.95,99927.15,0.624113,0.639302,HOLD
2018-10-25,0.6297960271602688,0.6319003355917553,0.6291851729191291,0.6312894813506156,1,1,197133.53,99804.95,100221.56,0.624113,0.639302,HOLD
2018-10-26,0.6312894813506156,0.6345992331935632,0.6307962109583336,0.6341059628012812,1,1,197133.53,99804.95,100776.78,0.624113,0.639302,HOLD
2018-10-29,0.6341059628012812,0.6347864277564416,0.6339508978549799,0.6346313628101403,1,1,197133.53,99804.95,100880.35,0.624113,0.639302,HOLD
2018-10-30,0.6346313628101403,0.6349462025316877,0.6338772966857055,0.6341921364072528,1,1,197133.53,99804.95,100793.77,0.624113,0.639302,HOLD
2018-10-31,0.6341921364072528,0.6376904227813431,0.6334357017331497,0.63693398810724,1,1,197133.53,99804.95,101334.28,0.624113,0.639302,HOLD
2018-11-01,0.63693398810724,0.6376387648291169,0.6348464118181163,0.6355511885399932,1,1,197133.53,99804.95,101061.68,0.624113,0.639302,HOLD
2018-11-02,0.6355511885399932,0.6370061309977211,0.6350401927381243,0.6364951351958522,1,1,197133.53,99804.95,101247.76,0.624113,0.639302,HOLD
2018-11-05,0.6364951351958522,0.6370841032169874,0.6338908937398533,0.6344798617609885,1,1,197133.53,99804.95,100850.49,0.624113,0.639302,HOLD
2018-11-06,0.6344798617609885,0.6357605035323536,0.6344564754275279,0.635737117198893,1,1,197133.53,99804.95,101098.33,0.624113,0.639302,HOLD
2018-11-07,0.635737117198893,0.6374659733526735,0.6347067109040259,0.6364355670578064,1,1,197133.53,99804.95,101236.02,0.624113,0.639302,HOLD
2018-11-08,0.6364355670578064,0.637741281404907,0.6357241994590114,0.6370299138061121,1,1,197133.53,99804.95,101353.19,0.624113,0.639302,HOLD
2018-11-09,0.6370299138061121,0.6375151544368123,0.6366466064463895,0.6371318470770897,1,1,197133.53,99804.95,101373.28,0.624113,0.639302,HOLD
2018-11-12,0.6371318470770897,0.6379802417314954,0.6325201849840862,0.6333685796384919,1,1,197133.53,99804.95,100631.42,0.624113,0.639302,HOLD
2018-11-13,0.6333685796384919,0.6339492128217706,0.6300406500262472,0.6306212832095259,1,1,197133.53,99804.95,100089.83,0.624113,0.639302,HOLD
2018-11-14,0.6306212832095259,0.6311360825264141,0.6297992185645079,0.6303140178813961,0,1,197133.53,99804.95,100029.26,0.624113,0.639302,HOLD
2018-11-15,0.6303140178813961,0.6329221152808244,0.6299737304549073,0.6325818278543357,0,1,197133.53,99804.95,100476.32,0.624113,0.639302,HOLD
2018-11-16,0.6325818278543357,0.6336567797633234,0.628474882517314,0.6295498344263016,0,1,197133.53,99804.95,99878.61,0.624113,0.639302,HOLD
2018-11-19,0.6295498344263016,0.6296628200635982,0.6252537416834941,0.6253667273207907,0,1,197133.53,99804.95,99053.98,0.624113,0.639302,HOLD
2018-11-20,0.6253667273207907,0.6295680917773444,0.6250212690546985,0.6292226335112522,0,1,197133.53,99804.95,99814.11,0.624113,0.639302,HOLD
2018-11-21,0.6292226335112522,0.6297388006118926,0.6268295013706623,0.6273456684713027,0,1,197133.53,99804.95,99444.1,0.624113,0.639302,HOLD
2018-11-22,0.6273456684713027,0.6278095867015946,0.6265458120883729,0.6270097303186648,0,1,197133.53,99804.95,99377.87,0.624113,0.639302,HOLD
2018-11-23,0.6270097303186648,0.6275485362479821,0.6263358973159496,0.626874703245267,0,1,197133.53,99804.95,99351.26,0.624113,0.639302,HOLD
2018-11-26,0.626874703245267,0.6276971068543237,0.6235673466767203,0.624389750285777,0,0,0.0,98785.22,98785.22,,,STOP
2018-11-27,0.624389750285777,0.6292744005089189,0.6234124990923083,0.6282971493154502,0,0,0.0,98785.22,98785.22,,,HOLD
2018-11-28,0.6282971493154502,0.6303685259572854,0.6276448872839699,0.6297162639258052,0,0,0.0,98785.22,98785.22,,,HOLD
2018-11-29,0.6297162639258052,0.6344092439454196,0.6291303529036687,0.6338233329232832,0,0,0.0,98785.22,98785.22,,,HOLD
2018-11-30,0.6338233329232832,0.6347306149348664,0.6297110100419693,0.6306182920535525,0,0,0.0,98785.22,98785.22,,,HOLD
2018-12-03,0.6306182920535525,0.6310928713445092,0.6300609735013671,0.6305355527923239,0,0,0.0,98785.22,98785.22,,,HOLD
2018-12-04,0.6305355527923239,0.6310250917686784,0.6290439108491336,0.6295334498254881,0,0,0.0,98785.22,98785.22,,,HOLD
2018-12-05,0.6295334498254881,0.6303190606614095,0.6272123231086975,0.6279979339446189,0,0,0.0,98785.22,98785.22,,,HOLD
2018-12-06,0.6279979339446189,0.6303624559116127,0.627150688057124,0.6295152100241178,0,0,0.0,98785.22,98785.22,,,HOLD
2018-12-07,0.6295152100241178,0.6299576795394028,0.6255478850110058,0.6259903545262908,0,0,0.0,98785.22,98785.22,,,HOLD
2018-12-10,0.6259903545262908,0.6300265272272659,0.625075612192471,0.6291117848934461,0,0,0.0,98785.22,98785.22,,,HOLD
2018-12-11,0.6291117848934461,0.6299898339516796,0.6279185680404574,0.628796617098691,0,0,0.0,98785.22,98785.22,,,HOLD
2018-12-12,0.628796617098691,0.6289064170051436,0.626341847234528,0.6264516471409807,0,0,0.0,98785.22,98785.22,,,HOLD
2018-12-13,0.6264516471409807,0.627471138740846,0.6255575853750569,0.6265770769749223,0,0,0.0,98785.22,98785.22,,,HOLD
2018-12-14,0.6265770769749223,0.6277803229919503,0.6255042204009619,0.6267074664179899,0,0,0.0,98785.22,98785.22,,,HOLD
2018-12-17,0.6267074664179899,0.6269044071511767,0.6265065205788023,0.6267034613119891,0,0,0.0,98785.22,98785.22,,,HOLD
2018-12-18,0.6267034613119891,0.6280046819557021,0.6265064086704548,0.6278076293141679,0,0,0.0,98785.22,98785.22,,,HOLD
2018-12-19,0.6278076293141679,0.6282941234329082,0.625215220129222,0.6257017142479624,0,0,0.0,98785.22,98785.22,,,HOLD
2018-12-20,0.6257017142479624,0.6268304582046635,0.6231335150113124,0.6242622589680136,0,0,0.0,98785.22,98785.22,,,HOLD
2018-12-21,0.6242622589680136,0.6255442297120744,0.6213958575352524,0.6226778282793132,0,0,0.0,98785.22,98785.22,,,HOLD
2018-12-24,0.6226778282793132,0.6236520154063705,0.6214427165131211,0.6224169036401784,0,0,0.0,98785.22,98785.22,,,HOLD
2018-12-25,0.6224169036401784,0.6228245895567484,0.6197197404758998,0.6201274263924698,0,0,0.0,98785.22,98785.22,,,HOLD
2018-12-26,0.6201274263924698,0.6210286453364455,0.6188968470881608,0.6197980660321366,0,0,0.0,98785.22,98785.22,,,HOLD
2018-12-27,0.6197980660321366,0.6230079402444532,0.6189710555184836,0.6221809297308002,0,0,0.0,98785.22,98785.22,,,HOLD
2018-12-28,0.6221809297308002,0.6240920864295498,0.6210946686681288,0.6230058253668784,0,0,0.0,98785.22,98785.22,,,HOLD
2018-12-31,0.6230058253668784,0.6275357338125309,0.6224071243354962,0.6269370327811487,0,0,0.0,98785.22,98785.22,,,HOLD
2019-01-01,0.6269370327811487,0.6291626063111795,0.6262370020689232,0.628462575598954,0,0,0.0,98785.22,98785.22,,,HOLD
2019-01-02,0.628462575598954,0.6292793863707405,0.6230882061192692,0.6239050168910557,0,0,0.0,98785.22,98785.22,,,HOLD
2019-01-03,0.6239050168910557,0.629870787928536,0.6230028380949952,0.6289686091324755,0,0,0.0,98785.22,98785.22,,,HOLD
2019-01-04,0.6289686091324755,0.6312168126822225,0.6285213768649793,0.6307695804147263,0,0,0.0,98785.22,98785.22,,,HOLD
2019-01-07,0.6307695804147263,0.6357837878162573,0.6300767754090049,0.6350909828105359,0,0,0.0,98785.22,98785.22,,,HOLD
2019-01-08,0.6350909828105359,0.6360259718241377,0.6318945871101069,0.6328295761237087,0,0,0.0,98785.22,98785.22,,,HOLD
2019-01-09,0.6328295761237087,0.6333362289791938,0.6324203530255881,0.6329270058810732,0,0,0.0,98785.22,98785.22,,,HOLD
2019-01-10,0.6329270058810732,0.6335054501585424,0.6317642731262783,0.6323427174037475,0,0,0.0,98785.22,98785.22,,,HOLD
2019-01-11,0.6323427174037475,0.6341385956137311,0.6318232273287431,0.6336191055387267,0,0,0.0,98785.22,98785.22,,,HOLD
2019-01-14,0.6336191055387267,0.6353586122171666,0.6329920054773965,0.6347315121558365,0,0,0.0,98785.22,98785.22,,,HOLD
2019-01-15,0.6347315121558365,0.6412024001351442,0.6342521850880362,0.6407230730673439,0,0,0.0,98785.22,98785.22,,,HOLD
2019-01-16,0.6407230730673439,0.6417443903616208,0.6383239711946922,0.6393452884889691,0,0,0.0,98785.22,98785.22,,,HOLD
2019-01-17,0.6393452884889691,0.6419639191114699,0.6387896199482778,0.6414082505707785,0,0,0.0,98785.22,98785.22,,,HOLD
2019-01-18,0.6414082505707785,0.6419798722856175,0.6394500416553309,0.6400216633701699,0,0,0.0,98785.22,98785.22,,,HOLD
2019-01-21,0.6400216633701699,0.6410628486105554,0.6385921482662662,0.6396333335066517,0,0,0.0,98785.22,98785.22,,,HOLD
2019-01-22,0.6396333335066517,0.6401118413032543,0.6370996518462433,0.6375781596428458,0,0,0.0,98785.22,98785.22,,,HOLD
2019-01-23,0.6375781596428458,0.6402591492244359,0.6368455923771515,0.6395265819587417,0,0,0.0,98785.22,98785.22,,,HOLD
2019-01-24,0.6395265819587417,0.6450323385615087,0.6388522958517124,0.6443580524544794,0,0,0.0,98785.22,98785.22,,,HOLD
2019-01-25,0.6443580524544794,0.6485275351453859,0.6439677077463192,0.6481371904372256,0,0,0.0,98785.22,98785.22,,,HOLD
2019-01-28,0.6481371904372256,0.6500041564502497,0.6475989944274345,0.6494659604404586,0,0,0.0,98785.22,98785.22,,,HOLD
2019-01-29,0.6494659604404586,0.650329231315074,0.6480788138438659,0.6489420847184814,0,0,0.0,98785.22,98785.22,,,HOLD
2019-01-30,0.6489420847184814,0.6518360428839306,0.6485664673169927,0.651460425482442,0,0,0.0,98785.22,98785.22,,,HOLD
2019-01-31,0.651460425482442,0.6522454089429316,0.6498743555100873,0.6506593389705769,0,0,0.0,98785.22,98785.22,,,HOLD
2019-02-01,0.6506593389705769,0.6534875348455417,0.6498687627566764,0.6526969586316411,0,0,0.0,98785.22,98785.22,,,HOLD
2019-02-04,0.6526969586316411,0.6541059329548511,0.6518599329567495,0.6532689072799595,0,0,0.0,98785.22,98785.22,,,HOLD
2019-02-05,0.6532689072799595,0.6542541449774006,0.650569793665653,0.6515550313630942,0,0,0.0,98785.22,98785.22,,,HOLD
2019-02-06,0.6515550313630942,0.65219024736555,0.6479760715177768,0.6486112875202326,0,0,0.0,98785.22,98785.22,,,HOLD
2019-02-07,0.6486112875202326,0.6494623811999604,0.6473106653712261,0.6481617590509539,0,0,0.0,98785.22,98785.22,,,HOLD
2019-02-08,0.6481617590509539,0.6503684674547375,0.6472986530046552,0.6495053614084388,0,0,0.0,98785.22,98785.22,,,HOLD
2019-02-11,0.6495053614084388,0.6502170178459279,0.6459056976113791,0.6466173540488681,0,0,0.0,98785.22,98785.22,,,HOLD
2019-02-12,0.6466173540488681,0.6505345925716124,0.6459155999583064,0.6498328384810507,0,0,0.0,98785.22,98785.22,,,HOLD
2019-02-13,0.6498328384810507,0.6506883405639252,0.6471584825737389,0.6480139846566134,0,0,0.0,98785.22,98785.22,,,HOLD
2019-02-14,0.6480139846566134,0.6482453235231077,0.645701077212992,0.6459324160794863,0,0,0.0,98785.22,98785.22,,,HOLD
2019-02-15,0.6459324160794863,0.6466363108305694,0.6415444818428694,0.6422483765939525,0,0,0.0,98785.22,98785.22,,,HOLD
2019-02-18,0.6422483765939525,0.6429652724474786,0.6379579509773523,0.6386748468308784,0,0,0.0,98785.22,98785.22,,,HOLD
2019-02-19,0.6386748468308784,0.6396703863648485,0.6384029914336644,0.6393985309676345,0,0,0.0,98785.22,98785.22,,,HOLD
2019-02-20,0.6393985309676345,0.6428388520375207,0.6388346392200098,0.642274960289896,0,0,0.0,98785.22,98785.22,,,HOLD
2019-02-21,0.642274960289896,0.643455301758121,0.6395024640274395,0.6406828054956646,0,0,0.0,98785.22,98785.22,,,HOLD
2019-02-22,0.6406828054956646,0.6417857746183782,0.6380652984241905,0.639168267546904,0,0,0.0,98785.22,98785.22,,,HOLD
2019-02-25,0.639168267546904,0.6400363416267958,0.638135257955061,0.6390033320349527,0,0,0.0,98785.22,98785.22,,,HOLD
2019-02-26,0.6390033320349527,0.6399340211873177,0.6380905062630888,0.6390211954154538,0,0,0.0,98785.22,98785.22,,,HOLD
2019-02-27,0.6390211954154538,0.641545978889874,0.6385836031971487,0.6411083866715689,0,0,0.0,98785.22,98785.22,,,HOLD
2019-02-28,0.6411083866715689,0.6424945013202183,0.6405820099986592,0.6419681246473087,0,0,0.0,98785.22,98785.22,,,HOLD
2019-03-01,0.6419681246473087,0.6431562895190196,0.6410340755054876,0.6422222403771985,0,0,0.0,98785.22,98785.22,,,HOLD
2019-03-04,0.6422222403771985,0.6437538411386549,0.6416498792505633,0.6431814800120196,0,0,0.0,98785.22,98785.22,,,HOLD
2019-03-05,0.6431814800120196,0.6436323086980928,0.6426519440877442,0.6431027727738174,0,0,0.0,98785.22,98785.22,,,HOLD
2019-03-06,0.6431027727738174,0.6435026339685862,0.6390237038760663,0.6394235650708351,0,0,0.0,98785.22,98785.22,,,HOLD
2019-03-07,0.6394235650708351,0.6397561562024775,0.6327037008799146,0.633036292011557,0,0,0.0,98785.22,98785.22,,,HOLD
2019-03-08,0.633036292011557,0.6339876473843606,0.6315767955445873,0.632528150917391,0,0,0.0,98785.22,98785.22,,,HOLD
2019-03-11,0.632528150917391,0.6352399584497886,0.6316538167080098,0.6343656242404074,0,0,0.0,98785.22,98785.22,,,HOLD
2019-03-12,0.6343656242404074,0.6351983277564844,0.633652658315431,0.634485361831508,0,0,0.0,98785.22,98785.22,,,HOLD
2019-03-13,0.634485361831508,0.6353779642024103,0.6336007882640657,0.634493390634968,0,0,0.0,98785.22,98785.22,,,HOLD
2019-03-14,0.634493390634968,0.6352889126387482,0.6330483359094766,0.6338438579132568,0,0,0.0,98785.22,98785.22,,,HOLD
2019-03-15,0.6338438579132568,0.6345692312108766,0.6326967724315208,0.6334221457291406,0,0,0.0,98785.22,98785.22,,,HOLD
2019-03-18,0.6334221457291406,0.6344467915532911,0.6325501420006757,0.6335747878248262,0,0,0.0,98785.22,98785.22,,,HOLD
2019-03-19,0.6335747878248262,0.6353311026667964,0.6329762897339694,0.6347326045759395,0,0,0.0,98785.22,98785.22,,,HOLD
2019-03-20,0.6347326045759395,0.6355649881918553,0.6316602742289269,0.6324926578448427,0,0,0.0,98785.22,98785.22,,,HOLD
2019-03-21,0.6324926578448427,0.633973670087719,0.6319313409969873,0.6334123532398637,0,0,0.0,98785.22,98785.22,,,HOLD
2019-03-22,0.6334123532398637,0.6340971810728616,0.6329347757073119,0.6336196035403099,0,0,0.0,98785.22,98785.22,,,HOLD
2019-03-25,0.6336196035403099,0.6353199472422117,0.6330512565957939,0.6347516002976957,0,0,0.0,98785.22,98785.22,,,HOLD
2019-03-26,0.6347516002976957,0.6348630980605428,0.6331919162774198,0.6333034140402668,0,0,0.0,98785.22,98785.22,,,HOLD
2019-03-27,0.6333034140402668,0.6381418260109835,0.633004864585899,0.6378432765566157,0,0,0.0,98785.22,98785.22,,,HOLD
2019-03-28,0.6378432765566157,0.6380554303622454,0.6344029085618568,0.6346150623674865,0,0,0.0,98785.22,98785.22,,,HOLD
2019-03-29,0.6346150623674865,0.635572039237587,0.6292503076698566,0.630207284539957,0,0,0.0,98785.22,98785.22,,,HOLD
2019-04-01,0.630207284539957,0.6305422877738301,0.6292826647893668,0.6296176680232399,0,0,0.0,98785.22,98785.22,,,HOLD
2019-04-02,0.6296176680232399,0.6330739477335929,0.6291407414656922,0.6325970211760452,0,0,0.0,98785.22,98785.22,,,HOLD
2019-04-03,0.6325970211760452,0.6348232403921631,0.6312307235750505,0.6334569427911684,0,0,0.0,98785.22,98785.22,,,HOLD
2019-04-04,0.6334569427911684,0.6389146456028427,0.6328594668161064,0.6383171696277807,0,0,0.0,98785.22,98785.22,,,HOLD
2019-04-05,0.6383171696277807,0.6444631464068257,0.6370381238409577,0.6431841006200026,0,0,0.0,98785.22,98785.22,,,HOLD
2019-04-08,0.6431841006200026,0.6475954201328384,0.6425729843509616,0.6469843038637973,0,0,0.0,98785.22,98785.22,,,HOLD
2019-04-09,0.6469843038637973,0.6491650992445289,0.6464582892734249,0.6486390846541564,0,0,0.0,98785.22,98785.22,,,HOLD
2019-04-10,0.6486390846541564,0.6490413244104061,0.6435791980634018,0.6439814378196514,0,0,0.0,98785.22,98785.22,,,HOLD
2019-04-11,0.6439814378196514,0.6463890265704897,0.6431581135232535,0.6455657022740917,0,0,0.0,98785.22,98785.22,,,HOLD
2019-04-12,0.6455657022740917,0.6468572604867052,0.6430146969562706,0.6443062551688841,0,0,0.0,98785.22,98785.22,,,HOLD
2019-04-15,0.6443062551688841,0.6451068758017465,0.6442674289366471,0.6450680495695096,0,0,0.0,98785.22,98785.22,,,HOLD
2019-04-16,0.6450680495695096,0.6455856024711915,0.6434777588887964,0.6439953117904783,0,0,0.0,98785.22,98785.22,,,HOLD
2019-04-17,0.6439953117904783,0.6445073837568157,0.6401569463786452,0.6406690183449826,0,0,0.0,98785.22,98785.22,,,HOLD
2019-04-18,0.6406690183449826,0.641492067870352,0.6395336965541136,0.640356746079483,0,0,0.0,98785.22,98785.22,,,HOLD
2019-04-19,0.640356746079483,0.6412076965684786,0.6398391941796006,0.6406901446685962,0,0,0.0,98785.22,98785.22,,,HOLD
2019-04-22,0.6406901446685962,0.6434876975368515,0.6399614065369761,0.6427589594052314,0,0,0.0,98785.22,98785.22,,,HOLD
2019-04-23,0.6427589594052314,0.6445403836945369,0.6413643424059936,0.6431457666952991,0,0,0.0,98785.22,98785.22,,,HOLD
2019-04-24,0.6431457666952991,0.6434773403233777,0.6412544306305312,0.6415860042586098,0,0,0.0,98785.22,98785.22,,,HOLD
2019-04-25,0.6415860042586098,0.6428493417616074,0.6382209736130872,0.6394843111160847,0,0,0.0,98785.22,98785.22,,,HOLD
2019-04-26,0.6394843111160847,0.6457609991815495,0.638831495536327,0.6451081836017918,0,0,0.0,98785.22,98785.22,,,HOLD
2019-04-29,0.6451081836017918,0.6461602367570514,0.6446954353014573,0.6457474884567169,0,0,0.0,98785.22,98785.22,,,HOLD
2019-04-30,0.6457474884567169,0.6463503973367297,0.6447726016971072,0.64537551057712,0,0,0.0,98785.22,98785.22,,,HOLD
2019-05-01,0.64537551057712,0.6459108807627958,0.6421308971025264,0.6426662672882022,0,0,0.0,98785.22,98785.22,,,HOLD
2019-05-02,0.6426662672882022,0.6438342302037009,0.6422153119909019,0.6433832749064006,0,0,0.0,98785.22,98785.22,,,HOLD
2019-05-03,0.6433832749064006,0.6454252216869723,0.6423583983298282,0.6444003451103999,0,0,0.0,98785.22,98785.22,,,HOLD
2019-05-06,0.6444003451103999,0.6455891911015185,0.6428693099780701,0.6440581559691887,0,0,0.0,98785.22,98785.22,,,HOLD
2019-05-07,0.6440581559691887,0.644891276193979,0.6400056106350959,0.6408387308598862,0,0,0.0,98785.22,98785.22,,,HOLD
2019-05-08,0.6408387308598862,0.641391255534825,0.636772028150547,0.6373245528254858,0,0,0.0,98785.22,98785.22,,,HOLD
2019-05-09,0.6373245528254858,0.6376189695874317,0.6341036732439833,0.6343980900059292,0,0,0.0,98785.22,98785.22,,,HOLD
2019-05-10,0.6343980900059292,0.6347602663754947,0.6314383662012389,0.6318005425708044,0,0,0.0,98785.22,98785.22,,,HOLD
2019-05-13,0.6318005425708044,0.6325637954239433,0.630289977913723,0.6310532307668618,0,0,0.0,98785.22,98785.22,,,HOLD
2019-05-14,0.6310532307668618,0.6321982480015235,0.6291266235119449,0.6302716407466066,0,0,0.0,98785.22,98785.22,,,HOLD
2019-05-15,0.6302716407466066,0.6318819583898255,0.6300987855891217,0.6317091032323406,0,0,0.0,98785.22,98785.22,,,HOLD
2019-05-16,0.6317091032323406,0.6322922581676694,0.6312609982539306,0.6318441531892593,0,0,0.0,98785.22,98785.22,,,HOLD
2019-05-17,0.6318441531892593,0.6339660697385737,0.631315346885052,0.6334372634343663,0,0,0.0,98785.22,98785.22,,,HOLD
2019-05-20,0.6334372634343663,0.6346007960933351,0.6324416424122885,0.6336051750712572,0,0,0.0,98785.22,98785.22,,,HOLD
2019-05-21,0.6336051750712572,0.6338228789994964,0.6324952497585946,0.6327129536868338,0,0,0.0,98785.22,98785.22,,,HOLD
2019-05-22,0.6327129536868338,0.6330166001097728,0.6275833110022061,0.6278869574251451,0,0,0.0,98785.22,98785.22,,,HOLD
2019-05-23,0.6278869574251451,0.6290178045721364,0.6278323425983091,0.6289631897453004,0,0,0.0,98785.22,98785.22,,,HOLD
2019-05-24,0.6289631897453004,0.6290317693748637,0.6277252122432728,0.6277937918728361,0,0,0.0,98785.22,98785.22,,,HOLD
2019-05-27,0.6277937918728361,0.6283425621106051,0.6271582335516458,0.6277070037894148,0,0,0.0,98785.22,98785.22,,,HOLD
2019-05-28,0.6277070037894148,0.628247039962154,0.6257539912028632,0.6262940273756025,0,0,0.0,98785.22,98785.22,,,HOLD
2019-05-29,0.6262940273756025,0.6272473147876134,0.6244092304909975,0.6253625179030085,0,0,0.0,98785.22,98785.22,,,HOLD
2019-05-30,0.6253625179030085,0.6261465378621429,0.6245623980785207,0.6253464180376551,0,0,0.0,98785.22,98785.22,,,HOLD
2019-05-31,0.6253464180376551,0.6258901268655479,0.6231296959734253,0.623673404801318,0,0,0.0,98785.22,98785.22,,,HOLD
2019-06-03,0.623673404801318,0.6241529209943055,0.622244761593958,0.6227242777869455,0,0,0.0,98785.22,98785.22,,,HOLD
2019-06-04,0.6227242777869455,0.626386262061373,0.6224320249139824,0.62609400918841,0,0,0.0,98785.22,98785.22,,,HOLD
2019-06-05,0.62609400918841,0.6272010249388846,0.6241495264555778,0.6252565422060524,0,0,0.0,98785.22,98785.22,,,HOLD
2019-06-06,0.6252565422060524,0.6291374541769049,0.6246255519517915,0.628506463922644,0,0,0.0,98785.22,98785.22,,,HOLD
2019-06-07,0.628506463922644,0.6331884555417404,0.6280269035888617,0.6327088952079581,0,0,0.0,98785.22,98785.22,,,HOLD
2019-06-10,0.6327088952079581,0.6332540178500969,0.6300737482921726,0.6306188709343113,0,0,0.0,98785.22,98785.22,,,HOLD
2019-06-11,0.6306188709343113,0.6312954113018843,0.6278359293034816,0.6285124696710546,0,0,0.0,98785.22,98785.22,,,HOLD
2019-06-12,0.6285124696710546,0.6304606625485201,0.6280119280787412,0.6299601209562067,0,0,0.0,98785.22,98785.22,,,HOLD
2019-06-13,0.6299601209562067,0.6350541924377278,0.6291252602755363,0.6342193317570574,0,0,0.0,98785.22,98785.22,,,HOLD
2019-06-14,0.6342193317570574,0.6360641195713498,0.6336986011409442,0.6355433889552367,0,0,0.0,98785.22,98785.22,,,HOLD
2019-06-17,0.6355433889552367,0.6365450216814935,0.6322715142491371,0.6332731469753939,0,0,0.0,98785.22,98785.22,,,HOLD
2019-06-18,0.6332731469753939,0.6359717695826651,0.6320816741434351,0.6347802967507062,0,0,0.0,98785.22,98785.22,,,HOLD
2019-06-19,0.6347802967507062,0.6350296852202554,0.6308047768840007,0.6310541653535499,0,0,0.0,98785.22,98785.22,,,HOLD
2019-06-20,0.6310541653535499,0.6339109710875844,0.6304262915418035,0.6332830972758381,0,0,0.0,98785.22,98785.22,,,HOLD
2019-06-21,0.6332830972758381,0.6344352420516987,0.6328167277945028,0.6339688725703634,0,0,0.0,98785.22,98785.22,,,HOLD
2019-06-24,0.6339688725703634,0.6343534731020873,0.6307602739905641,0.6311448745222881,0,0,0.0,98785.22,98785.22,,,HOLD
2019-06-25,0.6311448745222881,0.6358989172447519,0.6306022472752727,0.6353562899977365,0,0,0.0,98785.22,98785.22,,,HOLD
2019-06-26,0.6353562899977365,0.6362126854932143,0.6300316719731546,0.6308880674686324,0,0,0.0,98785.22,98785.22,,,HOLD
2019-06-27,0.6308880674686324,0.6311599159117618,0.6292281609927777,0.6295000094359071,0,0,0.0,98785.22,98785.22,,,HOLD
2019-06-28,0.6295000094359071,0.6336868730563834,0.6291504792095091,0.6333373428299853,0,0,0.0,98785.22,98785.22,,,HOLD
2019-07-01,0.6333373428299853,0.6358524017884181,0.6323702954299617,0.6348853543883944,0,0,0.0,98785.22,98785.22,,,HOLD
2019-07-02,0.6348853543883944,0.6374416673545638,0.6347218216411532,0.6372781346073225,0,0,0.0,98785.22,98785.22,,,HOLD
2019-07-03,0.6372781346073225,0.641885655701504,0.6363088082196988,0.6409163293138803,0,0,0.0,98785.22,98785.22,,,HOLD
2019-07-04,0.6409163293138803,0.6427196247601944,0.640522047396776,0.6423253428430901,0,0,0.0,98785.22,98785.22,,,HOLD
2019-07-05,0.6423253428430901,0.6424675992355492,0.6379454199722321,0.6380876763646912,0,0,0.0,98785.22,98785.22,,,HOLD
2019-07-08,0.6380876763646912,0.639149885467028,0.6367981069759017,0.6378603160782385,0,0,0.0,98785.22,98785.22,,,HOLD
2019-07-09,0.6378603160782385,0.6383804102208221,0.6362231317403667,0.6367432258829504,0,0,0.0,98785.22,98785.22,,,HOLD
2019-07-10,0.6367432258829504,0.6376783002892916,0.6334854665153384,0.6344205409216797,0,0,0.0,98785.22,98785.22,,,HOLD
2019-07-11,0.6344205409216797,0.6363770371967575,0.6337847707478768,0.6357412670229546,0,0,0.0,98785.22,98785.22,,,HOLD
2019-07-12,0.6357412670229546,0.6379603816217924,0.6353623721468257,0.6375814867456634,0,0,0.0,98785.22,98785.22,,,HOLD
2019-07-15,0.6375814867456634,0.6412337789404461,0.6369117757624507,0.6405640679572334,0,0,0.0,98785.22,98785.22,,,HOLD
2019-07-16,0.6405640679572334,0.6424416576777968,0.6397163121678708,0.6415939018884342,0,0,0.0,98785.22,98785.22,,,HOLD
2019-07-17,0.6415939018884342,0.642129502156894,0.6413027945842239,0.6418383948526837,0,0,0.0,98785.22,98785.22,,,HOLD
2019-07-18,0.6418383948526837,0.6425517061582253,0.6395021899970478,0.6402155013025894,0,0,0.0,98785.22,98785.22,,,HOLD
2019-07-19,0.6402155013025894,0.6426647085683586,0.6394538462150157,0.6419030534807848,0,0,0.0,98785.22,98785.22,,,HOLD
2019-07-22,0.6419030534807848,0.6425046364656574,0.6416570514871193,0.6422586344719918,0,0,0.0,98785.22,98785.22,,,HOLD
2019-07-23,0.6422586344719918,0.6426351563648192,0.6379971018683648,0.6383736237611921,0,0,0.0,98785.22,98785.22,,,HOLD
2019-07-24,0.6383736237611921,0.6395986465926035,0.6345294134885842,0.6357544363199955,0,0,0.0,98785.22,98785.22,,,HOLD
2019-07-25,0.6357544363199955,0.6368861973179257,0.6343667757914376,0.6354985367893679,0,0,0.0,98785.22,98785.22,,,HOLD
2019-07-26,0.6354985367893679,0.6356595822798204,0.6338593677264215,0.6340204132168741,0,0,0.0,98785.22,98785.22,,,HOLD
2019-07-29,0.6340204132168741,0.6364081237864547,0.6338222350088656,0.6362099455784462,0,0,0.0,98785.22,98785.22,,,HOLD
2019-07-30,0.6362099455784462,0.6367895189504834,0.6360391062972152,0.6366186796692523,0,0,0.0,98785.22,98785.22,,,HOLD
2019-07-31,0.6366186796692523,0.6397897558388712,0.6356352913940053,0.6388063675636242,0,0,0.0,98785.22,98785.22,,,HOLD
2019-08-01,0.6388063675636242,0.6428298565891739,0.6377240341155668,0.6417475231411165,0,0,0.0,98785.22,98785.22,,,HOLD
2019-08-02,0.6417475231411165,0.6424542380639487,0.6393923426778997,0.6400990576007319,0,0,0.0,98785.22,98785.22,,,HOLD
2019-08-05,0.6400990576007319,0.6409636639608237,0.6384175331533644,0.6392821395134561,0,0,0.0,98785.22,98785.22,,,HOLD
2019-08-06,0.6392821395134561,0.6399105937250467,0.6373566004543345,0.637985054665925,0,0,0.0,98785.22,98785.22,,,HOLD
2019-08-07,0.637985054665925,0.6387975553120915,0.636258305345532,0.6370708059916984,0,0,0.0,98785.22,98785.22,,,HOLD
2019-08-08,0.6370708059916984,0.6407668309385723,0.6364829282432284,0.6401789531901023,0,0,0.0,98785.22,98785.22,,,HOLD
2019-08-09,0.6401789531901023,0.6409128629352152,0.6351807164806421,0.635914626225755,0,0,0.0,98785.22,98785.22,,,HOLD
2019-08-12,0.635914626225755,0.6385267474507781,0.6353584558176503,0.6379705770426733,0,0,0.0,98785.22,98785.22,,,HOLD
2019-08-13,0.6379705770426733,0.6391824362484366,0.6376574290714531,0.6388692882772163,0,0,0.0,98785.22,98785.22,,,HOLD
2019-08-14,0.6388692882772163,0.6394862452171611,0.6360206286083526,0.6366375855482974,0,0,0.0,98785.22,98785.22,,,HOLD
2019-08-15,0.6366375855482974,0.6375957725181275,0.6350921672736789,0.636050354243509,0,0,0.0,98785.22,98785.22,,,HOLD
2019-08-16,0.636050354243509,0.6376319885912771,0.6355991202535003,0.6371807546012684,0,0,0.0,98785.22,98785.22,,,HOLD
2019-08-19,0.6371807546012684,0.6389577485392777,0.6364172745448333,0.6381942684828426,0,0,0.0,98785.22,98785.22,,,HOLD
2019-08-20,0.6381942684828426,0.6419490989201926,0.6375413004569928,0.6412961308943428,0,0,0.0,98785.22,98785.22,,,HOLD
2019-08-21,0.6412961308943428,0.6427427011859022,0.6406363576773317,0.6420829279688911,0,0,0.0,98785.22,98785.22,,,HOLD
2019-08-22,0.6420829279688911,0.6427079426830502,0.638414218036267,0.6390392327504261,0,0,0.0,98785.22,98785.22,,,HOLD
2019-08-23,0.6390392327504261,0.6400273392808016,0.6363920935421049,0.6373802000724804,0,0,0.0,98785.22,98785.22,,,HOLD
2019-08-26,0.6373802000724804,0.6379134344392635,0.6348871691699264,0.6354204035367095,0,0,0.0,98785.22,98785.22,,,HOLD
2019-08-27,0.6354204035367095,0.6381951763764725,0.6348866861371849,0.6376614589769479,0,0,0.0,98785.22,98785.22,,,HOLD
2019-08-28,0.6376614589769479,0.6395121741598596,0.6371135177346734,0.6389642329175851,0,0,0.0,98785.22,98785.22,,,HOLD
2019-08-29,0.6389642329175851,0.639493452614815,0.6365555155561264,0.6370847352533564,0,0,0.0,98785.22,98785.22,,,HOLD
2019-08-30,0.6370847352533564,0.6396799706385521,0.6360716192308531,0.6386668546160488,0,0,0.0,98785.22,98785.22,,,HOLD
2019-09-02,0.6386668546160488,0.6399968738629777,0.6378366296973182,0.6391666489442471,0,0,0.0,98785.22,98785.22,,,HOLD
2019-09-03,0.6391666489442471,0.6396843683792471,0.6344485774217812,0.6349662968567812,0,0,0.0,98785.22,98785.22,,,HOLD
2019-09-04,0.6349662968567812,0.6350534460886584,0.6336931405650754,0.6337802897969527,0,0,0.0,98785.22,98785.22,,,HOLD
2019-09-05,0.6337802897969527,0.6351368516961207,0.6330914234544469,0.6344479853536149,0,0,0.0,98785.22,98785.22,,,HOLD
2019-09-06,0.6344479853536149,0.6345339667609763,0.6323635573236182,0.6324495387309795,0,0,0.0,98785.22,98785.22,,,HOLD
2019-09-09,0.6324495387309795,0.6330891742756005,0.6299377129688414,0.6305773485134624,0,0,0.0,98785.22,98785.22,,,HOLD
2019-09-10,0.6305773485134624,0.6337417378295883,0.6300492563842174,0.6332136457003433,0,0,0.0,98785.22,98785.22,,,HOLD
2019-09-11,0.6332136457003433,0.6340003156154895,0.6306953195982165,0.6314819895133627,0,0,0.0,98785.22,98785.22,,,HOLD
2019-09-12,0.6314819895133627,0.632922025916527,0.6308901473156828,0.6323301837188472,0,0,0.0,98785.22,98785.22,,,HOLD
2019-09-13,0.6323301837188472,0.6342372424196324,0.6318147870193364,0.6337218457201216,0,0,0.0,98785.22,98785.22,,,HOLD
2019-09-16,0.6337218457201216,0.634614768540859,0.632576886396624,0.6334698092173614,0,0,0.0,98785.22,98785.22,,,HOLD
2019-09-17,0.6334698092173614,0.6352326269738194,0.6328469233720813,0.6346097411285393,0,0,0.0,98785.22,98785.22,,,HOLD
2019-09-18,0.6346097411285393,0.6352322565068235,0.6329141009249512,0.6335366163032353,0,0,0.0,98785.22,98785.22,,,HOLD
2019-09-19,0.6335366163032353,0.6362099108663176,0.6334795538060674,0.6361528483691496,0,0,0.0,98785.22,98785.22,,,HOLD
2019-09-20,0.6361528483691496,0.6405339206100434,0.6352758238192748,0.6396568960601686,0,0,0.0,98785.22,98785.22,,,HOLD
2019-09-23,0.6396568960601686,0.6403724251271908,0.6372503578411021,0.6379658869081243,0,0,0.0,98785.22,98785.22,,,HOLD
2019-09-24,0.6379658869081243,0.6391228373910627,0.6372462359046847,0.6384031863876231,0,0,0.0,98785.22,98785.22,,,HOLD
2019-09-25,0.6384031863876231,0.6384852821126142,0.6365606307485852,0.6366427264735763,0,0,0.0,98785.22,98785.22,,,HOLD
2019-09-26,0.6366427264735763,0.6371478977735305,0.6339389442215769,0.6344441155215311,0,0,0.0,98785.22,98785.22,,,HOLD
2019-09-27,0.6344441155215311,0.6354067346513111,0.6328553058118567,0.6338179249416367,0,0,0.0,98785.22,98785.22,,,HOLD
2019-09-30,0.6338179249416367,0.6349426464787417,0.633314278513937,0.6344390000510419,0,0,0.0,98785.22,98785.22,,,HOLD
2019-10-01,0.6344390000510419,0.6346570909541136,0.6309521371899783,0.63117022809305,0,0,0.0,98785.22,98785.22,,,HOLD
2019-10-02,0.63117022809305,0.6316418668439444,0.6301545036567249,0.6306261424076193,0,0,0.0,98785.22,98785.22,,,HOLD
2019-10-03,0.6306261424076193,0.632214257733677,0.6296161092039192,0.6312042245299769,0,0,0.0,98785.22,98785.22,,,HOLD
2019-10-04,0.6312042245299769,0.632060422178716,0.6299668706670561,0.6308230683157953,0,0,0.0,98785.22,98785.22,,,HOLD
2019-10-07,0.6308230683157953,0.6358269105152766,0.6297822080866706,0.634786050286152,0,0,0.0,98785.22,98785.22,,,HOLD
2019-10-08,0.634786050286152,0.6358229424418078,0.6317781481728286,0.6328150403284845,0,0,0.0,98785.22,98785.22,,,HOLD
2019-10-09,0.6328150403284845,0.6378445884250425,0.6319127565265568,0.6369423046231149,0,0,0.0,98785.22,98785.22,,,HOLD
2019-10-10,0.6369423046231149,0.6380790218902689,0.6334759206722139,0.634612637939368,0,0,0.0,98785.22,98785.22,,,HOLD
2019-10-11,0.634612637939368,0.6349907570510122,0.631213561235608,0.6315916803472522,0,0,0.0,98785.22,98785.22,,,HOLD
2019-10-14,0.6315916803472522,0.6327155160458232,0.6301954721403322,0.6313193078389032,0,0,0.0,98785.22,98785.22,,,HOLD
2019-10-15,0.6313193078389032,0.6345396541468549,0.6307936566101388,0.6340140029180904,0,0,0.0,98785.22,98785.22,,,HOLD
2019-10-16,0.6340140029180904,0.6341494136171889,0.6324899312952182,0.6326253419943167,0,0,0.0,98785.22,98785.22,,,HOLD
2019-10-17,0.6326253419943167,0.6332267734626936,0.6257440302126754,0.6263454616810523,0,0,0.0,98785.22,98785.22,,,HOLD
2019-10-18,0.6263454616810523,0.6291874285122612,0.625853097163723,0.6286950639949318,0,0,0.0,98785.22,98785.22,,,HOLD
2019-10-21,0.6286950639949318,0.6294405553318039,0.6253721875579162,0.6261176788947883,0,0,0.0,98785.22,98785.22,,,HOLD
2019-10-22,0.6261176788947883,0.6268713823547072,0.625899078626643,0.6266527820865618,0,0,0.0,98785.22,98785.22,,,HOLD
2019-10-23,0.6266527820865618,0.6274847730696466,0.6177312465381711,0.6185632375212559,0,0,0.0,98785.22,98785.22,,,HOLD
2019-10-24,0.6185632375212559,0.6194395608187802,0.6146728708295591,0.6155491941270834,-1,-1,147036.72,98785.22,99212.22,0.625172,0.605016,SELL
2019-10-25,0.6155491941270834,0.6168780717283266,0.61448965663691,0.6158185342381532,-1,-1,147036.72,98785.22,99172.62,0.625172,0.605016,HOLD
2019-10-28,0.6158185342381532,0.6165391752017038,0.6103785973805242,0.6110992383440748,-1,-1,147036.72,98785.22,99866.53,0.625172,0.605016,HOLD
2019-10-29,0.6110992383440748,0.6116536752170862,0.6057923413938718,0.6063467782668833,-1,-1,147036.72,98785.22,100565.31,0.625172,0.605016,HOLD
2019-10-30,0.6063467782668833,0.6105435487129885,0.6055265945555046,0.6097233650016098,-1,-1,147036.72,98785.22,100068.83,0.625172,0.605016,HOLD
2019-10-31,0.6097233650016098,0.6103911856224601,0.6043179919554365,0.6049858125762867,-1,-1,147370.84,100744.75,101426.72,0.61645,0.595941,SELL
2019-11-01,0.6049858125762867,0.6055718678387105,0.6041325052092693,0.6047185604716931,-1,-1,147370.84,100744.75,101466.1,0.61645,0.595941,HOLD
2019-11-04,0.6047185604716931,0.6050746153031575,0.603788366608798,0.6041444214402624,-1,-1,147370.84,100744.75,101550.71,0.61645,0.595941,HOLD
2019-11-05,0.6041444214402624,0.6043875540103506,0.6028398321440238,0.603082964714112,-1,-1,147370.84,100744.75,101707.14,0.61645,0.595941,HOLD
2019-11-06,0.603082964714112,0.6045406759198545,0.6025629798450701,0.6040206910508126,-1,-1,147370.84,100744.75,101568.95,0.61645,0.595941,HOLD
2019-11-07,0.6040206910508126,0.6078878599730682,0.6031053725044432,0.6069725414266988,-1,-1,147370.84,100744.75,101133.93,0.61645,0.595941,HOLD
2019-11-08,0.6069725414266988,0.6075095668416686,0.6059293020079669,0.6064663274229367,-1,-1,147370.84,100744.75,101208.53,0.61645,0.595941,HOLD
2019-11-11,0.6064663274229367,0.6070331232111005,0.6038417261250666,0.6044085219132304,-1,-1,147370.84,100744.75,101511.79,0.61645,0.595941,HOLD
2019-11-12,0.6044085219132304,0.6086829162145302,0.6040185361249512,0.608292930426251,-1,-1,147370.84,100744.75,100939.34,0.61645,0.595941,HOLD
2019-11-13,0.608292930426251,0.6085496741257509,0.6080081679894962,0.6082649116889961,-1,-1,147370.84,100744.75,100943.47,0.61645,0.595941,HOLD
2019-11-14,0.6082649116889961,0.6098994720913696,0.6073952057336317,0.6090297661360052,-1,-1,147370.84,100744.75,100830.75,0.61645,0.595941,HOLD
2019-11-15,0.6090297661360052,0.6095563023568553,0.6007910669338717,0.6013176031547218,-1,-1,147370.84,100744.75,101967.3,0.61645,0.595941,HOLD
2019-11-18,0.6013176031547218,0.6046649064407881,0.6005601225139972,0.6039074258000634,-1,-1,147370.84,100744.75,101585.64,0.61645,0.595941,HOLD
2019-11-19,0.6039074258000634,0.6047290418815565,0.6018759364596007,0.6026975525410938,-1,-1,147370.84,100744.75,101763.94,0.61645,0.595941,HOLD
2019-11-20,0.6026975525410938,0.6038134021654507,0.6000375524212188,0.6011534020455757,-1,-1,147370.84,100744.75,101991.5,0.61645,0.595941,HOLD
2019-11-21,0.6011534020455757,0.60573043415289,0.600605523690157,0.6051825557974713,-1,-1,147370.84,100744.75,101397.72,0.61645,0.595941,HOLD
2019-11-22,0.6051825557974713,0.6099877959889362,0.6044954688661519,0.6093007090576168,-1,-1,147370.84,100744.75,100790.83,0.61645,0.595941,HOLD
2019-11-25,0.6093007090576168,0.6099424165329965,0.6061367506687269,0.6067784581441066,-1,-1,147370.84,100744.75,101162.53,0.61645,0.595941,HOLD
2019-11-26,0.6067784581441066,0.6082364590162961,0.6061094273303987,0.6075674282025882,-1,-1,147370.84,100744.75,101046.26,0.61645,0.595941,HOLD
2019-11-27,0.6075674282025882,0.6083833637267779,0.6050396645485305,0.6058556000727202,-1,-1,147370.84,100744.75,101298.53,0.61645,0.595941,HOLD
2019-11-28,0.6058556000727202,0.6066105509333725,0.6021576821619218,0.602912633022574,-1,-1,147370.84,100744.75,101732.24,0.61645,0.595941,HOLD
2019-11-29,0.602912633022574,0.6029799012809527,0.6018250828473665,0.6018923511057451,-1,-1,147370.84,100744.75,101882.6,0.61645,0.595941,HOLD
2019-12-02,0.6018923511057451,0.6019633870392468,0.5994536014370985,0.5995246373706001,-1,-1,147370.84,100744.75,102231.53,0.61645,0.595941,HOLD
2019-12-03,0.5995246373706001,0.6014467230331705,0.5986703952796651,0.6005924809422355,-1,-1,147370.84,100744.75,102074.16,0.61645,0.595941,HOLD
2019-12-04,0.6005924809422355,0.6021542735535603,0.5996193707686989,0.6011811633800237,-1,-1,147370.84,100744.75,101987.41,0.61645,0.595941,HOLD
2019-12-05,0.6011811633800237,0.6016909778270234,0.6007496914835336,0.6012595059305333,-1,-1,147370.84,100744.75,101975.86,0.61645,0.595941,HOLD
2019-12-06,0.6012595059305333,0.6021682448289292,0.5971460752297638,0.5980548141281596,-1,-1,147370.84,100744.75,102448.14,0.61645,0.595941,HOLD
2019-12-09,0.5980548141281596,0.6024852341053303,0.5973969344420192,0.6018273544191899,-1,-1,147370.84,100744.75,101892.18,0.61645,0.595941,HOLD
2019-12-10,0.6018273544191899,0.6027307518893967,0.6009069120138634,0.6018103094840702,-1,-1,147370.84,100744.75,101894.69,0.61645,0.595941,HOLD
2019-12-11,0.6018103094840702,0.6022234742290421,0.5991568293927297,0.5995699941377016,-1,-1,147370.84,100744.75,102224.85,0.61645,0.595941,HOLD
2019-12-12,0.5995699941377016,0.6013334455409737,0.5991114860135626,0.6008749374168346,-1,-1,147370.84,100744.75,102032.54,0.61645,0.595941,HOLD
2019-12-13,0.6008749374168346,0.6023781302681214,0.6004411554538711,0.6019443483051579,-1,-1,147370.84,100744.75,101874.94,0.61645,0.595941,HOLD
2019-12-16,0.6019443483051579,0.6023422919975965,0.6001134782304168,0.6005114219228554,-1,-1,147370.84,100744.75,102086.11,0.61645,0.595941,HOLD
2019-12-17,0.6005114219228554,0.6055465036214334,0.5994620343324666,0.6044971160310445,-1,-1,147370.84,100744.75,101498.73,0.61645,0.595941,HOLD
2019-12-18,0.6044971160310445,0.605074946587639,0.6017199598064104,0.6022977903630049,-1,-1,147370.84,100744.75,101822.85,0.61645,0.595941,HOLD
2019-12-19,0.6022977903630049,0.6065684736836977,0.6013300903129177,0.6056007736336105,-1,-1,147370.84,100744.75,101336.09,0.61645,0.595941,HOLD
2019-12-20,0.6056007736336105,0.6062127810974709,0.6032093361263715,0.6038213435902319,0,-1,147370.84,100744.75,101598.32,0.61645,0.595941,HOLD
2019-12-23,0.6038213435902319,0.6064997091655624,0.6030463879235652,0.6057247534988958,0,-1,147370.84,100744.75,101317.82,0.61645,0.595941,HOLD
2019-12-24,0.6057247534988958,0.6059985097463892,0.6039473004679424,0.6042210567154359,0,-1,147370.84,100744.75,101539.42,0.61645,0.595941,HOLD
2019-12-25,0.6042210567154359,0.6044334768511184,0.6027861248640558,0.6029985449997383,0,-1,147370.84,100744.75,101719.58,0.61645,0.595941,HOLD
2019-12-26,0.6029985449997383,0.6033043340395218,0.6009687795672511,0.6012745686070347,0,-1,147370.84,100744.75,101973.64,0.61645,0.595941,HOLD
2019-12-27,0.6012745686070347,0.6014309133941281,0.5983874743523927,0.5985438191394862,0,-1,147370.84,100744.75,102376.08,0.61645,0.595941,HOLD
2019-12-30,0.5985438191394862,0.6008935752616619,0.5973997647169631,0.5997495208391388,0,-1,147370.84,100744.75,102198.39,0.61645,0.595941,HOLD
2019-12-31,0.5997495208391388,0.6019752413724142,0.5990337784476606,0.601259498980936,0,-1,147370.84,100744.75,101975.87,0.61645,0.595941,HOLD
2020-01-01,0.601259498980936,0.6019575829963894,0.5989645414302356,0.5996626254456889,-1,-1,147370.84,100744.75,102211.2,0.61645,0.595941,HOLD
2020-01-02,0.5996626254456889,0.6014726218171998,0.5990033451993146,0.6008133415708256,-1,-1,147370.84,100744.75,102041.62,0.61645,0.595941,HOLD
2020-01-03,0.6008133415708256,0.6018723994279235,0.5964159531077058,0.5974750109648037,-1,-1,147370.84,100744.75,102533.59,0.61645,0.595941,HOLD
2020-01-06,0.5974750109648037,0.5977805923126978,0.5957581308496602,0.5960637121975543,-1,-1,220424.45,102743.43,103030.27,0.602026,0.588043,SELL
2020-01-07,0.5960637121975543,0.5967030675648946,0.592220719726891,0.5928600750942313,-1,-1,220424.45,102743.43,103736.43,0.602026,0.588043,HOLD
2020-01-08,0.5928600750942313,0.5931241643536628,0.5899615276737988,0.5902256169332303,-1,-1,220424.45,102743.43,104317.13,0.602026,0.588043,HOLD
2020-01-09,0.5902256169332303,0.5910326805279862,0.5882211985876954,0.5890282621824513,-1,-1,220424.45,102743.43,104581.06,0.602026,0.588043,HOLD
2020-01-10,0.5890282621824513,0.5925991240253238,0.5881640061965313,0.5917348680394038,-1,-1,220424.45,102743.43,103984.45,0.602026,0.588043,HOLD
2020-01-13,0.5917348680394038,0.5927806366860502,0.5916263026043083,0.5926720712509547,-1,-1,220424.45,102743.43,103777.87,0.602026,0.588043,HOLD
2020-01-14,0.5926720712509547,0.5939594755206915,0.5919875659498925,0.5932749702196294,-1,-1,220424.45,102743.43,103644.98,0.602026,0.588043,HOLD
2020-01-15,0.5932749702196294,0.5940328937052269,0.5920937508925924,0.59285167437819,-1,-1,220424.45,102743.43,103738.28,0.602026,0.588043,HOLD
2020-01-16,0.59285167437819,0.597635241375028,0.5917405659258138,0.5965241329226518,-1,-1,220424.45,102743.43,102928.78,0.602026,0.588043,HOLD
2020-01-17,0.5965241329226518,0.597650265585424,0.595320434167853,0.5964465668306251,-1,-1,220424.45,102743.43,102945.88,0.602026,0.588043,HOLD
2020-01-20,0.5964465668306251,0.5979645870962496,0.5957410950595348,0.5972591153251592,-1,-1,220424.45,102743.43,102766.77,0.602026,0.588043,HOLD
2020-01-21,0.5972591153251592,0.6017431208188111,0.5970062047528246,0.6014902102464765,-1,-1,220424.45,102743.43,101834.14,0.602026,0.588043,HOLD
2020-01-22,0.6014902102464765,0.60249883125983,0.6007966737035473,0.6018052947169007,0,0,0.0,101691.75,101691.75,,,STOP
2020-01-23,0.6018052947169007,0.6051982604952704,0.6009129582942393,0.604305924072609,0,0,0.0,101691.75,101691.75,,,HOLD
2020-01-24,0.604305924072609,0.6048081904068713,0.6037380169391376,0.6042402832734,0,0,0.0,101691.75,101691.75,,,HOLD
2020-01-27,0.6042402832734,0.605407243419584,0.59870739397281,0.599874354118994,0,0,0.0,101691.75,101691.75,,,HOLD
2020-01-28,0.599874354118994,0.601018728335816,0.5991263631962077,0.6002707374130297,0,0,0.0,101691.75,101691.75,,,HOLD
2020-01-29,0.6002707374130297,0.6008891569067006,0.5981127330455066,0.5987311525391775,0,0,0.0,101691.75,101691.75,,,HOLD
2020-01-30,0.5987311525391775,0.5988289343955374,0.5978112709177813,0.5979090527741412,0,0,0.0,101691.75,101691.75,,,HOLD
2020-01-31,0.5979090527741412,0.5984058320228045,0.5962132832992885,0.5967100625479518,0,0,0.0,101691.75,101691.75,,,HOLD
2020-02-03,0.5967100625479518,0.5989689783529835,0.5954510438730664,0.597709959678098,0,0,0.0,101691.75,101691.75,,,HOLD
2020-02-04,0.597709959678098,0.598125873775699,0.5942026578359627,0.5946185719335637,0,0,0.0,101691.75,101691.75,,,HOLD
2020-02-05,0.5946185719335637,0.5996455550068058,0.5941058812434924,0.5991328643167345,0,0,0.0,101691.75,101691.75,,,HOLD
2020-02-06,0.5991328643167345,0.6019479813047776,0.5981423128770117,0.6009574298650547,0,0,0.0,101691.75,101691.75,,,HOLD
2020-02-07,0.6009574298650547,0.6018130454386311,0.5970393252422574,0.5978949408158338,0,0,0.0,101691.75,101691.75,,,HOLD
2020-02-10,0.5978949408158338,0.5986465297649208,0.5974606658510804,0.5982122548001674,0,0,0.0,101691.75,101691.75,,,HOLD
2020-02-11,0.5982122548001674,0.5983886965621542,0.5964336912736978,0.5966101330356847,0,0,0.0,101691.75,101691.75,,,HOLD
2020-02-12,0.5966101330356847,0.5977102884445755,0.5961663587948685,0.5972665142037593,0,0,0.0,101691.75,101691.75,,,HOLD
2020-02-13,0.5972665142037593,0.5978437115073876,0.5955584091668291,0.5961356064704574,0,0,0.0,101691.75,101691.75,,,HOLD
2020-02-14,0.5961356064704574,0.5981930253917144,0.595226207261843,0.5972836261831,0,0,0.0,101691.75,101691.75,,,HOLD
2020-02-17,0.5972836261831,0.599362893068401,0.5964867312698482,0.5985659981551491,0,0,0.0,101691.75,101691.75,,,HOLD
2020-02-18,0.5985659981551491,0.6015964138683296,0.5976088388292403,0.6006392545424208,0,0,0.0,101691.75,101691.75,,,HOLD
2020-02-19,0.6006392545424208,0.6017738041324301,0.5999349660307034,0.6010695156207126,0,0,0.0,101691.75,101691.75,,,HOLD
2020-02-20,0.6010695156207126,0.6018945395002743,0.5992533309112722,0.6000783547908338,0,0,0.0,101691.75,101691.75,,,HOLD
2020-02-21,0.6000783547908338,0.6024081876303332,0.5993356234036,0.6016654562430994,0,0,0.0,101691.75,101691.75,,,HOLD
2020-02-24,0.6016654562430994,0.6020669080759784,0.6011299151864752,0.6015313670193542,0,0,0.0,101691.75,101691.75,,,HOLD
2020-02-25,0.6015313670193542,0.6024197857581894,0.5994806662219608,0.6003690849607961,0,0,0.0,101691.75,101691.75,,,HOLD
2020-02-26,0.6003690849607961,0.6038880616250814,0.6000611568059727,0.603580133470258,0,0,0.0,101691.75,101691.75,,,HOLD
2020-02-27,0.603580133470258,0.6048570096406479,0.6020240173498005,0.6033008935201905,0,0,0.0,101691.75,101691.75,,,HOLD
2020-02-28,0.6033008935201905,0.6039962761382384,0.6026418709281369,0.6033372535461848,0,0,0.0,101691.75,101691.75,,,HOLD
2020-03-02,0.6033372535461848,0.6040015546331846,0.5982702334248844,0.5989345345118842,0,0,0.0,101691.75,101691.75,,,HOLD
2020-03-03,0.5989345345118842,0.5997161513951978,0.596136102651653,0.5969177195349666,0,0,0.0,101691.75,101691.75,,,HOLD
2020-03-04,0.5969177195349666,0.6013045804031103,0.5958920534461652,0.6002789143143089,0,0,0.0,101691.75,101691.75,,,HOLD
2020-03-05,0.6002789143143089,0.600555947697976,0.5986085371286486,0.5988855705123157,0,0,0.0,101691.75,101691.75,,,HOLD
2020-03-06,0.5988855705123157,0.60259550455234,0.59857021782785,0.6022801518678743,0,0,0.0,101691.75,101691.75,,,HOLD
2020-03-09,0.6022801518678743,0.6046394945850103,0.6019036427165932,0.6042629854337292,0,0,0.0,101691.75,101691.75,,,HOLD
2020-03-10,0.6042629854337292,0.605087193109347,0.6023050309903838,0.6031292386660015,0,0,0.0,101691.75,101691.75,,,HOLD
2020-03-11,0.6031292386660015,0.6043183769907935,0.6027682736401391,0.603957411964931,0,0,0.0,101691.75,101691.75,,,HOLD
2020-03-12,0.603957411964931,0.6049249802022182,0.6036990995587297,0.6046666677960169,0,0,0.0,101691.75,101691.75,,,HOLD
2020-03-13,0.6046666677960169,0.6049430181365837,0.6039326658299425,0.6042090161705094,0,0,0.0,101691.75,101691.75,,,HOLD
2020-03-16,0.6042090161705094,0.6087052077440687,0.6031898154815558,0.6076860070551151,0,0,0.0,101691.75,101691.75,,,HOLD
2020-03-17,0.6076860070551151,0.6079664120929181,0.6066878158751597,0.6069682209129628,0,0,0.0,101691.75,101691.75,,,HOLD
2020-03-18,0.6069682209129628,0.6079686787788021,0.6060676898689076,0.6070681477347469,0,0,0.0,101691.75,101691.75,,,HOLD
2020-03-19,0.6070681477347469,0.6104532070177682,0.6064731385556741,0.6098581978386953,0,0,0.0,101691.75,101691.75,,,HOLD
2020-03-20,0.6098581978386953,0.6104413746864302,0.6067507122854476,0.6073338891331825,0,0,0.0,101691.75,101691.75,,,HOLD
2020-03-23,0.6073338891331825,0.6094582786709367,0.6064518752221236,0.6085762647598778,0,0,0.0,101691.75,101691.75,,,HOLD
2020-03-24,0.6085762647598778,0.614457368699075,0.6076515852468662,0.6135326891860634,0,0,0.0,101691.75,101691.75,,,HOLD
2020-03-25,0.6135326891860634,0.6161101133415743,0.6131673933490571,0.615744817504568,0,0,0.0,101691.75,101691.75,,,HOLD
2020-03-26,0.615744817504568,0.6158467447873308,0.6114954983096186,0.6115974255923814,0,0,0.0,101691.75,101691.75,,,HOLD
2020-03-27,0.6115974255923814,0.6124846094546992,0.6097370928360737,0.6106242766983915,0,0,0.0,101691.75,101691.75,,,HOLD
2020-03-30,0.6106242766983915,0.6123155567791703,0.610160421015204,0.6118517010959827,0,0,0.0,101691.75,101691.75,,,HOLD
2020-03-31,0.6118517010959827,0.6144508341828642,0.6116241002975275,0.6142232333844089,0,0,0.0,101691.75,101691.75,,,HOLD
2020-04-01,0.6142232333844089,0.6149368826076559,0.6129219559025212,0.6136356051257682,0,0,0.0,101691.75,101691.75,,,HOLD
2020-04-02,0.6136356051257682,0.6141528787107023,0.6129180650320861,0.6134353386170203,0,0,0.0,101691.75,101691.75,,,HOLD
2020-04-03,0.6134353386170203,0.613621282676953,0.6113984579807784,0.6115844020407112,0,0,0.0,101691.75,101691.75,,,HOLD
2020-04-06,0.6115844020407112,0.6123621464103474,0.6099529448221821,0.6107306891918183,0,0,0.0,101691.75,101691.75,,,HOLD
2020-04-07,0.6107306891918183,0.6119084283916454,0.6101267784512483,0.6113045176510754,0,0,0.0,101691.75,101691.75,,,HOLD
2020-04-08,0.6113045176510754,0.6133199857772971,0.6107635398258037,0.6127790079520253,0,0,0.0,101691.75,101691.75,,,HOLD
2020-04-09,0.6127790079520253,0.6134446325557955,0.6108893358798498,0.61155496048362,0,0,0.0,101691.75,101691.75,,,HOLD
2020-04-10,0.61155496048362,0.611790777984322,0.6091812313744038,0.6094170488751058,0,0,0.0,101691.75,101691.75,,,HOLD
2020-04-13,0.6094170488751058,0.6099369926316929,0.6060370453763624,0.6065569891329494,0,0,0.0,101691.75,101691.75,,,HOLD
2020-04-14,0.6065569891329494,0.6074059859027894,0.6048720517544863,0.6057210485243263,0,0,0.0,101691.75,101691.75,,,HOLD
2020-04-15,0.6057210485243263,0.6074101305398775,0.6056095629278415,0.6072986449433927,0,0,0.0,101691.75,101691.75,,,HOLD
2020-04-16,0.6072986449433927,0.6079066308951684,0.6049223255971377,0.6055303115489133,0,0,0.0,101691.75,101691.75,,,HOLD
2020-04-17,0.6055303115489133,0.6091599971385384,0.6050783988360994,0.6087080844257244,0,0,0.0,101691.75,101691.75,,,HOLD
2020-04-20,0.6087080844257244,0.6090890315624097,0.6048464828685084,0.6052274300051936,0,0,0.0,101691.75,101691.75,,,HOLD
2020-04-21,0.6052274300051936,0.6058963987376466,0.6012309179103831,0.601899886642836,0,0,0.0,101691.75,101691.75,,,HOLD
2020-04-22,0.601899886642836,0.6019670826524056,0.6012805143063259,0.6013477103158955,0,0,0.0,101691.75,101691.75,,,HOLD
2020-04-23,0.6013477103158955,0.6021413231027594,0.5996628651344036,0.6004564779212674,0,0,0.0,101691.75,101691.75,,,HOLD
2020-04-24,0.6004564779212674,0.6021664750611074,0.6000015431145836,0.6017115402544236,0,0,0.0,101691.75,101691.75,,,HOLD
2020-04-27,0.6017115402544236,0.6059758042649402,0.6009640426865243,0.6052283066970409,0,0,0.0,101691.75,101691.75,,,HOLD
2020-04-28,0.6052283066970409,0.606163656144943,0.6017339058449019,0.6026692552928041,0,0,0.0,101691.75,101691.75,,,HOLD
2020-04-29,0.6026692552928041,0.6028685659710651,0.6001565390918273,0.6003558497700883,0,0,0.0,101691.75,101691.75,,,HOLD
2020-04-30,0.6003558497700883,0.601274539101274,0.5999758000192252,0.600894489350411,0,0,0.0,101691.75,101691.75,,,HOLD
2020-05-01,0.600894489350411,0.6028670289691075,0.600721089164307,0.6026936287830035,0,0,0.0,101691.75,101691.75,,,HOLD
2020-05-04,0.6026936287830035,0.6035393209149139,0.6013702092870709,0.6022159014189813,0,0,0.0,101691.75,101691.75,,,HOLD
2020-05-05,0.6022159014189813,0.6043941964629015,0.6011685001776972,0.6033467952216174,0,0,0.0,101691.75,101691.75,,,HOLD
2020-05-06,0.6033467952216174,0.6063188150785109,0.6031989772942632,0.6061709971511567,0,0,0.0,101691.75,101691.75,,,HOLD
2020-05-07,0.6061709971511567,0.6087656689110581,0.6054122269751603,0.6080068987350616,0,0,0.0,101691.75,101691.75,,,HOLD
2020-05-08,0.6080068987350616,0.6102156797858059,0.6072650668819445,0.6094738479326888,0,0,0.0,101691.75,101691.75,,,HOLD
2020-05-11,0.6094738479326888,0.6100328078774029,0.6076035886527109,0.608162548597425,0,0,0.0,101691.75,101691.75,,,HOLD
2020-05-12,0.608162548597425,0.6085931653305384,0.6057231783929156,0.606153795126029,0,0,0.0,101691.75,101691.75,,,HOLD
2020-05-13,0.606153795126029,0.606196877291076,0.6042061060297155,0.6042491881947625,0,0,0.0,101691.75,101691.75,,,HOLD
2020-05-14,0.6042491881947625,0.6047750071424404,0.603792999833674,0.6043188187813519,0,0,0.0,101691.75,101691.75,,,HOLD
2020-05-15,0.6043188187813519,0.60497617641486,0.603422193247542,0.6040795508810501,0,0,0.0,101691.75,101691.75,,,HOLD
2020-05-18,0.6040795508810501,0.6050196343137254,0.6037822148185733,0.6047222982512486,0,0,0.0,101691.75,101691.75,,,HOLD
2020-05-19,0.6047222982512486,0.6056457824854669,0.6046274710048661,0.6055509552390844,0,0,0.0,101691.75,101691.75,,,HOLD
2020-05-20,0.6055509552390844,0.6058935954340394,0.6041012843431174,0.6044439245380724,0,0,0.0,101691.75,101691.75,,,HOLD
2020-05-21,0.6044439245380724,0.611597283994352,0.6037597507590954,0.610913110215375,0,0,0.0,101691.75,101691.75,,,HOLD
2020-05-22,0.610913110215375,0.6123385475727078,0.6098596249689531,0.6112850623262859,0,0,0.0,101691.75,101691.75,,,HOLD
2020-05-25,0.6112850623262859,0.6121938166225531,0.6097882577654908,0.6106970120617581,0,0,0.0,101691.75,101691.75,,,HOLD
2020-05-26,0.6106970120617581,0.6111413996878622,0.605933663215588,0.606378050841692,0,0,0.0,101691.75,101691.75,,,HOLD
2020-05-27,0.606378050841692,0.6102357031801905,0.6062490230048895,0.6101066753433879,0,0,0.0,101691.75,101691.75,,,HOLD
2020-05-28,0.6101066753433879,0.6109899612145285,0.6075063004454266,0.6083895863165673,0,0,0.0,101691.75,101691.75,,,HOLD
2020-05-29,0.6083895863165673,0.6089441621378449,0.6053093733413539,0.6058639491626315,0,0,0.0,101691.75,101691.75,,,HOLD
2020-06-01,0.6058639491626315,0.6062445162511697,0.6036429716393559,0.604023538727894,0,0,0.0,101691.75,101691.75,,,HOLD
2020-06-02,0.604023538727894,0.6056542048485632,0.6035368092995274,0.6051674754201966,0,0,0.0,101691.75,101691.75,,,HOLD
2020-06-03,0.6051674754201966,0.6071598356610116,0.6046252564022073,0.6066176166430224,0,0,0.0,101691.75,101691.75,,,HOLD
2020-06-04,0.6066176166430224,0.6115036033491377,0.6054343569665237,0.610320343672639,0,0,0.0,101691.75,101691.75,,,HOLD
2020-06-05,0.610320343672639,0.6104269002092874,0.608210942018862,0.6083174985555104,0,0,0.0,101691.75,101691.75,,,HOLD
2020-06-08,0.6083174985555104,0.609121605376914,0.607464657949493,0.6082687647708965,0,0,0.0,101691.75,101691.75,,,HOLD
2020-06-09,0.6082687647708965,0.6088398309511516,0.607373035764119,0.6079441019443741,0,0,0.0,101691.75,101691.75,,,HOLD
2020-06-10,0.6079441019443741,0.608122329318669,0.6074814637965896,0.6076596911708846,0,0,0.0,101691.75,101691.75,,,HOLD
2020-06-11,0.6076596911708846,0.6076828964717075,0.6031126192996088,0.6031358246004317,0,0,0.0,101691.75,101691.75,,,HOLD
2020-06-12,0.6031358246004317,0.6040710182542643,0.5991792010720232,0.6001143947258558,0,0,0.0,101691.75,101691.75,,,HOLD
2020-06-15,0.6001143947258558,0.601411831283859,0.5970466702810571,0.5983441068390603,0,0,0.0,101691.75,101691.75,,,HOLD
2020-06-16,0.5983441068390603,0.5990220261399948,0.5963805014525133,0.5970584207534478,0,0,0.0,101691.75,101691.75,,,HOLD
2020-06-17,0.5970584207534478,0.5975179021352507,0.5923462594544066,0.5928057408362094,0,0,0.0,101691.75,101691.75,,,HOLD
2020-06-18,0.5928057408362094,0.5931329401493248,0.5922351442245609,0.5925623435376763,0,0,0.0,101691.75,101691.75,,,HOLD
2020-06-19,0.5925623435376763,0.5940961059830088,0.591559106922527,0.5930928693678594,-1,-1,227187.9,101691.75,101546.23,0.596928,0.5835,SELL
2020-06-22,0.5930928693678594,0.593919643461648,0.5925793141532646,0.5934060882470532,-1,-1,227187.9,101691.75,101475.07,0.596928,0.5835,HOLD
2020-06-23,0.5934060882470532,0.5939054846230681,0.5896788008212143,0.5901781971972292,-1,-1,227187.9,101691.75,102208.41,0.596928,0.5835,HOLD
2020-06-24,0.5901781971972292,0.591048433021058,0.588652523630027,0.5895227594538558,-1,-1,227187.9,101691.75,102357.32,0.596928,0.5835,HOLD
2020-06-25,0.5895227594538558,0.5904111702293005,0.5889761209795263,0.589864531754971,-1,-1,227187.9,101691.75,102279.67,0.596928,0.5835,HOLD
2020-06-26,0.589864531754971,0.5903805728569044,0.5881801367734881,0.5886961778754215,-1,-1,227187.9,101691.75,102545.11,0.596928,0.5835,HOLD
2020-06-29,0.5886961778754215,0.589340301143531,0.5856551343437402,0.5862992576118496,-1,-1,227187.9,101691.75,103089.66,0.596928,0.5835,HOLD
2020-06-30,0.5862992576118496,0.5921404570033862,0.5859609948858975,0.5918021942774341,-1,-1,227187.9,101691.75,101839.46,0.596928,0.5835,HOLD
2020-07-01,0.5918021942774341,0.595196490199664,0.5911175823014397,0.5945118782236697,-1,-1,227187.9,101691.75,101223.85,0.596928,0.5835,HOLD
2020-07-02,0.5945118782236697,0.599134736901442,0.5941059504080592,0.5987288090858316,-1,-1,203404.1,100649.84,99769.73,0.59935,0.584505,SELL
2020-07-03,0.5987288090858316,0.5992676563134631,0.5960686381471701,0.5966074853748017,0,-1,203404.1,100649.84,100201.21,0.59935,0.584505,HOLD
2020-07-06,0.5966074853748017,0.600337139515543,0.5954251938630952,0.5991548480038366,0,0,0.0,99620.97,99620.97,,,STOP
2020-07-07,0.5991548480038366,0.6010674768541326,0.5986144561798459,0.600527085030142,0,0,0.0,99620.97,99620.97,,,HOLD
2020-07-08,0.600527085030142,0.6051537498845166,0.5993963219675855,0.6040229868219602,0,0,0.0,99620.97,99620.97,,,HOLD
2020-07-09,0.6040229868219602,0.606421232731185,0.6034505986109782,0.6058488445202029,0,0,0.0,99620.97,99620.97,,,HOLD
2020-07-10,0.6058488445202029,0.6073734816553984,0.6053983405577328,0.6069229776929282,0,0,0.0,99620.97,99620.97,,,HOLD
2020-07-13,0.6069229776929282,0.6073915234034231,0.6064696521323091,0.6069381978428039,0,0,0.0,99620.97,99620.97,,,HOLD
2020-07-14,0.6069381978428039,0.6074870705280877,0.6028037440452945,0.6033526167305783,0,0,0.0,99620.97,99620.97,,,HOLD
2020-07-15,0.6033526167305783,0.6045611632675131,0.6029968868769132,0.604205433413848,0,0,0.0,99620.97,99620.97,,,HOLD
2020-07-16,0.604205433413848,0.6065388484308806,0.6037799180568272,0.6061133330738597,0,0,0.0,99620.97,99620.97,,,HOLD
2020-07-17,0.6061133330738597,0.6083517343859673,0.6055487525195103,0.607787153831618,0,0,0.0,99620.97,99620.97,,,HOLD
2020-07-20,0.607787153831618,0.6085532691533863,0.603849715012453,0.6046158303342213,0,0,0.0,99620.97,99620.97,,,HOLD
2020-07-21,0.6046158303342213,0.6055118006474361,0.6017408187307444,0.6026367890439592,0,0,0.0,99620.97,99620.97,,,HOLD
2020-07-22,0.6026367890439592,0.6033344091833455,0.5999848946430272,0.6006825147824134,0,0,0.0,99620.97,99620.97,,,HOLD
2020-07-23,0.6006825147824134,0.6021495613781838,0.6000047577398744,0.6014718043356447,0,0,0.0,99620.97,99620.97,,,HOLD
2020-07-24,0.6014718043356447,0.6034501851512234,0.6006333491850951,0.6026117300006738,0,0,0.0,99620.97,99620.97,,,HOLD
2020-07-27,0.6026117300006738,0.6053208093684942,0.6020122328773502,0.6047213122451706,0,0,0.0,99620.97,99620.97,,,HOLD
2020-07-28,0.6047213122451706,0.6049836877472731,0.6020649805645439,0.6023273560666464,0,0,0.0,99620.97,99620.97,,,HOLD
2020-07-29,0.6023273560666464,0.60276923354872,0.6007419380546379,0.6011838155367115,0,0,0.0,99620.97,99620.97,,,HOLD
2020-07-30,0.6011838155367115,0.6032125339683201,0.6005122953050287,0.6025410137366373,0,0,0.0,99620.97,99620.97,,,HOLD
2020-07-31,0.6025410137366373,0.6050184002267459,0.6019901421883826,0.6044675286784913,0,0,0.0,99620.97,99620.97,,,HOLD
2020-08-03,0.6044675286784913,0.6118797050057243,0.6038757768833148,0.6112879532105479,0,0,0.0,99620.97,99620.97,,,HOLD
2020-08-04,0.6112879532105479,0.6117039825582723,0.6067361695438059,0.6071521988915304,0,0,0.0,99620.97,99620.97,,,HOLD
2020-08-05,0.6071521988915304,0.6073361557745042,0.6052344965900296,0.6054184534730034,0,0,0.0,99620.97,99620.97,,,HOLD
2020-08-06,0.6054184534730034,0.6074497428010772,0.604963309156712,0.6069945984847859,0,0,0.0,99620.97,99620.97,,,HOLD
2020-08-07,0.6069945984847859,0.6072551271063992,0.6065478330524801,0.6068083616740934,0,0,0.0,99620.97,99620.97,,,HOLD
2020-08-10,0.6068083616740934,0.6096141096598129,0.6054641784328202,0.6082699264185397,0,0,0.0,99620.97,99620.97,,,HOLD
2020-08-11,0.6082699264185397,0.6089801261640595,0.6078455595975543,0.608555759343074,0,0,0.0,99620.97,99620.97,,,HOLD
2020-08-12,0.608555759343074,0.6089293183886254,0.6082341586596111,0.6086077177051624,0,0,0.0,99620.97,99620.97,,,HOLD
2020-08-13,0.6086077177051624,0.6104722836677196,0.6083443527699187,0.6102089187324758,0,0,0.0,99620.97,99620.97,,,HOLD
2020-08-14,0.6102089187324758,0.613256673609303,0.6093790122119578,0.612426767088785,0,0,0.0,99620.97,99620.97,,,HOLD
2020-08-17,0.612426767088785,0.6137612817483901,0.6099943856305305,0.6113289002901356,0,0,0.0,99620.97,99620.97,,,HOLD
2020-08-18,0.6113289002901356,0.6119991559647925,0.608044046547904,0.6087143022225608,0,0,0.0,99620.97,99620.97,,,HOLD
2020-08-19,0.6087143022225608,0.610486537707438,0.6084760885575025,0.6102483240423796,0,0,0.0,99620.97,99620.97,,,HOLD
2020-08-20,0.6102483240423796,0.6106465676109989,0.6072289925638,0.6076272361324193,0,0,0.0,99620.97,99620.97,,,HOLD
2020-08-21,0.6076272361324193,0.611677574356898,0.607012098462717,0.6110624366871956,0,0,0.0,99620.97,99620.97,,,HOLD
2020-08-24,0.6110624366871956,0.6118817416097079,0.6085498438621473,0.6093691487846595,0,0,0.0,99620.97,99620.97,,,HOLD
2020-08-25,0.6093691487846595,0.6100152780747126,0.6035726188204139,0.6042187481104669,0,0,0.0,99620.97,99620.97,,,HOLD
2020-08-26,0.6042187481104669,0.6046426009107982,0.6017082523959157,0.602132105196247,0,0,0.0,99620.97,99620.97,,,HOLD
2020-08-27,0.602132105196247,0.6032825983344193,0.5993202795982614,0.6004707727364337,0,0,0.0,99620.97,99620.97,,,HOLD
2020-08-28,0.6004707727364337,0.6016020696725739,0.6003019370401813,0.6014332339763215,0,0,0.0,99620.97,99620.97,,,HOLD
2020-08-31,0.6014332339763215,0.6045322457809809,0.6003686330706833,0.6034676448753427,0,0,0.0,99620.97,99620.97,,,HOLD
2020-09-01,0.6034676448753427,0.6043868376467535,0.6009982174306768,0.6019174102020877,0,0,0.0,99620.97,99620.97,,,HOLD
2020-09-02,0.6019174102020877,0.6026244600143831,0.6011961062311875,0.6019031560434829,0,0,0.0,99620.97,99620.97,,,HOLD
2020-09-03,0.6019031560434829,0.6036097156337847,0.6014925665526194,0.6031991261429213,0,0,0.0,99620.97,99620.97,,,HOLD
2020-09-04,0.6031991261429213,0.6039150015365309,0.60021419970336,0.6009300750969696,0,0,0.0,99620.97,99620.97,,,HOLD
2020-09-07,0.6009300750969696,0.6010318576547136,0.5963049327771235,0.5964067153348674,0,0,0.0,99620.97,99620.97,,,HOLD
2020-09-08,0.5964067153348674,0.6000400396177789,0.5955623113538062,0.5991956356367176,0,0,0.0,99620.97,99620.97,,,HOLD
2020-09-09,0.5991956356367176,0.5999863340119822,0.593235295319863,0.5940259936951275,0,0,0.0,99620.97,99620.97,,,HOLD
2020-09-10,0.5940259936951275,0.5949627218331465,0.5930435847716524,0.5939803129096713,0,0,0.0,99620.97,99620.97,,,HOLD
2020-09-11,0.5939803129096713,0.5952533219355013,0.5935068014766431,0.5947798105024731,-1,-1,189524.69,99620.97,99448.6,0.599127,0.583358,SELL
2020-09-14,0.5947798105024731,0.594871143132097,0.5933119986152611,0.593403331244885,-1,-1,189524.69,99620.97,99709.48,0.599127,0.583358,HOLD
2020-09-15,0.593403331244885,0.594018141414563,0.5914608726294279,0.5920756827991059,-1,-1,189524.69,99620.97,99961.1,0.599127,0.583358,HOLD
2020-09-16,0.5920756827991059,0.5953445057404074,0.5910885624177095,0.594357385359011,-1,-1,189524.69,99620.97,99528.66,0.599127,0.583358,HOLD
2020-09-17,0.594357385359011,0.5964917512347762,0.594240216032862,0.5963745819086272,-1,-1,189524.69,99620.97,99146.35,0.599127,0.583358,HOLD
2020-09-18,0.5963745819086272,0.598634111102201,0.5954786578766366,0.5977381870702103,-1,-1,189524.69,99620.97,98887.91,0.599127,0.583358,HOLD
2020-09-21,0.5977381870702103,0.5987342400364697,0.5971482227509046,0.598144275717164,-1,-1,189524.69,99620.97,98810.95,0.599127,0.583358,HOLD
2020-09-22,0.598144275717164,0.5986178385731538,0.5951592587204263,0.5956328215764161,-1,-1,189524.69,99620.97,99286.93,0.599127,0.583358,HOLD
2020-09-23,0.5956328215764161,0.5968743063356043,0.5937069623748714,0.5949484471340597,-1,-1,189524.69,99620.97,99416.64,0.599127,0.583358,HOLD
2020-09-24,0.5949484471340597,0.5965550955664048,0.5942039036650051,0.5958105520973502,-1,-1,189524.69,99620.97,99253.25,0.599127,0.583358,HOLD
2020-09-25,0.5958105520973502,0.597689357426799,0.5957563937606719,0.5976351990901206,-1,-1,189524.69,99620.97,98907.43,0.599127,0.583358,HOLD
2020-09-28,0.5976351990901206,0.5982980110921445,0.5957893549182376,0.5964521669202615,-1,-1,189524.69,99620.97,99131.65,0.599127,0.583358,HOLD
2020-09-29,0.5964521669202615,0.5984934427635704,0.596148214969218,0.5981894908125269,-1,-1,189524.69,99620.97,98802.38,0.599127,0.583358,HOLD
2020-09-30,0.5981894908125269,0.5988272934664459,0.5954851327543111,0.5961229354082301,-1,-1,189524.69,99620.97,99194.04,0.599127,0.583358,HOLD
2020-10-01,0.5961229354082301,0.5971085388760511,0.5930345236922435,0.5940201271600645,-1,-1,189524.69,99620.97,99592.58,0.599127,0.583358,HOLD
2020-10-02,0.5940201271600645,0.5950832677394544,0.5888282940609255,0.5898914346403155,-1,-1,189524.69,99620.97,100375.07,0.599127,0.583358,HOLD
2020-10-05,0.5898914346403155,0.5902833007419878,0.5859888201268472,0.5863806862285195,-1,-1,189524.69,99620.97,101040.44,0.599127,0.583358,HOLD
2020-10-06,0.5863806862285195,0.5899352532280918,0.5859509322593993,0.5895054992589717,-1,-1,189524.69,99620.97,100448.21,0.599127,0.583358,HOLD
2020-10-07,0.5895054992589717,0.5933705608658332,0.5891820317226322,0.5930470933294937,-1,-1,189524.69,99620.97,99776.99,0.599127,0.583358,HOLD
2020-10-08,0.5930470933294937,0.5940819483765079,0.590020431656495,0.5910552867035092,-1,-1,189524.69,99620.97,100154.49,0.599127,0.583358,HOLD
2020-10-09,0.5910552867035092,0.5918685473617298,0.5901074358793145,0.5909206965375351,-1,-1,189524.69,99620.97,100180.0,0.599127,0.583358,HOLD
2020-10-12,0.5909206965375351,0.594241030250124,0.5900719000795929,0.5933922337921818,-1,-1,189524.69,99620.97,99711.58,0.599127,0.583358,HOLD
2020-10-13,0.5933922337921818,0.5934252034619522,0.5902397892415218,0.5902727589112922,-1,-1,189524.69,99620.97,100302.8,0.599127,0.583358,HOLD
2020-10-14,0.5902727589112922,0.5911326188292958,0.5871535579309688,0.5880134178489724,-1,-1,189524.69,99620.97,100731.0,0.599127,0.583358,HOLD
2020-10-15,0.5880134178489724,0.5896522098008079,0.5874671060140468,0.5891058979658823,-1,-1,189524.69,99620.97,100523.95,0.599127,0.583358,HOLD
2020-10-16,0.5891058979658823,0.5897911205192587,0.58661796069382,0.5873031832471964,-1,-1,189524.69,99620.97,100865.6,0.599127,0.583358,HOLD
2020-10-19,0.5873031832471964,0.5873845655178245,0.5821115574916866,0.5821929397623147,-1,-1,175833.05,101592.54,102471.75,0.592971,0.575638,SELL
2020-10-20,0.5821929397623147,0.5829208019722021,0.5786238705858037,0.5793517327956911,-1,-1,175833.05,101592.54,102971.33,0.592971,0.575638,HOLD
2020-10-21,0.5793517327956911,0.5808819148400397,0.5789491630461356,0.5804793450904843,-1,-1,175833.05,101592.54,102773.06,0.592971,0.575638,HOLD
2020-10-22,0.5804793450904843,0.581235280355594,0.5771984891902214,0.5779544244553312,-1,-1,175833.05,101592.54,103217.02,0.592971,0.575638,HOLD
2020-10-23,0.5779544244553312,0.5840408841448457,0.5773563623182416,0.5834428220077561,-1,-1,175833.05,101592.54,102251.98,0.592971,0.575638,HOLD
2020-10-26,0.5834428220077561,0.5852250523693573,0.5828769820610219,0.5846592124226231,-1,-1,175833.05,101592.54,102038.1,0.592971,0.575638,HOLD
2020-10-27,0.5846592124226231,0.5849648341083354,0.5844382101580494,0.5847438318437618,-1,-1,175833.05,101592.54,102023.22,0.592971,0.575638,HOLD
2020-10-28,0.5847438318437618,0.5857088198914928,0.5831031988652702,0.5840681869130012,-1,-1,175833.05,101592.54,102142.02,0.592971,0.575638,HOLD
2020-10-29,0.5840681869130012,0.5861916279004669,0.5833116522461617,0.5854350932336273,-1,-1,175833.05,101592.54,101901.67,0.592971,0.575638,HOLD
2020-10-30,0.5854350932336273,0.5864098420653696,0.5850284745960603,0.5860032234278026,-1,-1,175833.05,101592.54,101801.78,0.592971,0.575638,HOLD
2020-11-02,0.5860032234278026,0.5866899222003992,0.5815696757840659,0.5822563745566625,-1,-1,175833.05,101592.54,102460.6,0.592971,0.575638,HOLD
2020-11-03,0.5822563745566625,0.5831983310946822,0.5805512128178437,0.5814931693558635,-1,-1,175833.05,101592.54,102594.79,0.592971,0.575638,HOLD
2020-11-04,0.5814931693558635,0.5820812942156716,0.578871641219168,0.5794597660789761,-1,-1,175833.05,101592.54,102952.33,0.592971,0.575638,HOLD
2020-11-05,0.5794597660789761,0.5819399937227691,0.5790725268243742,0.5815527544681671,-1,-1,175833.05,101592.54,102584.32,0.592971,0.575638,HOLD
2020-11-06,0.5815527544681671,0.5821232791741613,0.5778042301528461,0.5783747548588403,-1,-1,175833.05,101592.54,103143.11,0.592971,0.575638,HOLD
2020-11-09,0.5783747548588403,0.5815402309633475,0.577498979161632,0.5806644552661392,-1,-1,175833.05,101592.54,102740.51,0.592971,0.575638,HOLD
2020-11-10,0.5806644552661392,0.5819340899132163,0.5779501443069682,0.5792197789540453,-1,-1,175833.05,101592.54,102994.53,0.592971,0.575638,HOLD
2020-11-11,0.5792197789540453,0.5841328621969089,0.5783271684034753,0.5832402516463389,-1,-1,175833.05,101592.54,102287.6,0.592971,0.575638,HOLD
2020-11-12,0.5832402516463389,0.5850453693275907,0.5827705789790617,0.5845756966603135,-1,-1,175833.05,101592.54,102052.78,0.592971,0.575638,HOLD
2020-11-13,0.5845756966603135,0.5851104059830483,0.5826433647326061,0.583178074055341,-1,-1,175833.05,101592.54,102298.53,0.592971,0.575638,HOLD
2020-11-16,0.583178074055341,0.5841813969804671,0.5815938610149952,0.5825971839401214,-1,-1,175833.05,101592.54,102400.67,0.592971,0.575638,HOLD
2020-11-17,0.5825971839401214,0.5830868365355971,0.5818292829700336,0.5823189355655093,-1,-1,175833.05,101592.54,102449.6,0.592971,0.575638,HOLD
2020-11-18,0.5823189355655093,0.5838914686902523,0.5819255477429921,0.5834980808677351,-1,-1,175833.05,101592.54,102242.26,0.592971,0.575638,HOLD
2020-11-19,0.5834980808677351,0.5840161338217388,0.5777703047854261,0.5782883577394298,-1,-1,175833.05,101592.54,103158.31,0.592971,0.575638,HOLD
2020-11-20,0.5782883577394298,0.5808743307620361,0.5774726674040742,0.5800586404266805,-1,-1,175833.05,101592.54,102847.03,0.592971,0.575638,HOLD
2020-11-23,0.5800586404266805,0.5805496840999191,0.5783678449618499,0.5788588886350885,-1,-1,175833.05,101592.54,103057.99,0.592971,0.575638,HOLD
2020-11-24,0.5788588886350885,0.5821986486863877,0.5781630375142632,0.5815027975655624,-1,-1,175833.05,101592.54,102593.1,0.592971,0.575638,HOLD
2020-11-25,0.5815027975655624,0.5818586957778061,0.5804663761189284,0.5808222743311721,-1,-1,175833.05,101592.54,102712.76,0.592971,0.575638,HOLD
2020-11-26,0.5808222743311721,0.5836851305325591,0.5799433520265642,0.5828062082279513,-1,-1,175833.05,101592.54,102363.92,0.592971,0.575638,HOLD
2020-11-27,0.5828062082279513,0.5846354799587536,0.5824842459001214,0.5843135176309238,-1,-1,175833.05,101592.54,102098.88,0.592971,0.575638,HOLD
2020-11-30,0.5843135176309238,0.5869856367179968,0.5841160761817898,0.5867881952688628,0,-1,175833.05,101592.54,101663.75,0.592971,0.575638,HOLD
2020-12-01,0.5867881952688628,0.5896667035529328,0.5860450533495646,0.5889235616336346,0,-1,175833.05,101592.54,101288.28,0.592971,0.575638,HOLD
2020-12-02,0.5889235616336346,0.5898210393025818,0.5882866770749188,0.589184154743866,0,-1,175833.05,101592.54,101242.46,0.592971,0.575638,HOLD
2020-12-03,0.589184154743866,0.5900430125847895,0.5885895514203631,0.5894484092612866,0,-1,175833.05,101592.54,101196.0,0.592971,0.575638,HOLD
2020-12-04,0.5894484092612866,0.5901308909229797,0.5880534383793448,0.5887359200410378,0,-1,175833.05,101592.54,101321.28,0.592971,0.575638,HOLD
2020-12-07,0.5887359200410378,0.590576611066628,0.5881401133157511,0.5899808043413413,0,-1,175833.05,101592.54,101102.39,0.592971,0.575638,HOLD
2020-12-08,0.5899808043413413,0.5912231005672971,0.5892573450099612,0.590499641235917,0,-1,175833.05,101592.54,101011.16,0.592971,0.575638,HOLD
2020-12-09,0.590499641235917,0.5913883014459059,0.5874322122216298,0.5883208724316187,0,-1,175833.05,101592.54,101394.26,0.592971,0.575638,HOLD
2020-12-10,0.5883208724316187,0.5890275505102489,0.5874480738590573,0.5881547519376875,0,-1,175833.05,101592.54,101423.47,0.592971,0.575638,HOLD
2020-12-11,0.5881547519376875,0.5913363707972278,0.5875444460710639,0.5907260649306042,0,-1,175833.05,101592.54,100971.35,0.592971,0.575638,HOLD
2020-12-14,0.5907260649306042,0.592496644482869,0.5898632314885688,0.5916338110408336,0,-1,175833.05,101592.54,100811.73,0.592971,0.575638,HOLD
2020-12-15,0.5916338110408336,0.5922867592442924,0.5898725316473259,0.5905254798507847,0,-1,175833.05,101592.54,101006.61,0.592971,0.575638,HOLD
2020-12-16,0.5905254798507847,0.5910526016803541,0.5882073090643917,0.588734430893961,0,-1,175833.05,101592.54,101321.54,0.592971,0.575638,HOLD
2020-12-17,0.588734430893961,0.5887367521235547,0.5881948718299681,0.5881971930595618,0,-1,175833.05,101592.54,101416.0,0.592971,0.575638,HOLD
2020-12-18,0.5881971930595618,0.5890991593312446,0.5847250651192689,0.5856270313909517,0,-1,175833.05,101592.54,101867.92,0.592971,0.575638,HOLD
2020-12-21,0.5856270313909517,0.5893945417274272,0.5852661260462204,0.5890336363826959,0,-1,175833.05,101592.54,101268.93,0.592971,0.575638,HOLD
2020-12-22,0.5890336363826959,0.5896675283541796,0.5874560354019425,0.5880899273734261,0,-1,175833.05,101592.54,101434.87,0.592971,0.575638,HOLD
2020-12-23,0.5880899273734261,0.5902514839265725,0.5870637920537557,0.589225348606902,0,-1,175833.05,101592.54,101235.22,0.592971,0.575638,HOLD
2020-12-24,0.589225348606902,0.5897092943018984,0.5885405062408013,0.5890244519357978,0,-1,175833.05,101592.54,101270.55,0.592971,0.575638,HOLD
2020-12-25,0.5890244519357978,0.5896466202627788,0.5871762071919813,0.5877983755189623,0,-1,175833.05,101592.54,101486.13,0.592971,0.575638,HOLD
2020-12-28,0.5877983755189623,0.5900551913639229,0.5872527485883775,0.5895095644333381,0,-1,175833.05,101592.54,101185.25,0.592971,0.575638,HOLD
2020-12-29,0.5895095644333381,0.590130668964527,0.5858226952826765,0.5864437998138654,0,-1,175833.05,101592.54,101724.31,0.592971,0.575638,HOLD
2020-12-30,0.5864437998138654,0.5901870273732955,0.586236484308446,0.5899797118678761,0,-1,175833.05,101592.54,101102.58,0.592971,0.575638,HOLD
2020-12-31,0.5899797118678761,0.5908366304647324,0.5894252094429275,0.5902821280397839,0,-1,175833.05,101592.54,101049.4,0.592971,0.575638,HOLD
2021-01-01,0.5902821280397839,0.5911992260441967,0.5874244751717473,0.5883415731761602,0,-1,175833.05,101592.54,101390.62,0.592971,0.575638,HOLD
2021-01-04,0.5883415731761602,0.590257082126611,0.5878421281801398,0.5897576371305906,0,-1,175833.05,101592.54,101141.63,0.592971,0.575638,HOLD
2021-01-05,0.5897576371305906,0.5914614093840228,0.5889006661379224,0.5906044383913546,0,-1,175833.05,101592.54,100992.73,0.592971,0.575638,HOLD
2021-01-06,0.5906044383913546,0.5914330563829089,0.5884926475289584,0.5893212655205127,0,-1,175833.05,101592.54,101218.36,0.592971,0.575638,HOLD
2021-01-07,0.5893212655205127,0.5896339172358233,0.5886421531475536,0.5889548048628642,0,-1,175833.05,101592.54,101282.79,0.592971,0.575638,HOLD
2021-01-08,0.5889548048628642,0.5924688932317473,0.588430592631233,0.5919446810001161,0,-1,175833.05,101592.54,100757.07,0.592971,0.575638,HOLD
2021-01-11,0.5919446810001161,0.5928182342308541,0.5906509067863467,0.5915244600170847,0,-1,175833.05,101592.54,100830.96,0.592971,0.575638,HOLD
2021-01-12,0.5915244600170847,0.5930364129472926,0.5906448790641511,0.592156831994359,0,0,0.0,100557.28,100557.28,,,STOP
2021-01-13,0.592156831994359,0.592967983473823,0.5878322997695999,0.5886434512490639,0,0,0.0,100557.28,100557.28,,,HOLD
2021-01-14,0.5886434512490639,0.5913556575388592,0.5884097232329882,0.5911219295227835,0,0,0.0,100557.28,100557.28,,,HOLD
2021-01-15,0.5911219295227835,0.5936310088249167,0.5905340137579986,0.5930430930601318,0,0,0.0,100557.28,100557.28,,,HOLD
2021-01-18,0.5930430930601318,0.5965273486159839,0.5926701982257435,0.5961544537815956,0,0,0.0,100557.28,100557.28,,,HOLD
2021-01-19,0.5961544537815956,0.5968139331796583,0.5948154029299326,0.5954748823279953,0,0,0.0,100557.28,100557.28,,,HOLD
2021-01-20,0.5954748823279953,0.5958289254824388,0.5924861974910227,0.5928402406454663,0,0,0.0,100557.28,100557.28,,,HOLD
2021-01-21,0.5928402406454663,0.5961057656745247,0.5921978969223539,0.5954634219514123,0,0,0.0,100557.28,100557.28,,,HOLD
2021-01-22,0.5954634219514123,0.5957406134396349,0.5916878296327556,0.5919650211209782,0,0,0.0,100557.28,100557.28,,,HOLD
2021-01-25,0.5919650211209782,0.5951395577567284,0.5915089132297232,0.5946834498654735,0,0,0.0,100557.28,100557.28,,,HOLD
2021-01-26,0.5946834498654735,0.5961866516244839,0.5945140065409962,0.5960172083000066,0,0,0.0,100557.28,100557.28,,,HOLD
2021-01-27,0.5960172083000066,0.5967468804001453,0.5911765747393696,0.5919062468395083,0,0,0.0,100557.28,100557.28,,,HOLD
2021-01-28,0.5919062468395083,0.5932596758830937,0.5913641281339348,0.5927175571775202,0,0,0.0,100557.28,100557.28,,,HOLD
2021-01-29,0.5927175571775202,0.5931196347945532,0.5900400047946541,0.5904420824116872,0,0,0.0,100557.28,100557.28,,,HOLD
2021-02-01,0.5904420824116872,0.5906301736508475,0.5900305829060375,0.5902186741451978,0,0,0.0,100557.28,100557.28,,,HOLD
2021-02-02,0.5902186741451978,0.5937653133292179,0.589455129803917,0.5930017689879371,0,0,0.0,100557.28,100557.28,,,HOLD
2021-02-03,0.5930017689879371,0.5937000332684834,0.5928395985679477,0.593537862848494,0,0,0.0,100557.28,100557.28,,,HOLD
2021-02-04,0.593537862848494,0.5947988344707681,0.593326398674789,0.5945873702970631,0,0,0.0,100557.28,100557.28,,,HOLD
2021-02-05,0.5945873702970631,0.5955936508243013,0.5923516537909009,0.5933579343181391,0,0,0.0,100557.28,100557.28,,,HOLD
2021-02-08,0.5933579343181391,0.5945733105854906,0.5918397176233391,0.5930550938906906,0,0,0.0,100557.28,100557.28,,,HOLD
2021-02-09,0.5930550938906906,0.5961944046132895,0.5924182983937323,0.5955576091163313,0,0,0.0,100557.28,100557.28,,,HOLD
2021-02-10,0.5955576091163313,0.5959791960345577,0.5947701982705589,0.5951917851887853,0,0,0.0,100557.28,100557.28,,,HOLD
2021-02-11,0.5951917851887853,0.5956697184430928,0.591536781687147,0.5920147149414544,0,0,0.0,100557.28,100557.28,,,HOLD
2021-02-12,0.5920147149414544,0.595320012216658,0.5915217307555577,0.5948270280307613,0,0,0.0,100557.28,100557.28,,,HOLD
2021-02-15,0.5948270280307613,0.596510015808819,0.5934341932797853,0.5951171810578431,0,0,0.0,100557.28,100557.28,,,HOLD
2021-02-16,0.5951171810578431,0.5970161598713859,0.5942869862133157,0.5961859650268585,0,0,0.0,100557.28,100557.28,,,HOLD
2021-02-17,0.5961859650268585,0.5972926546346516,0.594815495767937,0.5959221853757302,0,0,0.0,100557.28,100557.28,,,HOLD
2021-02-18,0.5959221853757302,0.5968492675878191,0.593419650188978,0.594346732401067,0,0,0.0,100557.28,100557.28,,,HOLD
2021-02-19,0.594346732401067,0.5994033307231502,0.5937968175798839,0.5988534159019672,0,0,0.0,100557.28,100557.28,,,HOLD
2021-02-22,0.5988534159019672,0.6022277613837421,0.5981160009737552,0.6014903464555301,0,0,0.0,100557.28,100557.28,,,HOLD
2021-02-23,0.6014903464555301,0.6062016862585867,0.6005579149191559,0.6052692547222125,0,0,0.0,100557.28,100557.28,,,HOLD
2021-02-24,0.6052692547222125,0.6063461241920315,0.602937130998508,0.604014000468327,0,0,0.0,100557.28,100557.28,,,HOLD
2021-02-25,0.604014000468327,0.6044379042879569,0.6032060657416815,0.6036299695613113,0,0,0.0,100557.28,100557.28,,,HOLD
2021-02-26,0.6036299695613113,0.6041597400183295,0.6033129826639899,0.6038427531210081,0,0,0.0,100557.28,100557.28,,,HOLD
2021-03-01,0.6038427531210081,0.6052649079456319,0.6027887271349612,0.6042108819595851,0,0,0.0,100557.28,100557.28,,,HOLD
2021-03-02,0.6042108819595851,0.6069856901519644,0.6031910631641076,0.6059658713564869,0,0,0.0,100557.28,100557.28,,,HOLD
2021-03-03,0.6059658713564869,0.6083254278006142,0.6052200804669233,0.6075796369110505,0,0,0.0,100557.28,100557.28,,,HOLD
2021-03-04,0.6075796369110505,0.6106353510700643,0.6066837455148832,0.609739459673897,0,0,0.0,100557.28,100557.28,,,HOLD
2021-03-05,0.609739459673897,0.6098856343082794,0.6095072919423186,0.6096534665767009,0,0,0.0,100557.28,100557.28,,,HOLD
2021-03-08,0.6096534665767009,0.6101919547601198,0.6091318464103935,0.6096703345938124,0,0,0.0,100557.28,100557.28,,,HOLD
2021-03-09,0.6096703345938124,0.610075654868552,0.6081328395481689,0.6085381598229085,0,0,0.0,100557.28,100557.28,,,HOLD
2021-03-10,0.6085381598229085,0.609425201768852,0.6026881486306271,0.6035751905765706,0,0,0.0,100557.28,100557.28,,,HOLD
2021-03-11,0.6035751905765706,0.6054800991110235,0.6033547163694231,0.605259624903876,0,0,0.0,100557.28,100557.28,,,HOLD
2021-03-12,0.605259624903876,0.6105198902008737,0.6044850080531428,0.6097452733501405,0,0,0.0,100557.28,100557.28,,,HOLD
2021-03-15,0.6097452733501405,0.6105472927030287,0.6070631469136262,0.6078651662665143,0,0,0.0,100557.28,100557.28,,,HOLD
2021-03-16,0.6078651662665143,0.6100641825127843,0.6070937667765262,0.6092927830227961,0,0,0.0,100557.28,100557.28,,,HOLD
2021-03-17,0.6092927830227961,0.6129689198176618,0.6078707827999631,0.6115469195948288,0,0,0.0,100557.28,100557.28,,,HOLD
2021-03-18,0.6115469195948288,0.611985204369287,0.6091191551117726,0.6095574398862309,0,0,0.0,100557.28,100557.28,,,HOLD
2021-03-19,0.6095574398862309,0.6141821945546692,0.6088790098921532,0.6135037645605914,0,0,0.0,100557.28,100557.28,,,HOLD
2021-03-22,0.6135037645605914,0.6159030979019608,0.6128486588868278,0.6152479922281973,0,0,0.0,100557.28,100557.28,,,HOLD
2021-03-23,0.6152479922281973,0.6180748514758735,0.6147704692625713,0.6175973285102475,1,1,194269.56,100557.28,100992.31,0.610182,0.62571,BUY
2021-03-24,0.6175973285102475,0.6178396567452434,0.6148655636921377,0.6151078919271337,1,1,194269.56,100557.28,100508.69,0.610182,0.62571,HOLD
2021-03-25,0.6151078919271337,0.6156167757739166,0.6123731755994654,0.6128820594462483,1,1,194269.56,100557.28,100076.28,0.610182,0.62571,HOLD
2021-03-26,0.6128820594462483,0.6134641202124962,0.6096294277521634,0.6102114885184113,1,1,175361.98,99530.33,99042.73,0.607316,0.624343,BUY
2021-03-29,0.6102114885184113,0.6158612117283091,0.6098259567816909,0.6154756799915887,1,1,175361.98,99530.33,99965.87,0.607316,0.624343,HOLD
2021-03-30,0.6154756799915887,0.6158038650433317,0.6127779188188248,0.6131061038705679,1,1,175361.98,99530.33,99550.33,0.607316,0.624343,HOLD
2021-03-31,0.6131061038705679,0.6175888029703598,0.6117861557080819,0.6162688548078739,1,1,175361.98,99530.33,100104.96,0.607316,0.624343,HOLD
2021-04-01,0.6162688548078739,0.6172238918558665,0.6142732078442281,0.6152282448922207,1,1,175361.98,99530.33,99922.48,0.607316,0.624343,HOLD
2021-04-02,0.6152282448922207,0.6191970063377812,0.6148910981326473,0.6188598595782078,1,1,175361.98,99530.33,100559.32,0.607316,0.624343,HOLD
2021-04-05,0.6188598595782078,0.6192453128885405,0.6169222521885,0.6173077054988327,1,1,175361.98,99530.33,100287.13,0.607316,0.624343,HOLD
2021-04-06,0.6173077054988327,0.6211548087987705,0.6163260363196288,0.6201731396195665,1,1,175361.98,99530.33,100789.62,0.607316,0.624343,HOLD
2021-04-07,0.6201731396195665,0.6244393007677266,0.6188232842956671,0.6230894454438272,1,1,167368.17,101501.65,101971.34,0.614219,0.632412,BUY
2021-04-08,0.6230894454438272,0.6234461790693845,0.6219363395757488,0.6222930732013061,1,1,167368.17,101501.65,101838.05,0.614219,0.632412,HOLD
2021-04-09,0.6222930732013061,0.6275790788957394,0.6215332037183812,0.6268192094128144,1,1,167368.17,101501.65,102595.58,0.614219,0.632412,HOLD
2021-04-12,0.6268192094128144,0.6287469951040923,0.6258538604500753,0.6277816461413531,1,1,167368.17,101501.65,102756.66,0.614219,0.632412,HOLD
2021-04-13,0.6277816461413531,0.6332954393499979,0.6272017122319525,0.6327155054405973,1,1,165123.53,103513.27,104309.81,0.621623,0.640429,BUY
2021-04-14,0.6327155054405973,0.6334913145618212,0.6298551864071823,0.6306309955284062,1,1,165123.53,103513.27,103965.6,0.621623,0.640429,HOLD
2021-04-15,0.6306309955284062,0.6342035240195213,0.630097625714789,0.6336701542059041,1,1,165123.53,103513.27,104467.44,0.621623,0.640429,HOLD
2021-04-16,0.6336701542059041,0.6346470326056138,0.63053943936842,0.6315163177681298,1,1,165123.53,103513.27,104111.79,0.621623,0.640429,HOLD
2021-04-19,0.6315163177681298,0.6319406130529897,0.6296744957165759,0.6300987910014357,1,1,165123.53,103513.27,103877.72,0.621623,0.640429,HOLD
2021-04-20,0.6300987910014357,0.630850638415811,0.6276973206551235,0.6284491680694988,1,1,165123.53,103513.27,103605.33,0.621623,0.640429,HOLD
2021-04-21,0.6284491680694988,0.6286483017710769,0.6263623953439325,0.6265615290455105,1,1,165123.53,103513.27,103293.64,0.621623,0.640429,HOLD
2021-04-22,0.6265615290455105,0.6277669444052922,0.6244943371584689,0.6256997525182506,1,1,165123.53,103513.27,103151.34,0.621623,0.640429,HOLD
2021-04-23,0.6256997525182506,0.6266917844930858,0.6228230599371692,0.6238150919120045,1,1,165123.53,103513.27,102840.14,0.621623,0.640429,HOLD
2021-04-26,0.6238150919120045,0.6277463604556441,0.6231203536063284,0.6270516221499681,1,1,165123.53,103513.27,103374.56,0.621623,0.640429,HOLD
2021-04-27,0.6270516221499681,0.6277908281744712,0.6262611366962806,0.6270003427207836,1,1,165123.53,103513.27,103366.1,0.621623,0.640429,HOLD
2021-04-28,0.6270003427207836,0.6274728381137713,0.6240723623129535,0.6245448577059411,1,1,165123.53,103513.27,102960.64,0.621623,0.640429,HOLD
2021-04-29,0.6245448577059411,0.6259168747512958,0.6243727286338998,0.6257447456792544,1,1,165123.53,103513.27,103158.77,0.621623,0.640429,HOLD
2021-04-30,0.6257447456792544,0.6316769935500223,0.625424324753779,0.6313565726245468,1,1,165123.53,103513.27,104085.41,0.621623,0.640429,HOLD
2021-05-03,0.6313565726245468,0.6320683090607432,0.6302045791784362,0.6309163156146326,1,1,165123.53,103513.27,104012.72,0.621623,0.640429,HOLD
2021-05-04,0.6309163156146326,0.6317805372050472,0.6267609558921474,0.6276251774825621,1,1,165123.53,103513.27,103469.27,0.621623,0.640429,HOLD
2021-05-05,0.6276251774825621,0.6280790989058136,0.6261151537018604,0.626569075125112,1,1,165123.53,103513.27,103294.88,0.621623,0.640429,HOLD
2021-05-06,0.626569075125112,0.6271465778767843,0.624424100675661,0.6250016034273334,1,1,165123.53,103513.27,103036.06,0.621623,0.640429,HOLD
2021-05-07,0.6250016034273334,0.6263187795732033,0.6241698871680602,0.6254870633139301,1,1,165123.53,103513.27,103116.22,0.621623,0.640429,HOLD
2021-05-10,0.6254870633139301,0.626286335479472,0.6249178139702976,0.6257170861358394,1,1,165123.53,103513.27,103154.2,0.621623,0.640429,HOLD
2021-05-11,0.6257170861358394,0.627095322009397,0.6248817630818126,0.6262599989553702,1,1,165123.53,103513.27,103243.85,0.621623,0.640429,HOLD
2021-05-12,0.6262599989553702,0.6287360244937702,0.6256834562115371,0.6281594817499371,1,1,165123.53,103513.27,103557.5,0.621623,0.640429,HOLD
2021-05-13,0.6281594817499371,0.6288313832646671,0.6255637552211235,0.6262356567358536,1,1,165123.53,103513.27,103239.83,0.621623,0.640429,HOLD
2021-05-14,0.6262356567358536,0.6266492583436977,0.6241525218083461,0.6245661234161902,1,1,165123.53,103513.27,102964.15,0.621623,0.640429,HOLD
2021-05-17,0.6245661234161902,0.6250656976925026,0.6232454294276137,0.6237450037039262,1,1,165123.53,103513.27,102828.56,0.621623,0.640429,HOLD
2021-05-18,0.6237450037039262,0.6243251548700683,0.621527801732187,0.6221079528983292,0,0,0.0,102459.98,102459.98,,,STOP
2021-05-19,0.6221079528983292,0.6225458841273814,0.6209328050659969,0.6213707362950491,0,0,0.0,102459.98,102459.98,,,HOLD
2021-05-20,0.6213707362950491,0.6219650740448428,0.6180819154538925,0.6186762532036861,0,0,0.0,102459.98,102459.98,,,HOLD
2021-05-21,0.6186762532036861,0.6231021133789467,0.6178839557304128,0.6223098159056734,0,0,0.0,102459.98,102459.98,,,HOLD
2021-05-24,0.6223098159056734,0.6231808655999966,0.6206882299024998,0.6215592795968231,0,0,0.0,102459.98,102459.98,,,HOLD
2021-05-25,0.6215592795968231,0.623280221195808,0.6208828707377247,0.6226038123367096,0,0,0.0,102459.98,102459.98,,,HOLD
2021-05-26,0.6226038123367096,0.6252667362383579,0.622058935600469,0.6247218595021173,0,0,0.0,102459.98,102459.98,,,HOLD
2021-05-27,0.6247218595021173,0.625583558551169,0.6233403524765937,0.6242020515256453,0,0,0.0,102459.98,102459.98,,,HOLD
2021-05-28,0.6242020515256453,0.6269677927400049,0.6230811031395963,0.6258468443539559,0,0,0.0,102459.98,102459.98,,,HOLD
2021-05-31,0.6258468443539559,0.6269092154489418,0.6191975785955784,0.6202599496905644,0,0,0.0,102459.98,102459.98,,,HOLD
2021-06-01,0.6202599496905644,0.6205616140218889,0.6198397675513292,0.6201414318826537,0,0,0.0,102459.98,102459.98,,,HOLD
2021-06-02,0.6201414318826537,0.6254875504534244,0.6194373490007791,0.6247834675715498,0,0,0.0,102459.98,102459.98,,,HOLD
2021-06-03,0.6247834675715498,0.6251503633562843,0.6231656059684788,0.6235325017532133,0,0,0.0,102459.98,102459.98,,,HOLD
2021-06-04,0.6235325017532133,0.6261664556606817,0.623286099642456,0.6259200535499244,0,0,0.0,102459.98,102459.98,,,HOLD
2021-06-07,0.6259200535499244,0.6272696782532208,0.6244885378642553,0.6258381625675516,0,0,0.0,102459.98,102459.98,,,HOLD
2021-06-08,0.6258381625675516,0.6302322585707508,0.6250473186123257,0.6294414146155248,0,0,0.0,102459.98,102459.98,,,HOLD
2021-06-09,0.6294414146155248,0.629831497863865,0.6258465473537203,0.6262366306020605,0,0,0.0,102459.98,102459.98,,,HOLD
2021-06-10,0.6262366306020605,0.6278239629356808,0.6255136381588937,0.627100970492514,0,0,0.0,102459.98,102459.98,,,HOLD
2021-06-11,0.627100970492514,0.6276674424814671,0.6226847722612894,0.6232512442502425,0,0,0.0,102459.98,102459.98,,,HOLD
2021-06-14,0.6232512442502425,0.6239347163279433,0.6209123865831613,0.6215958586608621,0,0,0.0,102459.98,102459.98,,,HOLD
2021-06-15,0.6215958586608621,0.6224390771257186,0.617144983573379,0.6179882020382355,0,0,0.0,102459.98,102459.98,,,HOLD
2021-06-16,0.6179882020382355,0.6202330737331327,0.6167832136741525,0.6190280853690497,0,0,0.0,102459.98,102459.98,,,HOLD
2021-06-17,0.6190280853690497,0.619305409333401,0.6177046805040038,0.617982004468355,0,0,0.0,102459.98,102459.98,,,HOLD
2021-06-18,0.617982004468355,0.6197174538427109,0.6169321218873969,0.6186675712617528,0,0,0.0,102459.98,102459.98,,,HOLD
2021-06-21,0.6186675712617528,0.6206718736022631,0.6175419239731902,0.6195462263137005,0,0,0.0,102459.98,102459.98,,,HOLD
2021-06-22,0.6195462263137005,0.6226066670244584,0.6186648485395875,0.6217252892503454,0,0,0.0,102459.98,102459.98,,,HOLD
2021-06-23,0.6217252892503454,0.6235288885874887,0.6211554691827824,0.6229590685199257,0,0,0.0,102459.98,102459.98,,,HOLD
2021-06-24,0.6229590685199257,0.6235607720501453,0.6219273754379293,0.6225290789681489,0,0,0.0,102459.98,102459.98,,,HOLD
2021-06-25,0.6225290789681489,0.6250469104515891,0.6222782623575784,0.6247960938410186,0,0,0.0,102459.98,102459.98,,,HOLD
2021-06-28,0.6247960938410186,0.626238409914851,0.6239934571990133,0.6254357732728457,0,0,0.0,102459.98,102459.98,,,HOLD
2021-06-29,0.6254357732728457,0.628327504967882,0.6241800838771898,0.6270718155722261,0,0,0.0,102459.98,102459.98,,,HOLD
2021-06-30,0.6270718155722261,0.6297194400494075,0.6265235681619857,0.6291711926391671,0,0,0.0,102459.98,102459.98,,,HOLD
2021-07-01,0.6291711926391671,0.630787798976044,0.6285576076663296,0.6301742140032065,0,0,0.0,102459.98,102459.98,,,HOLD
2021-07-02,0.6301742140032065,0.635562700681964,0.6299963926716927,0.6353848793504502,0,0,0.0,102459.98,102459.98,,,HOLD
2021-07-05,0.6353848793504502,0.6357259643231951,0.6344145595610379,0.6347556445337827,0,0,0.0,102459.98,102459.98,,,HOLD
2021-07-06,0.6347556445337827,0.6386934462563284,0.6344237384398183,0.6383615401623639,0,0,0.0,102459.98,102459.98,,,HOLD
2021-07-07,0.6383615401623639,0.6436937266705803,0.6379426278978225,0.643274814406039,0,0,0.0,102459.98,102459.98,,,HOLD
2021-07-08,0.643274814406039,0.6448036199156583,0.6399215447834917,0.641450350293111,0,0,0.0,102459.98,102459.98,,,HOLD
2021-07-09,0.641450350293111,0.6414882386669079,0.6412590836085941,0.6412969719823909,0,0,0.0,102459.98,102459.98,,,HOLD
2021-07-12,0.6412969719823909,0.6420893944902049,0.6348023744859657,0.6355947969937796,0,0,0.0,102459.98,102459.98,,,HOLD
2021-07-13,0.6355947969937796,0.6364812591090764,0.6327403245177539,0.6336267866330506,0,0,0.0,102459.98,102459.98,,,HOLD
2021-07-14,0.6336267866330506,0.6346666769259725,0.6276902563898317,0.6287301466827535,0,0,0.0,102459.98,102459.98,,,HOLD
2021-07-15,0.6287301466827535,0.6345071867676283,0.6284749500489408,0.6342519901338156,0,0,0.0,102459.98,102459.98,,,HOLD
2021-07-16,0.6342519901338156,0.6344936183561042,0.6323664747704225,0.6326081029927111,0,0,0.0,102459.98,102459.98,,,HOLD
2021-07-19,0.6326081029927111,0.6346086418425341,0.6313811156298144,0.6333816544796373,0,0,0.0,102459.98,102459.98,,,HOLD
2021-07-20,0.6333816544796373,0.6341746467694855,0.6328820064349621,0.6336749987248103,0,0,0.0,102459.98,102459.98,,,HOLD
2021-07-21,0.6336749987248103,0.634205454272183,0.6323414706556435,0.6328719262030162,0,0,0.0,102459.98,102459.98,,,HOLD
2021-07-22,0.6328719262030162,0.6340540247520448,0.6319513037349203,0.6331334022839488,0,0,0.0,102459.98,102459.98,,,HOLD
2021-07-23,0.6331334022839488,0.6349035336106353,0.6324035975662331,0.6341737288929197,0,0,0.0,102459.98,102459.98,,,HOLD
2021-07-26,0.6341737288929197,0.6343944080872683,0.6319813967532791,0.6322020759476278,0,0,0.0,102459.98,102459.98,,,HOLD
2021-07-27,0.6322020759476278,0.6342289492358469,0.6316867849690159,0.633713658257235,0,0,0.0,102459.98,102459.98,,,HOLD
2021-07-28,0.633713658257235,0.6351426275571463,0.6335803423078622,0.6350093116077735,0,0,0.0,102459.98,102459.98,,,HOLD
2021-07-29,0.6350093116077735,0.639303949475092,0.634523487360081,0.6388181252273994,0,0,0.0,102459.98,102459.98,,,HOLD
2021-07-30,0.6388181252273994,0.6394653032154983,0.6383680052456542,0.6390151832337531,0,0,0.0,102459.98,102459.98,,,HOLD
2021-08-02,0.6390151832337531,0.6398522077633384,0.6384702465146743,0.6393072710442597,0,0,0.0,102459.98,102459.98,,,HOLD
2021-08-03,0.6393072710442597,0.6422223218147225,0.6385264342678519,0.6414414850383148,0,0,0.0,102459.98,102459.98,,,HOLD
2021-08-04,0.6414414850383148,0.6424372655735112,0.6408522015624603,0.6418479820976567,0,0,0.0,102459.98,102459.98,,,HOLD
2021-08-05,0.6418479820976567,0.642739992677728,0.6413256057137139,0.6422176162937852,0,0,0.0,102459.98,102459.98,,,HOLD
2021-08-06,0.6422176162937852,0.6429101509085858,0.6413350546103261,0.6420275892251268,0,0,0.0,102459.98,102459.98,,,HOLD
2021-08-09,0.6420275892251268,0.6430632796013327,0.6362468078994159,0.6372824982756218,0,0,0.0,102459.98,102459.98,,,HOLD
2021-08-10,0.6372824982756218,0.6384214076810208,0.6324859183142796,0.6336248277196787,0,0,0.0,102459.98,102459.98,,,HOLD
2021-08-11,0.6336248277196787,0.6340567272439024,0.6322155340340782,0.6326474335583019,0,0,0.0,102459.98,102459.98,,,HOLD
2021-08-12,0.6326474335583019,0.6334877491755584,0.632030316285927,0.6328706319031835,0,0,0.0,102459.98,102459.98,,,HOLD
2021-08-13,0.6328706319031835,0.6337116280059286,0.630600754293809,0.6314417503965541,0,0,0.0,102459.98,102459.98,,,HOLD
2021-08-16,0.6314417503965541,0.6318879183736988,0.6281207310353654,0.6285668990125101,0,0,0.0,102459.98,102459.98,,,HOLD
2021-08-17,0.6285668990125101,0.6295046630181792,0.6266730029756593,0.6276107669813284,0,0,0.0,102459.98,102459.98,,,HOLD
2021-08-18,0.6276107669813284,0.628802633039192,0.6253934197843697,0.6265852858422333,0,0,0.0,102459.98,102459.98,,,HOLD
2021-08-19,0.6265852858422333,0.6276598379806945,0.6246577693059256,0.6257323214443868,0,0,0.0,102459.98,102459.98,,,HOLD
2021-08-20,0.6257323214443868,0.6267352178843019,0.623748036892753,0.6247509333326681,0,0,0.0,102459.98,102459.98,,,HOLD
2021-08-23,0.6247509333326681,0.6251236056807122,0.6226477613826286,0.6230204337306727,0,0,0.0,102459.98,102459.98,,,HOLD
2021-08-24,0.6230204337306727,0.6237468115109468,0.6191893527055814,0.6199157304858555,0,0,0.0,102459.98,102459.98,,,HOLD
2021-08-25,0.6199157304858555,0.6219286140832978,0.6192256638061718,0.6212385474036142,0,0,0.0,102459.98,102459.98,,,HOLD
2021-08-26,0.6212385474036142,0.6228972897269567,0.6197562378525822,0.6214149801759247,0,0,0.0,102459.98,102459.98,,,HOLD
2021-08-27,0.6214149801759247,0.6226936993060447,0.6206655527934711,0.6219442719235911,0,0,0.0,102459.98,102459.98,,,HOLD
2021-08-30,0.6219442719235911,0.6251556537455583,0.6211877089283677,0.6243990907503348,0,0,0.0,102459.98,102459.98,,,HOLD
2021-08-31,0.6243990907503348,0.6253384274432836,0.6213141508786254,0.6222534875715742,0,0,0.0,102459.98,102459.98,,,HOLD
2021-09-01,0.6222534875715742,0.6227216168617022,0.6211406674845769,0.6216087967747049,0,0,0.0,102459.98,102459.98,,,HOLD
2021-09-02,0.6216087967747049,0.6223520395513128,0.6190756552301973,0.6198188980068051,0,0,0.0,102459.98,102459.98,,,HOLD
2021-09-03,0.6198188980068051,0.6203928191900473,0.6192665328662021,0.6198404540494443,0,0,0.0,102459.98,102459.98,,,HOLD
2021-09-06,0.6198404540494443,0.622338119784995,0.6197607412807552,0.6222584070163059,0,0,0.0,102459.98,102459.98,,,HOLD
2021-09-07,0.6222584070163059,0.6247569566614869,0.6216061156146847,0.6241046652598657,0,0,0.0,102459.98,102459.98,,,HOLD
2021-09-08,0.6241046652598657,0.6271117234254087,0.6231140058432716,0.6261210640088145,0,0,0.0,102459.98,102459.98,,,HOLD
2021-09-09,0.6261210640088145,0.6303064685790196,0.625468495693232,0.6296539002634371,0,0,0.0,102459.98,102459.98,,,HOLD
2021-09-10,0.6296539002634371,0.6309116507489285,0.6291448689598912,0.6304026194453826,0,0,0.0,102459.98,102459.98,,,HOLD
2021-09-13,0.6304026194453826,0.6316189115484319,0.6296097249213745,0.6308260170244238,0,0,0.0,102459.98,102459.98,,,HOLD
2021-09-14,0.6308260170244238,0.632874585399218,0.62990897396988,0.6319575423446743,0,0,0.0,102459.98,102459.98,,,HOLD
2021-09-15,0.6319575423446743,0.6358695164025369,0.6314537133417658,0.6353656873996284,0,0,0.0,102459.98,102459.98,,,HOLD
2021-09-16,0.6353656873996284,0.63816281012355,0.6341720942105815,0.6369692169345031,0,0,0.0,102459.98,102459.98,,,HOLD
2021-09-17,0.6369692169345031,0.6430398194451257,0.6364003787760638,0.6424709812866863,0,0,0.0,102459.98,102459.98,,,HOLD
2021-09-20,0.6424709812866863,0.6475066424579323,0.6414732772216095,0.6465089383928555,0,0,0.0,102459.98,102459.98,,,HOLD
2021-09-21,0.6465089383928555,0.6520636194236901,0.6459523566976998,0.6515070377285344,0,0,0.0,102459.98,102459.98,,,HOLD
2021-09-22,0.6515070377285344,0.6543499316398536,0.6508407444271987,0.653683638338518,0,0,0.0,102459.98,102459.98,,,HOLD
2021-09-23,0.653683638338518,0.6550985493738096,0.6528237705657252,0.6542386816010168,0,0,0.0,102459.98,102459.98,,,HOLD
2021-09-24,0.6542386816010168,0.6563930796190408,0.6531493342783079,0.6553037322963319,0,0,0.0,102459.98,102459.98,,,HOLD
2021-09-27,0.6553037322963319,0.6611534399175221,0.6548530557554357,0.6607027633766259,0,0,0.0,102459.98,102459.98,,,HOLD
2021-09-28,0.6607027633766259,0.6616989852565415,0.6595103905711682,0.6605066124510838,0,0,0.0,102459.98,102459.98,,,HOLD
2021-09-29,0.6605066124510838,0.6629878962403781,0.6595868398112251,0.6620681236005195,0,0,0.0,102459.98,102459.98,,,HOLD
2021-09-30,0.6620681236005195,0.6626907506120769,0.6603415578022206,0.660964184813778,0,0,0.0,102459.98,102459.98,,,HOLD
2021-10-01,0.660964184813778,0.661399989465823,0.6605274214398634,0.6609632260919084,0,0,0.0,102459.98,102459.98,,,HOLD
2021-10-04,0.6609632260919084,0.6616648319062644,0.6598479068789382,0.6605495126932942,0,0,0.0,102459.98,102459.98,,,HOLD
2021-10-05,0.6605495126932942,0.6610511871272553,0.6575965735591407,0.6580982479931018,0,0,0.0,102459.98,102459.98,,,HOLD
2021-10-06,0.6580982479931018,0.6592768106144,0.6575630775674576,0.6587416401887558,0,0,0.0,102459.98,102459.98,,,HOLD
2021-10-07,0.6587416401887558,0.664616242387647,0.657678047516572,0.6635526497154632,0,0,0.0,102459.98,102459.98,,,HOLD
2021-10-08,0.6635526497154632,0.6675154471213446,0.6628576326135615,0.6668204300194428,0,0,0.0,102459.98,102459.98,,,HOLD
2021-10-11,0.6668204300194428,0.6672904673329545,0.6649502149547016,0.6654202522682133,0,0,0.0,102459.98,102459.98,,,HOLD
2021-10-12,0.6654202522682133,0.6661110176823374,0.6612826507581158,0.6619734161722398,0,0,0.0,102459.98,102459.98,,,HOLD
2021-10-13,0.6619734161722398,0.6635185495660605,0.661111334833359,0.6626564682271797,0,0,0.0,102459.98,102459.98,,,HOLD
2021-10-14,0.6626564682271797,0.6643324482930836,0.6614342097514637,0.6631101898173676,0,0,0.0,102459.98,102459.98,,,HOLD
2021-10-15,0.6631101898173676,0.6644768219285662,0.6623340882684029,0.6637007203796015,0,0,0.0,102459.98,102459.98,,,HOLD
2021-10-18,0.6637007203796015,0.6642860555692908,0.6576046759455991,0.6581900111352884,0,0,0.0,102459.98,102459.98,,,HOLD
2021-10-19,0.6581900111352884,0.6611493548869253,0.6568498170746494,0.6598091608262863,0,0,0.0,102459.98,102459.98,,,HOLD
2021-10-20,0.6598091608262863,0.6620985058898601,0.6592815773162803,0.6615709223798542,0,0,0.0,102459.98,102459.98,,,HOLD
2021-10-21,0.6615709223798542,0.6618099771181118,0.6606404005955521,0.6608794553338098,1,1,198543.13,102459.98,102300.85,0.65652,0.672002,BUY
2021-10-22,0.6608794553338098,0.6613090417450863,0.6564660438415554,0.6568956302528319,1,1,184898.82,101413.54,100656.59,0.655505,0.671959,BUY
2021-10-25,0.6568956302528319,0.6576595450570225,0.6519943732438772,0.6527582880480678,1,1,175437.02,100379.06,99633.92,0.651284,0.668449,BUY
2021-10-26,0.6527582880480678,0.6528480154465641,0.6505947780617126,0.650684505460209,1,1,171912.15,99355.97,98980.55,0.647089,0.664427,BUY
2021-10-27,0.650684505460209,0.6511955543419771,0.6502539024593267,0.6507649513410948,0,1,171912.15,99355.97,98994.38,0.647089,0.664427,HOLD
2021-10-28,0.6507649513410948,0.6517442493505629,0.6502159942944655,0.6511952923039336,0,1,171912.15,99355.97,99068.37,0.647089,0.664427,HOLD
2021-10-29,0.6511952923039336,0.651405840538711,0.6506447159466056,0.650855264181383,0,1,171912.15,99355.97,99009.91,0.647089,0.664427,HOLD
2021-11-01,0.650855264181383,0.6524330009780812,0.6500940554156825,0.6516717922123808,0,1,171912.15,99355.97,99150.28,0.647089,0.664427,HOLD
2021-11-02,0.6516717922123808,0.6538956098911857,0.651379325552701,0.6536031432315058,0,1,171912.15,99355.97,99482.3,0.647089,0.664427,HOLD
2021-11-03,0.6536031432315058,0.6540823756407724,0.6519423517510421,0.6524215841603087,0,1,171912.15,99355.97,99279.18,0.647089,0.664427,HOLD
2021-11-04,0.6524215841603087,0.6537868587829824,0.652054076105438,0.6534193507281116,0,1,171912.15,99355.97,99450.71,0.647089,0.664427,HOLD
2021-11-05,0.6534193507281116,0.6541040207572973,0.649444158283453,0.6501288283126387,0,1,171912.15,99355.97,98885.03,0.647089,0.664427,HOLD
2021-11-08,0.6501288283126387,0.6508999864377786,0.6491650563066979,0.6499362144318377,0,1,171912.15,99355.97,98851.91,0.647089,0.664427,HOLD
2021-11-09,0.6499362144318377,0.650865645877332,0.6476969700016304,0.6486264014471247,0,1,171912.15,99355.97,98626.74,0.647089,0.664427,HOLD
2021-11-10,0.6486264014471247,0.6490738289783514,0.6439356357793324,0.6443830633105592,0,0,0.0,98343.5,98343.5,,,STOP
2021-11-11,0.6443830633105592,0.6450024260805656,0.6414194860175195,0.6420388487875259,0,0,0.0,98343.5,98343.5,,,HOLD
2021-11-12,0.6420388487875259,0.6428902641777663,0.639008433942611,0.6398598493328513,0,0,0.0,98343.5,98343.5,,,HOLD
2021-11-15,0.6398598493328513,0.6418741663451062,0.639480240503644,0.6414945575158989,0,0,0.0,98343.5,98343.5,,,HOLD
2021-11-16,0.6414945575158989,0.6420682352668365,0.6376753937178699,0.6382490714688075,0,0,0.0,98343.5,98343.5,,,HOLD
2021-11-17,0.6382490714688075,0.6393135735518267,0.6378616509998497,0.6389261530828689,0,0,0.0,98343.5,98343.5,,,HOLD
2021-11-18,0.6389261530828689,0.6398033378610772,0.6364448801917207,0.637322064969929,0,0,0.0,98343.5,98343.5,,,HOLD
2021-11-19,0.637322064969929,0.6377548623439345,0.6344700722606992,0.6349028696347047,0,0,0.0,98343.5,98343.5,,,HOLD
2021-11-22,0.6349028696347047,0.637498840007826,0.6340748957068096,0.636670866079931,0,0,0.0,98343.5,98343.5,,,HOLD
2021-11-23,0.636670866079931,0.6373195823122635,0.6327473723472119,0.6333960885795444,0,0,0.0,98343.5,98343.5,,,HOLD
2021-11-24,0.6333960885795444,0.6345970056982742,0.6323335652948083,0.633534482413538,0,0,0.0,98343.5,98343.5,,,HOLD
2021-11-25,0.633534482413538,0.6354758796964457,0.6327477640621467,0.6346891613450544,0,0,0.0,98343.5,98343.5,,,HOLD
2021-11-26,0.6346891613450544,0.6354742243407988,0.6339515983802925,0.6347366613760369,0,0,0.0,98343.5,98343.5,,,HOLD
2021-11-29,0.6347366613760369,0.6364290386590991,0.6335180155245905,0.6352103928076527,0,0,0.0,98343.5,98343.5,,,HOLD
2021-11-30,0.6352103928076527,0.6376338127347884,0.6344823914809123,0.636905811408048,0,0,0.0,98343.5,98343.5,,,HOLD
2021-12-01,0.636905811408048,0.6373826955194776,0.6341259724926939,0.6346028566041234,0,0,0.0,98343.5,98343.5,,,HOLD
2021-12-02,0.6346028566041234,0.6355916578699551,0.6307221788444893,0.631710980110321,0,0,0.0,98343.5,98343.5,,,HOLD
2021-12-03,0.631710980110321,0.632936923507254,0.6304845516148371,0.63171049501177,0,0,0.0,98343.5,98343.5,,,HOLD
2021-12-06,0.63171049501177,0.633712566879126,0.6310144123746402,0.6330164842419962,0,0,0.0,98343.5,98343.5,,,HOLD
2021-12-07,0.6330164842419962,0.6338436533910833,0.6311263900137083,0.6319535591627954,0,0,0.0,98343.5,98343.5,,,HOLD
2021-12-08,0.6319535591627954,0.6338211665951707,0.6309033665368505,0.6327709739692259,0,0,0.0,98343.5,98343.5,,,HOLD
2021-12-09,0.6327709739692259,0.6354842847268459,0.6319236330426456,0.6346369438002657,0,0,0.0,98343.5,98343.5,,,HOLD
2021-12-10,0.6346369438002657,0.6349057797292523,0.6345666222791221,0.6348354582081087,0,0,0.0,98343.5,98343.5,,,HOLD
2021-12-13,0.6348354582081087,0.6360078839368147,0.6296192105818442,0.6307916363105502,0,0,0.0,98343.5,98343.5,,,HOLD
2021-12-14,0.6307916363105502,0.6314289823341389,0.625661172112629,0.6262985181362176,0,0,0.0,98343.5,98343.5,,,HOLD
2021-12-15,0.6262985181362176,0.6265349157087894,0.6201565004637525,0.6203928980363242,0,0,0.0,98343.5,98343.5,,,HOLD
2021-12-16,0.6203928980363242,0.6220033289371756,0.6181046819825733,0.6197151128834246,0,0,0.0,98343.5,98343.5,,,HOLD
2021-12-17,0.6197151128834246,0.6200814783376449,0.6176842506308649,0.6180506160850852,0,0,0.0,98343.5,98343.5,,,HOLD
2021-12-20,0.6180506160850852,0.6183497510377209,0.6139265880266151,0.6142257229792509,0,0,0.0,98343.5,98343.5,,,HOLD
2021-12-21,0.6142257229792509,0.6176379732505887,0.6136124068329355,0.6170246571042732,0,0,0.0,98343.5,98343.5,,,HOLD
2021-12-22,0.6170246571042732,0.6194014919394872,0.6163925960032625,0.6187694308384765,0,0,0.0,98343.5,98343.5,,,HOLD
2021-12-23,0.6187694308384765,0.6198095994565711,0.6179075162850562,0.6189476849031509,0,0,0.0,98343.5,98343.5,,,HOLD
2021-12-24,0.6189476849031509,0.620268831050279,0.6185335354736119,0.61985468162074,0,0,0.0,98343.5,98343.5,,,HOLD
2021-12-27,0.61985468162074,0.6202483671663618,0.6180970154317021,0.618490700977324,0,0,0.0,98343.5,98343.5,,,HOLD
2021-12-28,0.618490700977324,0.6193194068057005,0.6149344598881058,0.6157631657164824,0,0,0.0,98343.5,98343.5,,,HOLD
2021-12-29,0.6157631657164824,0.6157771485587595,0.611096797674036,0.6111107805163132,0,0,0.0,98343.5,98343.5,,,HOLD
2021-12-30,0.6111107805163132,0.6122024766245412,0.6060943611155799,0.6071860572238079,0,0,0.0,98343.5,98343.5,,,HOLD
2021-12-31,0.6071860572238079,0.6083192042312715,0.6063012910812279,0.6074344380886915,0,0,0.0,98343.5,98343.5,,,HOLD
2022-01-03,0.6074344380886915,0.6083734852334798,0.6068223509647092,0.6077613981094975,0,0,0.0,98343.5,98343.5,,,HOLD
2022-01-04,0.6077613981094975,0.6083037042291862,0.6067612408841415,0.6073035470038303,0,0,0.0,98343.5,98343.5,,,HOLD
2022-01-05,0.6073035470038303,0.6081937825973742,0.6066375200275147,0.6075277556210587,0,0,0.0,98343.5,98343.5,,,HOLD
2022-01-06,0.6075277556210587,0.6080197968055058,0.6064319325027315,0.6069239736871787,0,0,0.0,98343.5,98343.5,,,HOLD
2022-01-07,0.6069239736871787,0.6075921600425694,0.6047850586891872,0.605453245044578,0,0,0.0,98343.5,98343.5,,,HOLD
2022-01-10,0.605453245044578,0.6056237090071012,0.6016312722699931,0.6018017362325163,0,0,0.0,98343.5,98343.5,,,HOLD
2022-01-11,0.6018017362325163,0.6055022353818371,0.6010023160143922,0.604702815163713,0,0,0.0,98343.5,98343.5,,,HOLD
2022-01-12,0.604702815163713,0.6055421406257381,0.6010441464045762,0.6018834718666012,0,0,0.0,98343.5,98343.5,,,HOLD
2022-01-13,0.6018834718666012,0.6026589280697385,0.5991564313894223,0.5999318875925597,0,0,0.0,98343.5,98343.5,,,HOLD
2022-01-14,0.5999318875925597,0.6009144255025266,0.5985754595857414,0.5995579974957084,0,0,0.0,98343.5,98343.5,,,HOLD
2022-01-17,0.5995579974957084,0.6002939291636598,0.5963934061444802,0.5971293378124316,0,0,0.0,98343.5,98343.5,,,HOLD
2022-01-18,0.5971293378124316,0.6000194797648641,0.5968109649587254,0.599701106911158,0,0,0.0,98343.5,98343.5,,,HOLD
2022-01-19,0.599701106911158,0.5999931649118153,0.5936797634412045,0.5939718214418619,0,0,0.0,98343.5,98343.5,,,HOLD
2022-01-20,0.5939718214418619,0.5947928672475828,0.5914210706506449,0.5922421164563658,0,0,0.0,98343.5,98343.5,,,HOLD
2022-01-21,0.5922421164563658,0.5939084531514659,0.5917142752206221,0.5933806119157222,0,0,0.0,98343.5,98343.5,,,HOLD
2022-01-24,0.5933806119157222,0.5941924492988914,0.5911647024935478,0.591976539876717,0,0,0.0,98343.5,98343.5,,,HOLD
2022-01-25,0.591976539876717,0.5929903996623899,0.5904841622726523,0.5914980220583252,0,0,0.0,98343.5,98343.5,,,HOLD
2022-01-26,0.5914980220583252,0.5925818636729256,0.5911204109811328,0.5922042525957332,0,0,0.0,98343.5,98343.5,,,HOLD
2022-01-27,0.5922042525957332,0.5929211279463017,0.5921023922967521,0.5928192676473206,0,0,0.0,98343.5,98343.5,,,HOLD
2022-01-28,0.5928192676473206,0.5933138710452045,0.5909441608945739,0.5914387642924578,0,0,0.0,98343.5,98343.5,,,HOLD
2022-01-31,0.5914387642924578,0.5917991909073449,0.5895350322697565,0.5898954588846436,0,0,0.0,98343.5,98343.5,,,HOLD
2022-02-01,0.5898954588846436,0.5927147102822583,0.5895295357908635,0.5923487871884783,0,0,0.0,98343.5,98343.5,,,HOLD
2022-02-02,0.5923487871884783,0.592947894442842,0.5919027292490696,0.5925018365034334,0,0,0.0,98343.5,98343.5,,,HOLD
2022-02-03,0.5925018365034334,0.5946324701174508,0.5917560910958206,0.593886724709838,0,0,0.0,98343.5,98343.5,,,HOLD
2022-02-04,0.593886724709838,0.5948741039861685,0.5911615755896719,0.5921489548660023,0,0,0.0,98343.5,98343.5,,,HOLD
2022-02-07,0.5921489548660023,0.5940648925315752,0.5913142653595298,0.5932302030251028,0,0,0.0,98343.5,98343.5,,,HOLD
2022-02-08,0.5932302030251028,0.5954305989194606,0.5928269048300574,0.5950273007244152,0,0,0.0,98343.5,98343.5,,,HOLD
2022-02-09,0.5950273007244152,0.5959950986274063,0.592178004462164,0.593145802365155,0,0,0.0,98343.5,98343.5,,,HOLD
2022-02-10,0.593145802365155,0.5991118288568433,0.5922704058809085,0.5982364323725968,0,0,0.0,98343.5,98343.5,,,HOLD
2022-02-11,0.5982364323725968,0.6016942250792451,0.5978192966502601,0.6012770893569084,0,0,0.0,98343.5,98343.5,,,HOLD
2022-02-14,0.6012770893569084,0.6016222340690807,0.600492154078521,0.6008372987906933,0,0,0.0,98343.5,98343.5,,,HOLD
2022-02-15,0.6008372987906933,0.6016661995964404,0.5981871745227857,0.5990160753285328,0,0,0.0,98343.5,98343.5,,,HOLD
2022-02-16,0.5990160753285328,0.6040548955086771,0.5977522963346014,0.6027911165147456,0,0,0.0,98343.5,98343.5,,,HOLD
2022-02-17,0.6027911165147456,0.6034835965058779,0.5997073609816129,0.6003998409727452,0,0,0.0,98343.5,98343.5,,,HOLD
2022-02-18,0.6003998409727452,0.6068977949244487,0.6001739411625217,0.6066718951142251,0,0,0.0,98343.5,98343.5,,,HOLD
2022-02-21,0.6066718951142251,0.6093584266963996,0.6058010039213715,0.608487535503546,0,0,0.0,98343.5,98343.5,,,HOLD
2022-02-22,0.608487535503546,0.6092318325315066,0.6051727079647876,0.6059170049927483,0,0,0.0,98343.5,98343.5,,,HOLD
2022-02-23,0.6059170049927483,0.6061800949553516,0.6037088637260387,0.6039719536886421,0,0,0.0,98343.5,98343.5,,,HOLD
2022-02-24,0.6039719536886421,0.6044767378046468,0.6011006197468312,0.6016054038628359,0,0,0.0,98343.5,98343.5,,,HOLD
2022-02-25,0.6016054038628359,0.602876240512621,0.601009140399136,0.6022799770489211,0,0,0.0,98343.5,98343.5,,,HOLD
2022-02-28,0.6022799770489211,0.6028688525585395,0.5997878947385835,0.6003767702482019,0,0,0.0,98343.5,98343.5,,,HOLD
2022-03-01,0.6003767702482019,0.6020217819611099,0.5994765491277022,0.6011215608406102,0,0,0.0,98343.5,98343.5,,,HOLD
2022-03-02,0.6011215608406102,0.6027486866649587,0.6006896623933862,0.6023167882177347,0,0,0.0,98343.5,98343.5,,,HOLD
2022-03-03,0.6023167882177347,0.6028982325441069,0.5997317498958364,0.6003131942222086,0,0,0.0,98343.5,98343.5,,,HOLD
2022-03-04,0.6003131942222086,0.6008702809347098,0.5980032643023332,0.5985603510148344,0,0,0.0,98343.5,98343.5,,,HOLD
2022-03-07,0.5985603510148344,0.5998545474491624,0.5978576458814212,0.5991518423157493,0,0,0.0,98343.5,98343.5,,,HOLD
2022-03-08,0.5991518423157493,0.6040248730942113,0.5987304233010606,0.6036034540795226,0,0,0.0,98343.5,98343.5,,,HOLD
2022-03-09,0.6036034540795226,0.6071944101789658,0.6033240109568568,0.6069149670563,0,0,0.0,98343.5,98343.5,,,HOLD
2022-03-10,0.6069149670563,0.6082352672917631,0.6059516883439287,0.6072719885793918,0,0,0.0,98343.5,98343.5,,,HOLD
2022-03-11,0.6072719885793918,0.6097004830883263,0.606295062976012,0.6087235574849464,0,0,0.0,98343.5,98343.5,,,HOLD
2022-03-14,0.6087235574849464,0.6091821364109686,0.6072478543561146,0.6077064332821368,0,0,0.0,98343.5,98343.5,,,HOLD
2022-03-15,0.6077064332821368,0.6088913877048958,0.607629364048227,0.608814318470986,0,0,0.0,98343.5,98343.5,,,HOLD
2022-03-16,0.608814318470986,0.6093008751324497,0.605768722941152,0.6062552796026157,0,0,0.0,98343.5,98343.5,,,HOLD
2022-03-17,0.6062552796026157,0.6126258246144645,0.605352366968762,0.6117229119806108,0,0,0.0,98343.5,98343.5,,,HOLD
2022-03-18,0.6117229119806108,0.6125954830710708,0.6100925735550621,0.6109651446455221,0,0,0.0,98343.5,98343.5,,,HOLD
2022-03-21,0.6109651446455221,0.6120804048241351,0.6096388687854736,0.6107541289640865,0,0,0.0,98343.5,98343.5,,,HOLD
2022-03-22,0.6107541289640865,0.6112989227952982,0.6086575462177095,0.6092023400489212,0,0,0.0,98343.5,98343.5,,,HOLD
2022-03-23,0.6092023400489212,0.6107101303655126,0.6086155010379616,0.610123291354553,0,0,0.0,98343.5,98343.5,,,HOLD
2022-03-24,0.610123291354553,0.6120508927502043,0.6097584921203615,0.6116860935160128,0,0,0.0,98343.5,98343.5,,,HOLD
2022-03-25,0.6116860935160128,0.6120441818180566,0.6086782563405156,0.6090363446425595,0,0,0.0,98343.5,98343.5,,,HOLD
2022-03-28,0.6090363446425595,0.6092015962780688,0.606263053229032,0.6064283048645412,0,0,0.0,98343.5,98343.5,,,HOLD
2022-03-29,0.6064283048645412,0.6070285269056173,0.6033289775060491,0.6039291995471251,0,0,0.0,98343.5,98343.5,,,HOLD
2022-03-30,0.6039291995471251,0.6062259939124495,0.6031553509073445,0.6054521452726689,0,0,0.0,98343.5,98343.5,,,HOLD
2022-03-31,0.6054521452726689,0.6064056274187088,0.6039149202353862,0.6048684023814261,0,0,0.0,98343.5,98343.5,,,HOLD
2022-04-01,0.6048684023814261,0.6065306725502456,0.603875531700815,0.6055378018696345,0,0,0.0,98343.5,98343.5,,,HOLD
2022-04-04,0.6055378018696345,0.6062820339422333,0.6051318454971407,0.6058760775697396,0,0,0.0,98343.5,98343.5,,,HOLD
2022-04-05,0.6058760775697396,0.6065232897273044,0.6031530800361732,0.603800292193738,0,0,0.0,98343.5,98343.5,,,HOLD
2022-04-06,0.603800292193738,0.6052968960204537,0.6033946205313345,0.6048912243580502,0,0,0.0,98343.5,98343.5,,,HOLD
2022-04-07,0.6048912243580502,0.6052321112293445,0.6039431538519707,0.604284040723265,0,0,0.0,98343.5,98343.5,,,HOLD
2022-04-08,0.604284040723265,0.6045446542333961,0.603134117497944,0.6033947310080751,0,0,0.0,98343.5,98343.5,,,HOLD
2022-04-11,0.6033947310080751,0.6040490154201108,0.598755787842606,0.5994100722546417,0,0,0.0,98343.5,98343.5,,,HOLD
2022-04-12,0.5994100722546417,0.6015193202490412,0.5987348713917959,0.6008441193861954,0,0,0.0,98343.5,98343.5,,,HOLD
2022-04-13,0.6008441193861954,0.6013898660629303,0.5991915309610948,0.5997372776378297,0,0,0.0,98343.5,98343.5,,,HOLD
2022-04-14,0.5997372776378297,0.600341099179486,0.5989625453948514,0.5995663669365077,0,0,0.0,98343.5,98343.5,,,HOLD
2022-04-15,0.5995663669365077,0.6000052663779574,0.5971784187176143,0.597617318159064,0,0,0.0,98343.5,98343.5,,,HOLD
2022-04-18,0.597617318159064,0.5984929508677116,0.59622029252917,0.5970959252378175,0,0,0.0,98343.5,98343.5,,,HOLD
2022-04-19,0.5970959252378175,0.5975833607778902,0.5935479881459896,0.5940354236860623,0,0,0.0,98343.5,98343.5,,,HOLD
2022-04-20,0.5940354236860623,0.5951078597393987,0.5905762681739647,0.5916487042273011,0,0,0.0,98343.5,98343.5,,,HOLD
2022-04-21,0.5916487042273011,0.5922303437387004,0.5911178348927284,0.5916994744041277,0,0,0.0,98343.5,98343.5,,,HOLD
2022-04-22,0.5916994744041277,0.5928841927813759,0.5915097218017364,0.5926944401789846,0,0,0.0,98343.5,98343.5,,,HOLD
2022-04-25,0.5926944401789846,0.5941325725737165,0.5923931033778622,0.5938312357725941,0,0,0.0,98343.5,98343.5,,,HOLD
2022-04-26,0.5938312357725941,0.5942936615475434,0.5897407630042519,0.5902031887792012,0,0,0.0,98343.5,98343.5,,,HOLD
2022-04-27,0.5902031887792012,0.5952187044263336,0.5894757785668945,0.5944912942140269,0,0,0.0,98343.5,98343.5,,,HOLD
2022-04-28,0.5944912942140269,0.5982565809728645,0.5937172119144302,0.5974824986732677,0,0,0.0,98343.5,98343.5,,,HOLD
2022-04-29,0.5974824986732677,0.5981754477961544,0.5966693486647586,0.5973622977876453,0,0,0.0,98343.5,98343.5,,,HOLD
2022-05-02,0.5973622977876453,0.5980562484291443,0.5937511887453021,0.5944451393868011,0,0,0.0,98343.5,98343.5,,,HOLD
2022-05-03,0.5944451393868011,0.5952945586522314,0.5906649227015445,0.5915143419669747,0,0,0.0,98343.5,98343.5,,,HOLD
2022-05-04,0.5915143419669747,0.5920639148338613,0.5901774124721131,0.5907269853389997,0,0,0.0,98343.5,98343.5,,,HOLD
2022-05-05,0.5907269853389997,0.5919432421803332,0.5901347920479493,0.5913510488892828,0,0,0.0,98343.5,98343.5,,,HOLD
2022-05-06,0.5913510488892828,0.5978651962220279,0.5903817252395802,0.5968958725723253,0,0,0.0,98343.5,98343.5,,,HOLD
2022-05-09,0.5968958725723253,0.6011467951567446,0.5967263907523056,0.6009773133367249,0,0,0.0,98343.5,98343.5,,,HOLD
2022-05-10,0.6009773133367249,0.604739279944093,0.6006605934973125,0.6044225601046807,0,0,0.0,98343.5,98343.5,,,HOLD
2022-05-11,0.6044225601046807,0.6065543919075634,0.6042071284076407,0.6063389602105235,0,0,0.0,98343.5,98343.5,,,HOLD
2022-05-12,0.6063389602105235,0.607098966134483,0.6050423620742889,0.6058023679982484,0,0,0.0,98343.5,98343.5,,,HOLD
2022-05-13,0.6058023679982484,0.6108122765355998,0.6049867733603334,0.6099966818976847,0,0,0.0,98343.5,98343.5,,,HOLD
2022-05-16,0.6099966818976847,0.6120634356186325,0.6097729152366888,0.6118396689576365,0,0,0.0,98343.5,98343.5,,,HOLD
2022-05-17,0.6118396689576365,0.6124379116771698,0.6106925598539981,0.6112908025735313,0,0,0.0,98343.5,98343.5,,,HOLD
2022-05-18,0.6112908025735313,0.6124885490159234,0.6081092280007079,0.6093069744431,0,0,0.0,98343.5,98343.5,,,HOLD
2022-05-19,0.6093069744431,0.6102406469151388,0.607400192030674,0.6083338645027128,0,0,0.0,98343.5,98343.5,,,HOLD
2022-05-20,0.6083338645027128,0.6089444980181725,0.6036382393573617,0.6042488728728215,0,0,0.0,98343.5,98343.5,,,HOLD
2022-05-23,0.6042488728728215,0.6047057300065193,0.6018067072043158,0.6022635643380136,0,0,0.0,98343.5,98343.5,,,HOLD
2022-05-24,0.6022635643380136,0.6046457707618331,0.6011686888292705,0.60355089525309,0,0,0.0,98343.5,98343.5,,,HOLD
2022-05-25,0.60355089525309,0.606088941431393,0.6027287071823849,0.6052667533606879,0,0,0.0,98343.5,98343.5,,,HOLD
2022-05-26,0.6052667533606879,0.609333644058233,0.6040259337951005,0.6080928244926456,0,0,0.0,98343.5,98343.5,,,HOLD
2022-05-27,0.6080928244926456,0.609739621764322,0.6076484799714125,0.6092952772430889,0,0,0.0,98343.5,98343.5,,,HOLD
2022-05-30,0.6092952772430889,0.6097964611608773,0.6076310685604847,0.6081322524782731,0,0,0.0,98343.5,98343.5,,,HOLD
2022-05-31,0.6081322524782731,0.6113403165692238,0.6066438342271891,0.6098518983181399,0,0,0.0,98343.5,98343.5,,,HOLD
2022-06-01,0.6098518983181399,0.6112570864967837,0.6083366196076825,0.6097418077863263,0,0,0.0,98343.5,98343.5,,,HOLD
2022-06-02,0.6097418077863263,0.6104546480065024,0.6063591113887069,0.607071951608883,0,0,0.0,98343.5,98343.5,,,HOLD
2022-06-03,0.607071951608883,0.6075397566905923,0.604930954134781,0.6053987592164903,0,0,0.0,98343.5,98343.5,,,HOLD
2022-06-06,0.6053987592164903,0.6058011321553761,0.6047957655409473,0.6051981384798331,0,0,0.0,98343.5,98343.5,,,HOLD
2022-06-07,0.6051981384798331,0.6063686658142834,0.604459324009981,0.6056298513444314,0,0,0.0,98343.5,98343.5,,,HOLD
2022-06-08,0.6056298513444314,0.6072098648532485,0.6053062340859451,0.6068862475947622,0,0,0.0,98343.5,98343.5,,,HOLD
2022-06-09,0.6068862475947622,0.6084548336019276,0.5998702187178814,0.6014388047250468,0,0,0.0,98343.5,98343.5,,,HOLD
2022-06-10,0.6014388047250468,0.6018048206961143,0.6004104825381297,0.6007764985091971,0,0,0.0,98343.5,98343.5,,,HOLD
2022-06-13,0.6007764985091971,0.6008757840874639,0.5995469549377704,0.5996462405160372,0,0,0.0,98343.5,98343.5,,,HOLD
2022-06-14,0.5996462405160372,0.600402981136227,0.5986776159952765,0.5994343566154663,0,0,0.0,98343.5,98343.5,,,HOLD
2022-06-15,0.5994343566154663,0.6002526731140487,0.5985820305580046,0.5994003470565871,0,0,0.0,98343.5,98343.5,,,HOLD
2022-06-16,0.5994003470565871,0.6000658061972138,0.5986776287530473,0.5993430878936741,0,0,0.0,98343.5,98343.5,,,HOLD
2022-06-17,0.5993430878936741,0.5996155170762868,0.598502055938156,0.5987744851207687,0,0,0.0,98343.5,98343.5,,,HOLD
2022-06-20,0.5987744851207687,0.5993805307625522,0.5980192160104425,0.598625261652226,0,0,0.0,98343.5,98343.5,,,HOLD
2022-06-21,0.598625261652226,0.5994838306430096,0.5962657836498336,0.5971243526406173,0,0,0.0,98343.5,98343.5,,,HOLD
2022-06-22,0.5971243526406173,0.6034321692675348,0.5966662834467993,0.6029741000737169,0,0,0.0,98343.5,98343.5,,,HOLD
2022-06-23,0.6029741000737169,0.6062953860361128,0.602771729281994,0.6060930152443899,0,0,0.0,98343.5,98343.5,,,HOLD
2022-06-24,0.6060930152443899,0.6065696272171046,0.600852113158274,0.6013287251309888,0,0,0.0,98343.5,98343.5,,,HOLD
2022-06-27,0.6013287251309888,0.6022205180212882,0.5996479289516669,0.6005397218419662,0,0,0.0,98343.5,98343.5,,,HOLD
2022-06-28,0.6005397218419662,0.6055632500762126,0.6003833648495028,0.6054068930837492,0,0,0.0,98343.5,98343.5,,,HOLD
2022-06-29,0.6054068930837492,0.6074372240291882,0.6049456231744768,0.6069759541199158,0,0,0.0,98343.5,98343.5,,,HOLD
2022-06-30,0.6069759541199158,0.6098627993966975,0.6063892328603637,0.6092760781371455,0,0,0.0,98343.5,98343.5,,,HOLD
2022-07-01,0.6092760781371455,0.6097744606982541,0.6068015373232821,0.6072999198843908,0,0,0.0,98343.5,98343.5,,,HOLD
2022-07-04,0.6072999198843908,0.6076918495442719,0.6039374252319512,0.6043293548918323,0,0,0.0,98343.5,98343.5,,,HOLD
2022-07-05,0.6043293548918323,0.6075721162566596,0.6036628940292469,0.6069056553940743,0,0,0.0,98343.5,98343.5,,,HOLD
2022-07-06,0.6069056553940743,0.6070098323830336,0.603875305425805,0.6039794824147644,0,0,0.0,98343.5,98343.5,,,HOLD
2022-07-07,0.6039794824147644,0.6050238283712673,0.6014703431190819,0.6025146890755848,0,0,0.0,98343.5,98343.5,,,HOLD
2022-07-08,0.6025146890755848,0.6037129469380695,0.5987428679730079,0.5999411258354926,0,0,0.0,98343.5,98343.5,,,HOLD
2022-07-11,0.5999411258354926,0.6038868188722859,0.5996151834185529,0.6035608764553462,0,0,0.0,98343.5,98343.5,,,HOLD
2022-07-12,0.6035608764553462,0.6053179053811494,0.6027247014018676,0.6044817303276708,0,0,0.0,98343.5,98343.5,,,HOLD
2022-07-13,0.6044817303276708,0.6055077120962657,0.6028952269607344,0.6039212087293293,0,0,0.0,98343.5,98343.5,,,HOLD
2022-07-14,0.6039212087293293,0.603950076748036,0.6023494325053624,0.6023783005240692,0,0,0.0,98343.5,98343.5,,,HOLD
2022-07-15,0.6023783005240692,0.6049153707991143,0.6019167316548235,0.6044538019298686,0,0,0.0,98343.5,98343.5,,,HOLD
2022-07-18,0.6044538019298686,0.6070018473366773,0.6040129552490906,0.6065610006558992,0,0,0.0,98343.5,98343.5,,,HOLD
2022-07-19,0.6065610006558992,0.6090902830637593,0.6051151191574161,0.6076444015652762,0,0,0.0,98343.5,98343.5,,,HOLD
2022-07-20,0.6076444015652762,0.6082013918216016,0.6069744460061347,0.6075314362624601,0,0,0.0,98343.5,98343.5,,,HOLD
2022-07-21,0.6075314362624601,0.6080367233054789,0.6072469480015082,0.607752235044527,0,0,0.0,98343.5,98343.5,,,HOLD
2022-07-22,0.607752235044527,0.6085382287595714,0.6073101154345765,0.6080961091496209,0,0,0.0,98343.5,98343.5,,,HOLD
2022-07-25,0.6080961091496209,0.6087561447811782,0.6066320866080969,0.6072921222396542,0,0,0.0,98343.5,98343.5,,,HOLD
2022-07-26,0.6072921222396542,0.6076264606223719,0.6068757441153346,0.6072100824980523,0,0,0.0,98343.5,98343.5,,,HOLD
2022-07-27,0.6072100824980523,0.6080198542028356,0.6056102704029585,0.6064200421077417,0,0,0.0,98343.5,98343.5,,,HOLD
2022-07-28,0.6064200421077417,0.6072447209121518,0.6022085513364643,0.6030332301408744,0,0,0.0,98343.5,98343.5,,,HOLD
2022-07-29,0.6030332301408744,0.6034946355680225,0.6012441628168367,0.6017055682439848,0,0,0.0,98343.5,98343.5,,,HOLD
2022-08-01,0.6017055682439848,0.6049981158817889,0.6008221822369549,0.604114729874759,0,0,0.0,98343.5,98343.5,,,HOLD
2022-08-02,0.604114729874759,0.6061259485413892,0.6033555217030964,0.6053667403697266,0,0,0.0,98343.5,98343.5,,,HOLD
2022-08-03,0.6053667403697266,0.6086117635637305,0.6048826911836314,0.6081277143776352,0,0,0.0,98343.5,98343.5,,,HOLD
2022-08-04,0.6081277143776352,0.6081339429946212,0.6042493206118537,0.6042555492288396,0,0,0.0,98343.5,98343.5,,,HOLD
2022-08-05,0.6042555492288396,0.6046457043039754,0.6014232792717246,0.6018134343468603,0,0,0.0,98343.5,98343.5,,,HOLD
2022-08-08,0.6018134343468603,0.602520377304832,0.6001168285956724,0.6008237715536441,0,0,0.0,98343.5,98343.5,,,HOLD
2022-08-09,0.6008237715536441,0.6011203007093026,0.5984993053245186,0.598795834480177,0,0,0.0,98343.5,98343.5,,,HOLD
2022-08-10,0.598795834480177,0.599482119292723,0.5980699117717451,0.598756196584291,0,0,0.0,98343.5,98343.5,,,HOLD
2022-08-11,0.598756196584291,0.5999598452709551,0.5979946307279271,0.5991982794145913,0,0,0.0,98343.5,98343.5,,,HOLD
2022-08-12,0.5991982794145913,0.599787718667648,0.5967008360771016,0.5972902753301583,0,0,0.0,98343.5,98343.5,,,HOLD
2022-08-15,0.5972902753301583,0.5984478191023361,0.5936246487190681,0.5947821924912459,0,0,0.0,98343.5,98343.5,,,HOLD
2022-08-16,0.5947821924912459,0.5954499587523797,0.5894637924248457,0.5901315586859796,0,0,0.0,98343.5,98343.5,,,HOLD
2022-08-17,0.5901315586859796,0.594830534334335,0.5893861105059411,0.5940850861542966,0,0,0.0,98343.5,98343.5,,,HOLD
2022-08-18,0.5940850861542966,0.5952220406505507,0.5932655781866413,0.5944025326828954,0,0,0.0,98343.5,98343.5,,,HOLD
2022-08-19,0.5944025326828954,0.601374872208037,0.5934303177328029,0.6004026572579444,-1,-1,179096.51,98343.5,97249.2,0.599784,0.58331,SELL
2022-08-22,0.6004026572579444,0.6007256472688446,0.599870115374311,0.6001931053852112,-1,-1,184150.19,97340.37,97358.7,0.605579,0.589721,SELL
2022-08-23,0.6001931053852112,0.6016361279621671,0.5992761371173716,0.6007191596943275,-1,-1,184150.19,97340.37,97261.83,0.605579,0.589721,HOLD
2022-08-24,0.6007191596943275,0.6011278782293064,0.5988732915283718,0.5992820100633506,-1,-1,184150.19,97340.37,97526.48,0.605579,0.589721,HOLD
2022-08-25,0.5992820100633506,0.6025003321214716,0.5983855134038261,0.6016038354619471,-1,-1,184150.19,97340.37,97098.91,0.605579,0.589721,HOLD
2022-08-26,0.6016038354619471,0.602247459137304,0.5997959740389447,0.6004395977143017,0,-1,184150.19,97340.37,97313.31,0.605579,0.589721,HOLD
2022-08-29,0.6004395977143017,0.6013204324070157,0.5982173316677575,0.5990981663604715,0,-1,184150.19,97340.37,97560.33,0.605579,0.589721,HOLD
2022-08-30,0.5990981663604715,0.5997267198685131,0.5961425715756307,0.5967711250836722,0,-1,184150.19,97340.37,97988.86,0.605579,0.589721,HOLD
2022-08-31,0.5967711250836722,0.6002707457257567,0.5961169917834893,0.5996166124255737,0,-1,184150.19,97340.37,97464.86,0.605579,0.589721,HOLD
2022-09-01,0.5996166124255737,0.6002665742843942,0.5989260655711679,0.5995760274299884,0,-1,184150.19,97340.37,97472.34,0.605579,0.589721,HOLD
2022-09-02,0.5995760274299884,0.5997331823897655,0.5964027844902509,0.5965599394500279,0,-1,184150.19,97340.37,98027.75,0.605579,0.589721,HOLD
2022-09-05,0.5965599394500279,0.6002488665002979,0.5956265854358435,0.5993155124861134,0,-1,184150.19,97340.37,97520.31,0.605579,0.589721,HOLD
2022-09-06,0.5993155124861134,0.6025929468601238,0.5985141220003716,0.601791556374382,0,-1,184150.19,97340.37,97064.35,0.605579,0.589721,HOLD
2022-09-07,0.601791556374382,0.6021320941335667,0.599760018505079,0.6001005562642637,0,-1,184150.19,97340.37,97375.74,0.605579,0.589721,HOLD
2022-09-08,0.6001005562642637,0.6044229191423285,0.599348765969455,0.6036711288475197,0,-1,184150.19,97340.37,96718.22,0.605579,0.589721,HOLD
2022-09-09,0.6036711288475197,0.6045098201767858,0.6009737857833567,0.6018124771126228,0,-1,184150.19,97340.37,97060.49,0.605579,0.589721,HOLD
2022-09-12,0.6018124771126228,0.6025868653756855,0.5986534005816017,0.5994277888446644,0,-1,184150.19,97340.37,97499.63,0.605579,0.589721,HOLD
2022-09-13,0.5994277888446644,0.5997484003814707,0.596141227856328,0.5964618393931342,0,-1,184150.19,97340.37,98045.81,0.605579,0.589721,HOLD
2022-09-14,0.5964618393931342,0.5968015640849339,0.5960155653139447,0.5963552900057444,0,-1,184150.19,97340.37,98065.43,0.605579,0.589721,HOLD
2022-09-15,0.5963552900057444,0.6003716795158318,0.5954836441640237,0.5995000336741111,-1,-1,184150.19,97340.37,97486.33,0.605579,0.589721,HOLD
2022-09-16,0.5995000336741111,0.6000402814567138,0.5941431988415055,0.5946834466241082,-1,-1,184150.19,97340.37,98373.31,0.605579,0.589721,HOLD
2022-09-19,0.5946834466241082,0.5956339529693822,0.5902401953809241,0.591190701726198,-1,-1,184150.19,97340.37,99016.49,0.605579,0.589721,HOLD
2022-09-20,0.591190701726198,0.5917978301931427,0.5887210209274771,0.5893281493944218,-1,-1,178388.9,99266.92,99579.55,0.596645,0.579951,SELL
2022-09-21,0.5893281493944218,0.5898667942339756,0.5885993769997568,0.5891380218393106,-1,-1,178388.9,99266.92,99613.47,0.596645,0.579951,HOLD
2022-09-22,0.5891380218393106,0.5898275463765027,0.5862593160207655,0.5869488405579576,-1,-1,178388.9,99266.92,100004.0,0.596645,0.579951,HOLD
2022-09-23,0.5869488405579576,0.587560803903868,0.5855928484108308,0.5862048117567412,-1,-1,178388.9,99266.92,100136.72,0.596645,0.579951,HOLD
2022-09-26,0.5862048117567412,0.587281208166927,0.5835075323441846,0.5845839287543704,-1,-1,178388.9,99266.92,100425.87,0.596645,0.579951,HOLD
2022-09-27,0.5845839287543704,0.585747291754259,0.5789326912981189,0.5800960542980075,-1,-1,176327.09,101232.63,102004.57,0.590215,0.572992,SELL
2022-09-28,0.5800960542980075,0.5805103866103469,0.5774385365088971,0.5778528688212365,-1,-1,176327.09,101232.63,102400.11,0.590215,0.572992,HOLD
2022-09-29,0.5778528688212365,0.5778607946593143,0.5739665013815566,0.5739744272196343,-1,-1,176327.09,101232.63,103083.98,0.590215,0.572992,HOLD
2022-09-30,0.5739744272196343,0.5746291495088774,0.5735576206699181,0.5742123429591612,-1,-1,176327.09,101232.63,103042.03,0.590215,0.572992,HOLD
2022-10-03,0.5742123429591612,0.5745134590497523,0.5704466708094742,0.5707477869000652,-1,-1,194507.89,103237.89,103890.38,0.57941,0.563487,SELL
2022-10-04,0.5707477869000652,0.5727024079955085,0.5699515891364281,0.5719062102318714,-1,-1,194507.89,103237.89,103665.06,0.57941,0.563487,HOLD
2022-10-05,0.5719062102318714,0.5728382848873138,0.568422451367702,0.5693545260231444,-1,-1,194507.89,103237.89,104161.38,0.57941,0.563487,HOLD
2022-10-06,0.5693545260231444,0.5697551716678425,0.5668606674865142,0.5672613131312123,-1,-1,194507.89,103237.89,104568.53,0.57941,0.563487,HOLD
2022-10-07,0.5672613131312123,0.5673048215191784,0.5672384948956675,0.5672820032836335,-1,-1,194507.89,103237.89,104564.5,0.57941,0.563487,HOLD
2022-10-10,0.5672820032836335,0.5678024878122735,0.5617395516658564,0.5622600361944964,-1,-1,215078.73,105281.25,106337.71,0.572067,0.557382,SELL
2022-10-11,0.5622600361944964,0.5643814240412255,0.5617012344067646,0.5638226222534937,-1,-1,215078.73,105281.25,106001.63,0.572067,0.557382,HOLD
2022-10-12,0.5638226222534937,0.5640187171021794,0.5619809110332222,0.562177005881908,-1,-1,215078.73,105281.25,106355.57,0.572067,0.557382,HOLD
2022-10-13,0.562177005881908,0.564223763162944,0.5614870865027586,0.5635338437837946,-1,-1,215078.73,105281.25,106063.74,0.572067,0.557382,HOLD
2022-10-14,0.5635338437837946,0.5640427414821725,0.5613547654274715,0.5618636631258495,-1,-1,215078.73,105281.25,106422.96,0.572067,0.557382,HOLD
2022-10-17,0.5618636631258495,0.5637881785908815,0.5615403803920694,0.5634648958571015,-1,-1,215078.73,105281.25,106078.57,0.572067,0.557382,HOLD
2022-10-18,0.5634648958571015,0.5648276042301776,0.5625978296786678,0.563960538051744,-1,-1,215078.73,105281.25,105971.97,0.572067,0.557382,HOLD
2022-10-19,0.563960538051744,0.5651732331461133,0.563641533608909,0.5648542287032784,-1,-1,215078.73,105281.25,105779.76,0.572067,0.557382,HOLD
2022-10-20,0.5648542287032784,0.5685561943338319,0.5640709537567041,0.5677729193872576,-1,-1,215078.73,105281.25,105152.01,0.572067,0.557382,HOLD
2022-10-21,0.5677729193872576,0.5683769164635765,0.5660223856204908,0.5666263826968096,-1,-1,215078.73,105281.25,105398.6,0.572067,0.557382,HOLD
2022-10-24,0.5666263826968096,0.5672264951412284,0.5658346211470443,0.566434733591463,-1,-1,215078.73,105281.25,105439.82,0.572067,0.557382,HOLD
2022-10-25,0.566434733591463,0.566896576547266,0.5631616619202873,0.5636235048760903,-1,-1,215078.73,105281.25,106044.46,0.572067,0.557382,HOLD
2022-10-26,0.5636235048760903,0.5668943912496045,0.5628697860998675,0.5661406724733817,-1,-1,215078.73,105281.25,105503.07,0.572067,0.557382,HOLD
2022-10-27,0.5661406724733817,0.5689100112319799,0.5651421414322503,0.5679114801908485,-1,-1,215078.73,105281.25,105122.21,0.572067,0.557382,HOLD
2022-10-28,0.5679114801908485,0.5700701018906877,0.5673844218383867,0.5695430435382259,-1,-1,215078.73,105281.25,104771.29,0.572067,0.557382,HOLD
2022-10-31,0.5695430435382259,0.5703487165993203,0.5692105410239502,0.5700162140850445,-1,-1,215078.73,105281.25,104669.52,0.572067,0.557382,HOLD
2022-11-01,0.5700162140850445,0.570770036338933,0.5662378627511347,0.5669916850050232,-1,-1,215078.73,105281.25,105320.04,0.572067,0.557382,HOLD
2022-11-02,0.5669916850050232,0.5678518282781387,0.5641918628963596,0.5650520061694752,-1,-1,215078.73,105281.25,105737.22,0.572067,0.557382,HOLD
2022-11-03,0.5650520061694752,0.5662420584444982,0.5647706802255476,0.5659607325005706,-1,-1,215078.73,105281.25,105541.77,0.572067,0.557382,HOLD
2022-11-04,0.5659607325005706,0.5680732207727749,0.5650293147302219,0.5671418030024262,-1,-1,215078.73,105281.25,105287.75,0.572067,0.557382,HOLD
2022-11-07,0.5671418030024262,0.5726845246397986,0.566568188638803,0.5721109102761753,-1,-1,221350.59,104204.78,103080.52,0.571739,0.557616,SELL
2022-11-08,0.5721109102761753,0.5732959053765205,0.5716267708162501,0.5728117659165953,0,0,0.0,103138.39,103138.39,,,STOP
2022-11-09,0.5728117659165953,0.5731896112412889,0.5723397364406428,0.5727175817653364,0,0,0.0,103138.39,103138.39,,,HOLD
2022-11-10,0.5727175817653364,0.5728220649624483,0.5695755485918805,0.5696800317889924,0,0,0.0,103138.39,103138.39,,,HOLD
2022-11-11,0.5696800317889924,0.5702144096102366,0.5685533211838467,0.5690876990050909,0,0,0.0,103138.39,103138.39,,,HOLD
2022-11-14,0.5690876990050909,0.5700023280257362,0.5631320013154679,0.5640466303361132,0,0,0.0,103138.39,103138.39,,,HOLD
2022-11-15,0.5640466303361132,0.5665961894030572,0.5633493516789239,0.5658989107458678,0,0,0.0,103138.39,103138.39,,,HOLD
2022-11-16,0.5658989107458678,0.5673723569216115,0.5655548538885962,0.5670283000643398,-1,-1,229147.87,103138.39,102854.38,0.57029,0.556787,SELL
2022-11-17,0.5670283000643398,0.5699724864403859,0.5659872081746682,0.5689313945507143,-1,-1,229147.87,103138.39,102418.29,0.57029,0.556787,HOLD
2022-11-18,0.5689313945507143,0.5732300677217282,0.5684299979538794,0.5727286711248933,-1,-1,202843.42,102081.8,101289.23,0.573854,0.558756,SELL
2022-11-21,0.5727286711248933,0.5746026275176463,0.5723868023258035,0.5742607587185565,-1,-1,211185.26,101038.66,100691.88,0.577403,0.56305,SELL
2022-11-22,0.5742607587185565,0.5782405564082271,0.573684318668054,0.5776641163577246,0,0,0.0,100005.05,100005.05,,,STOP
2022-11-23,0.5776641163577246,0.5816074428583996,0.5767083727389873,0.5806516992396623,0,0,0.0,100005.05,100005.05,,,HOLD
2022-11-24,0.5806516992396623,0.5810080650253915,0.5792866359577858,0.579643001743515,0,0,0.0,100005.05,100005.05,,,HOLD
2022-11-25,0.579643001743515,0.5802992887036267,0.5777675612481303,0.578423848208242,0,0,0.0,100005.05,100005.05,,,HOLD
2022-11-28,0.578423848208242,0.5792813064592153,0.577382323855462,0.5782397821064352,0,0,0.0,100005.05,100005.05,,,HOLD
2022-11-29,0.5782397821064352,0.5793177722930749,0.5778558717062453,0.578933861892885,0,0,0.0,100005.05,100005.05,,,HOLD
2022-11-30,0.578933861892885,0.5797635433573247,0.5754325190718704,0.5762622005363102,0,0,0.0,100005.05,100005.05,,,HOLD
2022-12-01,0.5762622005363102,0.5769185490752071,0.5750640967803498,0.5757204453192467,0,0,0.0,100005.05,100005.05,,,HOLD
2022-12-02,0.5757204453192467,0.5762753786202855,0.5733051737128337,0.5738601070138726,0,0,0.0,100005.05,100005.05,,,HOLD
2022-12-05,0.5738601070138726,0.5753248226826356,0.5731059176540172,0.5745706333227802,0,0,0.0,100005.05,100005.05,,,HOLD
2022-12-06,0.5745706333227802,0.575045242740201,0.5731185382004705,0.5735931476178913,0,0,0.0,100005.05,100005.05,,,HOLD
2022-12-07,0.5735931476178913,0.5747568394095733,0.57003283105488,0.5711965228465621,0,0,0.0,100005.05,100005.05,,,HOLD
2022-12-08,0.5711965228465621,0.5718613175457513,0.5701192186990909,0.5707840133982801,0,0,0.0,100005.05,100005.05,,,HOLD
2022-12-09,0.5707840133982801,0.5717646056622251,0.5671648872142319,0.5681454794781768,0,0,0.0,100005.05,100005.05,,,HOLD
2022-12-12,0.5681454794781768,0.5687540201441534,0.5642068015697169,0.5648153422356935,0,0,0.0,100005.05,100005.05,,,HOLD
2022-12-13,0.5648153422356935,0.5653675191744746,0.5584438136398104,0.5589959905785915,0,0,0.0,100005.05,100005.05,,,HOLD
2022-12-14,0.5589959905785915,0.5611202666621227,0.5581651640798053,0.5602894401633365,0,0,0.0,100005.05,100005.05,,,HOLD
2022-12-15,0.5602894401633365,0.5616328785374671,0.5599194542941651,0.5612628926682958,0,0,0.0,100005.05,100005.05,,,HOLD
2022-12-16,0.5612628926682958,0.5616745918012677,0.5588800434479525,0.5592917425809244,-1,-1,208515.98,100005.05,100393.13,0.565949,0.551561,SELL
2022-12-19,0.5592917425809244,0.5613090932102718,0.5587988345512209,0.5608161851805683,-1,-1,208515.98,100005.05,100075.26,0.565949,0.551561,HOLD
2022-12-20,0.5608161851805683,0.5615832066779997,0.5583543715181551,0.5591213930155865,-1,-1,208515.98,100005.05,100428.65,0.565949,0.551561,HOLD
2022-12-21,0.5591213930155865,0.5597700487605841,0.5575435314060375,0.5581921871510351,-1,-1,208515.98,100005.05,100622.4,0.565949,0.551561,HOLD
2022-12-22,0.5581921871510351,0.5590938782494163,0.5557390805930386,0.5566407716914197,-1,-1,208515.98,100005.05,100945.9,0.565949,0.551561,HOLD
2022-12-23,0.5566407716914197,0.5611303546076963,0.5560841514448029,0.5605737343610796,-1,-1,208515.98,100005.05,100125.81,0.565949,0.551561,HOLD
2022-12-26,0.5605737343610796,0.5610730121923334,0.5596636473295175,0.5601629251607713,-1,-1,208515.98,100005.05,100211.47,0.565949,0.551561,HOLD
2022-12-27,0.5601629251607713,0.5615727952678348,0.5597860496279294,0.5611959197349929,-1,-1,208515.98,100005.05,99996.08,0.565949,0.551561,HOLD
2022-12-28,0.5611959197349929,0.5618558577855571,0.5596777332686212,0.5603376713191854,-1,-1,208515.98,100005.05,100175.03,0.565949,0.551561,HOLD
2022-12-29,0.5603376713191854,0.56524841832177,0.5600995743324866,0.5650103213350711,-1,-1,208515.98,100005.05,99200.71,0.565949,0.551561,HOLD
2022-12-30,0.5650103213350711,0.5687587640196018,0.5646829910333886,0.5684314337179193,-1,-1,203701.62,98982.06,98262.77,0.569759,0.555182,SELL
2023-01-02,0.5684314337179193,0.568468666663202,0.5668693111771971,0.5669065441224798,0,-1,203701.62,98982.06,98573.39,0.569759,0.555182,HOLD
2023-01-03,0.5669065441224798,0.5724895692487934,0.5666638368652642,0.5722468619915778,0,0,0.0,97969.83,97969.83,,,STOP
2023-01-04,0.5722468619915778,0.5744712521657963,0.5716067935548216,0.5738311837290401,0,0,0.0,97969.83,97969.83,,,HOLD
2023-01-05,0.5738311837290401,0.5740901919863002,0.5708773748108754,0.5711363830681355,0,0,0.0,97969.83,97969.83,,,HOLD
2023-01-06,0.5711363830681355,0.5729275371952575,0.5705805894445486,0.5723717435716705,0,0,0.0,97969.83,97969.83,,,HOLD
2023-01-09,0.5723717435716705,0.5730452677266149,0.5704887342455867,0.571162258400531,0,0,0.0,97969.83,97969.83,,,HOLD
2023-01-10,0.571162258400531,0.5721316643555822,0.5705382586567767,0.5715076646118278,0,0,0.0,97969.83,97969.83,,,HOLD
2023-01-11,0.5715076646118278,0.5733910074038191,0.5710476899790855,0.5729310327710768,0,0,0.0,97969.83,97969.83,,,HOLD
2023-01-12,0.5729310327710768,0.5783347837242931,0.5721513504710816,0.5775551014242979,0,0,0.0,97969.83,97969.83,,,HOLD
2023-01-13,0.5775551014242979,0.5806126555598472,0.5772102502341141,0.5802678043696634,0,0,0.0,97969.83,97969.83,,,HOLD
2023-01-16,0.5802678043696634,0.5820440167555806,0.579868797217452,0.5816450096033692,0,0,0.0,97969.83,97969.83,,,HOLD
2023-01-17,0.5816450096033692,0.5843013445885478,0.5809740817592646,0.5836304167444432,0,0,0.0,97969.83,97969.83,,,HOLD
2023-01-18,0.5836304167444432,0.5880437793112882,0.5826087484387572,0.5870221110056022,0,0,0.0,97969.83,97969.83,,,HOLD
2023-01-19,0.5870221110056022,0.5881357218973079,0.5838354994132934,0.5849491103049991,0,0,0.0,97969.83,97969.83,,,HOLD
2023-01-20,0.5849491103049991,0.5857508005898138,0.5822503466200294,0.5830520369048441,0,0,0.0,97969.83,97969.83,,,HOLD
2023-01-23,0.5830520369048441,0.5835662829230298,0.5824895266110863,0.583003772629272,0,0,0.0,97969.83,97969.83,,,HOLD
2023-01-24,0.583003772629272,0.5879200805974709,0.5816377437241065,0.5865540516923053,0,0,0.0,97969.83,97969.83,,,HOLD
2023-01-25,0.5865540516923053,0.5881468721154126,0.5860719496799527,0.58766477010306,0,0,0.0,97969.83,97969.83,,,HOLD
2023-01-26,0.58766477010306,0.587728824581582,0.5875546582738707,0.5876187127523927,0,0,0.0,97969.83,97969.83,,,HOLD
2023-01-27,0.5876187127523927,0.5897453687773125,0.5870509668387521,0.5891776228636719,0,0,0.0,97969.83,97969.83,,,HOLD
2023-01-30,0.5891776228636719,0.5917062218896302,0.5886880598366637,0.591216658862622,0,0,0.0,97969.83,97969.83,,,HOLD
2023-01-31,0.591216658862622,0.5916198946050533,0.5903142991909419,0.5907175349333732,0,0,0.0,97969.83,97969.83,,,HOLD
2023-02-01,0.5907175349333732,0.5914766084474897,0.5898619329107485,0.590621006424865,0,0,0.0,97969.83,97969.83,,,HOLD
2023-02-02,0.590621006424865,0.5911737825210991,0.5867600931123532,0.5873128692085873,0,0,0.0,97969.83,97969.83,,,HOLD
2023-02-03,0.5873128692085873,0.5880261866617726,0.5856713643471759,0.5863846818003613,0,0,0.0,97969.83,97969.83,,,HOLD
2023-02-06,0.5863846818003613,0.5897122397560542,0.5851875485413058,0.5885151064969988,0,0,0.0,97969.83,97969.83,,,HOLD
2023-02-07,0.5885151064969988,0.589890214447009,0.5882131210492036,0.5895882289992138,0,0,0.0,97969.83,97969.83,,,HOLD
2023-02-08,0.5895882289992138,0.5904450581086877,0.5850301540479987,0.5858869831574727,0,0,0.0,97969.83,97969.83,,,HOLD
2023-02-09,0.5858869831574727,0.586846931485641,0.5834269000212768,0.5843868483494452,0,0,0.0,97969.83,97969.83,,,HOLD
2023-02-10,0.5843868483494452,0.5852750420664595,0.5825875308698361,0.5834757245868504,0,0,0.0,97969.83,97969.83,,,HOLD
2023-02-13,0.5834757245868504,0.5844151499135497,0.5818037456559748,0.5827431709826741,0,0,0.0,97969.83,97969.83,,,HOLD
2023-02-14,0.5827431709826741,0.5860219807265827,0.5817582971112291,0.5850371068551377,0,0,0.0,97969.83,97969.83,,,HOLD
2023-02-15,0.5850371068551377,0.5855162955634181,0.5828953733794977,0.5833745620877782,0,0,0.0,97969.83,97969.83,,,HOLD
2023-02-16,0.5833745620877782,0.5843311550660555,0.5826553044263548,0.5836118974046322,0,0,0.0,97969.83,97969.83,,,HOLD
2023-02-17,0.5836118974046322,0.5847053000761924,0.5822665065087136,0.5833599091802738,0,0,0.0,97969.83,97969.83,,,HOLD
2023-02-20,0.5833599091802738,0.5838696829988989,0.5805331330314265,0.5810429068500516,0,0,0.0,97969.83,97969.83,,,HOLD
2023-02-21,0.5810429068500516,0.581800134982995,0.5753739718874858,0.5761312000204293,0,0,0.0,97969.83,97969.83,,,HOLD
2023-02-22,0.5761312000204293,0.5779172063232715,0.5755454523622335,0.5773314586650757,0,0,0.0,97969.83,97969.83,,,HOLD
2023-02-23,0.5773314586650757,0.5779980774107789,0.5737063373272239,0.574372956072927,0,0,0.0,97969.83,97969.83,,,HOLD
2023-02-24,0.574372956072927,0.5754703114817218,0.5740521369891385,0.5751494923979332,0,0,0.0,97969.83,97969.83,,,HOLD
2023-02-27,0.5751494923979332,0.5756221802799126,0.5717098852518705,0.5721825731338499,0,0,0.0,97969.83,97969.83,,,HOLD
2023-02-28,0.5721825731338499,0.5730985210141463,0.5686880382954397,0.569603986175736,0,0,0.0,97969.83,97969.83,,,HOLD
2023-03-01,0.569603986175736,0.5705916349445641,0.569135701961086,0.570123350729914,0,0,0.0,97969.83,97969.83,,,HOLD
2023-03-02,0.570123350729914,0.5705931823232334,0.5693788607137534,0.5698486923070728,0,0,0.0,97969.83,97969.83,,,HOLD
2023-03-03,0.5698486923070728,0.5737132615735089,0.5694480915967781,0.5733126608632142,0,0,0.0,97969.83,97969.83,,,HOLD
2023-03-06,0.5733126608632142,0.5760951927662287,0.5728689401332122,0.5756514720362267,0,0,0.0,97969.83,97969.83,,,HOLD
2023-03-07,0.5756514720362267,0.5775985725226659,0.5745593917079598,0.576506492194399,0,0,0.0,97969.83,97969.83,,,HOLD
2023-03-08,0.576506492194399,0.5773007847272565,0.5763606023506413,0.5771548948834989,0,0,0.0,97969.83,97969.83,,,HOLD
2023-03-09,0.5771548948834989,0.5778348377740995,0.5769434262590705,0.577623369149671,0,0,0.0,97969.83,97969.83,,,HOLD
2023-03-10,0.577623369149671,0.578049717818256,0.5740841799246144,0.5745105285931993,0,0,0.0,97969.83,97969.83,,,HOLD
2023-03-13,0.5745105285931993,0.5758259177632555,0.5738943256655342,0.5752097148355905,0,0,0.0,97969.83,97969.83,,,HOLD
2023-03-14,0.5752097148355905,0.5767598998319622,0.575045200494374,0.5765953854907457,0,0,0.0,97969.83,97969.83,,,HOLD
2023-03-15,0.5765953854907457,0.5772994090588895,0.5747765353673102,0.575480558935454,0,0,0.0,97969.83,97969.83,,,HOLD
2023-03-16,0.575480558935454,0.5757938097753589,0.5751387481335268,0.5754519989734317,0,0,0.0,97969.83,97969.83,,,HOLD
2023-03-17,0.5754519989734317,0.5782009251878972,0.5753556503117379,0.5781045765262034,0,0,0.0,97969.83,97969.83,,,HOLD
2023-03-20,0.5781045765262034,0.5786042625491767,0.5737259589165584,0.5742256449395318,0,0,0.0,97969.83,97969.83,,,HOLD
2023-03-21,0.5742256449395318,0.5750157273026081,0.5736174432329069,0.5744075255959832,0,0,0.0,97969.83,97969.83,,,HOLD
2023-03-22,0.5744075255959832,0.57470420782573,0.5725418060168158,0.5728384882465626,0,0,0.0,97969.83,97969.83,,,HOLD
2023-03-23,0.5728384882465626,0.5732155432508043,0.569626591779046,0.5700036467832876,0,0,0.0,97969.83,97969.83,,,HOLD
2023-03-24,0.5700036467832876,0.5702297545908,0.5685755160093677,0.5688016238168802,0,0,0.0,97969.83,97969.83,,,HOLD
2023-03-27,0.5688016238168802,0.5692356667525483,0.5671813379745674,0.5676153809102356,0,0,0.0,97969.83,97969.83,,,HOLD
2023-03-28,0.5676153809102356,0.5700139305471023,0.5673677069954977,0.5697662566323644,0,0,0.0,97969.83,97969.83,,,HOLD
2023-03-29,0.5697662566323644,0.5703666420458882,0.5690875699864768,0.5696879554000006,0,0,0.0,97969.83,97969.83,,,HOLD
2023-03-30,0.5696879554000006,0.5703080095767818,0.5641785669603708,0.5647986211371521,0,0,0.0,97969.83,97969.83,,,HOLD
2023-03-31,0.5647986211371521,0.5659334042837806,0.563864517467052,0.5649993006136805,0,0,0.0,97969.83,97969.83,,,HOLD
2023-04-03,0.5649993006136805,0.5655870134712088,0.563942947604239,0.5645306604617673,0,0,0.0,97969.83,97969.83,,,HOLD
2023-04-04,0.5645306604617673,0.5649842763133723,0.5620869546557421,0.5625405705073472,0,0,0.0,97969.83,97969.83,,,HOLD
2023-04-05,0.5625405705073472,0.563158940874895,0.56143328371835,0.5620516540858979,0,0,0.0,97969.83,97969.83,,,HOLD
2023-04-06,0.5620516540858979,0.5631223954532318,0.5615003591694284,0.5625711005367624,0,0,0.0,97969.83,97969.83,,,HOLD
2023-04-07,0.5625711005367624,0.5655973316582191,0.5617589233892282,0.5647851545106849,0,0,0.0,97969.83,97969.83,,,HOLD
2023-04-10,0.5647851545106849,0.5653785701925009,0.5636670283870159,0.5642604440688319,0,0,0.0,97969.83,97969.83,,,HOLD
2023-04-11,0.5642604440688319,0.5660048628513897,0.5633879608421706,0.5651323796247284,0,0,0.0,97969.83,97969.83,,,HOLD
2023-04-12,0.5651323796247284,0.5663534602830332,0.5637311347931249,0.5649522154514297,0,0,0.0,97969.83,97969.83,,,HOLD
2023-04-13,0.5649522154514297,0.5656993977152743,0.5601339350702883,0.5608811173341329,0,0,0.0,97969.83,97969.83,,,HOLD
2023-04-14,0.5608811173341329,0.5609095846850792,0.5599772336592468,0.5600057010101931,0,0,0.0,97969.83,97969.83,,,HOLD
2023-04-17,0.5600057010101931,0.5618435919306657,0.5593800028185015,0.5612178937389741,0,0,0.0,97969.83,97969.83,,,HOLD
2023-04-18,0.5612178937389741,0.5618826293591085,0.5580894211320869,0.5587541567522213,0,0,0.0,97969.83,97969.83,,,HOLD
2023-04-19,0.5587541567522213,0.5590929384714202,0.5582695403972294,0.5586083221164283,0,0,0.0,97969.83,97969.83,,,HOLD
2023-04-20,0.5586083221164283,0.5597177719323962,0.5580939586761803,0.5592034084921482,0,0,0.0,97969.83,97969.83,,,HOLD
2023-04-21,0.5592034084921482,0.5604786949773732,0.558677910850782,0.559953197336007,0,0,0.0,97969.83,97969.83,,,HOLD
2023-04-24,0.559953197336007,0.569455652769587,0.5589999844963511,0.5685024399299311,0,0,0.0,97969.83,97969.83,,,HOLD
2023-04-25,0.5685024399299311,0.5716401035685194,0.567784333850157,0.5709219974887453,0,0,0.0,97969.83,97969.83,,,HOLD
2023-04-26,0.5709219974887453,0.5717246958871445,0.5681815942136862,0.5689842926120854,0,0,0.0,97969.83,97969.83,,,HOLD
2023-04-27,0.5689842926120854,0.5695441795747361,0.5683107373053219,0.5688706242679726,0,0,0.0,97969.83,97969.83,,,HOLD
2023-04-28,0.5688706242679726,0.5690131077659828,0.566368511327487,0.5665109948254972,0,0,0.0,97969.83,97969.83,,,HOLD
2023-05-01,0.5665109948254972,0.5671596072931713,0.5629857109900748,0.5636343234577489,0,0,0.0,97969.83,97969.83,,,HOLD
2023-05-02,0.5636343234577489,0.5650004800545338,0.5634528937202568,0.5648190503170417,0,0,0.0,97969.83,97969.83,,,HOLD
2023-05-03,0.5648190503170417,0.5655451595128169,0.564508200488605,0.5652343096843802,0,0,0.0,97969.83,97969.83,,,HOLD
2023-05-04,0.5652343096843802,0.5660877460180813,0.5642085766119802,0.5650620129456814,0,0,0.0,97969.83,97969.83,,,HOLD
2023-05-05,0.5650620129456814,0.5659191472578916,0.5639854455644046,0.5648425798766148,0,0,0.0,97969.83,97969.83,,,HOLD
2023-05-08,0.5648425798766148,0.5652410748434809,0.5637030098392433,0.5641015048061093,0,0,0.0,97969.83,97969.83,,,HOLD
2023-05-09,0.5641015048061093,0.5677144640952305,0.5636378690001363,0.5672508282892575,0,0,0.0,97969.83,97969.83,,,HOLD
2023-05-10,0.5672508282892575,0.570479544573055,0.5666009630463279,0.5698296793301254,0,0,0.0,97969.83,97969.83,,,HOLD
2023-05-11,0.5698296793301254,0.570724094820538,0.566597211102961,0.5674916265933736,0,0,0.0,97969.83,97969.83,,,HOLD
2023-05-12,0.5674916265933736,0.5688079584992117,0.5666925013880274,0.5680088332938655,0,0,0.0,97969.83,97969.83,,,HOLD
2023-05-15,0.5680088332938655,0.5708504848749553,0.5672393874009938,0.5700810389820835,0,0,0.0,97969.83,97969.83,,,HOLD
2023-05-16,0.5700810389820835,0.571752452904415,0.5698568103978445,0.571528224320176,0,0,0.0,97969.83,97969.83,,,HOLD
2023-05-17,0.571528224320176,0.5720715995924173,0.5670973862191879,0.5676407614914292,0,0,0.0,97969.83,97969.83,,,HOLD
2023-05-18,0.5676407614914292,0.568350249813404,0.5610410645249198,0.5617505528468946,0,0,0.0,97969.83,97969.83,,,HOLD
2023-05-19,0.5617505528468946,0.5641291786272886,0.5613468681615537,0.5637254939419477,0,0,0.0,97969.83,97969.83,,,HOLD
2023-05-22,0.5637254939419477,0.5661702933551555,0.5629453630086555,0.5653901624218632,0,0,0.0,97969.83,97969.83,,,HOLD
2023-05-23,0.5653901624218632,0.5662810930325611,0.5640778834615198,0.5649688140722177,0,0,0.0,97969.83,97969.83,,,HOLD
2023-05-24,0.5649688140722177,0.5657165000777259,0.562974193057672,0.5637218790631803,0,0,0.0,97969.83,97969.83,,,HOLD
2023-05-25,0.5637218790631803,0.5643449695091478,0.5615223076317726,0.5621453980777401,0,0,0.0,97969.83,97969.83,,,HOLD
2023-05-26,0.5621453980777401,0.5635934806761849,0.5614681261553092,0.5629162087537539,0,0,0.0,97969.83,97969.83,,,HOLD
2023-05-29,0.5629162087537539,0.5645402497185679,0.5614021628457946,0.5630262038106085,0,0,0.0,97969.83,97969.83,,,HOLD
2023-05-30,0.5630262038106085,0.5651839472824604,0.5627629801610751,0.5649207236329269,0,0,0.0,97969.83,97969.83,,,HOLD
2023-05-31,0.5649207236329269,0.5657786162230999,0.5593690680098868,0.5602269606000598,0,0,0.0,97969.83,97969.83,,,HOLD
2023-06-01,0.5602269606000598,0.5608302739503472,0.5568043459944562,0.5574076593447436,0,0,0.0,97969.83,97969.83,,,HOLD
2023-06-02,0.5574076593447436,0.557635407123396,0.5552765005904133,0.5555042483690658,0,0,0.0,97969.83,97969.83,,,HOLD
2023-06-05,0.5555042483690658,0.5562102157712663,0.5543635141242775,0.5550694815264781,0,0,0.0,97969.83,97969.83,,,HOLD
2023-06-06,0.5550694815264781,0.5581374415403602,0.5546990824403951,0.5577670424542772,0,0,0.0,97969.83,97969.83,,,HOLD
2023-06-07,0.5577670424542772,0.5585310591968111,0.555134606621033,0.5558986233635669,-1,-1,212966.04,97969.83,98344.32,0.562257,0.548457,SELL
2023-06-08,0.5558986233635669,0.5561567604058311,0.55492074766686,0.5551788847091241,-1,-1,212966.04,97969.83,98497.6,0.562257,0.548457,HOLD
2023-06-09,0.5551788847091241,0.5561119053016517,0.5531237580306859,0.5540567786232135,-1,-1,212966.04,97969.83,98736.57,0.562257,0.548457,HOLD
2023-06-12,0.5540567786232135,0.5553833655464736,0.551955414034985,0.5532820009582452,-1,-1,212966.04,97969.83,98901.57,0.562257,0.548457,HOLD
2023-06-13,0.5532820009582452,0.5539102432169432,0.551215365807263,0.551843608065961,-1,-1,212966.04,97969.83,99207.9,0.562257,0.548457,HOLD
2023-06-14,0.551843608065961,0.5562819644411151,0.5511933720210977,0.5556317283962519,-1,-1,212966.04,97969.83,98401.16,0.562257,0.548457,HOLD
2023-06-15,0.5556317283962519,0.5560848966755704,0.5533294291985144,0.5537825974778329,-1,-1,212966.04,97969.83,98794.96,0.562257,0.548457,HOLD
2023-06-16,0.5537825974778329,0.5544788071101757,0.5509777382875936,0.5516739479199364,-1,-1,212966.04,97969.83,99244.03,0.562257,0.548457,HOLD
2023-06-19,0.5516739479199364,0.5575601439992244,0.5513728706899842,0.5572590667692722,-1,-1,212966.04,97969.83,98054.59,0.562257,0.548457,HOLD
2023-06-20,0.5572590667692722,0.5588198426823313,0.5562859792449696,0.5578467551580287,-1,-1,212966.04,97969.83,97929.43,0.562257,0.548457,HOLD
2023-06-21,0.5578467551580287,0.5608393869950801,0.5573602753343933,0.5603529071714446,-1,-1,212966.04,97969.83,97395.71,0.562257,0.548457,HOLD
2023-06-22,0.5603529071714446,0.5614310249261497,0.557610765433909,0.5586888831886141,0,-1,212966.04,97969.83,97750.09,0.562257,0.548457,HOLD
2023-06-23,0.5586888831886141,0.5593497533035567,0.5559858693812483,0.5566467394961909,0,-1,212966.04,97969.83,98184.99,0.562257,0.548457,HOLD
2023-06-26,0.5566467394961909,0.5574130365626025,0.5557115968446084,0.55647789391102,0,-1,212966.04,97969.83,98220.95,0.562257,0.548457,HOLD
2023-06-27,0.55647789391102,0.5577305073857246,0.5563287583496,0.5575813718243047,0,-1,212966.04,97969.83,97985.95,0.562257,0.548457,HOLD
2023-06-28,0.5575813718243047,0.5596843516993515,0.5571679060012247,0.5592708858762715,0,-1,212966.04,97969.83,97626.14,0.562257,0.548457,HOLD
2023-06-29,0.5592708858762715,0.5602325317876189,0.5568065434623858,0.5577681893737332,0,-1,212966.04,97969.83,97946.16,0.562257,0.548457,HOLD
2023-06-30,0.5577681893737332,0.5586491738264187,0.5558960143762227,0.5567769988289082,0,-1,212966.04,97969.83,98157.25,0.562257,0.548457,HOLD
2023-07-03,0.5567769988289082,0.5568544894119805,0.556716016129466,0.5567935067125382,0,-1,212966.04,97969.83,98153.74,0.562257,0.548457,HOLD
2023-07-04,0.5567935067125382,0.5611886098505211,0.5564459842482176,0.5608410873862004,0,-1,212966.04,97969.83,97291.74,0.562257,0.548457,HOLD
2023-07-05,0.5608410873862004,0.5618138938042824,0.560536410333009,0.561509216751091,0,-1,212966.04,97969.83,97149.45,0.562257,0.548457,HOLD
2023-07-06,0.561509216751091,0.5641771608496563,0.5608252672646545,0.5634932113632198,0,0,0.0,96966.71,96966.71,,,STOP
2023-07-07,0.5634932113632198,0.5639199067976832,0.5594751264710255,0.5599018219054889,0,0,0.0,96966.71,96966.71,,,HOLD
2023-07-10,0.5599018219054889,0.5603619075364629,0.5590638556789522,0.5595239413099262,0,0,0.0,96966.71,96966.71,,,HOLD
2023-07-11,0.5595239413099262,0.5608293673880939,0.5588958130550198,0.5602012391331874,0,0,0.0,96966.71,96966.71,,,HOLD
2023-07-12,0.5602012391331874,0.5619472755708586,0.5593570741718994,0.5611031106095705,0,0,0.0,96966.71,96966.71,,,HOLD
2023-07-13,0.5611031106095705,0.5622505837664384,0.5594128088516968,0.5605602820085647,0,0,0.0,96966.71,96966.71,,,HOLD
2023-07-14,0.5605602820085647,0.563654519356256,0.5593808406191189,0.5624750779668102,0,0,0.0,96966.71,96966.71,,,HOLD
2023-07-17,0.5624750779668102,0.5629790447217836,0.5612185771406937,0.5617225438956671,0,0,0.0,96966.71,96966.71,,,HOLD
2023-07-18,0.5617225438956671,0.5659652077349445,0.561471018896887,0.5657136827361644,0,0,0.0,96966.71,96966.71,,,HOLD
2023-07-19,0.5657136827361644,0.5663889407117014,0.5605874273912013,0.5612626853667383,0,0,0.0,96966.71,96966.71,,,HOLD
2023-07-20,0.5612626853667383,0.5635377001985055,0.5602728176147841,0.5625478324465513,0,0,0.0,96966.71,96966.71,,,HOLD
2023-07-21,0.5625478324465513,0.5643389752864263,0.5616884357269818,0.5634795785668568,0,0,0.0,96966.71,96966.71,,,HOLD
2023-07-24,0.5634795785668568,0.5641144845124817,0.5626681828284527,0.5633030887740775,0,0,0.0,96966.71,96966.71,,,HOLD
2023-07-25,0.5633030887740775,0.5664170159615576,0.5626849410868755,0.5657988682743555,0,0,0.0,96966.71,96966.71,,,HOLD
2023-07-26,0.5657988682743555,0.5667688924381729,0.5628965943907968,0.5638666185546141,0,0,0.0,96966.71,96966.71,,,HOLD
2023-07-27,0.5638666185546141,0.5666293570378758,0.5628309722633817,0.5655937107466434,0,0,0.0,96966.71,96966.71,,,HOLD
2023-07-28,0.5655937107466434,0.5688484969041709,0.5649655050505802,0.5682202912081077,0,0,0.0,96966.71,96966.71,,,HOLD
2023-07-31,0.5682202912081077,0.5699589881219648,0.5670987831970011,0.5688374801108582,0,0,0.0,96966.71,96966.71,,,HOLD
2023-08-01,0.5688374801108582,0.5696476876313059,0.5669012960080603,0.567711503528508,0,0,0.0,96966.71,96966.71,,,HOLD
2023-08-02,0.567711503528508,0.5681832261050007,0.5634454738383199,0.5639171964148126,0,0,0.0,96966.71,96966.71,,,HOLD
2023-08-03,0.5639171964148126,0.567741666497977,0.5630181326563871,0.5668426027395514,0,0,0.0,96966.71,96966.71,,,HOLD
2023-08-04,0.5668426027395514,0.5699581318376854,0.5661427516006329,0.5692582806987668,0,0,0.0,96966.71,96966.71,,,HOLD
2023-08-07,0.5692582806987668,0.5708817249267119,0.5688599986275191,0.5704834428554642,0,0,0.0,96966.71,96966.71,,,HOLD
2023-08-08,0.5704834428554642,0.5710049251463798,0.5673923735847762,0.5679138558756919,0,0,0.0,96966.71,96966.71,,,HOLD
2023-08-09,0.5679138558756919,0.5681062106441969,0.5648495565207681,0.5650419112892731,0,0,0.0,96966.71,96966.71,,,HOLD
2023-08-10,0.5650419112892731,0.5680363513757603,0.5643629849487994,0.5673574250352866,0,0,0.0,96966.71,96966.71,,,HOLD
2023-08-11,0.5673574250352866,0.5680382831386734,0.5646995418988526,0.5653804000022394,0,0,0.0,96966.71,96966.71,,,HOLD
2023-08-14,0.5653804000022394,0.5687417024568762,0.5650441065503093,0.5684054090049461,0,0,0.0,96966.71,96966.71,,,HOLD
2023-08-15,0.5684054090049461,0.5693086223633786,0.5659126298950861,0.5668158432535186,0,0,0.0,96966.71,96966.71,,,HOLD
2023-08-16,0.5668158432535186,0.5678331757087823,0.5649247588804928,0.5659420913357565,0,0,0.0,96966.71,96966.71,,,HOLD
2023-08-17,0.5659420913357565,0.5664715286550193,0.5646430607328488,0.5651724980521116,0,0,0.0,96966.71,96966.71,,,HOLD
2023-08-18,0.5651724980521116,0.565838662774647,0.5615718672888551,0.5622380320113906,0,0,0.0,96966.71,96966.71,,,HOLD
2023-08-21,0.5622380320113906,0.5648466373532764,0.5620014866207693,0.5646100919626552,0,0,0.0,96966.71,96966.71,,,HOLD
2023-08-22,0.5646100919626552,0.5671222062487038,0.5636925314898719,0.5662046457759204,0,0,0.0,96966.71,96966.71,,,HOLD
2023-08-23,0.5662046457759204,0.5676870303061237,0.5653359939082724,0.5668183784384756,0,0,0.0,96966.71,96966.71,,,HOLD
2023-08-24,0.5668183784384756,0.5677095284092286,0.5648336672314015,0.5657248172021545,0,0,0.0,96966.71,96966.71,,,HOLD
2023-08-25,0.5657248172021545,0.5662515607783563,0.5606127553819708,0.5611394989581725,0,0,0.0,96966.71,96966.71,,,HOLD
2023-08-28,0.5611394989581725,0.5615866394429262,0.5586965768749954,0.5591437173597491,0,0,0.0,96966.71,96966.71,,,HOLD
2023-08-29,0.5591437173597491,0.560211632628421,0.5576858407109435,0.5587537559796154,0,0,0.0,96966.71,96966.71,,,HOLD
2023-08-30,0.5587537559796154,0.5588976057570362,0.5562137088155039,0.5563575585929247,0,0,0.0,96966.71,96966.71,,,HOLD
2023-08-31,0.5563575585929247,0.557142906650888,0.5536296267897747,0.5544149748477379,0,0,0.0,96966.71,96966.71,,,HOLD
2023-09-01,0.5544149748477379,0.5549163430142382,0.5517421072117588,0.552243475378259,0,0,0.0,96966.71,96966.71,,,HOLD
2023-09-04,0.552243475378259,0.5531034457784612,0.5504000535979943,0.5512600239981964,0,0,0.0,96966.71,96966.71,,,HOLD
2023-09-05,0.5512600239981964,0.5539709740333159,0.5507504987417522,0.5534614487768716,0,0,0.0,96966.71,96966.71,,,HOLD
2023-09-06,0.5534614487768716,0.5597835338678318,0.5530676359914981,0.5593897210824582,0,0,0.0,96966.71,96966.71,,,HOLD
2023-09-07,0.5593897210824582,0.5630956027801782,0.5591015835324882,0.5628074652302082,-1,-1,186365.97,96966.71,96309.26,0.564483,0.548874,SELL
2023-09-08,0.5628074652302082,0.5634489792435,0.5590426704336464,0.5596841844469382,-1,-1,186365.97,96966.71,96891.33,0.564483,0.548874,HOLD
2023-09-11,0.5596841844469382,0.5598467644046866,0.5593486699382869,0.5595112498960353,-1,-1,186365.97,96966.71,96923.56,0.564483,0.548874,HOLD
2023-09-12,0.5595112498960353,0.5633789615637415,0.5591081143653605,0.5629758260330666,-1,-1,186365.97,96966.71,96277.88,0.564483,0.548874,HOLD
2023-09-13,0.5629758260330666,0.5634731793731281,0.5581045145350714,0.5586018678751329,0,-1,186365.97,96966.71,97093.04,0.564483,0.548874,HOLD
2023-09-14,0.5586018678751329,0.5593852960935093,0.5552958558414612,0.5560792840598376,0,-1,186365.97,96966.71,97563.16,0.564483,0.548874,HOLD
2023-09-15,0.5560792840598376,0.5564645416204953,0.5552575798266743,0.555642837387332,0,-1,186365.97,96966.71,97644.5,0.564483,0.548874,HOLD
2023-09-18,0.555642837387332,0.5564961124666438,0.5506035393138093,0.5514568143931211,0,-1,186365.97,96966.71,98424.63,0.564483,0.548874,HOLD
2023-09-19,0.5514568143931211,0.5517577501730007,0.549733614724079,0.5500345505039586,0,-1,186365.97,96966.71,98689.69,0.564483,0.548874,HOLD
2023-09-20,0.5500345505039586,0.5515434010872882,0.5499589812574276,0.5514678318407572,0,-1,186365.97,96966.71,98422.58,0.564483,0.548874,HOLD
2023-09-21,0.5514678318407572,0.5521038046022249,0.5510442660427015,0.5516802388041692,-1,-1,186365.97,96966.71,98382.99,0.564483,0.548874,HOLD
2023-09-22,0.5516802388041692,0.55507610155533,0.5511107535648249,0.5545066163159857,-1,-1,186365.97,96966.71,97856.25,0.564483,0.548874,HOLD
2023-09-25,0.5545066163159857,0.5580706339811713,0.5537518482316047,0.5573158658967903,-1,-1,186365.97,96966.71,97332.7,0.564483,0.548874,HOLD
2023-09-26,0.5573158658967903,0.5582701132178858,0.5562183982750665,0.557172645596162,-1,-1,186365.97,96966.71,97359.4,0.564483,0.548874,HOLD
2023-09-27,0.557172645596162,0.5605011069850749,0.5562163836928061,0.5595448450817191,-1,-1,186365.97,96966.71,96917.3,0.564483,0.548874,HOLD
2023-09-28,0.5595448450817191,0.5602493445512081,0.5593125283254237,0.5600170277949127,0,-1,186365.97,96966.71,96829.3,0.564483,0.548874,HOLD
2023-09-29,0.5600170277949127,0.5651184040161372,0.559837284230066,0.5649386604512905,0,0,0.0,95976.54,95976.54,,,STOP
2023-10-02,0.5649386604512905,0.565030897940576,0.564854508166431,0.5649467456557166,0,0,0.0,95976.54,95976.54,,,HOLD
2023-10-03,0.5649467456557166,0.5666614569260375,0.5644827584691853,0.5661974697395062,0,0,0.0,95976.54,95976.54,,,HOLD
2023-10-04,0.5661974697395062,0.5709998218430384,0.5657960148667602,0.5705983669702924,0,0,0.0,95976.54,95976.54,,,HOLD
2023-10-05,0.5705983669702924,0.5725514393749501,0.5700753844423238,0.5720284568469814,0,0,0.0,95976.54,95976.54,,,HOLD
2023-10-06,0.5720284568469814,0.5727069560864614,0.5682666469496772,0.5689451461891571,0,0,0.0,95976.54,95976.54,,,HOLD
2023-10-09,0.5689451461891571,0.5702016306679576,0.5666183585221307,0.5678748430009312,0,0,0.0,95976.54,95976.54,,,HOLD
2023-10-10,0.5678748430009312,0.5687437925698856,0.5673298959795242,0.5681988455484787,0,0,0.0,95976.54,95976.54,,,HOLD
2023-10-11,0.5681988455484787,0.5704651446744146,0.5674254188855333,0.5696917180114692,0,0,0.0,95976.54,95976.54,,,HOLD
2023-10-12,0.5696917180114692,0.5717266351124464,0.5691558198385485,0.5711907369395256,0,0,0.0,95976.54,95976.54,,,HOLD
2023-10-13,0.5711907369395256,0.5738280441606891,0.5705733763531503,0.5732106835743138,0,0,0.0,95976.54,95976.54,,,HOLD
2023-10-16,0.5732106835743138,0.5748380343866362,0.5721138711346608,0.5737412219469832,0,0,0.0,95976.54,95976.54,,,HOLD
2023-10-17,0.5737412219469832,0.5766601334322843,0.5730588767629979,0.575977788248299,0,0,0.0,95976.54,95976.54,,,HOLD
2023-10-18,0.575977788248299,0.5765009264522413,0.5743845207138129,0.5749076589177551,0,0,0.0,95976.54,95976.54,,,HOLD
2023-10-19,0.5749076589177551,0.5756413531669627,0.5714092255865827,0.5721429198357904,0,0,0.0,95976.54,95976.54,,,HOLD
2023-10-20,0.5721429198357904,0.5727049623747454,0.5706600040331405,0.5712220465720956,0,0,0.0,95976.54,95976.54,,,HOLD
2023-10-23,0.5712220465720956,0.5720579153774197,0.5701593282535955,0.5709951970589195,0,0,0.0,95976.54,95976.54,,,HOLD
2023-10-24,0.5709951970589195,0.5732517673260625,0.5700639294661847,0.5723204997333277,0,0,0.0,95976.54,95976.54,,,HOLD
2023-10-25,0.5723204997333277,0.5761245388336225,0.5719198606023018,0.5757238997025966,0,0,0.0,95976.54,95976.54,,,HOLD
2023-10-26,0.5757238997025966,0.577094734856967,0.5752300454939366,0.5766008806483071,0,0,0.0,95976.54,95976.54,,,HOLD
2023-10-27,0.5766008806483071,0.5823064072012294,0.5760383069985787,0.581743833551501,0,0,0.0,95976.54,95976.54,,,HOLD
2023-10-30,0.581743833551501,0.5824881667638888,0.5788976971394577,0.5796420303518455,0,0,0.0,95976.54,95976.54,,,HOLD
2023-10-31,0.5796420303518455,0.5796950369579484,0.5795634438404592,0.5796164504465622,0,0,0.0,95976.54,95976.54,,,HOLD
2023-11-01,0.5796164504465622,0.5818005450793853,0.5790863188236771,0.5812704134565002,0,0,0.0,95976.54,95976.54,,,HOLD
2023-11-02,0.5812704134565002,0.5818545785921856,0.5786837293392624,0.5792678944749478,0,0,0.0,95976.54,95976.54,,,HOLD
2023-11-03,0.5792678944749478,0.579954811442171,0.5763481324047061,0.5770350493719293,0,0,0.0,95976.54,95976.54,,,HOLD
2023-11-06,0.5770350493719293,0.5786106828009295,0.5756759152993693,0.5772515487283696,0,0,0.0,95976.54,95976.54,,,HOLD
2023-11-07,0.5772515487283696,0.5780873527593653,0.5755007847956634,0.5763365888266591,0,0,0.0,95976.54,95976.54,,,HOLD
2023-11-08,0.5763365888266591,0.5782790055787466,0.575443816406366,0.5773862331584535,0,0,0.0,95976.54,95976.54,,,HOLD
2023-11-09,0.5773862331584535,0.5777247090327134,0.5750165792879516,0.5753550551622115,0,0,0.0,95976.54,95976.54,,,HOLD
2023-11-10,0.5753550551622115,0.5762659082342079,0.5752014951403253,0.5761123482123216,0,0,0.0,95976.54,95976.54,,,HOLD
2023-11-13,0.5761123482123216,0.5767136823846034,0.5730074092776621,0.573608743449944,0,0,0.0,95976.54,95976.54,,,HOLD
2023-11-14,0.573608743449944,0.573902038299922,0.5716495439258286,0.5719428387758067,0,0,0.0,95976.54,95976.54,,,HOLD
2023-11-15,0.5719428387758067,0.5723469571311544,0.5687376597611099,0.5691417781164576,0,0,0.0,95976.54,95976.54,,,HOLD
2023-11-16,0.5691417781164576,0.5695091024970313,0.5684698454709023,0.568837169851476,0,0,0.0,95976.54,95976.54,,,HOLD
2023-11-17,0.568837169851476,0.5734195940549246,0.5684291218531297,0.5730115460565782,0,0,0.0,95976.54,95976.54,,,HOLD
2023-11-20,0.5730115460565782,0.5753085751828156,0.5724494941893097,0.5747465233155471,0,0,0.0,95976.54,95976.54,,,HOLD
2023-11-21,0.5747465233155471,0.5753219019406794,0.5713973016988325,0.5719726803239649,0,0,0.0,95976.54,95976.54,,,HOLD
2023-11-22,0.5719726803239649,0.5730857287860762,0.5698832486399922,0.5709962971021035,0,0,0.0,95976.54,95976.54,,,HOLD
2023-11-23,0.5709962971021035,0.5713763320321535,0.5683149688924287,0.5686950038224787,0,0,0.0,95976.54,95976.54,,,HOLD
2023-11-24,0.5686950038224787,0.5691299726737876,0.5682543064044924,0.5686892752558013,0,0,0.0,95976.54,95976.54,,,HOLD
2023-11-27,0.5686892752558013,0.5700076047242962,0.5682074075595916,0.5695257370280866,0,0,0.0,95976.54,95976.54,,,HOLD
2023-11-28,0.5695257370280866,0.5717886600448144,0.5692221125891446,0.5714850356058724,0,0,0.0,95976.54,95976.54,,,HOLD
2023-11-29,0.5714850356058724,0.5732723582205766,0.5712220030099738,0.5730093256246781,0,0,0.0,95976.54,95976.54,,,HOLD
2023-11-30,0.5730093256246781,0.5762132808798478,0.5724484775442369,0.5756524327994066,0,0,0.0,95976.54,95976.54,,,HOLD
2023-12-01,0.5756524327994066,0.5766518523965538,0.5745318691631893,0.5755312887603365,0,0,0.0,95976.54,95976.54,,,HOLD
2023-12-04,0.5755312887603365,0.5782759163163413,0.5746978378067964,0.5774424653628012,0,0,0.0,95976.54,95976.54,,,HOLD
2023-12-05,0.5774424653628012,0.5793955033318675,0.576608591047007,0.5785616290160733,0,0,0.0,95976.54,95976.54,,,HOLD
2023-12-06,0.5785616290160733,0.5794032984140229,0.5779473281721974,0.578788997570147,0,0,0.0,95976.54,95976.54,,,HOLD
2023-12-07,0.578788997570147,0.578875992199389,0.5784617474354502,0.5785487420646922,0,0,0.0,95976.54,95976.54,,,HOLD
2023-12-08,0.5785487420646922,0.5787287276738976,0.575676513517802,0.5758564991270074,0,0,0.0,95976.54,95976.54,,,HOLD
2023-12-11,0.5758564991270074,0.5763431979858242,0.5747144028241762,0.575201101682993,0,0,0.0,95976.54,95976.54,,,HOLD
2023-12-12,0.575201101682993,0.5759751743474567,0.5733636545696953,0.574137727234159,0,0,0.0,95976.54,95976.54,,,HOLD
2023-12-13,0.574137727234159,0.5750672026062349,0.5701046031614769,0.5710340785335528,0,0,0.0,95976.54,95976.54,,,HOLD
2023-12-14,0.5710340785335528,0.5712896698728531,0.5698046487759008,0.5700602401152011,0,0,0.0,95976.54,95976.54,,,HOLD
2023-12-15,0.5700602401152011,0.5708339067875356,0.5665715928924961,0.5673452595648307,0,0,0.0,95976.54,95976.54,,,HOLD
2023-12-18,0.5673452595648307,0.5678145231521065,0.5640283788922393,0.5644976424795151,0,0,0.0,95976.54,95976.54,,,HOLD
2023-12-19,0.5644976424795151,0.5651535211517613,0.5607146233920562,0.5613705020643025,0,0,0.0,95976.54,95976.54,,,HOLD
2023-12-20,0.5613705020643025,0.5629536592540144,0.5610368181618108,0.5626199753515227,0,0,0.0,95976.54,95976.54,,,HOLD
2023-12-21,0.5626199753515227,0.5639161461243966,0.5624849131635312,0.563781083936405,0,0,0.0,95976.54,95976.54,,,HOLD
2023-12-22,0.563781083936405,0.5642726586795576,0.5633272072570762,0.5638187820002287,0,0,0.0,95976.54,95976.54,,,HOLD
2023-12-25,0.5638187820002287,0.5638321644439922,0.5637100684639492,0.5637234509077127,0,0,0.0,95976.54,95976.54,,,HOLD
2023-12-26,0.5637234509077127,0.5659861020649645,0.5629222279700286,0.5651848791272803,0,0,0.0,95976.54,95976.54,,,HOLD
2023-12-27,0.5651848791272803,0.5655926699676523,0.5630958792036407,0.5635036700440127,0,0,0.0,95976.54,95976.54,,,HOLD
2023-12-28,0.5635036700440127,0.5636487701580319,0.5604315779834624,0.5605766780974817,0,0,0.0,95976.54,95976.54,,,HOLD
2023-12-29,0.5605766780974817,0.561714670273793,0.5599469888513398,0.561084981027651,0,0,0.0,95976.54,95976.54,,,HOLD
2024-01-01,0.561084981027651,0.561552425184738,0.558998671372438,0.559466115529525,0,0,0.0,95976.54,95976.54,,,HOLD
2024-01-02,0.559466115529525,0.559621779052084,0.5586008680282827,0.5587565315508417,0,0,0.0,95976.54,95976.54,,,HOLD
2024-01-03,0.5587565315508417,0.5596424557597356,0.5581590543214539,0.5590449785303477,0,0,0.0,95976.54,95976.54,,,HOLD
2024-01-04,0.5590449785303477,0.5594768747878985,0.5552181346075935,0.5556500308651443,0,0,0.0,95976.54,95976.54,,,HOLD
2024-01-05,0.5556500308651443,0.5590139771564201,0.5549565014194325,0.5583204477107083,0,0,0.0,95976.54,95976.54,,,HOLD
2024-01-08,0.5583204477107083,0.5605271356200865,0.5582194536773433,0.5604261415867214,0,0,0.0,95976.54,95976.54,,,HOLD
2024-01-09,0.5604261415867214,0.5607517709761015,0.5590994762617528,0.5594251056511329,0,0,0.0,95976.54,95976.54,,,HOLD
2024-01-10,0.5594251056511329,0.5599794584917728,0.5570493932071279,0.5576037460477677,0,0,0.0,95976.54,95976.54,,,HOLD
2024-01-11,0.5576037460477677,0.5619312608793494,0.5568944332955037,0.5612219481270854,0,0,0.0,95976.54,95976.54,,,HOLD
2024-01-12,0.5612219481270854,0.5623994760708487,0.5606322588000163,0.5618097867437797,0,0,0.0,95976.54,95976.54,,,HOLD
2024-01-15,0.5618097867437797,0.5624544544775288,0.5574341062319901,0.5580787739657392,0,0,0.0,95976.54,95976.54,,,HOLD
2024-01-16,0.5580787739657392,0.5631491365291651,0.5576098233476794,0.5626801859111052,0,0,0.0,95976.54,95976.54,,,HOLD
2024-01-17,0.5626801859111052,0.5631695994140901,0.5610854149406983,0.5615748284436831,0,0,0.0,95976.54,95976.54,,,HOLD
2024-01-18,0.5615748284436831,0.5668072986679051,0.560629280806237,0.565861751030459,0,0,0.0,95976.54,95976.54,,,HOLD
2024-01-19,0.565861751030459,0.5681980373708885,0.5650367067755134,0.5673729931159429,0,0,0.0,95976.54,95976.54,,,HOLD
2024-01-22,0.5673729931159429,0.5682412519085902,0.5627192369390627,0.56358749573171,0,0,0.0,95976.54,95976.54,,,HOLD
2024-01-23,0.56358749573171,0.5644196376657091,0.5609146451337013,0.5617467870677004,0,0,0.0,95976.54,95976.54,,,HOLD
2024-01-24,0.5617467870677004,0.562301215636571,0.5598157492712075,0.560370177840078,0,0,0.0,95976.54,95976.54,,,HOLD
2024-01-25,0.560370177840078,0.5611000397262034,0.5580258961648246,0.5587557580509499,0,0,0.0,95976.54,95976.54,,,HOLD
2024-01-26,0.5587557580509499,0.5640678860264784,0.5576953104272949,0.5630074384028234,0,0,0.0,95976.54,95976.54,,,HOLD
2024-01-29,0.5630074384028234,0.5675169396218359,0.5622574332627048,0.5667669344817173,0,0,0.0,95976.54,95976.54,,,HOLD
2024-01-30,0.5667669344817173,0.5683918562966491,0.5665851594480916,0.5682100812630234,0,0,0.0,95976.54,95976.54,,,HOLD
2024-01-31,0.5682100812630234,0.5683262682919132,0.5669661486389869,0.5670823356678767,0,0,0.0,95976.54,95976.54,,,HOLD
2024-02-01,0.5670823356678767,0.5679168086926155,0.5661477866958331,0.5669822597205719,0,0,0.0,95976.54,95976.54,,,HOLD
2024-02-02,0.5669822597205719,0.5684423782595601,0.5661310857456026,0.5675912042845908,0,0,0.0,95976.54,95976.54,,,HOLD
2024-02-05,0.5675912042845908,0.5680667613975849,0.5638668174126233,0.5643423745256175,0,0,0.0,95976.54,95976.54,,,HOLD
2024-02-06,0.5643423745256175,0.5668140067202567,0.5633031818878405,0.5657748140824796,0,0,0.0,95976.54,95976.54,,,HOLD
2024-02-07,0.5657748140824796,0.5662111401186751,0.5613065035608875,0.561742829597083,0,0,0.0,95976.54,95976.54,,,HOLD
2024-02-08,0.561742829597083,0.5689047800278044,0.560630613140252,0.5677925635709734,0,0,0.0,95976.54,95976.54,,,HOLD
2024-02-09,0.5677925635709734,0.5694919466784625,0.5668331877010099,0.568532570808499,0,0,0.0,95976.54,95976.54,,,HOLD
2024-02-12,0.568532570808499,0.5687961916849447,0.565406654485861,0.5656702753623067,0,0,0.0,95976.54,95976.54,,,HOLD
2024-02-13,0.5656702753623067,0.566598655863085,0.5638024484335128,0.564730828934291,0,0,0.0,95976.54,95976.54,,,HOLD
2024-02-14,0.564730828934291,0.5656489081090623,0.5629730835564872,0.5638911627312585,0,0,0.0,95976.54,95976.54,,,HOLD
2024-02-15,0.5638911627312585,0.5645926308718484,0.5628773289926023,0.5635787971331923,0,0,0.0,95976.54,95976.54,,,HOLD
2024-02-16,0.5635787971331923,0.5638774128957412,0.5622012829451134,0.5624998987076624,0,0,0.0,95976.54,95976.54,,,HOLD
2024-02-19,0.5624998987076624,0.5627960595391368,0.5595623739938624,0.5598585348253369,0,0,0.0,95976.54,95976.54,,,HOLD
2024-02-20,0.5598585348253369,0.5618435256732413,0.5596493564084415,0.5616343472563459,0,0,0.0,95976.54,95976.54,,,HOLD
2024-02-21,0.5616343472563459,0.5621626235877446,0.5588204723223302,0.559348748653729,0,0,0.0,95976.54,95976.54,,,HOLD
2024-02-22,0.559348748653729,0.5620699311344437,0.5586769325092793,0.561398114989994,0,0,0.0,95976.54,95976.54,,,HOLD
2024-02-23,0.561398114989994,0.5629002311084611,0.56106052852334,0.562562644641807,0,0,0.0,95976.54,95976.54,,,HOLD
2024-02-26,0.562562644641807,0.5656351717434561,0.5619728012669465,0.5650453283685956,0,0,0.0,95976.54,95976.54,,,HOLD
2024-02-27,0.5650453283685956,0.5675468092004733,0.5647998139774955,0.5673012948093732,0,0,0.0,95976.54,95976.54,,,HOLD
2024-02-28,0.5673012948093732,0.5679772691231736,0.561532587393855,0.5622085617076554,0,0,0.0,95976.54,95976.54,,,HOLD
2024-02-29,0.5622085617076554,0.5664871229809809,0.5615250684999593,0.5658036297732848,0,0,0.0,95976.54,95976.54,,,HOLD
2024-03-01,0.5658036297732848,0.5667104375444773,0.559372917271915,0.5602797250431074,0,0,0.0,95976.54,95976.54,,,HOLD
2024-03-04,0.5602797250431074,0.5626959339805673,0.5594622124780115,0.5618784214154714,0,0,0.0,95976.54,95976.54,,,HOLD
2024-03-05,0.5618784214154714,0.5657351264377704,0.5609718467317145,0.5648285517540135,0,0,0.0,95976.54,95976.54,,,HOLD
2024-03-06,0.5648285517540135,0.5652681808785445,0.5620469352591033,0.5624865643836343,0,0,0.0,95976.54,95976.54,,,HOLD
2024-03-07,0.5624865643836343,0.565115157656162,0.5619362888859855,0.5645648821585132,0,0,0.0,95976.54,95976.54,,,HOLD
2024-03-08,0.5645648821585132,0.5653147567174295,0.5631470177371122,0.5638968922960285,0,0,0.0,95976.54,95976.54,,,HOLD
2024-03-11,0.5638968922960285,0.5643569856156594,0.5593560831773968,0.5598161764970278,0,0,0.0,95976.54,95976.54,,,HOLD
2024-03-12,0.5598161764970278,0.5624998905608761,0.5593228981579926,0.562006612221841,0,0,0.0,95976.54,95976.54,,,HOLD
2024-03-13,0.562006612221841,0.5629730105845465,0.5590668798241647,0.5600332781868702,0,0,0.0,95976.54,95976.54,,,HOLD
2024-03-14,0.5600332781868702,0.560109374787308,0.5578932181323757,0.5579693147328135,0,0,0.0,95976.54,95976.54,,,HOLD
2024-03-15,0.5579693147328135,0.5582704894269307,0.5540529781106706,0.5543541528047877,0,0,0.0,95976.54,95976.54,,,HOLD
2024-03-18,0.5543541528047877,0.5550625202042455,0.5481883217581907,0.5488966891576484,0,0,0.0,95976.54,95976.54,,,HOLD
2024-03-19,0.5488966891576484,0.5495874933420708,0.5465620421434861,0.5472528463279085,0,0,0.0,95976.54,95976.54,,,HOLD
2024-03-20,0.5472528463279085,0.5479377848388022,0.5465845847476755,0.5472695232585691,-1,-1,166896.28,95976.54,95955.4,0.552894,0.535642,SELL
2024-03-21,0.5472695232585691,0.5504108816485304,0.5465223324284664,0.5496636908184276,-1,-1,166896.28,95976.54,95555.82,0.552894,0.535642,HOLD
2024-03-22,0.5496636908184276,0.5506690589283803,0.5491787178530961,0.5501840859630488,-1,-1,166896.28,95976.54,95468.97,0.552894,0.535642,HOLD
2024-03-25,0.5501840859630488,0.5509189286940943,0.5475566600850656,0.5482915028161112,-1,-1,166896.28,95976.54,95784.83,0.552894,0.535642,HOLD
2024-03-26,0.5482915028161112,0.5526410801625097,0.5479931703942753,0.5523427477406738,-1,-1,166896.28,95976.54,95108.7,0.552894,0.535642,HOLD
2024-03-27,0.5523427477406738,0.5526890612014187,0.5503968803808131,0.550743193841558,-1,-1,166896.28,95976.54,95375.66,0.552894,0.535642,HOLD
2024-03-28,0.550743193841558,0.5511802521550372,0.5487280615058362,0.5491651198193154,-1,-1,166896.28,95976.54,95639.03,0.552894,0.535642,HOLD
2024-03-29,0.5491651198193154,0.5496877302431834,0.5459948611418595,0.5465174715657275,-1,-1,166896.28,95976.54,96080.91,0.552894,0.535642,HOLD
2024-04-01,0.5465174715657275,0.5473800334514665,0.5459053670050292,0.5467679288907682,-1,-1,166896.28,95976.54,96039.11,0.552894,0.535642,HOLD
2024-04-02,0.5467679288907682,0.5491153942626779,0.5466969608986391,0.5490444262705487,-1,-1,166896.28,95976.54,95659.17,0.552894,0.535642,HOLD
2024-04-03,0.5490444262705487,0.5516095762086322,0.5486002398729486,0.551165389811032,-1,-1,166896.28,95976.54,95305.19,0.552894,0.535642,HOLD
2024-04-04,0.551165389811032,0.5528314038698233,0.5504000796095022,0.5520660936682935,-1,-1,166896.28,95976.54,95154.87,0.552894,0.535642,HOLD
2024-04-05,0.5520660936682935,0.5530458603884667,0.5494992794566964,0.5504790461768696,-1,-1,226850.46,94998.42,95333.49,0.556144,0.543581,SELL
2024-04-08,0.5504790461768696,0.5519397400576505,0.5499824962215893,0.5514431901023702,-1,-1,226850.46,94998.42,95114.77,0.556144,0.543581,HOLD
2024-04-09,0.5514431901023702,0.5517390955019449,0.5510854663368183,0.551381371736393,-1,-1,226850.46,94998.42,95128.79,0.556144,0.543581,HOLD
2024-04-10,0.551381371736393,0.5515905163229355,0.5499814981461716,0.5501906427327141,-1,-1,226850.46,94998.42,95398.91,0.556144,0.543581,HOLD
2024-04-11,0.5501906427327141,0.551192038420144,0.5456297946349256,0.5466311903223554,-1,-1,226850.46,94998.42,96206.37,0.556144,0.543581,HOLD
2024-04-12,0.5466311903223554,0.5498174764550131,0.5458052285388502,0.5489915146715079,-1,-1,226850.46,94998.42,95670.93,0.556144,0.543581,HOLD
2024-04-15,0.5489915146715079,0.5498627811975527,0.5461057979684566,0.5469770644945015,-1,-1,226850.46,94998.42,96127.91,0.556144,0.543581,HOLD
2024-04-16,0.5469770644945015,0.5474397587106586,0.5417266993328915,0.5421893935490487,-1,-1,213798.94,96873.43,97873.51,0.551398,0.537805,SELL
2024-04-17,0.5421893935490487,0.5447459168284816,0.5415280374171003,0.5440845606965332,-1,-1,213798.94,96873.43,97468.33,0.551398,0.537805,HOLD
2024-04-18,0.5440845606965332,0.5467937787543771,0.5437042013319526,0.5464134193897965,-1,-1,213798.94,96873.43,96970.42,0.551398,0.537805,HOLD
2024-04-19,0.5464134193897965,0.5470448192457047,0.5434785006544702,0.5441099005103784,-1,-1,213798.94,96873.43,97462.91,0.551398,0.537805,HOLD
2024-04-22,0.5441099005103784,0.5441995012650662,0.5431751679472553,0.5432647687019431,-1,-1,213798.94,96873.43,97643.6,0.551398,0.537805,HOLD
2024-04-23,0.5432647687019431,0.5459214505936065,0.5426884072885001,0.5453450891801636,-1,-1,213798.94,96873.43,97198.83,0.551398,0.537805,HOLD
2024-04-24,0.5453450891801636,0.5468346396702344,0.5449028628890628,0.5463924133791336,-1,-1,213798.94,96873.43,96974.91,0.551398,0.537805,HOLD
2024-04-25,0.5463924133791336,0.5466907753184371,0.5457603515056911,0.5460587134449947,-1,-1,213798.94,96873.43,97046.26,0.551398,0.537805,HOLD
2024-04-26,0.5460587134449947,0.5482044838937309,0.5458261660491853,0.5479719364979215,-1,-1,213798.94,96873.43,96637.21,0.551398,0.537805,HOLD
2024-04-29,0.5479719364979215,0.5485738505563812,0.5474484244282861,0.5480503384867458,-1,-1,213798.94,96873.43,96620.45,0.551398,0.537805,HOLD
2024-04-30,0.5480503384867458,0.5483598547835552,0.5473597328432083,0.5476692491400177,-1,-1,213798.94,96873.43,96701.93,0.551398,0.537805,HOLD
2024-05-01,0.5476692491400177,0.5486031461539925,0.5472518256144001,0.548185722628375,-1,-1,213798.94,96873.43,96591.5,0.551398,0.537805,HOLD
2024-05-02,0.548185722628375,0.5501632907320962,0.5479480880737462,0.5499256561774675,-1,-1,213798.94,96873.43,96219.51,0.551398,0.537805,HOLD
2024-05-03,0.5499256561774675,0.5503087683140432,0.5464124973021985,0.5467956094387743,0,-1,213798.94,96873.43,96888.71,0.551398,0.537805,HOLD
2024-05-06,0.5467956094387743,0.5484780926536977,0.5467189954894505,0.548401478704374,0,-1,213798.94,96873.43,96545.38,0.551398,0.537805,HOLD
2024-05-07,0.548401478704374,0.5511399311607087,0.5474845068465364,0.5502229593028711,0,-1,213798.94,96873.43,96155.94,0.551398,0.537805,HOLD
2024-05-08,0.5502229593028711,0.552630275384795,0.5495252993730055,0.5519326154549294,0,0,0.0,95881.18,95881.18,,,STOP
2024-05-09,0.5519326154549294,0.5525823274520251,0.5490918024629208,0.5497415144600164,0,0,0.0,95881.18,95881.18,,,HOLD
2024-05-10,0.5497415144600164,0.5505761133293013,0.5470766168703411,0.5479112157396261,0,0,0.0,95881.18,95881.18,,,HOLD
2024-05-13,0.5479112157396261,0.5509875173134511,0.5474124891024685,0.5504887906762935,0,0,0.0,95881.18,95881.18,,,HOLD
2024-05-14,0.5504887906762935,0.5554262800436928,0.5500300513873686,0.5549675407547678,0,0,0.0,95881.18,95881.18,,,HOLD
2024-05-15,0.5549675407547678,0.5558028036392308,0.5512760678655553,0.5521113307500183,0,0,0.0,95881.18,95881.18,,,HOLD
2024-05-16,0.5521113307500183,0.5542592959272241,0.5516958693063589,0.5538438344835648,0,0,0.0,95881.18,95881.18,,,HOLD
2024-05-17,0.5538438344835648,0.5541098065278511,0.5488389926766923,0.5491049647209787,0,0,0.0,95881.18,95881.18,,,HOLD
2024-05-20,0.5491049647209787,0.5491181261192299,0.5472884919563575,0.5473016533546088,0,0,0.0,95881.18,95881.18,,,HOLD
2024-05-21,0.5473016533546088,0.5484992349475803,0.5470500039389427,0.5482475855319142,0,0,0.0,95881.18,95881.18,,,HOLD
2024-05-22,0.5482475855319142,0.5515905548192097,0.5472707874775664,0.5506137567648619,0,0,0.0,95881.18,95881.18,,,HOLD
2024-05-23,0.5506137567648619,0.5511558047869918,0.5488741664259973,0.5494162144481272,0,0,0.0,95881.18,95881.18,,,HOLD
2024-05-24,0.5494162144481272,0.5500616535457502,0.5479492811975577,0.5485947202951807,0,0,0.0,95881.18,95881.18,,,HOLD
2024-05-27,0.5485947202951807,0.5491474514366634,0.5464974660513441,0.5470501971928268,0,0,0.0,95881.18,95881.18,,,HOLD
2024-05-28,0.5470501971928268,0.5477591990354951,0.5448690914532764,0.5455780932959448,0,0,0.0,95881.18,95881.18,,,HOLD
2024-05-29,0.5455780932959448,0.5459611650487171,0.544959986997303,0.5453430587500753,0,0,0.0,95881.18,95881.18,,,HOLD
2024-05-30,0.5453430587500753,0.5462214756086557,0.5446907620759147,0.5455691789344952,0,0,0.0,95881.18,95881.18,,,HOLD
2024-05-31,0.5455691789344952,0.5495007661946091,0.5448743392104228,0.5488059264705367,0,0,0.0,95881.18,95881.18,,,HOLD
2024-06-03,0.5488059264705367,0.5495532185894605,0.5476939593412461,0.5484412514601699,0,0,0.0,95881.18,95881.18,,,HOLD
2024-06-04,0.5484412514601699,0.5491922342352376,0.5438694552813246,0.5446204380563923,0,0,0.0,95881.18,95881.18,,,HOLD
2024-06-05,0.5446204380563923,0.5454010131886023,0.5405408034129399,0.54132137854515,0,0,0.0,95881.18,95881.18,,,HOLD
2024-06-06,0.54132137854515,0.5458245303877256,0.5407825824238334,0.545285734266409,0,0,0.0,95881.18,95881.18,,,HOLD
2024-06-07,0.545285734266409,0.5456552370741742,0.541004921463299,0.5413744242710642,0,0,0.0,95881.18,95881.18,,,HOLD
2024-06-10,0.5413744242710642,0.5436229079509478,0.5412347348252938,0.5434832185051774,0,0,0.0,95881.18,95881.18,,,HOLD
2024-06-11,0.5434832185051774,0.5438740139492945,0.539317723267282,0.539708518711399,-1,-1,195513.15,95881.18,96597.68,0.548277,0.533565,SELL
2024-06-12,0.539708518711399,0.5401219489788318,0.5382934272225363,0.538706857489969,-1,-1,195513.15,95881.18,96793.51,0.548277,0.533565,HOLD
2024-06-13,0.538706857489969,0.5405425598316095,0.5379953122572114,0.5398310145988519,-1,-1,195513.15,95881.18,96573.73,0.548277,0.533565,HOLD
2024-06-14,0.5398310145988519,0.5439565824581051,0.5392787616046376,0.5434043294638908,-1,-1,195513.15,95881.18,95875.1,0.548277,0.533565,HOLD
2024-06-17,0.5434043294638908,0.5439082737302676,0.5415267917934662,0.542030736059843,-1,-1,195513.15,95881.18,96143.65,0.548277,0.533565,HOLD
2024-06-18,0.542030736059843,0.5422787427967869,0.5405277174289853,0.5407757241659292,-1,-1,195513.15,95881.18,96389.02,0.548277,0.533565,HOLD
2024-06-19,0.5407757241659292,0.5417173635353659,0.5399061002661479,0.5408477396355846,-1,-1,195513.15,95881.18,96374.94,0.548277,0.533565,HOLD
2024-06-20,0.5408477396355846,0.541790947527043,0.5403714952369719,0.5413147031284303,-1,-1,195513.15,95881.18,96283.65,0.548277,0.533565,HOLD
2024-06-21,0.5413147031284303,0.5421597401708113,0.5376152535394442,0.5384602905818251,-1,-1,195513.15,95881.18,96841.72,0.548277,0.533565,HOLD
2024-06-24,0.5384602905818251,0.5386311646182849,0.5370412710355973,0.5372121450720571,-1,-1,195513.15,95881.18,97085.75,0.548277,0.533565,HOLD
2024-06-25,0.5372121450720571,0.5389387157484109,0.5367532683208178,0.5384798389971717,-1,-1,195513.15,95881.18,96837.9,0.548277,0.533565,HOLD
2024-06-26,0.5384798389971717,0.5415468452396255,0.5378508481688775,0.5409178544113313,-1,-1,195513.15,95881.18,96361.24,0.548277,0.533565,HOLD
2024-06-27,0.5409178544113313,0.5429782545668467,0.5402332797199827,0.542293679875498,-1,-1,195513.15,95881.18,96092.24,0.548277,0.533565,HOLD
2024-06-28,0.542293679875498,0.544683061968205,0.5413068026661899,0.5436961847588969,-1,-1,195513.15,95881.18,95818.04,0.548277,0.533565,HOLD
2024-07-01,0.5436961847588969,0.5485803730423168,0.5431231916739744,0.5480073799573942,-1,-1,221374.17,94900.86,93922.12,0.547873,0.535012,SELL
2024-07-02,0.5480073799573942,0.5490529692726096,0.5452814824636286,0.546327071778844,0,0,0.0,93927.5,93927.5,,,STOP
2024-07-03,0.546327071778844,0.5471187590873282,0.5454661453587397,0.5462578326672239,0,0,0.0,93927.5,93927.5,,,HOLD
2024-07-04,0.5462578326672239,0.5468596229381263,0.5444993408971687,0.545101131168071,0,0,0.0,93927.5,93927.5,,,HOLD
2024-07-05,0.545101131168071,0.5457069141543481,0.544059966485566,0.5446657494718431,0,0,0.0,93927.5,93927.5,,,HOLD
2024-07-08,0.5446657494718431,0.5480877321416537,0.5440272745157062,0.5474492571855168,0,0,0.0,93927.5,93927.5,,,HOLD
2024-07-09,0.5474492571855168,0.5484060428257086,0.5467324492330536,0.5476892348732454,0,0,0.0,93927.5,93927.5,,,HOLD
2024-07-10,0.5476892348732454,0.5494904314931829,0.5474983563692707,0.5492995529892082,0,0,0.0,93927.5,93927.5,,,HOLD
2024-07-11,0.5492995529892082,0.5522146172105317,0.5489203082461575,0.5518353724674809,0,0,0.0,93927.5,93927.5,,,HOLD
2024-07-12,0.5518353724674809,0.5552173230940715,0.551630814486715,0.5550127651133056,0,0,0.0,93927.5,93927.5,,,HOLD
2024-07-15,0.5550127651133056,0.5556652333819707,0.5516248201333156,0.5522772884019808,0,0,0.0,93927.5,93927.5,,,HOLD
2024-07-16,0.5522772884019808,0.5526177534901368,0.5495699196052751,0.5499103846934311,0,0,0.0,93927.5,93927.5,,,HOLD
2024-07-17,0.5499103846934311,0.5536762684243794,0.549475815988361,0.5532416997193094,0,0,0.0,93927.5,93927.5,,,HOLD
2024-07-18,0.5532416997193094,0.5543310496058754,0.5454001389842688,0.5464894888708348,0,0,0.0,93927.5,93927.5,,,HOLD
2024-07-19,0.5464894888708348,0.5496680127556516,0.5459029597974414,0.5490814836822582,0,0,0.0,93927.5,93927.5,,,HOLD
2024-07-22,0.5490814836822582,0.5492009166028323,0.5478015748340221,0.5479210077545963,0,0,0.0,93927.5,93927.5,,,HOLD
2024-07-23,0.5479210077545963,0.5485873863531348,0.5461200749658224,0.5467864535643608,0,0,0.0,93927.5,93927.5,,,HOLD
2024-07-24,0.5467864535643608,0.5485093815638554,0.5466400849390128,0.5483630129385074,0,0,0.0,93927.5,93927.5,,,HOLD
2024-07-25,0.5483630129385074,0.5487694102465218,0.5456667594877447,0.5460731567957591,0,0,0.0,93927.5,93927.5,,,HOLD
2024-07-26,0.5460731567957591,0.5465553859397542,0.5439972536705814,0.5444794828145765,0,0,0.0,93927.5,93927.5,,,HOLD
2024-07-29,0.5444794828145765,0.5450433180129933,0.541319039879553,0.5418828750779698,0,0,0.0,93927.5,93927.5,,,HOLD
2024-07-30,0.5418828750779698,0.541906022957709,0.5381713793002448,0.538194527179984,0,0,0.0,93927.5,93927.5,,,HOLD
2024-07-31,0.538194527179984,0.5399784765457376,0.5376682344629669,0.5394521838287205,0,0,0.0,93927.5,93927.5,,,HOLD
2024-08-01,0.5394521838287205,0.5416211100521481,0.5385465844943945,0.5407155107178221,0,0,0.0,93927.5,93927.5,,,HOLD
2024-08-02,0.5407155107178221,0.5423761873711804,0.5401819730868287,0.541842649740187,0,0,0.0,93927.5,93927.5,,,HOLD
2024-08-05,0.541842649740187,0.5420924494960733,0.5396534531234138,0.5399032528793001,0,0,0.0,93927.5,93927.5,,,HOLD
2024-08-06,0.5399032528793001,0.5413093021791662,0.5394390437457803,0.5408450930456464,0,0,0.0,93927.5,93927.5,,,HOLD
2024-08-07,0.5408450930456464,0.5414254398229085,0.5374192283661948,0.5379995751434569,0,0,0.0,93927.5,93927.5,,,HOLD
2024-08-08,0.5379995751434569,0.5383612749495329,0.5378761807873021,0.5382378805933782,0,0,0.0,93927.5,93927.5,,,HOLD
2024-08-09,0.5382378805933782,0.5386955075761519,0.5330733264748526,0.5335309534576264,0,0,0.0,93927.5,93927.5,,,HOLD
2024-08-12,0.5335309534576264,0.5343454894473808,0.5325612335439923,0.5333757695337468,0,0,0.0,93927.5,93927.5,,,HOLD
2024-08-13,0.5333757695337468,0.5336776849221757,0.5320332799577872,0.5323351953462161,0,0,0.0,93927.5,93927.5,,,HOLD
2024-08-14,0.5323351953462161,0.5336060756828374,0.5321158784219062,0.5333867587585275,0,0,0.0,93927.5,93927.5,,,HOLD
2024-08-15,0.5333867587585275,0.5343612464007405,0.5329942191844819,0.5339687068266948,0,0,0.0,93927.5,93927.5,,,HOLD
2024-08-16,0.5339687068266948,0.5347213685205559,0.5335001797985788,0.5342528414924398,0,0,0.0,93927.5,93927.5,,,HOLD
2024-08-19,0.5342528414924398,0.5346985165741883,0.5303342422650297,0.5307799173467782,0,0,0.0,93927.5,93927.5,,,HOLD
2024-08-20,0.5307799173467782,0.5339123241701569,0.5302628889303026,0.5333952957536813,0,0,0.0,93927.5,93927.5,,,HOLD
2024-08-21,0.5333952957536813,0.5339007556544317,0.5326065650069598,0.5331120249077103,0,0,0.0,93927.5,93927.5,,,HOLD
2024-08-22,0.5331120249077103,0.5338694133264502,0.5315076451404968,0.5322650335592367,0,0,0.0,93927.5,93927.5,,,HOLD
2024-08-23,0.5322650335592367,0.5329210489460499,0.5277605021060587,0.5284165174928719,0,0,0.0,93927.5,93927.5,,,HOLD
2024-08-26,0.5284165174928719,0.5285037472621537,0.5280717722488553,0.528159002018137,0,0,0.0,93927.5,93927.5,,,HOLD
2024-08-27,0.528159002018137,0.5321350749458308,0.5277678668288442,0.531743939756538,0,0,0.0,93927.5,93927.5,,,HOLD
2024-08-28,0.531743939756538,0.5322557565471859,0.5311784733971627,0.5316902901878107,0,0,0.0,93927.5,93927.5,,,HOLD
2024-08-29,0.5316902901878107,0.5319009649217414,0.5308334450357687,0.5310441197696995,0,0,0.0,93927.5,93927.5,,,HOLD
2024-08-30,0.5310441197696995,0.5316455529413922,0.5304512805587547,0.5310527137304474,0,0,0.0,93927.5,93927.5,,,HOLD
2024-09-02,0.5310527137304474,0.5322598222741867,0.5302867248512682,0.5314938333950074,0,0,0.0,93927.5,93927.5,,,HOLD
2024-09-03,0.5314938333950074,0.5320374115871499,0.529857068467297,0.5304006466594394,0,0,0.0,93927.5,93927.5,,,HOLD
2024-09-04,0.5304006466594394,0.5307712810259516,0.5293529943268864,0.5297236286933986,0,0,0.0,93927.5,93927.5,,,HOLD
2024-09-05,0.5297236286933986,0.5306859439604817,0.5274865724203579,0.528448887687441,0,0,0.0,93927.5,93927.5,,,HOLD
2024-09-06,0.528448887687441,0.5306419654754037,0.5278081579618454,0.5300012357498081,0,0,0.0,93927.5,93927.5,,,HOLD
2024-09-09,0.5300012357498081,0.5316313572373343,0.5288781304020035,0.5305082518895298,0,0,0.0,93927.5,93927.5,,,HOLD
2024-09-10,0.5305082518895298,0.5330366696327012,0.5302666130156011,0.5327950307587725,0,0,0.0,93927.5,93927.5,,,HOLD
2024-09-11,0.5327950307587725,0.5375558101788719,0.5321600040121983,0.5369207834322977,0,0,0.0,93927.5,93927.5,,,HOLD
2024-09-12,0.5369207834322977,0.5378212182985661,0.5367281796038583,0.5376286144701268,0,0,0.0,93927.5,93927.5,,,HOLD
2024-09-13,0.5376286144701268,0.5384617842760324,0.5346225973354335,0.5354557671413391,0,0,0.0,93927.5,93927.5,,,HOLD
2024-09-16,0.5354557671413391,0.5361162114265339,0.5313546501916715,0.5320150944768662,0,0,0.0,93927.5,93927.5,,,HOLD
2024-09-17,0.5320150944768662,0.5340037610398749,0.53132003852068,0.5333087050836887,0,0,0.0,93927.5,93927.5,,,HOLD
2024-09-18,0.5333087050836887,0.5343143913624953,0.533073358663548,0.5340790449423546,0,0,0.0,93927.5,93927.5,,,HOLD
2024-09-19,0.5340790449423546,0.5365019296770043,0.5334849311942194,0.535907815928869,0,0,0.0,93927.5,93927.5,,,HOLD
2024-09-20,0.535907815928869,0.5403645504846702,0.5354162566688644,0.5398729912246656,0,0,0.0,93927.5,93927.5,,,HOLD
2024-09-23,0.5398729912246656,0.5407831048069509,0.5395669891775535,0.5404771027598388,0,0,0.0,93927.5,93927.5,,,HOLD
2024-09-24,0.5404771027598388,0.541417729357954,0.5400697509486848,0.5410103775467999,0,0,0.0,93927.5,93927.5,,,HOLD
2024-09-25,0.5410103775467999,0.5414857266904953,0.5384180014473372,0.5388933505910326,0,0,0.0,93927.5,93927.5,,,HOLD
2024-09-26,0.5388933505910326,0.5395321476710827,0.5339125957376524,0.5345513928177025,0,0,0.0,93927.5,93927.5,,,HOLD
2024-09-27,0.5345513928177025,0.5347312264344128,0.5333027601192484,0.5334825937359587,0,0,0.0,93927.5,93927.5,,,HOLD
2024-09-30,0.5334825937359587,0.5360803776940359,0.5327804096907193,0.5353781936487965,0,0,0.0,93927.5,93927.5,,,HOLD
2024-10-01,0.5353781936487965,0.5379224466148501,0.534857612425664,0.5374018653917176,0,0,0.0,93927.5,93927.5,,,HOLD
2024-10-02,0.5374018653917176,0.5410746404062393,0.5373740727123307,0.5410468477268524,0,0,0.0,93927.5,93927.5,,,HOLD
2024-10-03,0.5410468477268524,0.541305039296211,0.5408336105920976,0.5410918021614561,0,0,0.0,93927.5,93927.5,,,HOLD
2024-10-04,0.5410918021614561,0.541530107811723,0.5396417804586976,0.5400800861089644,0,0,0.0,93927.5,93927.5,,,HOLD
2024-10-07,0.5400800861089644,0.5406656629709866,0.5394832476971689,0.5400688245591911,0,0,0.0,93927.5,93927.5,,,HOLD
2024-10-08,0.5400688245591911,0.5410095665279353,0.539393319496081,0.5403340614648252,0,0,0.0,93927.5,93927.5,,,HOLD
2024-10-09,0.5403340614648252,0.5411229954962185,0.5399010113939077,0.5406899454253009,0,0,0.0,93927.5,93927.5,,,HOLD
2024-10-10,0.5406899454253009,0.5410280244797578,0.5396414453831612,0.5399795244376181,0,0,0.0,93927.5,93927.5,,,HOLD
2024-10-11,0.5399795244376181,0.5413725552765538,0.5389019835668472,0.5402950144057829,0,0,0.0,93927.5,93927.5,,,HOLD
2024-10-14,0.5402950144057829,0.5404503061749102,0.5402326217209668,0.5403879134900941,0,0,0.0,93927.5,93927.5,,,HOLD
2024-10-15,0.5403879134900941,0.5457706835207615,0.5398480212792813,0.5452307913099488,0,0,0.0,93927.5,93927.5,,,HOLD
2024-10-16,0.5452307913099488,0.5464835887397549,0.5431960013748215,0.5444487988046276,0,0,0.0,93927.5,93927.5,,,HOLD
2024-10-17,0.5444487988046276,0.5449340452670115,0.5436558504729202,0.5441410969353041,0,0,0.0,93927.5,93927.5,,,HOLD
2024-10-18,0.5441410969353041,0.5472023737859267,0.543794213743555,0.5468554905941776,0,0,0.0,93927.5,93927.5,,,HOLD
2024-10-21,0.5468554905941776,0.5523904484837259,0.5458094063713168,0.5513443642608651,0,0,0.0,93927.5,93927.5,,,HOLD
2024-10-22,0.5513443642608651,0.5522006672561933,0.5500872035065669,0.5509435065018952,0,0,0.0,93927.5,93927.5,,,HOLD
2024-10-23,0.5509435065018952,0.5510367036840156,0.5506546134881123,0.5507478106702327,0,0,0.0,93927.5,93927.5,,,HOLD
2024-10-24,0.5507478106702327,0.5519661836908062,0.5489525364189132,0.5501709094394867,0,0,0.0,93927.5,93927.5,,,HOLD
2024-10-25,0.5501709094394867,0.5521055649462255,0.5496603235286409,0.5515949790353798,0,0,0.0,93927.5,93927.5,,,HOLD
2024-10-28,0.5515949790353798,0.5522607172307569,0.5500949129744267,0.5507606511698038,0,0,0.0,93927.5,93927.5,,,HOLD
2024-10-29,0.5507606511698038,0.552365109872237,0.5504970411222598,0.552101499824693,0,0,0.0,93927.5,93927.5,,,HOLD
2024-10-30,0.552101499824693,0.5523465853321313,0.5512475517889504,0.5514926372963886,0,0,0.0,93927.5,93927.5,,,HOLD
2024-10-31,0.5514926372963886,0.5536079601363987,0.5509602605098071,0.5530755833498171,0,0,0.0,93927.5,93927.5,,,HOLD
2024-11-01,0.5530755833498171,0.5548139071612798,0.5524783740819744,0.5542166978934371,0,0,0.0,93927.5,93927.5,,,HOLD
2024-11-04,0.5542166978934371,0.5544857875145931,0.5520004587057756,0.5522695483269316,0,0,0.0,93927.5,93927.5,,,HOLD
2024-11-05,0.5522695483269316,0.554591444344082,0.5515424150770099,0.5538643110941602,0,0,0.0,93927.5,93927.5,,,HOLD
2024-11-06,0.5538643110941602,0.5544758303984408,0.5516862791490053,0.5522977984532859,0,0,0.0,93927.5,93927.5,,,HOLD
2024-11-07,0.5522977984532859,0.5529417229362695,0.5505453983636681,0.5511893228466518,0,0,0.0,93927.5,93927.5,,,HOLD
2024-11-08,0.5511893228466518,0.5512490742734788,0.5484901064104557,0.5485498578372827,0,0,0.0,93927.5,93927.5,,,HOLD
2024-11-11,0.5485498578372827,0.5502148441449639,0.5476989916372897,0.5493639779449709,0,0,0.0,93927.5,93927.5,,,HOLD
2024-11-12,0.5493639779449709,0.5532041602573553,0.5487754356921833,0.5526156180045677,0,0,0.0,93927.5,93927.5,,,HOLD
2024-11-13,0.5526156180045677,0.5533986842144945,0.5471738155176143,0.5479568817275411,0,0,0.0,93927.5,93927.5,,,HOLD
2024-11-14,0.5479568817275411,0.5486997452228539,0.5448159124310654,0.5455587759263782,0,0,0.0,93927.5,93927.5,,,HOLD
2024-11-15,0.5455587759263782,0.5465470450858844,0.5450789796170589,0.546067248776565,0,0,0.0,93927.5,93927.5,,,HOLD
2024-11-18,0.546067248776565,0.5485826907870147,0.5455345330088784,0.5480499750193282,0,0,0.0,93927.5,93927.5,,,HOLD
2024-11-19,0.5480499750193282,0.5492688858041155,0.5477942826125428,0.5490131933973301,0,0,0.0,93927.5,93927.5,,,HOLD
2024-11-20,0.5490131933973301,0.5500247312942396,0.546493780726963,0.5475053186238724,0,0,0.0,93927.5,93927.5,,,HOLD
2024-11-21,0.5475053186238724,0.5480285258224993,0.5470747504592385,0.5475979576578653,0,0,0.0,93927.5,93927.5,,,HOLD
2024-11-22,0.5475979576578653,0.5484401042085639,0.546837059839206,0.5476792063899046,0,0,0.0,93927.5,93927.5,,,HOLD
2024-11-25,0.5476792063899046,0.548184912937702,0.5467085199360732,0.5472142264838705,0,0,0.0,93927.5,93927.5,,,HOLD
2024-11-26,0.5472142264838705,0.5476267402525031,0.5464610543033083,0.5468735680719409,0,0,0.0,93927.5,93927.5,,,HOLD
2024-11-27,0.5468735680719409,0.5475406428230614,0.5436013632947909,0.5442684380459114,0,0,0.0,93927.5,93927.5,,,HOLD
2024-11-28,0.5442684380459114,0.5446674525780284,0.542344181472809,0.542743196004926,0,0,0.0,93927.5,93927.5,,,HOLD
2024-11-29,0.542743196004926,0.5430967060736898,0.5419477026269565,0.5423012126957202,0,0,0.0,93927.5,93927.5,,,HOLD
2024-12-02,0.5423012126957202,0.5428402993264998,0.5405308240588323,0.541069910689612,0,0,0.0,93927.5,93927.5,,,HOLD
2024-12-03,0.541069910689612,0.5435667102653815,0.5403238100721295,0.542820609647899,0,0,0.0,93927.5,93927.5,,,HOLD
2024-12-04,0.542820609647899,0.5448813857187574,0.5423529275811345,0.5444137036519929,0,0,0.0,93927.5,93927.5,,,HOLD
2024-12-05,0.5444137036519929,0.5494860276466542,0.5437457961082399,0.5488181201029012,0,0,0.0,93927.5,93927.5,,,HOLD
2024-12-06,0.5488181201029012,0.5498224917936171,0.5480280367898231,0.549032408480539,0,0,0.0,93927.5,93927.5,,,HOLD
2024-12-09,0.549032408480539,0.550163724632394,0.5485994125301473,0.5497307286820023,0,0,0.0,93927.5,93927.5,,,HOLD
2024-12-10,0.5497307286820023,0.5505127901681557,0.5469984849675611,0.5477805464537144,0,0,0.0,93927.5,93927.5,,,HOLD
2024-12-11,0.5477805464537144,0.5488677524506674,0.54742119042222,0.548508396419173,0,0,0.0,93927.5,93927.5,,,HOLD
2024-12-12,0.548508396419173,0.5488238811075123,0.5458659444363781,0.5461814291247175,0,0,0.0,93927.5,93927.5,,,HOLD
2024-12-13,0.5461814291247175,0.5483594318175328,0.5452435945226968,0.5474215972155121,0,0,0.0,93927.5,93927.5,,,HOLD
2024-12-16,0.5474215972155121,0.54811968442162,0.5437688683627465,0.5444669555688544,0,0,0.0,93927.5,93927.5,,,HOLD
2024-12-17,0.5444669555688544,0.5466704356418619,0.5436381813433536,0.5458416614163611,0,0,0.0,93927.5,93927.5,,,HOLD
2024-12-18,0.5458416614163611,0.5458826240205132,0.543772385608829,0.5438133482129811,0,0,0.0,93927.5,93927.5,,,HOLD
2024-12-19,0.5438133482129811,0.544188856025144,0.5412887158070484,0.5416642236192113,0,0,0.0,93927.5,93927.5,,,HOLD
2024-12-20,0.5416642236192113,0.5428692003530456,0.5409001843407036,0.542105161074538,0,0,0.0,93927.5,93927.5,,,HOLD
2024-12-23,0.542105161074538,0.5430677752192169,0.5394876351954094,0.5404502493400883,0,0,0.0,93927.5,93927.5,,,HOLD
2024-12-24,0.5404502493400883,0.5411387162060174,0.5358542923181728,0.5365427591841019,0,0,0.0,93927.5,93927.5,,,HOLD
2024-12-25,0.5365427591841019,0.5392839350450102,0.5359875550354957,0.5387287308964039,0,0,0.0,93927.5,93927.5,,,HOLD
2024-12-26,0.5387287308964039,0.5413947925819502,0.5380759906153402,0.5407420523008865,0,0,0.0,93927.5,93927.5,,,HOLD
2024-12-27,0.5407420523008865,0.5416464331663448,0.5396889355298892,0.5405933163953475,0,0,0.0,93927.5,93927.5,,,HOLD
2024-12-30,0.5405933163953475,0.5440789155750501,0.5401836701780318,0.5436692693577344,0,0,0.0,93927.5,93927.5,,,HOLD
2024-12-31,0.5436692693577344,0.5441870632332034,0.5412795893415436,0.5417973832170127,0,0,0.0,93927.5,93927.5,,,HOLD
2025-01-01,0.5417973832170127,0.5424855745543571,0.5366340208170983,0.5373222121544428,0,0,0.0,93927.5,93927.5,,,HOLD
2025-01-02,0.5373222121544428,0.5377665331752695,0.5310924502874683,0.531536771308295,0,0,0.0,93927.5,93927.5,,,HOLD
2025-01-03,0.531536771308295,0.5346719304254689,0.5309751143606554,0.5341102734778292,0,0,0.0,93927.5,93927.5,,,HOLD
2025-01-06,0.5341102734778292,0.5368436100044853,0.5334163897519151,0.5361497262785712,0,0,0.0,93927.5,93927.5,,,HOLD
2025-01-07,0.5361497262785712,0.536688314114564,0.5346464614466917,0.5351850492826845,-1,-1,172568.02,93927.5,94074.99,0.541483,0.525154,SELL
2025-01-08,0.5351850492826845,0.5358983482111732,0.5338760169749472,0.534589315903436,-1,-1,172568.02,93927.5,94177.8,0.541483,0.525154,HOLD
2025-01-09,0.534589315903436,0.5347706601265184,0.5334751867086424,0.5336565309317248,-1,-1,172568.02,93927.5,94338.76,0.541483,0.525154,HOLD
2025-01-10,0.5336565309317248,0.5350840344788208,0.5332513754460664,0.5346788789931624,-1,-1,172568.02,93927.5,94162.34,0.541483,0.525154,HOLD
2025-01-13,0.5346788789931624,0.5356913322377828,0.5345466390600138,0.5355590923046342,-1,-1,172568.02,93927.5,94010.44,0.541483,0.525154,HOLD
2025-01-14,0.5355590923046342,0.5412271993468493,0.5354719477593844,0.5411400548015995,-1,-1,172568.02,93927.5,93047.35,0.541483,0.525154,HOLD
2025-01-15,0.5411400548015995,0.5414170878348228,0.5397174157216116,0.5399944487548348,0,-1,172568.02,93927.5,93245.04,0.541483,0.525154,HOLD
2025-01-16,0.5399944487548348,0.5421744858695993,0.5392451391099573,0.5414251762247217,0,0,0.0,92969.24,92969.24,,,STOP
2025-01-17,0.5414251762247217,0.5446953244329424,0.5407553275144474,0.5440254757226681,0,0,0.0,92969.24,92969.24,,,HOLD
2025-01-20,0.5440254757226681,0.5473590165931818,0.5431770715909248,0.5465106124614384,0,0,0.0,92969.24,92969.24,,,HOLD
2025-01-21,0.5465106124614384,0.5494389842171523,0.5459244824368831,0.548852854192597,0,0,0.0,92969.24,92969.24,,,HOLD
2025-01-22,0.548852854192597,0.5536122559201573,0.5483983002559011,0.5531577019834614,0,0,0.0,92969.24,92969.24,,,HOLD
2025-01-23,0.5531577019834614,0.553510644733238,0.5503366531045376,0.5506895958543142,0,0,0.0,92969.24,92969.24,,,HOLD
2025-01-24,0.5506895958543142,0.5510331083331863,0.5479846989083177,0.5483282113871898,0,0,0.0,92969.24,92969.24,,,HOLD
2025-01-27,0.5483282113871898,0.5488023679018953,0.5470281459157867,0.5475023024304922,0,0,0.0,92969.24,92969.24,,,HOLD
2025-01-28,0.5475023024304922,0.5476060074073951,0.5468072643981885,0.5469109693750913,0,0,0.0,92969.24,92969.24,,,HOLD
2025-01-29,0.5469109693750913,0.5474180518966976,0.5463234352410493,0.5468305177626556,0,0,0.0,92969.24,92969.24,,,HOLD
2025-01-30,0.5468305177626556,0.5489390789209931,0.5462612952372422,0.5483698563955798,0,0,0.0,92969.24,92969.24,,,HOLD
2025-01-31,0.5483698563955798,0.5505338289726991,0.5477416768008555,0.5499056493779748,0,0,0.0,92969.24,92969.24,,,HOLD
2025-02-03,0.5499056493779748,0.5504589978936011,0.5492700076311469,0.5498233561467731,0,0,0.0,92969.24,92969.24,,,HOLD
2025-02-04,0.5498233561467731,0.5499531315875408,0.5488459673529114,0.548975742793679,0,0,0.0,92969.24,92969.24,,,HOLD
2025-02-05,0.548975742793679,0.5495943916392574,0.5485112510997749,0.5491298999453533,0,0,0.0,92969.24,92969.24,,,HOLD
2025-02-06,0.5491298999453533,0.5500116964248413,0.5450327102605672,0.5459145067400551,0,0,0.0,92969.24,92969.24,,,HOLD
2025-02-07,0.5459145067400551,0.5475700090123883,0.5456856155047105,0.5473411177770436,0,0,0.0,92969.24,92969.24,,,HOLD
2025-02-10,0.5473411177770436,0.5532667245607474,0.5466060590505087,0.5525316658342125,0,0,0.0,92969.24,92969.24,,,HOLD
2025-02-11,0.5525316658342125,0.5527033011757357,0.5517323557289554,0.5519039910704786,0,0,0.0,92969.24,92969.24,,,HOLD
2025-02-12,0.5519039910704786,0.5525067060107293,0.5488737265816879,0.5494764415219385,0,0,0.0,92969.24,92969.24,,,HOLD
2025-02-13,0.5494764415219385,0.5500282239335675,0.5475496060385138,0.5481013884501428,0,0,0.0,92969.24,92969.24,,,HOLD
2025-02-14,0.5481013884501428,0.5490700739785753,0.5455657968901945,0.546534482418627,0,0,0.0,92969.24,92969.24,,,HOLD
2025-02-17,0.546534482418627,0.5481934491816822,0.5455089042815974,0.5471678710446526,0,0,0.0,92969.24,92969.24,,,HOLD
2025-02-18,0.5471678710446526,0.5492175646943934,0.5471428211700021,0.549192514819743,0,0,0.0,92969.24,92969.24,,,HOLD
2025-02-19,0.549192514819743,0.5510309175437855,0.5485589460863223,0.5503973488103648,0,0,0.0,92969.24,92969.24,,,HOLD
2025-02-20,0.5503973488103648,0.5505944887269628,0.548682264216535,0.548879404133133,0,0,0.0,92969.24,92969.24,,,HOLD
2025-02-21,0.548879404133133,0.5502363939655822,0.5483998697688384,0.5497568596012876,0,0,0.0,92969.24,92969.24,,,HOLD
2025-02-24,0.5497568596012876,0.5506654225386449,0.5492696160878101,0.5501781790251674,0,0,0.0,92969.24,92969.24,,,HOLD
2025-02-25,0.5501781790251674,0.5506692868539516,0.5496886568136704,0.5501797646424545,0,0,0.0,92969.24,92969.24,,,HOLD
2025-02-26,0.5501797646424545,0.5512130074844966,0.5494483737060251,0.5504816165480672,0,0,0.0,92969.24,92969.24,,,HOLD
2025-02-27,0.5504816165480672,0.5520206431912821,0.5500325863971648,0.5515716130403797,0,0,0.0,92969.24,92969.24,,,HOLD
2025-02-28,0.5515716130403797,0.5527258330417733,0.5512171228244633,0.5523713428258569,0,0,0.0,92969.24,92969.24,,,HOLD
2025-03-03,0.5523713428258569,0.5531857916880637,0.5511136760100767,0.5519281248722835,0,0,0.0,92969.24,92969.24,,,HOLD
2025-03-04,0.5519281248722835,0.552133675948445,0.5511555686851761,0.5513611197613376,0,0,0.0,92969.24,92969.24,,,HOLD
2025-03-05,0.5513611197613376,0.5520625120513007,0.5483517634992539,0.549053155789217,0,0,0.0,92969.24,92969.24,,,HOLD
2025-03-06,0.549053155789217,0.5493935431079471,0.5464688535794378,0.5468092408981678,0,0,0.0,92969.24,92969.24,,,HOLD
2025-03-07,0.5468092408981678,0.5479760885029974,0.546428897563292,0.5475957451681216,0,0,0.0,92969.24,92969.24,,,HOLD
2025-03-10,0.5475957451681216,0.5480468835162694,0.5473638924810239,0.5478150308291717,0,0,0.0,92969.24,92969.24,,,HOLD
2025-03-11,0.5478150308291717,0.5503448353228132,0.547354572264965,0.5498843767586065,0,0,0.0,92969.24,92969.24,,,HOLD
2025-03-12,0.5498843767586065,0.5504953942462851,0.5448900352196222,0.5455010527073009,0,0,0.0,92969.24,92969.24,,,HOLD
2025-03-13,0.5455010527073009,0.5490391815906251,0.5450710886895952,0.5486092175729195,0,0,0.0,92969.24,92969.24,,,HOLD
2025-03-14,0.5486092175729195,0.5492499349474697,0.5475932680061869,0.5482339853807371,0,0,0.0,92969.24,92969.24,,,HOLD
2025-03-17,0.5482339853807371,0.5487089168993706,0.5451535944313827,0.5456285259500162,0,0,0.0,92969.24,92969.24,,,HOLD
2025-03-18,0.5456285259500162,0.5462635339462937,0.5414522677538304,0.5420872757501078,0,0,0.0,92969.24,92969.24,,,HOLD
2025-03-19,0.5420872757501078,0.5433257565771152,0.5413149813225617,0.5425534621495691,0,0,0.0,92969.24,92969.24,,,HOLD
2025-03-20,0.5425534621495691,0.5432891880570405,0.5420470236060935,0.5427827495135649,0,0,0.0,92969.24,92969.24,,,HOLD
2025-03-21,0.5427827495135649,0.5441303515885473,0.5396355836320783,0.5409831857070607,0,0,0.0,92969.24,92969.24,,,HOLD
2025-03-24,0.5409831857070607,0.5420540443758763,0.5364594348565496,0.5375302935253652,0,0,0.0,92969.24,92969.24,,,HOLD
2025-03-25,0.5375302935253652,0.5411337875851653,0.5370528001707651,0.5406562942305652,0,0,0.0,92969.24,92969.24,,,HOLD
2025-03-26,0.5406562942305652,0.5443298715357383,0.5404634660242033,0.5441370433293764,0,0,0.0,92969.24,92969.24,,,HOLD
2025-03-27,0.5441370433293764,0.5448038515990218,0.5429890776807839,0.5436558859504292,0,0,0.0,92969.24,92969.24,,,HOLD
2025-03-28,0.5436558859504292,0.5440785347464672,0.5431911551923229,0.5436138039883608,0,0,0.0,92969.24,92969.24,,,HOLD
2025-03-31,0.5436138039883608,0.543959748977743,0.5389923142283671,0.5393382592177494,0,0,0.0,92969.24,92969.24,,,HOLD
2025-04-01,0.5393382592177494,0.5397006258218837,0.5370562963348722,0.5374186629390065,0,0,0.0,92969.24,92969.24,,,HOLD
2025-04-02,0.5374186629390065,0.5379501890969421,0.5350004930271335,0.5355320191850691,0,0,0.0,92969.24,92969.24,,,HOLD
2025-04-03,0.5355320191850691,0.5371804228898326,0.5351300449657879,0.5367784486705514,-1,-1,192952.49,92969.24,92707.52,0.54024,0.525786,SELL
2025-04-04,0.5367784486705514,0.5400040040728976,0.5364412852711695,0.5396668406735158,-1,-1,192952.49,92969.24,92150.19,0.54024,0.525786,HOLD
2025-04-07,0.5396668406735158,0.5404083121317592,0.5390581406335968,0.5397996120918402,-1,-1,206866.14,92018.33,91968.11,0.544005,0.53066,SELL
2025-04-08,0.5397996120918402,0.5407510667043102,0.538513203942624,0.539464658555094,-1,-1,206866.14,92018.33,92037.4,0.544005,0.53066,HOLD
2025-04-09,0.539464658555094,0.540187232409837,0.5363909971993884,0.5371135710541315,-1,-1,206866.14,92018.33,92523.76,0.544005,0.53066,HOLD
2025-04-10,0.5371135710541315,0.539337349829983,0.5363191319237931,0.5385429106996447,-1,-1,206866.14,92018.33,92228.07,0.544005,0.53066,HOLD
2025-04-11,0.5385429106996447,0.5397119916983119,0.5374627695408822,0.5386318505395494,-1,-1,206866.14,92018.33,92209.68,0.544005,0.53066,HOLD
2025-04-14,0.5386318505395494,0.5389732123604808,0.5353882200950602,0.5357295819159915,-1,-1,206866.14,92018.33,92810.06,0.544005,0.53066,HOLD
2025-04-15,0.5357295819159915,0.5363229629850977,0.5348412864536088,0.5354346675227151,-1,-1,206866.14,92018.33,92871.06,0.544005,0.53066,HOLD
2025-04-16,0.5354346675227151,0.5372453351866304,0.5345538046541434,0.5363644723180587,-1,-1,206866.14,92018.33,92678.72,0.544005,0.53066,HOLD
2025-04-17,0.5363644723180587,0.5405678816560224,0.5358239397160866,0.5400273490540503,-1,-1,206866.14,92018.33,91920.99,0.544005,0.53066,HOLD
2025-04-18,0.5400273490540503,0.5421827145358642,0.5392479470226195,0.5414033125044334,-1,-1,206866.14,92018.33,91636.35,0.544005,0.53066,HOLD
2025-04-21,0.5414033125044334,0.5423716584461181,0.5386041296228821,0.5395724755645668,0,-1,206866.14,92018.33,92015.09,0.544005,0.53066,HOLD
2025-04-22,0.5395724755645668,0.5399390139831198,0.5384522392681623,0.5388187776867154,0,-1,206866.14,92018.33,92171.01,0.544005,0.53066,HOLD
2025-04-23,0.5388187776867154,0.5393431091439673,0.5361389070484855,0.5366632385057375,0,-1,206866.14,92018.33,92616.91,0.544005,0.53066,HOLD
2025-04-24,0.5366632385057375,0.5371341910930078,0.5364762148317812,0.5369471674190515,0,-1,206866.14,92018.33,92558.18,0.544005,0.53066,HOLD
2025-04-25,0.5369471674190515,0.5375172999527726,0.5341801321718996,0.5347502647056208,0,-1,206866.14,92018.33,93012.64,0.544005,0.53066,HOLD
2025-04-28,0.5347502647056208,0.535557632969979,0.533203382157697,0.5340107504220553,0,-1,206866.14,92018.33,93165.62,0.544005,0.53066,HOLD
2025-04-29,0.5340107504220553,0.5343667742448426,0.5325684379212396,0.532924461744027,-1,-1,206866.14,92018.33,93390.34,0.544005,0.53066,HOLD
2025-04-30,0.532924461744027,0.5346100868962808,0.5324027866563655,0.5340884118086193,-1,-1,206866.14,92018.33,93149.56,0.544005,0.53066,HOLD
2025-05-01,0.5340884118086193,0.534748705280806,0.5335304397559213,0.534190733228108,-1,-1,206866.14,92018.33,93128.39,0.544005,0.53066,HOLD
2025-05-02,0.534190733228108,0.5347841312850138,0.53348158208664,0.5340749801435458,-1,-1,206866.14,92018.33,93152.34,0.544005,0.53066,HOLD
2025-05-05,0.5340749801435458,0.5374505710740259,0.5330967018796848,0.536472292810165,-1,-1,206866.14,92018.33,92656.42,0.544005,0.53066,HOLD
2025-05-06,0.536472292810165,0.5388136353730422,0.5359165981242311,0.5382579406871083,-1,-1,206866.14,92018.33,92287.03,0.544005,0.53066,HOLD
2025-05-07,0.5382579406871083,0.5390705959845927,0.5376129840215251,0.5384256393190096,-1,-1,206866.14,92018.33,92252.33,0.544005,0.53066,HOLD
2025-05-08,0.5384256393190096,0.5394251842330221,0.5369420653605457,0.5379416102745582,-1,-1,206866.14,92018.33,92352.46,0.544005,0.53066,HOLD
2025-05-09,0.5379416102745582,0.5388625382339015,0.5373672372715241,0.5382881652308674,-1,-1,206866.14,92018.33,92280.77,0.544005,0.53066,HOLD
2025-05-12,0.5382881652308674,0.5386397441894297,0.5347655228751463,0.5351171018337086,-1,-1,206866.14,92018.33,92936.76,0.544005,0.53066,HOLD
2025-05-13,0.5351171018337086,0.5356431186521289,0.5332624797303026,0.5337884965487228,-1,-1,206866.14,92018.33,93211.6,0.544005,0.53066,HOLD
2025-05-14,0.5337884965487228,0.5340146834544874,0.5326584443300104,0.532884631235775,-1,-1,206866.14,92018.33,93398.58,0.544005,0.53066,HOLD
2025-05-15,0.532884631235775,0.5336612130574158,0.5322616872277711,0.5330382690494119,-1,-1,206866.14,92018.33,93366.8,0.544005,0.53066,HOLD
2025-05-16,0.5330382690494119,0.5337859859856302,0.5317265205480374,0.5324742374842557,-1,-1,206866.14,92018.33,93483.48,0.544005,0.53066,HOLD
2025-05-19,0.5324742374842557,0.5331609112989606,0.5302476636896623,0.5309343375043671,-1,-1,278932.15,93835.94,94234.78,0.535728,0.525636,SELL
2025-05-20,0.5309343375043671,0.5311410954214443,0.5284289139941015,0.5286356719111787,-1,-1,278932.15,93835.94,94875.95,0.535728,0.525636,HOLD
2025-05-21,0.5286356719111787,0.5297047739819383,0.5279663959072847,0.5290354979780443,-1,-1,278932.15,93835.94,94764.43,0.535728,0.525636,HOLD
2025-05-22,0.5290354979780443,0.5303207729680001,0.5283813854694799,0.5296666604594357,-1,-1,278932.15,93835.94,94588.38,0.535728,0.525636,HOLD
2025-05-23,0.5296666604594357,0.5346308675678201,0.5290791332637027,0.5340433403720871,-1,-1,278932.15,93835.94,93367.58,0.535728,0.525636,HOLD
2025-05-26,0.5340433403720871,0.5345029279720221,0.5328886164446679,0.5333482040446029,-1,-1,278932.15,93835.94,93561.48,0.535728,0.525636,HOLD
2025-05-27,0.5333482040446029,0.5384381029776695,0.5323964761221761,0.5374863750552427,-1,-1,230769.98,92866.9,91886.55,0.537262,0.52519,SELL
2025-05-28,0.5374863750552427,0.5395369427099765,0.5370228459927004,0.5390734136474343,0,0,0.0,91912.84,91912.84,,,STOP
2025-05-29,0.5390734136474343,0.5397085947844827,0.5386860641989376,0.539321245335986,0,0,0.0,91912.84,91912.84,,,HOLD
2025-05-30,0.539321245335986,0.5409492598321431,0.5389117648934593,0.5405397793896164,0,0,0.0,91912.84,91912.84,,,HOLD
2025-06-02,0.5405397793896164,0.5413245459110618,0.5355290393917915,0.536313805913237,0,0,0.0,91912.84,91912.84,,,HOLD
2025-06-03,0.536313805913237,0.5397515872230422,0.5358759628750541,0.5393137441848593,0,0,0.0,91912.84,91912.84,,,HOLD
2025-06-04,0.5393137441848593,0.5399637251592987,0.5390185743400113,0.5396685553144507,0,0,0.0,91912.84,91912.84,,,HOLD
2025-06-05,0.5396685553144507,0.542399393248352,0.5396329047285944,0.5423637426624957,0,0,0.0,91912.84,91912.84,,,HOLD
2025-06-06,0.5423637426624957,0.5450228288098354,0.5418302258527317,0.5444893120000714,0,0,0.0,91912.84,91912.84,,,HOLD
2025-06-09,0.5444893120000714,0.5471666155388111,0.544162515555813,0.5468398190945526,0,0,0.0,91912.84,91912.84,,,HOLD
2025-06-10,0.5468398190945526,0.5472953890323113,0.5457060614943893,0.546161631432148,0,0,0.0,91912.84,91912.84,,,HOLD
2025-06-11,0.546161631432148,0.5467642775553471,0.5456482244084603,0.5462508705316593,0,0,0.0,91912.84,91912.84,,,HOLD
2025-06-12,0.5462508705316593,0.5470470706330003,0.5425620352081572,0.5433582353094981,0,0,0.0,91912.84,91912.84,,,HOLD
2025-06-13,0.5433582353094981,0.5441494597316722,0.5427325924915114,0.5435238169136855,0,0,0.0,91912.84,91912.84,,,HOLD
2025-06-16,0.5435238169136855,0.5466469862470907,0.5428311282391494,0.5459542975725546,0,0,0.0,91912.84,91912.84,,,HOLD
2025-06-17,0.5459542975725546,0.5469409323535442,0.5456862013203503,0.5466728361013399,0,0,0.0,91912.84,91912.84,,,HOLD
2025-06-18,0.5466728361013399,0.5473824101067324,0.5446514318551936,0.5453610058605861,0,0,0.0,91912.84,91912.84,,,HOLD
2025-06-19,0.5453610058605861,0.5462803825120981,0.5446369636770955,0.5455563403286074,0,0,0.0,91912.84,91912.84,,,HOLD
2025-06-20,0.5455563403286074,0.5457432500580289,0.544026127780395,0.5442130375098165,0,0,0.0,91912.84,91912.84,,,HOLD
2025-06-23,0.5442130375098165,0.5446933773280747,0.5418566503584291,0.5423369901766872,0,0,0.0,91912.84,91912.84,,,HOLD
2025-06-24,0.5423369901766872,0.5427254918839768,0.5407625965106128,0.5411510982179023,0,0,0.0,91912.84,91912.84,,,HOLD
2025-06-25,0.5411510982179023,0.5416765237164355,0.5401211791695543,0.5406466046680874,0,0,0.0,91912.84,91912.84,,,HOLD
2025-06-26,0.5406466046680874,0.5411961397156466,0.5381435673369662,0.5386931023845254,0,0,0.0,91912.84,91912.84,,,HOLD
2025-06-27,0.5386931023845254,0.5393257102916399,0.5370620612527659,0.5376946691598804,0,0,0.0,91912.84,91912.84,,,HOLD
2025-06-30,0.5376946691598804,0.5422868353684902,0.537367199639946,0.5419593658485558,0,0,0.0,91912.84,91912.84,,,HOLD
2025-07-01,0.5419593658485558,0.5422497331108093,0.541406098275447,0.5416964655377005,0,0,0.0,91912.84,91912.84,,,HOLD
2025-07-02,0.5416964655377005,0.5447076901604881,0.5413313866581562,0.5443426112809439,0,0,0.0,91912.84,91912.84,,,HOLD
2025-07-03,0.5443426112809439,0.5444077743215877,0.5434186894683768,0.5434838525090206,0,0,0.0,91912.84,91912.84,,,HOLD
2025-07-04,0.5434838525090206,0.544317056630842,0.5395431673089814,0.5403763714308027,0,0,0.0,91912.84,91912.84,,,HOLD
2025-07-07,0.5403763714308027,0.5443305514127487,0.5391663985947283,0.5431205785766742,0,0,0.0,91912.84,91912.84,,,HOLD
2025-07-08,0.5431205785766742,0.5439622615366816,0.540324199520629,0.5411658824806365,0,0,0.0,91912.84,91912.84,,,HOLD
2025-07-09,0.5411658824806365,0.5415083574306824,0.5399169703689735,0.5402594453190194,0,0,0.0,91912.84,91912.84,,,HOLD
2025-07-10,0.5402594453190194,0.5421856668244971,0.5398246586149013,0.541750880120379,0,0,0.0,91912.84,91912.84,,,HOLD
2025-07-11,0.541750880120379,0.5450362506822909,0.5414903337832937,0.5447757043452056,0,0,0.0,91912.84,91912.84,,,HOLD
2025-07-14,0.5447757043452056,0.5486356586656559,0.5441390816182837,0.547999035938734,0,0,0.0,91912.84,91912.84,,,HOLD
2025-07-15,0.547999035938734,0.5485362141959518,0.5418548570356624,0.5423920352928802,0,0,0.0,91912.84,91912.84,,,HOLD
2025-07-16,0.5423920352928802,0.542744165990615,0.5404744638983998,0.5408265945961347,0,0,0.0,91912.84,91912.84,,,HOLD
2025-07-17,0.5408265945961347,0.5430720595785604,0.5399685176627002,0.5422139826451259,0,0,0.0,91912.84,91912.84,,,HOLD
2025-07-18,0.5422139826451259,0.543064064560998,0.5416904322675353,0.5425405141834074,0,0,0.0,91912.84,91912.84,,,HOLD
2025-07-21,0.5425405141834074,0.5455576181259086,0.5417995420295431,0.5448166459720443,0,0,0.0,91912.84,91912.84,,,HOLD
2025-07-22,0.5448166459720443,0.5458440810996645,0.5425087303160822,0.5435361654437024,0,0,0.0,91912.84,91912.84,,,HOLD
2025-07-23,0.5435361654437024,0.5456044870758614,0.5431929825556762,0.5452613041878351,0,0,0.0,91912.84,91912.84,,,HOLD
2025-07-24,0.5452613041878351,0.5484630226106173,0.545162621920155,0.5483643403429371,0,0,0.0,91912.84,91912.84,,,HOLD
2025-07-25,0.5483643403429371,0.55102632451949,0.5476318885699575,0.5502938727465103,0,0,0.0,91912.84,91912.84,,,HOLD
2025-07-28,0.5502938727465103,0.5556065097367514,0.5502706617041893,0.5555832986944303,0,0,0.0,91912.84,91912.84,,,HOLD
2025-07-29,0.5555832986944303,0.5571678682997353,0.5548143535515975,0.5563989231569024,0,0,0.0,91912.84,91912.84,,,HOLD
2025-07-30,0.5563989231569024,0.5590221023467686,0.555994156432877,0.5586173356227432,0,0,0.0,91912.84,91912.84,,,HOLD
2025-07-31,0.5586173356227432,0.561899819613567,0.5577531868084128,0.5610356707992367,0,0,0.0,91912.84,91912.84,,,HOLD
2025-08-01,0.5610356707992367,0.561884934054711,0.555273424603546,0.5561226878590203,0,0,0.0,91912.84,91912.84,,,HOLD
2025-08-04,0.5561226878590203,0.5562598112290856,0.5548864847169797,0.555023608087045,0,0,0.0,91912.84,91912.84,,,HOLD
2025-08-05,0.555023608087045,0.555178821990907,0.5496173069347201,0.5497725208385821,1,1,174760.95,91912.84,90975.93,0.549874,0.565652,BUY
2025-08-06,0.5497725208385821,0.5563117634832474,0.5490162241857431,0.5555554668304085,1,1,159367.02,90974.49,91878.57,0.544174,0.561299,BUY
2025-08-07,0.5555554668304085,0.5560946956762457,0.5535383396295419,0.5540775684753791,1,1,159367.02,90974.49,91643.04,0.544174,0.561299,HOLD
2025-08-08,0.5540775684753791,0.5553664362207769,0.5533057853151758,0.5545946530605735,1,1,159367.02,90974.49,91725.45,0.544174,0.561299,HOLD
2025-08-11,0.5545946530605735,0.5572295732144902,0.5544095123545468,0.5570444325084635,1,1,159367.02,90974.49,92115.86,0.544174,0.561299,HOLD
2025-08-12,0.5570444325084635,0.5611333659883877,0.5563536012182799,0.5604425346982042,1,1,159367.02,90974.49,92657.41,0.544174,0.561299,HOLD
2025-08-13,0.5604425346982042,0.5617669424114202,0.5598784528878996,0.5612028606011157,1,1,162748.6,92776.45,92882.29,0.554852,0.571954,BUY
2025-08-14,0.5612028606011157,0.5632997507462852,0.5606742301216412,0.5627711202668108,1,1,162748.6,92776.45,93137.52,0.554852,0.571954,HOLD
2025-08-15,0.5627711202668108,0.563093821635155,0.5626201959739731,0.5629428973423173,1,1,162748.6,92776.45,93165.48,0.554852,0.571954,HOLD
2025-08-18,0.5629428973423173,0.5632963512803144,0.5626870882991805,0.5630405422371776,1,1,162748.6,92776.45,93181.37,0.554852,0.571954,HOLD
2025-08-19,0.5630405422371776,0.5635603987694772,0.5624509561371884,0.562970812669488,1,1,162748.6,92776.45,93170.02,0.554852,0.571954,HOLD
2025-08-20,0.562970812669488,0.5635446851224639,0.5624563820337654,0.5630302544867413,1,1,162748.6,92776.45,93179.69,0.554852,0.571954,HOLD
2025-08-21,0.5630302544867413,0.5634456568929739,0.5618676676910314,0.562283070097264,1,1,162748.6,92776.45,93058.09,0.554852,0.571954,HOLD
2025-08-22,0.562283070097264,0.565873617595508,0.5616079738593963,0.5651985213576404,1,1,162748.6,92776.45,93532.58,0.554852,0.571954,HOLD
2025-08-25,0.5651985213576404,0.5659104636383043,0.5634337788800302,0.5641457211606942,1,1,162748.6,92776.45,93361.24,0.554852,0.571954,HOLD
2025-08-26,0.5641457211606942,0.5651194068738238,0.5628516058854508,0.5638252915985804,1,1,162748.6,92776.45,93309.09,0.554852,0.571954,HOLD
2025-08-27,0.5638252915985804,0.5670514140716931,0.5638063721423282,0.5670324946154409,1,1,162748.6,92776.45,93831.05,0.554852,0.571954,HOLD
2025-08-28,0.5670324946154409,0.5707460749099962,0.5662938635369456,0.5700074438315008,1,1,162748.6,92776.45,94315.22,0.554852,0.571954,HOLD
2025-08-29,0.5700074438315008,0.5762774765839128,0.5690008190434352,0.5752708517958472,1,1,231554.06,94614.08,95807.37,0.566031,0.57829,BUY
2025-09-01,0.5752708517958472,0.5809649466366075,0.5741446389026925,0.5798387337434527,1,1,224130.39,96480.89,97480.03,0.571076,0.58399,BUY
2025-09-02,0.5798387337434527,0.5816688091280237,0.5792524133847997,0.5810824887693706,1,1,224130.39,96480.89,97758.8,0.571076,0.58399,HOLD
2025-09-03,0.5810824887693706,0.5815504791857938,0.5794110718603334,0.5798790622767566,1,1,224130.39,96480.89,97489.07,0.571076,0.58399,HOLD
2025-09-04,0.5798790622767566,0.5824049207842581,0.5790858433086037,0.5816117018161052,1,1,224130.39,96480.89,97877.41,0.571076,0.58399,HOLD
2025-09-05,0.5816117018161052,0.5820254072864232,0.5814593628445471,0.5818730683148651,1,1,224130.39,96480.89,97935.99,0.571076,0.58399,HOLD
2025-09-08,0.5818730683148651,0.5849795813534803,0.581036820176735,0.5841433332153502,1,1,200257.64,98385.85,98818.46,0.57707,0.591809,BUY
2025-09-09,0.5841433332153502,0.5884068809557922,0.58376925855375,0.588032806294192,1,1,200257.64,98385.85,99597.36,0.57707,0.591809,HOLD
2025-09-10,0.588032806294192,0.5901453712560936,0.5874705282851775,0.5895830932470791,1,1,200257.64,98385.85,99907.81,0.57707,0.591809,HOLD
2025-09-11,0.5895830932470791,0.5896962212074891,0.5872938164096042,0.5874069443700142,1,1,200257.64,98385.85,99472.02,0.57707,0.591809,HOLD
2025-09-12,0.5874069443700142,0.5878117555235096,0.5854017421141408,0.5858065532676362,1,1,200257.64,98385.85,99151.53,0.57707,0.591809,HOLD
2025-09-15,0.5858065532676362,0.585953090495795,0.5832810926968249,0.5834276299249838,1,1,200257.64,98385.85,98675.13,0.57707,0.591809,HOLD
2025-09-16,0.5834276299249838,0.5840303068902637,0.5781567131832679,0.5787593901485478,1,1,200257.64,98385.85,97740.28,0.57707,0.591809,HOLD
2025-09-17,0.5787593901485478,0.580674968047818,0.577885920915465,0.5798014988147352,1,1,200257.64,98385.85,97948.97,0.57707,0.591809,HOLD
2025-09-18,0.5798014988147352,0.5807274165590811,0.576715933095024,0.5776418508393699,1,1,194725.16,97379.96,96938.01,0.574911,0.589913,BUY
2025-09-19,0.5776418508393699,0.5780915670762029,0.5751251891555252,0.5755749053923582,1,1,194725.16,97379.96,96535.52,0.574911,0.589913,HOLD
2025-09-22,0.5755749053923582,0.578106067194725,0.5751268001498948,0.5776579619522616,1,1,194725.16,97379.96,96941.14,0.574911,0.589913,HOLD
2025-09-23,0.5776579619522616,0.578067413335109,0.575441095188556,0.5758505465714034,1,1,194725.16,97379.96,96589.19,0.574911,0.589913,HOLD
2025-09-24,0.5758505465714034,0.5771460960209399,0.575427764322874,0.5767233137724105,1,1,194725.16,97379.96,96759.14,0.574911,0.589913,HOLD
2025-09-25,0.5767233137724105,0.5767998723006428,0.5753876929196843,0.5754642514479166,1,1,194725.16,97379.96,96513.97,0.574911,0.589913,HOLD
2025-09-26,0.5754642514479166,0.5759674920293932,0.574921351481861,0.5754245920633376,1,1,194725.16,97379.96,96506.25,0.574911,0.589913,HOLD
2025-09-29,0.5754245920633376,0.5788678750879009,0.5749800726389267,0.57842335566349,1,1,194725.16,97379.96,97090.18,0.574911,0.589913,HOLD
2025-09-30,0.57842335566349,0.580450658800996,0.5778104218326937,0.5798377249701997,1,1,194725.16,97379.96,97365.6,0.574911,0.589913,HOLD
2025-10-01,0.5798377249701997,0.5808038409852897,0.5774693441399478,0.5784354601550378,1,1,194725.16,97379.96,97092.54,0.574911,0.589913,HOLD
2025-10-02,0.5784354601550378,0.5785143146552394,0.5782213227695161,0.5783001772697177,1,1,194725.16,97379.96,97066.2,0.574911,0.589913,HOLD
2025-10-03,0.5783001772697177,0.5832030314002076,0.5777204236496338,0.5826232777801237,1,1,194725.16,97379.96,97908.01,0.574911,0.589913,HOLD
2025-10-06,0.5826232777801237,0.583182802083158,0.5785047712072439,0.5790642955102782,1,1,194725.16,97379.96,97214.99,0.574911,0.589913,HOLD
2025-10-07,0.5790642955102782,0.5798369570391717,0.5758968148320457,0.5766694763609392,1,1,194725.16,97379.96,96748.66,0.574911,0.589913,HOLD
2025-10-08,0.5766694763609392,0.5789314999596172,0.5754808485845524,0.5777428721832304,1,1,194725.16,97379.96,96957.68,0.574911,0.589913,HOLD
2025-10-09,0.5777428721832304,0.5793916725846591,0.5771212514577833,0.5787700518592119,1,1,194725.16,97379.96,97157.69,0.574911,0.589913,HOLD
2025-10-10,0.5787700518592119,0.5791614890582713,0.5762332853886779,0.5766247225877372,1,1,194725.16,97379.96,96739.95,0.574911,0.589913,HOLD
2025-10-13,0.5766247225877372,0.5781176437849938,0.5759389626237332,0.5774318838209898,1,1,194725.16,97379.96,96897.12,0.574911,0.589913,HOLD
2025-10-14,0.5774318838209898,0.5780093266305496,0.5721820784624535,0.5727595212720133,1,1,207423.19,96384.74,95392.77,0.572895,0.586835,BUY
2025-10-15,0.5727595212720133,0.572863487195289,0.5702264412663303,0.5703304071896059,0,0,0.0,95398.08,95398.08,,,STOP
2025-10-16,0.5703304071896059,0.5708452871077203,0.5661587386439431,0.5666736185620574,0,0,0.0,95398.08,95398.08,,,HOLD
2025-10-17,0.5666736185620574,0.5706211709611896,0.5660129563651575,0.5699605087642896,0,0,0.0,95398.08,95398.08,,,HOLD
2025-10-20,0.5699605087642896,0.5752286080139684,0.5692127562991783,0.5744808555488571,0,0,0.0,95398.08,95398.08,,,HOLD
2025-10-21,0.5744808555488571,0.5749603942747915,0.5730363124612832,0.5735158511872176,0,0,0.0,95398.08,95398.08,,,HOLD
2025-10-22,0.5735158511872176,0.5742290422582698,0.571460685114271,0.5721738761853231,0,0,0.0,95398.08,95398.08,,,HOLD
2025-10-23,0.5721738761853231,0.5726122029445462,0.5691669507734481,0.5696052775326712,0,0,0.0,95398.08,95398.08,,,HOLD
2025-10-24,0.5696052775326712,0.5747239649964211,0.5692829021079386,0.5744015895716885,0,0,0.0,95398.08,95398.08,,,HOLD
2025-10-27,0.5744015895716885,0.5745675424510933,0.5737908902878148,0.5739568431672196,0,0,0.0,95398.08,95398.08,,,HOLD
2025-10-28,0.5739568431672196,0.5741630442363211,0.5722004880644371,0.5724066891335386,0,0,0.0,95398.08,95398.08,,,HOLD
2025-10-29,0.5724066891335386,0.574497647056675,0.5714663821512368,0.5735573400743732,0,0,0.0,95398.08,95398.08,,,HOLD
2025-10-30,0.5735573400743732,0.5740025575731568,0.5709544877901201,0.5713997052889037,0,0,0.0,95398.08,95398.08,,,HOLD
2025-10-31,0.5713997052889037,0.5717875956028975,0.5663328401846858,0.5667207304986795,0,0,0.0,95398.08,95398.08,,,HOLD
2025-11-03,0.5667207304986795,0.5671748557638068,0.5656891139460775,0.5661432392112047,0,0,0.0,95398.08,95398.08,,,HOLD
2025-11-04,0.5661432392112047,0.5719772416650127,0.5654785991951945,0.5713126016490025,0,0,0.0,95398.08,95398.08,,,HOLD
2025-11-05,0.5713126016490025,0.572972964249673,0.5710896754413708,0.5727500380420413,0,0,0.0,95398.08,95398.08,,,HOLD
2025-11-06,0.5727500380420413,0.5764612577874547,0.5722344360982803,0.5759456558436937,0,0,0.0,95398.08,95398.08,,,HOLD
2025-11-07,0.5759456558436937,0.5822069268824,0.5752061094324001,0.5814673804711065,0,0,0.0,95398.08,95398.08,,,HOLD
2025-11-10,0.5814673804711065,0.5826000049675837,0.5804277874137895,0.5815604119102668,0,0,0.0,95398.08,95398.08,,,HOLD
2025-11-11,0.5815604119102668,0.5862215346071492,0.5808914375989366,0.585552560295819,0,0,0.0,95398.08,95398.08,,,HOLD
2025-11-12,0.585552560295819,0.5879623476138061,0.5851672210693233,0.5875770083873103,0,0,0.0,95398.08,95398.08,,,HOLD
2025-11-13,0.5875770083873103,0.5884591783323991,0.5842395707626988,0.5851217407077877,0,0,0.0,95398.08,95398.08,,,HOLD
2025-11-14,0.5851217407077877,0.5863033032937783,0.5833577970714353,0.584539359657426,0,0,0.0,95398.08,95398.08,,,HOLD
2025-11-17,0.584539359657426,0.5889690344850834,0.5842682229124463,0.5886978977401037,0,0,0.0,95398.08,95398.08,,,HOLD
2025-11-18,0.5886978977401037,0.5893736734550009,0.5833682199216762,0.5840439956365734,0,0,0.0,95398.08,95398.08,,,HOLD
2025-11-19,0.5840439956365734,0.5858374262786256,0.5835885464914836,0.5853819771335358,0,0,0.0,95398.08,95398.08,,,HOLD
2025-11-20,0.5853819771335358,0.5861620301283256,0.582844381111364,0.5836244341061538,0,0,0.0,95398.08,95398.08,,,HOLD
2025-11-21,0.5836244341061538,0.5864789746021546,0.5833167225121729,0.5861712630081737,0,0,0.0,95398.08,95398.08,,,HOLD
2025-11-24,0.5861712630081737,0.5861831494835605,0.5843150499457586,0.5843269364211454,0,0,0.0,95398.08,95398.08,,,HOLD
2025-11-25,0.5843269364211454,0.5849309862494286,0.5805253985696985,0.5811294483979818,0,0,0.0,95398.08,95398.08,,,HOLD
2025-11-26,0.5811294483979818,0.5850333284305327,0.5805570607501941,0.584460940782745,0,0,0.0,95398.08,95398.08,,,HOLD
2025-11-27,0.584460940782745,0.5878679668547176,0.583651452742961,0.5870584788149337,0,0,0.0,95398.08,95398.08,,,HOLD
2025-11-28,0.5870584788149337,0.5874336706283865,0.5867275760808384,0.5871027678942912,0,0,0.0,95398.08,95398.08,,,HOLD
2025-12-01,0.5871027678942912,0.5878574023046891,0.5839638608659283,0.5847184952763262,0,0,0.0,95398.08,95398.08,,,HOLD
2025-12-02,0.5847184952763262,0.5857387739360398,0.5825709128348583,0.5835911914945718,0,0,0.0,95398.08,95398.08,,,HOLD
2025-12-03,0.5835911914945718,0.5871794658055789,0.5835070870422755,0.5870953613532826,0,0,0.0,95398.08,95398.08,,,HOLD
2025-12-04,0.5870953613532826,0.5879332483089544,0.586164587343192,0.5870024742988639,0,0,0.0,95398.08,95398.08,,,HOLD
2025-12-05,0.5870024742988639,0.5896197369528241,0.5860247002182443,0.5886419628722045,0,0,0.0,95398.08,95398.08,,,HOLD
2025-12-08,0.5886419628722045,0.5891782880719871,0.5886183748210884,0.589154700020871,0,0,0.0,95398.08,95398.08,,,HOLD
2025-12-09,0.589154700020871,0.5896557681325523,0.5864877956850546,0.5869888637967359,0,0,0.0,95398.08,95398.08,,,HOLD
2025-12-10,0.5869888637967359,0.590243582647958,0.586859795720075,0.590114514571297,0,0,0.0,95398.08,95398.08,,,HOLD
2025-12-11,0.590114514571297,0.5905674650674251,0.5885114858073311,0.5889644363034592,0,0,0.0,95398.08,95398.08,,,HOLD
2025-12-12,0.5889644363034592,0.591204229104979,0.5882842105723886,0.5905240033739084,0,0,0.0,95398.08,95398.08,,,HOLD
2025-12-15,0.5905240033739084,0.5909391361038717,0.5884431042065025,0.5888582369364658,0,0,0.0,95398.08,95398.08,,,HOLD
2025-12-16,0.5888582369364658,0.5898167531029378,0.5869513326946415,0.5879098488611135,0,0,0.0,95398.08,95398.08,,,HOLD
2025-12-17,0.5879098488611135,0.5911176464694832,0.5871710275906147,0.5903788251989843,0,0,0.0,95398.08,95398.08,,,HOLD
2025-12-18,0.5903788251989843,0.5907559021449691,0.5863229741363866,0.5867000510823713,0,0,0.0,95398.08,95398.08,,,HOLD
2025-12-19,0.5867000510823713,0.5885559697001502,0.586006518640838,0.5878624372586169,0,0,0.0,95398.08,95398.08,,,HOLD
2025-12-22,0.5878624372586169,0.5881538699151543,0.5828906950248499,0.5831821276813873,0,0,0.0,95398.08,95398.08,,,HOLD
2025-12-23,0.5831821276813873,0.5887678796625904,0.5830293244955147,0.5886150764767177,0,0,0.0,95398.08,95398.08,,,HOLD
2025-12-24,0.5886150764767177,0.5911568714849131,0.588440124924573,0.5909819199327684,0,0,0.0,95398.08,95398.08,,,HOLD
2025-12-25,0.5909819199327684,0.5917095242625239,0.5884259080617704,0.5891535123915259,0,0,0.0,95398.08,95398.08,,,HOLD
2025-12-26,0.5891535123915259,0.5898482602185439,0.5865911141231035,0.5872858619501214,0,0,0.0,95398.08,95398.08,,,HOLD
2025-12-29,0.5872858619501214,0.5881999804839061,0.5857337825907272,0.5866479011245118,0,0,0.0,95398.08,95398.08,,,HOLD
2025-12-30,0.5866479011245118,0.5875023451022201,0.5822069725412999,0.5830614165190082,0,0,0.0,95398.08,95398.08,,,HOLD
2025-12-31,0.5830614165190082,0.5881739963590336,0.5823960984500622,0.5875086782900876,0,0,0.0,95398.08,95398.08,,,HOLD
2026-01-01,0.5875086782900876,0.5915422220278256,0.5865604974924702,0.5905940412302082,0,0,0.0,95398.08,95398.08,,,HOLD
2026-01-02,0.5905940412302082,0.5910031960630765,0.5883023222750641,0.5887114771079324,0,0,0.0,95398.08,95398.08,,,HOLD
2026-01-05,0.5887114771079324,0.5923681740437553,0.5884792483652931,0.592135945301116,0,0,0.0,95398.08,95398.08,,,HOLD
2026-01-06,0.592135945301116,0.5928053192895417,0.5893198637438875,0.5899892377323132,0,0,0.0,95398.08,95398.08,,,HOLD
2026-01-07,0.5899892377323132,0.5905669148924163,0.5870163175752589,0.587593994735362,0,0,0.0,95398.08,95398.08,,,HOLD
2026-01-08,0.587593994735362,0.5884225572806905,0.5858772701414747,0.5867058326868032,0,0,0.0,95398.08,95398.08,,,HOLD
2026-01-09,0.5867058326868032,0.5869862575620148,0.5855616779716665,0.5858421028468781,0,0,0.0,95398.08,95398.08,,,HOLD
2026-01-12,0.5858421028468781,0.5907795136175151,0.5853285087182092,0.5902659194888462,0,0,0.0,95398.08,95398.08,,,HOLD
2026-01-13,0.5902659194888462,0.590833891013193,0.5882491546194105,0.5888171261437573,0,0,0.0,95398.08,95398.08,,,HOLD
2026-01-14,0.5888171261437573,0.5892262553647261,0.5879256652886344,0.5883347945096032,0,0,0.0,95398.08,95398.08,,,HOLD
2026-01-15,0.5883347945096032,0.5897417357697498,0.5874423847700593,0.5888493260302058,0,0,0.0,95398.08,95398.08,,,HOLD
2026-01-16,0.5888493260302058,0.5894274969188421,0.5862184250187825,0.5867965959074188,0,0,0.0,95398.08,95398.08,,,HOLD
2026-01-19,0.5867965959074188,0.5886855965408134,0.5860946759441664,0.587983676577561,0,0,0.0,95398.08,95398.08,,,HOLD
2026-01-20,0.587983676577561,0.5884475650540301,0.5852404736707293,0.5857043621471983,0,0,0.0,95398.08,95398.08,,,HOLD
2026-01-21,0.5857043621471983,0.5863766705909748,0.5844231282037654,0.5850954366475418,0,0,0.0,95398.08,95398.08,,,HOLD
2026-01-22,0.5850954366475418,0.5906251749761517,0.5846125956284224,0.5901423339570323,0,0,0.0,95398.08,95398.08,,,HOLD
2026-01-23,0.5901423339570323,0.590342551736743,0.5877024746362397,0.5879026924159504,0,0,0.0,95398.08,95398.08,,,HOLD
2026-01-26,0.5879026924159504,0.5885981550122175,0.5853729499832573,0.5860684125795244,0,0,0.0,95398.08,95398.08,,,HOLD
2026-01-27,0.5860684125795244,0.5888768791040007,0.585379842664797,0.5881883091892733,0,0,0.0,95398.08,95398.08,,,HOLD
2026-01-28,0.5881883091892733,0.5889294729147821,0.5859000108017703,0.5866411745272792,0,0,0.0,95398.08,95398.08,,,HOLD
2026-01-29,0.5866411745272792,0.5904013823441049,0.5861526783346346,0.5899128861514603,0,0,0.0,95398.08,95398.08,,,HOLD
2026-01-30,0.5899128861514603,0.5901799972927491,0.5873693334488433,0.5876364445901321,0,0,0.0,95398.08,95398.08,,,HOLD
2026-02-02,0.5876364445901321,0.5880553111374607,0.5864931811420014,0.58691204768933,0,0,0.0,95398.08,95398.08,,,HOLD
2026-02-03,0.58691204768933,0.5871794383232668,0.5854932378235514,0.5857606284574882,0,0,0.0,95398.08,95398.08,,,HOLD
2026-02-04,0.5857606284574882,0.5867311112428094,0.5788727591525896,0.5798432419379108,0,0,0.0,95398.08,95398.08,,,HOLD
2026-02-05,0.5798432419379108,0.5808326311354732,0.5783617760636387,0.5793511652612011,0,0,0.0,95398.08,95398.08,,,HOLD
2026-02-06,0.5793511652612011,0.5802163822844127,0.5746863352509215,0.5755515522741331,0,0,0.0,95398.08,95398.08,,,HOLD
2026-02-09,0.5755515522741331,0.5772516040824553,0.5752718941826922,0.5769719459910144,0,0,0.0,95398.08,95398.08,,,HOLD
2026-02-10,0.5769719459910144,0.5830162173981638,0.5763717899003536,0.582416061307503,0,0,0.0,95398.08,95398.08,,,HOLD
2026-02-11,0.582416061307503,0.5830612328213562,0.5799628075809986,0.5806079790948518,0,0,0.0,95398.08,95398.08,,,HOLD
2026-02-12,0.5806079790948518,0.580782900393058,0.5791381948838602,0.5793131161820664,0,0,0.0,95398.08,95398.08,,,HOLD
2026-02-13,0.5793131161820664,0.5840769341334592,0.5783263560152343,0.5830901739666271,0,0,0.0,95398.08,95398.08,,,HOLD
2026-02-16,0.5830901739666271,0.5837535842530913,0.5827679692900481,0.5834313795765124,0,0,0.0,95398.08,95398.08,,,HOLD
2026-02-17,0.5834313795765124,0.5847384671934756,0.5827043757564396,0.5840114633734028,0,0,0.0,95398.08,95398.08,,,HOLD
2026-02-18,0.5840114633734028,0.5856441771658154,0.5831523385582865,0.5847850523506991,0,0,0.0,95398.08,95398.08,,,HOLD
2026-02-19,0.5847850523506991,0.5853044983959377,0.5836610563869014,0.5841805024321399,0,0,0.0,95398.08,95398.08,,,HOLD
2026-02-20,0.5841805024321399,0.5849805523602442,0.5812077828611488,0.582007832789253,0,0,0.0,95398.08,95398.08,,,HOLD
2026-02-23,0.582007832789253,0.5865463966439859,0.5809854285564728,0.5855239924112057,0,0,0.0,95398.08,95398.08,,,HOLD
2026-02-24,0.5855239924112057,0.5864140524810494,0.5830441393909992,0.5839341994608429,0,0,0.0,95398.08,95398.08,,,HOLD
2026-02-25,0.5839341994608429,0.5844628433940873,0.5829946109218904,0.5835232548551348,0,0,0.0,95398.08,95398.08,,,HOLD
2026-02-26,0.5835232548551348,0.5887512899436254,0.5825571324753333,0.5877851675638238,0,0,0.0,95398.08,95398.08,,,HOLD
2026-02-27,0.5877851675638238,0.588061999782616,0.5875245904533962,0.5878014226721884,0,0,0.0,95398.08,95398.08,,,HOLD
2026-03-02,0.5878014226721884,0.5881443228955656,0.5849140899161063,0.5852569901394835,0,0,0.0,95398.08,95398.08,,,HOLD
2026-03-03,0.5852569901394835,0.5869411690300398,0.5841398116210311,0.5858239905115874,0,0,0.0,95398.08,95398.08,,,HOLD
2026-03-04,0.5858239905115874,0.5863964888906443,0.5843237945534648,0.5848962929325218,0,0,0.0,95398.08,95398.08,,,HOLD
2026-03-05,0.5848962929325218,0.5853660938037235,0.5818443401680771,0.5823141410392788,0,0,0.0,95398.08,95398.08,,,HOLD
2026-03-06,0.5823141410392788,0.5857055830335742,0.5820926421316748,0.5854840841259702,0,0,0.0,95398.08,95398.08,,,HOLD
2026-03-09,0.5854840841259702,0.5859336661963225,0.5840524922938388,0.5845020743641911,0,0,0.0,95398.08,95398.08,,,HOLD
2026-03-10,0.5845020743641911,0.5853089679252489,0.582834995685747,0.5836418892468048,0,0,0.0,95398.08,95398.08,,,HOLD
2026-03-11,0.5836418892468048,0.5869085283631268,0.5831313548836538,0.5863979939999757,0,0,0.0,95398.08,95398.08,,,HOLD
2026-03-12,0.5863979939999757,0.587127747534553,0.5851126012991943,0.5858423548337716,0,0,0.0,95398.08,95398.08,,,HOLD
2026-03-13,0.5858423548337716,0.5866396939129256,0.584600203251901,0.585397542331055,0,0,0.0,95398.08,95398.08,,,HOLD
2026-03-16,0.585397542331055,0.5880164876650645,0.5844924131017288,0.5871113584357384,0,0,0.0,95398.08,95398.08,,,HOLD
2026-03-17,0.5871113584357384,0.5899190711058632,0.5864120621751138,0.5892197748452386,0,0,0.0,95398.08,95398.08,,,HOLD
2026-03-18,0.5892197748452386,0.59273938221386,0.5882948806105064,0.5918144879791278,0,0,0.0,95398.08,95398.08,,,HOLD
2026-03-19,0.5918144879791278,0.5919293454890113,0.5904533541954456,0.5905682117053291,0,0,0.0,95398.08,95398.08,,,HOLD
2026-03-20,0.5905682117053291,0.593026059128503,0.5898405177731801,0.592298365196354,0,0,0.0,95398.08,95398.08,,,HOLD
2026-03-23,0.592298365196354,0.5931290604593454,0.5868915428992245,0.5877222381622159,0,0,0.0,95398.08,95398.08,,,HOLD
2026-03-24,0.5877222381622159,0.589372306289456,0.5871787673695368,0.5888288354967769,0,0,0.0,95398.08,95398.08,,,HOLD
2026-03-25,0.5888288354967769,0.5898399509371061,0.5858769808397516,0.5868880962800808,0,0,0.0,95398.08,95398.08,,,HOLD
2026-03-26,0.5868880962800808,0.589238980726159,0.5866347643975993,0.5889856488436775,0,0,0.0,95398.08,95398.08,,,HOLD
2026-03-27,0.5889856488436775,0.5899886640814377,0.588395546489765,0.5893985617275251,0,0,0.0,95398.08,95398.08,,,HOLD
2026-03-30,0.5893985617275251,0.5901056001382532,0.5889786488629004,0.5896856872736285,0,0,0.0,95398.08,95398.08,,,HOLD
2026-03-31,0.5896856872736285,0.5911786064240683,0.589084098969685,0.5905770181201249,0,0,0.0,95398.08,95398.08,,,HOLD
2026-04-01,0.5905770181201249,0.5942217573202907,0.5893696590076796,0.5930143982078454,0,0,0.0,95398.08,95398.08,,,HOLD
2026-04-02,0.5930143982078454,0.5938716138424813,0.5905824531405784,0.5914396687752144,0,0,0.0,95398.08,95398.08,,,HOLD
2026-04-03,0.5914396687752144,0.5923111295652315,0.5892484340017912,0.5901198947918083,0,0,0.0,95398.08,95398.08,,,HOLD
2026-04-06,0.5901198947918083,0.5952423400597983,0.5894687859598924,0.5945912312278824,0,0,0.0,95398.08,95398.08,,,HOLD
2026-04-07,0.5945912312278824,0.5954936529331706,0.5929826640562347,0.5938850857615229,0,0,0.0,95398.08,95398.08,,,HOLD
2026-04-08,0.5938850857615229,0.5943894999066951,0.5923389384893315,0.5928433526345037,0,0,0.0,95398.08,95398.08,,,HOLD
2026-04-09,0.5928433526345037,0.5953307790914456,0.5922147104507857,0.5947021369077276,0,0,0.0,95398.08,95398.08,,,HOLD
