Date,Open,High,Low,Close,Volume,MA_20,MA_50,MA_200,EMA_12,EMA_26,MACD,MACD_Signal,MACD_Hist,RSI,BB_Mid,BB_Upper,BB_Lower,BB_Width,Daily_Return,Log_Return,Volatility_20d,ATR_14
2018-01-01,301.6090575152612,301.6090575152612,296.9024252192447,298.0550537109375,7739502,,,,298.0550537109375,298.0550537109375,0.0,0.0,0.0,,,,,,,,,
2018-01-02,298.6794327880673,299.3998366015327,295.3655635208041,297.478759765625,7046560,,,,297.9663931039663,298.012365270544,-0.045972166577712414,-0.009194433315542483,-0.03677773326216993,0.0,,,,,-0.0019335150944006507,-0.001935386747679831,,
2018-01-03,300.168203929114,303.8662820641809,300.168203929114,302.5695495605469,8898342,,,,298.6745710203633,298.3499344772109,0.3246365431523941,0.05757176197804484,0.2670647811743493,40.45892987506881,,,,,0.017113120274310445,0.01696834025583117,,
2018-01-04,302.5215066114191,303.1938657385385,299.20763821882855,302.2813720703125,6385367,,,,299.22946348958624,298.64115207669994,0.5883114128862985,0.16371969215969556,0.42459172072660295,39.48504722976777,,,,,-0.0009524338805835253,-0.0009528877339317215,,
2018-01-05,302.0413118258674,302.7136711183749,299.30377152120735,300.5524597167969,6366054,,,,299.43300137069554,298.7827304204108,0.650270950284721,0.2610299437847007,0.38924100650002036,34.17076576482283,,,,,-0.005719546466506964,-0.005735965709411762,,
2018-01-08,301.12873828196376,305.6432797359132,300.2642597285034,301.7530822753906,7329648,,,,299.7899368944948,299.00275648374264,0.7871804107521712,0.3662600371781948,0.4209203735739764,40.190789019584116,,,,,0.003994718791272112,0.003986761087647055,,
2018-01-09,302.3774796575622,303.33801806729184,298.4873108234796,300.2643127441406,9190909,,,,299.8629177944403,299.096205095624,0.7667126988163204,0.44635056950581997,0.32036212931050045,35.81685281568443,,,,,-0.004933734297008052,-0.00494594534466469,,
2018-01-10,300.2162421177416,300.60048089885055,298.2951654654104,299.6879577636719,6736971,,,,299.8360008666298,299.14003862659047,0.6959622400393073,0.49627290361251747,0.19968933642678982,34.26228559981293,,,,,-0.001919492114135668,-0.00192133669994702,,
2018-01-11,300.168205347508,300.168205347508,296.37406750659494,297.2865905761719,8366713,,,,299.443783898867,299.0027461784113,0.44103772045571077,0.48522586698115616,-0.04418814652544539,28.677391604239716,,,,,-0.008012891827284152,-0.008045167575343534,,
2018-01-12,297.3826589303541,306.21959356531465,297.3826589303541,305.16302490234375,11699345,,,,300.32366713017115,299.45906312092484,0.8646040092463068,0.5611014954341863,0.30350251381212046,54.73813560433381,,,,,0.026494415072360056,0.026149516714227643,,
2018-01-15,308.1407210783966,317.6500751236707,307.6124366595734,316.3052978515625,30242005,,,,302.78237954884673,300.70693236023135,2.075447188615385,0.8639706340704261,1.211476554544959,70.92369295447526,,,,,0.03651252622359613,0.035861737937504565,,
2018-01-16,316.73751542434735,327.3034370912702,313.6637810322847,320.9158630371094,26707100,,,,305.5721462393487,302.20389018814825,3.368256051200433,1.3648277174964276,2.0034283337040053,74.92022986587588,,,,,0.014576313507434602,0.014471100231806852,,
2018-01-17,320.8677791247588,330.6172654615784,320.8677791247588,329.7047424316406,43305353,,,,309.28485334585514,304.24099035433284,5.043862991522303,2.1006347723016026,2.9432282192207007,80.43956844175484,,,,,0.027386864928876875,0.027018554200837454,,
2018-01-18,336.1883733799962,339.262107376219,329.4646059123963,332.49029541015625,31504669,,,,312.85492135574765,306.333531469579,6.521389886168663,2.984785795075015,3.536604091093648,81.80619431192291,,,,,0.008448628788204848,0.008413138877950869,,6.675745170560808
2018-01-19,333.7390873732709,340.9911407541277,327.35148339863997,339.6463928222656,18812611,,,,316.9766861967504,308.8011508290373,8.17553536771311,4.022935709602634,4.152599658110476,84.7533048570618,,,,,0.021522725658148056,0.021294382368402233,,7.313818389094466
2018-01-22,338.49369003049827,338.97395917904134,331.19359310998306,337.62921142578125,15269782,,,,320.15399777044746,310.93656272509236,9.217435045355103,5.061835576753128,4.155599468601975,80.78106170558793,,,,,-0.005939063211367501,-0.0059567695882837305,,7.629427434205463
2018-01-23,336.6206656109933,350.0682020766786,336.6206656109933,348.0030212402344,22485663,,,,324.4384629196454,313.6822263188066,10.756236600838804,6.200715781570263,4.555520819268541,84.74168668543938,,,,,0.03072545106700142,0.030262875747885724,,8.133714160428992
2018-01-24,343.6325866569449,345.02537895711623,337.9173718831013,338.82989501953125,12815095,,,,326.6525293965509,315.54501659293436,11.107512803616544,7.18207518597952,3.925437617637024,70.8397549636884,,,,,-0.02635932926102591,-0.026712964620326466,,8.56938714881636
2018-01-25,338.5897687532131,350.40437874608864,336.86081144660346,346.5622253417969,30183655,,,,329.71555954197333,317.8425876113686,11.872971930604763,8.12025453490457,3.752717395700193,74.61945021750181,,,,,0.02282068505737933,0.022564188181683077,,9.293220556124762
2018-01-29,345.7938004902097,351.2688807232928,341.5674376802123,343.5365295410156,17855095,317.93578186035154,,,331.8418626187491,319.7458425691202,12.096020049628862,8.915407637849428,3.1806124117794337,70.75470820955952,317.93578186035154,356.6800407329682,279.19152298773486,0.2437238026239809,-0.00873059895029571,-0.008768933917220433,,9.601965058672667
2018-01-30,342.7200801669286,342.7200801669286,336.66870013518445,339.3101806640625,13358981,319.9985382080078,,,332.99083462572037,321.19505279837523,11.795781827345138,9.49148247574857,2.3042993515965673,65.64064525826282,319.9985382080078,358.67895859574634,281.31811782026926,0.2417537317785821,-0.01230247299348275,-0.012378774861290907,0.27036870222087817,9.746045213102592
2018-01-31,335.08382046209005,339.9825720735173,330.0409939560072,339.02203369140625,22638319,322.07570190429686,,,333.9187114050567,322.5155699015627,11.403141503493998,9.873814281297657,1.5293272221963417,65.29413325226604,322.07570190429686,360.1208043774269,284.0305994311668,0.23624944227823153,-0.0008492140497886602,-0.0008495748363109567,0.26993974181636643,10.291492547679017
2018-02-01,333.83509444534644,341.85559559364987,330.233075604489,332.53839111328125,29472295,323.5741439819336,,,333.70635443709125,323.2580011024307,10.448353334660567,9.988722091970239,0.4596312426903282,57.889025660937584,323.5741439819336,360.734856026646,286.4134319372212,0.22968900782620766,-0.01912454629431759,-0.01930978598261754,0.2817762039643799,10.850662701125291
2018-02-02,329.03242805437156,330.1370707014748,320.5316863844497,321.8764343261719,16957983,324.55389709472655,,,331.886366727719,323.1556628227078,8.730703905011183,9.737118454578429,-1.0064145495672463,48.206932727650006,324.55389709472655,360.3594089538246,288.7483852356285,0.2206444734117464,-0.032062333468971804,-0.032587587858464113,0.3104950074682368,11.070212825388776
2018-02-05,314.6723777087384,321.0599520438076,314.14406401417625,316.68951416015625,17339547,325.36074981689455,,,329.5483894096325,322.67668884770404,6.871700561928435,9.164034876048431,-2.292334314119996,44.32310043867825,325.36074981689455,359.5811623894375,291.1403372443516,0.21035366184643603,-0.0161146316190377,-0.01624588426381954,0.3166434151663398,10.730592831865108
2018-02-06,302.8096960995639,324.61392702063455,300.64848494580013,317.6500244140625,18491736,326.1555969238281,,,327.71787171800634,322.30434333410096,5.413528383905373,8.413933577619819,-3.000405193714446,45.2035021870084,326.1555969238281,358.76790233479454,293.5432915128617,0.19998004460786767,0.003032971446665922,0.003028381267680281,0.3166139582972826,11.468148975854316
2018-02-07,322.11652679805945,323.12508029409565,316.88158130474096,319.427001953125,11819190,327.11373138427734,,,326.44235329263995,322.0912069355101,4.351146357129835,7.601376133521822,-3.250229776391987,46.87710427817529,327.11373138427734,357.57847085021916,296.6489919183355,0.18626389871816978,0.005594136321381837,0.005578547252021282,0.31542467343085356,11.217721308178247
2018-02-08,319.4270028255805,325.0461577940079,316.4973727094334,320.67572021484375,10294899,328.1631195068359,,,325.555178972979,321.9863560673126,3.568822905666366,6.794865487950731,-3.2260425822843652,48.0772238549214,328.1631195068359,355.98105119600416,300.3451878176677,0.16953722119032186,0.0039092445350064065,0.003901623294327758,0.3148271048886194,11.12852728108909
2018-02-09,312.1749235823032,315.680882246029,309.9176528875865,313.8558654785156,9493398,328.9915832519531,,,323.75528458921536,321.3840975051795,2.371187084035853,5.910129807167756,-3.5389427231319033,42.43830145811643,328.9915832519531,353.7571693998642,304.225997104042,0.15055452728068588,-0.02126713781685441,-0.021496541732702136,0.32466022750712586,10.922699421929773
2018-02-12,315.87301571434256,316.2092099712498,310.49399554373207,313.3756103515625,8356351,329.40221252441404,,,322.1584116295765,320.79087623454126,1.3675353950352473,5.001610924741255,-3.6340755297060072,42.06414745516179,329.40221252441404,352.73515201731743,306.06927303151065,0.14166838354902697,-0.0015301773195186552,-0.0015313492364796436,0.31268258396552334,10.72715761587514
2018-02-14,314.09606152465983,314.09606152465983,304.0584233683506,306.3637390136719,15189066,328.9051345825195,,,319.7284619963604,319.7221994033657,0.006262592994687566,4.002541258391941,-3.996278665397253,36.94295967602088,328.9051345825195,353.785158988936,304.025110176103,0.15128997264209218,-0.02237529375698477,-0.022629418540636617,0.2946042059642034,10.483593450919708
2018-02-15,309.4374391321077,318.70662881251513,309.4374391321077,315.6809387207031,23779772,328.64338836669924,,,319.10576610779776,319.4228467602055,-0.3170806524077534,3.138616876232002,-3.4556975286397553,46.29872565820305,328.64338836669924,353.98320452288397,303.3035722105145,0.154208586286304,0.030412214373109814,0.02995893030886412,0.31092756065178634,10.644824911041862
2018-02-16,317.31382179484234,320.8197806004202,306.21958724298463,308.38079833984375,17585994,327.5771911621094,,,317.4557710665741,318.6049172475861,-1.1491461810120427,2.2810642647831934,-3.430210445795236,41.147403684178876,327.5771911621094,354.4755002304765,300.6788820937423,0.16422577513985598,-0.023125059151316463,-0.023396638357969384,0.3021110482226625,10.72029820089546
2018-02-19,316.49739013862757,316.59344983744586,302.7617032934414,307.13214111328125,19044107,326.3092834472656,,,315.867520304529,317.75508197837837,-1.8875616738493477,1.4473390770566854,-3.334900750906033,40.32102719624003,326.3092834472656,354.5876928221798,298.0308740723514,0.17332273894367595,-0.004049075796173418,-0.004057295499211743,0.29897952445457493,11.015319879532885
2018-02-20,307.8525542130707,311.4065579839104,303.8182812468908,304.7308044433594,16030558,324.5635040283203,,,314.1541794028106,316.79032067948805,-2.6361412766774492,0.6306430063098585,-3.2667842829873077,38.71088896967294,324.5635040283203,353.673901623578,295.45310643306266,0.17938182965092458,-0.007818578222447137,-0.007849303562256818,0.2837859827868113,11.066780403189199
2018-02-21,306.41170142566415,308.04462817425616,303.2419369293398,306.60382080078125,9974873,323.0122344970703,,,312.9925857717292,316.03576513291716,-3.043179361187981,-0.1041214671897095,-2.939057893998272,40.70000195731901,323.0122344970703,352.4952579705246,293.529211023616,0.18255050629496639,0.006146462156470411,0.006127649705274241,0.2866293521492407,10.69971705514679
2018-02-22,304.49068180975036,306.6999084697982,301.5610513283861,305.78741455078125,25530698,320.90145416259764,,,311.8840978915834,315.27662805275895,-3.392530161175557,-0.7618032059868791,-2.630726955188678,40.08926575113446,320.90145416259764,348.8562233635731,292.94668496162217,0.17422650373414056,-0.002662739974563011,-0.002666291372349195,0.25469334651149667,10.23659828030759
2018-02-23,306.45975968170706,311.262451601579,305.7874004009081,310.0137634277344,7949765,319.4606475830078,,,311.5963541279143,314.8867862286831,-3.2904321007687827,-1.2675289849432598,-2.022903115825523,44.71430789637376,319.4606475830078,346.4794428777876,292.441852288228,0.16915257324618874,0.013821199551858232,0.013726557817810113,0.25269605089294483,9.770051599724686
2018-02-26,312.17498148230055,314.86447728974883,310.3979795712017,314.1440734863281,7133735,317.83973999023436,,,311.9883109522857,314.83177046999015,-2.8434595177044457,-1.5827150914954973,-1.2607444262089484,48.8686327356671,317.83973999023436,341.720127387843,293.95935259262575,0.1502668445320421,0.013322989318042211,0.013235018788092807,0.24115487588437318,9.564218996154604
2018-02-27,314.0960560564771,314.14407125104117,307.03609297052816,309.43743896484375,9623651,316.1347854614258,,,311.5958691080638,314.4321903584978,-2.8363212504339685,-1.8334363232831916,-1.002884927150777,44.74269782145622,316.1347854614258,336.9645847435393,295.30498617931227,0.13177796459007604,-0.014982407496187289,-0.01509577755958125,0.2435197574611464,8.360114599080715
2018-02-28,302.71365837929125,304.49066020846846,298.82348974548273,300.8886413574219,17481687,314.2137084960938,,,309.9486033002728,313.4289645065662,-3.4803612062934235,-2.162821299885238,-1.3175399064081854,38.40089451342456,314.2137084960938,333.03400990449444,295.3934070876931,0.11979300011116246,-0.027626901373085433,-0.028015701847865723,0.25531969221127754,8.672289615509738
2018-03-01,300.31226429480256,301.6089967357851,292.24374922567716,292.9161376953125,18986889,311.9084136962891,,,307.32822397643275,311.90949585388074,-4.581271877447989,-2.6465114153977884,-1.9347604620502006,33.61562727484758,311.9084136962891,329.1638545162146,294.65297287636355,0.1106442792962133,-0.026496525844719176,-0.02685388544971659,0.26469262447034625,8.7306083601907
2018-03-05,292.4359316132358,294.40502363490054,287.4891353347941,291.37933349609375,14456193,309.8504608154297,,,304.8745485179191,310.38874308663725,-5.514194568718153,-3.2200480460618617,-2.2941465226562916,32.76796506522126,309.8504608154297,326.5550608400745,293.1458607907849,0.1078236255042738,-0.005246567196025564,-0.005260378759742128,0.2609226789649792,8.456167001108497
2018-03-06,295.2694843774025,295.5576634718002,282.5903956831182,283.4068298339844,18951451,307.92698059082034,,,301.5718225665445,308.3900828457,-6.818260279155538,-3.9396904926805973,-2.878569786474941,28.721713991243845,307.92698059082034,327.426526882619,288.4274342990217,0.12665045625027607,-0.02736125299777392,-0.02774254322668789,0.2552761747552116,8.974170812620233
2018-03-07,281.7259133234234,282.2061825444407,274.08965029723254,275.3863830566406,31472773,305.86182403564453,,,297.54329341117466,305.9453643428067,-8.402070931632068,-4.832166580470892,-3.569904351161176,25.33270006041907,305.86182403564453,329.71627088099353,282.00737719029553,0.15598185174341372,-0.028300118180080602,-0.028708285758733857,0.2650186313437116,8.922709482651848
2018-03-08,278.79622410887544,286.2403954675104,277.8356858690516,285.2318420410156,21413552,304.2409149169922,,,295.64922396961174,304.4110293574888,-8.761805387877075,-5.618094341952128,-3.143711045924947,35.40811717113775,304.2409149169922,329.10688013445736,279.37494969952706,0.16346233526315465,0.03575143721739504,0.0351271895847373,0.3037817305142702,8.816361097796598
2018-03-09,287.2009772714429,287.68124646420455,279.2285203969223,281.14959716796875,12489587,302.32704467773436,,,293.41851215397435,302.68796030641323,-9.269448152438883,-6.3483651040494795,-2.921083048389404,33.39590586850568,302.32704467773436,328.1455847501826,276.50850460528613,0.17079874610602244,-0.014312023664103557,-0.014415428482030224,0.3026210661946527,8.377256291357075
2018-03-12,283.9351210544664,289.9865004851279,282.1581193761604,288.78582763671875,12163952,300.7325500488281,,,292.70579145901195,301.6581727012507,-8.952381242238744,-6.869168331687333,-2.083212910551411,40.237596951623985,300.7325500488281,325.7048640113304,275.7602360863258,0.16607656177189806,0.02716073771995431,0.02679843059840147,0.3234503818398337,8.020481775153842
2018-03-13,288.25755588727225,294.8852644370402,287.77728672695133,292.33984375,15966647,299.65674896240233,,,292.64949181147165,300.9679261122692,-8.318434300797549,-7.1590215255093765,-1.159412775288172,43.163852282533924,299.65674896240233,324.0967823789042,275.21671554590046,0.16312019336209474,0.012306753909516965,0.012231641446125766,0.32304730905361845,7.986174701801649
2018-03-14,291.187162245577,295.31749427480906,286.0482767874061,293.97271728515625,12964285,298.68660430908204,311.3373699951172,,292.8530649612693,300.449762495446,-7.5966975341767125,-7.246556727242844,-0.35014080693386873,44.50825804390911,298.68660430908204,322.3621515610213,275.0110570571428,0.15853102824417054,0.005585531941902033,0.005569990702235467,0.3245623371250032,8.305212290550688
2018-03-15,293.68459385756955,293.68459385756955,288.54570793885654,289.5542907714844,13282019,297.8461318969727,311.16735473632815,,292.3455612397639,299.6426905158933,-7.297129276129397,-7.256671237020155,-0.040458039109241284,41.63815816358021,297.8461318969727,321.5675753594895,274.12468843445583,0.1592865639142984,-0.015030056375557987,-0.01514415236247329,0.3197560331496702,8.325794590899806
2018-03-16,289.3621767437632,289.93850561404645,285.66409824885847,286.33648681640625,28835112,296.3789093017578,310.94450927734374,,291.42108825155503,298.65704579741276,-7.23595754585773,-7.252528498787671,0.01657095292994093,39.63369708709391,296.3789093017578,319.0629840879584,273.6948345155572,0.15307482465363173,-0.011112955523831625,-0.011175165736323545,0.2959384527042498,8.24003431693674
2018-03-19,286.3364727382136,288.161489643294,279.7567795286979,282.9265441894531,13601784,295.10619659423827,310.55164916992186,,290.114235318924,297.49182345608244,-7.377588137158455,-7.277540426461828,-0.10004771069662688,37.56966874334223,295.10619659423827,317.81125870645326,272.4011344820233,0.15387723046313212,-0.011908865212624908,-0.011980343800645499,0.2892805151435297,8.49389119212114
2018-03-20,281.4377417368432,285.4720146065157,278.79626122566117,280.4772033691406,10880002,293.77344970703126,310.1155657958984,,288.6316150189573,296.2314812274201,-7.5998662084627995,-7.342005582862022,-0.2578606256007774,36.114802242970796,293.77344970703126,316.634950703549,270.9119487105135,0.15564034816159614,-0.008657161622390497,-0.00869485253460977,0.28972327697459893,8.463017825339323
2018-03-21,283.3588307758155,283.40684597096356,276.01071780649363,277.7877197265625,13618228,292.4262954711914,309.66027099609374,,286.96332343551194,294.86527667180104,-7.901953236289103,-7.453995113547439,-0.4479581227416638,34.53344478680283,292.4262954711914,315.740002898835,269.1125880435478,0.1594501437709479,-0.009588956286898154,-0.00963522635357296,0.2900706293218351,8.233173464275675
2018-03-22,278.07587494138903,278.21994984294605,269.81523859687644,272.072509765625,24593489,290.6997299194336,309.06665954589846,,284.6724290247601,293.17692356763985,-8.50449454287974,-7.6640949994139,-0.8403995434658409,31.388168828255374,290.6997299194336,314.6971698161787,266.7022900226885,0.1651012190716236,-0.020574019494321805,-0.020788613104677296,0.2926083679196825,8.164563731130077
2018-03-23,266.16518259660313,266.88558635896493,262.75525386677475,264.67633056640625,31922568,288.64417572021483,308.35489990234373,,281.59610618501335,291.06576853051143,-9.46966234549808,-8.025208468630735,-1.4444538768673443,27.85270678673048,288.64417572021483,314.192846929347,263.09550451108265,0.1770253714309948,-0.02718458842310134,-0.027560925403025353,0.30192459407235056,8.336089988183208
2018-03-26,265.2046679388514,271.9764521846882,265.06059303616894,270.53564453125,24618534,286.67026977539064,307.7718536376953,,279.894496699819,289.5450186046402,-9.650521904821176,-8.350271155868825,-1.300250748952351,34.17792876523268,286.67026977539064,311.35277106498194,261.98776848579934,0.17220133297345636,0.022137657539323063,0.02189617697653705,0.3108503903464145,7.931293833154631
2018-03-27,273.2731672656776,275.9626629862042,270.295492445113,272.69683837890625,22377328,284.59790802001953,307.28005859375,,278.78716465044783,288.29700525458577,-9.509840604137935,-8.582185045522646,-0.9276555586152888,36.39302257746076,284.59790802001953,306.3543401569803,262.84147588305876,0.1528924248833927,0.007988573377829322,0.007956833650231547,0.3068656546457421,7.670578904893156
2018-03-28,271.83234201000266,272.1204917779783,266.1651718378257,267.3658447265625,27172599,282.4943283081055,306.52411499023435,,277.03003850831163,286.74654891917663,-9.716510410864998,-8.809050118591117,-0.9074602922738819,33.40659543793667,282.4943283081055,302.175026132285,262.813630483926,0.1393351713788359,-0.019549158266867983,-0.019742770519837635,0.3088878793536023,7.361839914193927
2018-04-02,262.22696429880494,263.04342774261573,248.5873082766226,251.5169677734375,73359584,280.02574462890624,305.22834838867186,,273.1049507029464,284.1369503157885,-11.031999612842128,-9.25364001744132,-1.7783595954008078,26.45586084185632,280.02574462890624,302.21718381771825,257.8343054400942,0.15849570701594168,-0.059277866884357655,-0.06110747193442305,0.35393144610018573,8.099397798669473
2018-04-03,251.08472065665805,260.7861639250003,251.08472065665805,259.39337158203125,40773239,278.3496063232422,303.99789855957033,,270.99547699203634,282.3040926318065,-11.308615639770153,-9.664635141907088,-1.6439804978630654,33.82484493531945,278.3496063232422,301.4854917090538,255.21372093743062,0.166236163876189,0.0313155962332079,0.03083526511238607,0.3742494257727348,8.161150652325409
2018-04-04,256.7038667129836,262.51511183935,255.0229246484458,258.0486145019531,33486876,276.68307037353514,302.56477600097656,,269.003651993562,280.5073905481136,-11.503738554551603,-10.03245582443599,-1.4712827301156128,33.21296287606677,276.68307037353514,300.6538345932937,252.71230615377658,0.17327235950791572,-0.005184238409318254,-0.005197723199027473,0.374250697880468,8.188594186669365
2018-04-05,257.23214527116653,268.9507242681723,257.1361148917129,267.65399169921875,26759108,275.8954284667969,301.26804992675784,,268.7960119482784,279.5552869296769,-10.759274981398505,-10.177819655828493,-0.5814553255700119,41.371230576986214,275.8954284667969,299.97095011294186,251.8199068206519,0.17452642676928146,0.03722313028420832,0.03654707513194941,0.39454275742339856,8.370407893030537
2018-04-06,267.41389229833516,271.7843597305451,266.06914436277305,269.5751037597656,31577015,275.6048645019531,299.8666241455078,,268.91587222696876,278.8160141022761,-9.900141875307327,-10.12228409972426,0.22214222441693288,42.87423669557412,275.6048645019531,299.84595556588124,251.36377343802494,0.17591192454265528,0.007177595403492942,0.007151959064025412,0.38379663712177764,8.390994037421418
2018-04-09,266.78956723173894,272.26464838360033,263.5237422083956,269.7672424316406,31712527,274.8316345214844,298.509384765625,,269.04685225845674,278.14573471926604,-9.098882460809307,-9.91760377194127,0.8187213111319629,43.031537606243,274.8316345214844,298.7643749179421,250.89889412502663,0.17416292297011285,0.0007127463522975663,0.0007124924692451934,0.3588993998606622,8.710029666708326
2018-04-10,268.4224034233121,282.83047597822315,268.0381647045422,277.4034118652344,44741783,274.64432525634766,297.097392578125,,270.3324768133456,278.0907478411896,-7.758271027844046,-9.485737223121825,1.7274661952777794,49.037658252829274,274.64432525634766,298.42703454465413,250.86161596804115,0.17318915485406935,0.028306511067698548,0.027913285108580176,0.37200084327809724,9.166286892357245
2018-04-11,276.3949321996016,276.53900710090187,271.20803055964655,273.3211975097656,16811454,273.87109375,295.7872186279297,,270.7922799974102,277.7374478166397,-6.945167819229482,-8.977623342343357,2.0324555231138746,46.23155901532748,273.87109375,296.7045540931434,251.0376334068566,0.16674604121592065,-0.014715804423674261,-0.014825155997186095,0.3603564168994148,9.131974601266766
2018-04-12,274.0415947966167,278.4600773154325,272.3606525904709,275.43438720703125,22954325,273.02582092285155,294.3646618652344,,271.5064503373519,277.56685073444646,-6.060400397094554,-8.394178753293597,2.3337783561990424,47.893785465439066,273.02582092285155,294.16970029215827,251.88194155354486,0.1548855657522685,0.007731525093988001,0.0077017900204839895,0.35822243597609726,9.03935292701617
2018-04-13,276.635018023634,279.61269248307644,274.52182213285516,276.8751525878906,17497198,272.17094268798826,293.03143432617185,,272.33240452974246,277.5156138347016,-5.183209304959121,-7.751984863626702,2.568775558667581,49.05028110578072,272.17094268798826,291.00529437424996,253.33659100172656,0.13840089981870732,0.00523088418795159,0.005217250636277291,0.358115439194931,8.802650005884146
2018-04-16,273.75341850453896,277.547556556502,272.8889398877115,276.2508239746094,16874313,271.50576934814455,291.77024719238284,,272.9352382904912,277.421925696917,-4.486687406425801,-7.098925372186522,2.6122379657607206,48.547446078497345,271.50576934814455,288.61591620302295,254.39562249326616,0.12603891914310308,-0.002254910227392326,-0.002257456365721461,0.35516323023424334,8.469890060879878
2018-04-17,276.2508323006428,281.6778680561134,275.48238404106667,280.237060546875,15406113,271.20079803466797,290.5945477294922,,274.05859556070413,277.6304542043213,-3.5718586436171904,-6.3935120264726555,2.821653382855465,51.93544644266388,271.20079803466797,287.3906028900401,255.0109931792958,0.11939348978834922,0.014429772606332492,0.014326654236932999,0.35813548515434906,8.39098737493451
2018-04-18,282.1101142698592,283.26274265754455,277.5955724731749,278.6041259765625,20755245,270.98467712402345,289.5158624267578,,274.7579079323747,277.7025780393021,-2.944670106927447,-5.703743642563614,2.7590735356361673,50.46937597873188,270.98467712402345,286.6213643336113,255.34798991443557,0.11540643091366619,-0.005826975800866108,-0.005844018862947108,0.35628650358550573,8.390987349454397
2018-04-19,279.5166533134702,279.5166533134702,275.96264977625935,278.1719055175781,17282341,270.8694122314453,288.64177185058594,,275.28313833009827,277.73734303769294,-2.45420470759467,-5.053835855569826,2.599631147975156,50.066510993251164,270.8694122314453,286.2432513594643,255.49557310342638,0.11351476714456578,-0.001551378528474201,-0.0015525831621999756,0.35502676399131095,8.178297134892277
2018-04-20,277.835696773703,278.7001753608139,268.6625679486733,271.015869140625,19745690,270.53081970214845,287.7282989501953,,274.6266353778716,277.2394560823546,-2.612820704482999,-4.565632825352461,1.9528121208694618,43.828575916855186,270.53081970214845,285.5574731328384,255.50416627145847,0.11109014083670142,-0.025725230460057813,-0.026061910873070058,0.3651784231089915,7.553945060763754
2018-04-23,268.9507184792678,271.64021393873963,264.388161647923,268.3743896484375,11620499,270.3459136962891,286.7427862548828,,273.6647514194971,276.582784494657,-2.918033075159883,-4.236112875313946,1.318079800154063,41.76026349559697,270.3459136962891,285.38369814958844,255.30812924298974,0.11124846865777331,-0.009746586059936169,-0.009794394932341296,0.35945047433875976,7.378988562369064
2018-04-24,268.32635943967784,275.29026158191294,268.32635943967784,272.888916015625,15412234,270.75654296875,285.8120245361328,,273.5453921265937,276.3091646073213,-2.763772480727596,-3.9416447963966763,1.1778723156690805,46.41457152386936,270.75654296875,285.5895887641137,255.9234971733863,0.10956740422761053,0.016821748055398933,0.01668182938919365,0.3498334498546557,7.341253916035555
2018-04-25,272.840869979944,274.3777369963742,265.92501237595826,267.89410400390625,7961352,270.6244659423828,284.7563922119141,,272.6759631846418,275.6858267848461,-3.009863600204312,-3.7552885571582038,0.7454249569538915,42.37922895729568,270.6244659423828,285.5127326036082,255.73619928115747,0.11002897767857499,-0.018303462392854186,-0.018473043225659933,0.34804118934652634,7.101119290603882
2018-04-26,268.75865485627145,269.33498380667055,264.48427621020306,267.8461608886719,14112673,270.3819320678711,283.83619812011716,,271.9329166775695,275.1051107925369,-3.1721941149673967,-3.6386696687200426,0.46647555375264593,42.34117666957054,270.3819320678711,285.28608265674313,255.47778147899905,0.11024516671573167,-0.00017896293542041253,-0.00017897895119738848,0.34667871794674776,7.0393687355107
2018-04-27,266.4533187885153,280.189034078414,265.1085710300091,276.5389709472656,16488361,270.84058837890626,283.09946533203123,,272.6415404113689,275.2113226558501,-2.569782244481189,-3.424892183872272,0.8551099393910828,50.94227223982785,270.84058837890626,285.91751484471985,255.7636619130927,0.11133432072390077,0.032454488164968875,0.03193896562242163,0.35807228531827806,7.492194226453571
2018-04-30,277.54754208880615,279.51663379745395,271.1599392060239,272.9849853515625,9737559,271.9139892578125,282.43189025878905,,272.6943780944756,275.0464087814584,-2.3520306869828005,-3.210319884494378,0.8582891975115774,47.80263147640569,271.9139892578125,283.9480852617276,259.87989325389736,0.08851398956531889,-0.01285166276394678,-0.012934959821915103,0.28283007934331483,7.032507320578508
2018-05-02,272.4567178520764,272.55277755704856,264.6763507622359,265.97308349609375,14211445,272.24297485351565,281.4377331542969,,271.66033277164763,274.3743106121721,-2.7139778405244783,-3.111051475700398,0.39707363517591965,42.26766773467348,272.24297485351565,283.14209437703005,261.34385533000125,0.08006905984904722,-0.02568603488004484,-0.026021681162899737,0.28286594369536056,7.183453983702703
2018-05-03,266.35727453335625,272.45669895982024,266.35727453335625,270.7757568359375,14724116,272.8793319702148,280.6856323242188,,271.5242441661538,274.10775107319176,-2.583506907037986,-3.005542561967916,0.42203565492993,46.81044299590199,272.8793319702148,281.5466351465379,264.21202879389176,0.0635248050025944,0.01805699011612316,0.01789589899371414,0.28767678773659416,7.210896179328769
2018-05-04,269.3829768912623,274.3297432539703,267.36584060660687,271.6882629394531,11861951,273.08104553222654,279.9767547607422,,271.5494778235844,273.9285297299519,-2.379051906367465,-2.880244430847826,0.501192524480361,47.65325219560845,273.08104553222654,281.417785813154,264.74430525129907,0.06105689440788117,0.0033699697276388108,0.0033643041047397948,0.2570509726788811,7.34468420055321
2018-05-07,272.79290273569353,281.4377482449233,271.68828944995306,278.364013671875,19673100,273.520491027832,279.4494189453125,,272.59786795409065,274.25708409602026,-1.659216141929619,-2.636038773064185,0.9768226311345662,53.462916921733225,273.520491027832,282.0043675091133,265.0366145465507,0.06203466840382372,0.024571362267164165,0.02427434197342564,0.26980797209045543,7.708317674601757
2018-05-08,290.0825646054096,302.08929327285205,288.1614880186188,297.094482421875,87176185,274.88685302734376,279.25923217773436,,276.36657787221134,275.9487432312688,0.4178346409425444,-2.0252640902628394,2.443098731205384,65.14982334054633,274.88685302734376,288.23399191774337,261.53971413694416,0.09711005632613451,0.06728768026774734,0.06512055197576977,0.3561239207993805,8.960445930739635
2018-05-09,292.96418849598666,297.5747607207661,292.2437847537834,294.6931457519531,20140490,275.7513397216797,279.0373468017578,,279.1860498537101,277.33721749206023,1.8488323616498405,-1.2504447998803034,3.0992771615301438,62.96659234366579,275.7513397216797,291.7592553417581,259.7434241016013,0.11610399163416897,-0.00808273735125098,-0.00811557976357493,0.3479659094131057,8.936432058069139
2018-05-10,296.2780782246999,300.5524564737153,293.6365976512738,294.7412109375,16239386,276.8223403930664,278.7318957519531,,281.5791515589085,278.62640219172243,2.9527493671860725,-0.40980596646702816,3.3625553336531007,62.99332417890179,276.8223403930664,294.8805634258536,258.76411736027916,0.13046796011583414,0.00016310248894391144,0.00016308918917909177,0.3417283866570812,9.176564578442756
2018-05-11,295.79776755722503,299.5438608916566,295.4135288043182,298.67938232421875,16671145,277.9845901489258,278.42260192871095,,284.20995629203316,280.1118081274629,4.0981481645702615,0.4917848597404298,3.6063633048298316,65.20921328275924,277.9845901489258,298.49266105703714,257.47651924081447,0.14754825724062232,0.013361454864734945,0.013272977876206165,0.3431262262979165,8.802639045729617
2018-05-14,297.7668858598315,298.7274242013149,293.1082690409766,297.8629455566406,10425585,279.03397979736326,278.19111206054686,,286.3104161788959,281.4267071962909,4.883708982604958,1.3701696843133355,3.5135392982916223,64.34896827709557,279.03397979736326,301.3694762481805,256.698483346546,0.16009158789218036,-0.00273348887099234,-0.0027372316738588543,0.3439960941891222,8.686003536409734
2018-05-15,298.43929887231855,304.97094840415593,293.0122333477098,296.0859680175781,16400700,280.0257369995117,278.09505859375,,287.81434723100085,282.5125783682381,5.301768862762742,2.156489520003217,3.145279342759525,62.418896962563,280.0257369995117,303.56967624449555,256.48179775452786,0.1681555381105909,-0.0059657556120037425,-0.005983621824424706,0.3451240174123486,9.042775887424808
2018-05-16,291.90759358409076,292.8681319172489,283.64695805627025,285.52001953125,25515791,280.28988494873045,277.94713623046874,,287.4613737387315,282.7353517877205,4.726021951010978,2.6703960062047694,2.0556259448062084,52.362092705619894,280.28988494873045,303.9620009334872,256.6177689639737,0.16891166792613144,-0.03568540771138751,-0.03633769706073293,0.36943607281545626,9.327510554631374
2018-05-17,287.2009816556363,288.11350486113537,282.446304849393,284.3193664550781,10668400,280.5756469726563,277.8059368896484,,286.9779880027848,282.8526862075248,4.125301795259986,2.9613771640158126,1.1639246312441736,51.349639319472224,280.5756469726563,304.300006412254,256.85128753305855,0.16911203588463825,-0.004205144977725284,-0.004214011465173952,0.3690723301572066,9.385831441436721
2018-05-18,282.54231869993635,283.646931818228,273.36919019213485,274.80999755859375,17469524,280.40755157470704,277.6340002441406,,285.10598947290924,282.2569314927892,2.849057980120051,2.9389133272366603,-0.08985534711660925,44.0799194669854,280.40755157470704,304.25096384074027,256.5641393086738,0.17006255453630886,-0.03344608218232936,-0.03401819521861563,0.38912441311078066,9.09081095676089
2018-05-21,278.0758474192761,281.43773158496685,276.3949053364307,277.88372802734375,23155638,280.75094451904295,277.6839471435547,,283.99487232743763,281.9329904953488,2.0618818320888295,2.763507028207094,-0.7016251961182647,46.70628426618438,280.75094451904295,304.21972367859564,257.28216535949025,0.16718575390552848,0.011184929573366809,0.011122840792046694,0.3790983791513031,8.96731377354254
2018-05-22,278.07581941750635,282.25416660820156,275.53039895389225,278.84423828125,11284988,281.2744369506836,277.5561950683594,,283.2024670895626,281.7041940350452,1.4982730545174263,2.510460233469161,-1.0121871789517347,47.535511600932466,281.2744369506836,304.03727651585734,258.51159738550984,0.16185501826577153,0.0034565185256609787,0.0034505584955228834,0.376784265550287,8.854108992469877
2018-05-23,277.4515326350582,286.62466295812186,277.4034881253549,280.5252380371094,15887229,281.6562530517578,277.5437078857422,,282.7905856968775,281.616863961124,1.1737217357534746,2.243112533926024,-1.0693907981725492,49.030234113748556,281.6562530517578,304.0805175226654,259.2319885808502,0.1592314335502209,0.0060284543307072,0.006010355900514442,0.37315150667482283,9.049648947401339
2018-05-24,282.1100871079379,287.2009279516606,279.7087415565026,285.9522399902344,11489424,282.55915985107424,277.4870361328125,,283.2769940497016,281.9380029262433,1.3389911234582996,2.062288251832479,-0.7232971283741794,53.623967021704345,282.55915985107424,304.08652417326215,261.03179552888633,0.15237420958877518,0.019345859898734163,0.019161107741735472,0.37038477884675464,9.087383500815235
2018-05-25,286.62463473130333,289.07402508575547,282.97460076541483,283.983154296875,13541580,283.3660095214844,277.31990234375,,283.3856340877283,282.0894956203642,1.2961384673641305,1.9090582949388095,-0.612919827574679,51.79977603315646,283.3660095214844,303.75081043081616,262.9812086121526,0.14387611939593783,-0.006886064936671321,-0.006909883287946523,0.3720352175397871,8.82666485902027
2018-05-28,282.15814015221974,290.37073131473295,281.7739306750988,287.44110107421875,19063427,283.911116027832,277.18927001953125,,284.00955208564994,282.48591083916824,1.5236412464817022,1.831974885247388,-0.30833363876568587,54.713311459772946,283.911116027832,304.10945158688367,263.71278046878035,0.1422863313113221,0.012176591199239972,0.012103052874853174,0.3575587694917883,7.746059218924346
2018-05-29,286.96085391532955,286.96085391532955,276.9232156681152,278.4600830078125,12969969,284.1848709106445,276.96738586425784,,283.15578761213646,282.18770137017896,0.9680862419575078,1.6591971565894121,-0.6911109146319043,46.800766951797485,284.1848709106445,303.9023769003369,264.46736492095215,0.13876534613900746,-0.031244724685657643,-0.03174325284363415,0.3734186145934791,8.116552750290124
2018-05-30,274.6178869076299,276.779098025969,271.5921972046155,273.6573486328125,25142319,284.56908416748047,276.71380310058595,,281.6944893076251,281.5558233896333,0.13866591799177286,1.3550909088698844,-1.2164249908781115,43.202604435438026,284.56908416748047,303.0532869795962,266.08488135536476,0.1299101261557774,-0.017247478788064763,-0.017397949217230486,0.3664812114488385,8.113126106058372
2018-05-31,273.7534316259933,277.5475698598156,268.2783512681517,274.5218505859375,23698686,284.75638885498046,276.54570922851565,,280.5910064273654,281.0347883671373,-0.4437819397718954,0.9953163391415285,-1.439098278913424,44.036657239494936,284.75638885498046,302.7206908391354,266.79208687082553,0.12617312683582116,0.0031590671964192296,0.003154087827661092,0.36142937615915477,8.432166723023178
2018-06-01,283.3588082510758,288.11348472501703,275.5304266993424,277.88372802734375,29675949,285.066162109375,276.4938397216797,,280.17450205813134,280.8013764901156,-0.6268744319842767,0.6708781849163675,-1.2977526169006444,47.2789326371035,285.066162109375,302.2796210722727,267.8527031464773,0.12076816718985516,0.012246301830731054,0.012171922508523735,0.3635909099683194,9.001629507218983
2018-06-04,281.72590202471173,281.72590202471173,274.2817293974947,275.43438720703125,17188567,284.9196807861328,276.44677307128904,,279.44525361950053,280.40382172840566,-0.9585681089051263,0.3449889261520688,-1.303557035057195,45.22323196922602,284.9196807861328,302.42073767752584,267.41862389473977,0.12284905586799198,-0.008814265008246447,-0.008853340425573982,0.35454051557067157,8.679162190845476
2018-06-05,276.6350092363742,276.6350092363742,271.9283777891098,272.888916015625,12376050,283.7094024658203,276.4631011962891,,278.4365862958274,279.8471620459774,-1.4105757501500307,-0.006124009108351092,-1.4044517410416795,43.124670694274286,283.7094024658203,301.01216310555753,266.40664182608305,0.12197523585297307,-0.009241660844231947,-0.009284629933875924,0.2495959484420448,8.12684943984237
2018-06-06,274.42582503922034,275.57845349945825,270.0073426583797,272.69683837890625,16873633,282.60958709716795,276.6235113525391,,277.5535481547626,279.3175084410092,-1.7639602862465722,-0.3576912645359953,-1.4062690217105769,42.962659688633394,282.60958709716795,299.7684321179939,265.450742076342,0.12143144326470648,-0.0007038674912972498,-0.0007041153223201931,0.24941698859975572,8.119985927652099
2018-06-07,276.1547989758095,281.485775543759,275.8186046622211,279.4206237792969,20297969,281.8435577392578,276.8012109375,,277.8407905585371,279.32514661421567,-1.4843560556785746,-0.5830242227645113,-0.9013318329140634,50.03846996233041,281.8435577392578,298.0642754346344,265.6228400438812,0.11510440632730655,0.024656631299289522,0.024357562613044337,0.26890909373351124,7.965611706359921
2018-06-08,278.65215422604996,279.4205731063506,274.2336723810677,276.8751525878906,11340014,280.7533462524414,276.8847772216797,,277.69223087074533,279.1436655752286,-1.4514347044832903,-0.7567063191082671,-0.6947283853750231,47.62949695322841,280.7533462524414,295.02329502747637,266.48339747740647,0.1016547012921728,-0.009109818584532303,-0.009151566720570901,0.26306508894526953,7.862698661492495
2018-06-11,274.137667118679,278.89234416025147,272.0245001216635,275.09820556640625,16876061,279.6151092529297,277.03942443847654,,277.29315005469317,278.8440018708714,-1.5508518161782376,-0.9155354185222613,-0.6353163976559764,45.965875819668966,279.6151092529297,291.5850706844071,267.64514782145227,0.08561741504926929,-0.006417863809285995,-0.0064385468386247355,0.2632196121818111,7.872989831798114
2018-06-12,277.16329842003313,277.7396272287589,273.993533941993,276.0586853027344,14257648,278.6137451171875,277.5302587890625,,277.10323240054566,278.6376821250835,-1.534449724537808,-1.0393182797253706,-0.4951314448124373,47.04259765030009,278.6137451171875,287.81196290118794,269.415527333187,0.06602845656542615,0.0034914067663602832,0.003485325955368901,0.26434281851836755,7.481912578512322
2018-06-13,277.59560802981247,281.3417020678994,275.0982022333189,279.27655029296875,10927770,278.30157165527345,277.92792236328125,,277.43758899938,278.68500569307497,-1.2474166936949587,-1.0809379625192883,-0.16647873117567036,50.59460665897299,278.30157165527345,286.91829820946685,269.68484510108004,0.061923664339680926,0.01165645263689341,0.011589039552081463,0.23984586643242095,7.392720681328216
2018-06-14,279.37253334402016,279.37253334402016,272.88890067941924,273.51324462890625,11400592,277.76126556396486,278.2372149658203,,276.8338437116148,278.30191228091434,-1.4680685692995326,-1.158364083875337,-0.3097044854241955,44.79893714051092,277.76126556396486,286.141109758397,269.3814213695327,0.06033846495779589,-0.02063655418980448,-0.020852463454963836,0.24965335224176186,7.420164134489665
2018-06-15,275.86662322628945,277.11531134411297,268.9507354466261,271.3520812988281,47186222,277.58836975097654,278.3111767578125,,275.9904956481092,277.787109985945,-1.7966143378358197,-1.2860141346674336,-0.5106002031683861,42.81819315463593,277.58836975097654,286.3582139828768,268.8185255190763,0.0631859630125546,-0.007901494251257635,-0.007932876477255888,0.22162320730348511,7.389290938622005
2018-06-18,272.79286917728774,282.5903712744688,272.2165403515768,281.4377136230469,27792317,277.76606903076174,278.5484289550781,,276.828529182715,278.0575250701748,-1.2289958874598028,-1.2746104852259075,0.04561459776610466,53.214363812213,277.76606903076174,286.70353562517056,268.8286024363529,0.06435247203227706,0.03716806694809138,0.03649398646072545,0.2563292995917467,7.440748407874655
2018-06-19,283.8390706313116,283.8390706313116,276.97122757683553,281.24560546875,27176748,277.8861373901367,278.77799621582034,,277.5080793805665,278.29367917377294,-0.7855997932064156,-1.1768083468220092,0.3912085536155936,53.01664176808591,277.8861373901367,286.9482431640255,268.8240316162479,0.06522171893134845,-0.0006825956330578364,-0.0006828287075267498,0.25617261695176524,7.440745354394587
2018-06-20,281.05349297460447,282.97456944153504,279.5166259383999,281.62982177734375,20364143,277.9413665771484,278.8625244140625,,278.14219359545535,278.54080084811153,-0.398607252656177,-1.0211681279888427,0.6225608753326657,53.389654127457845,277.9413665771484,287.0842980467611,268.79843510753574,0.06579036134281124,0.0013661237762394585,0.0013651914781465894,0.2553840590302648,7.025654276642533
2018-06-21,283.16669407458505,288.49769950920756,282.92655948689855,286.1924133300781,30192796,277.9533752441406,279.11994873046876,,279.38068893924344,279.10758695788684,0.2731019813566036,-0.7623141061197535,1.035416087476357,57.685860725739346,277.9533752441406,287.14112997636346,268.76562051191775,0.06611004255050175,0.016200669105069343,0.016070838615645483,0.2525039465554634,6.5453859618414105
2018-06-22,286.4325264418179,290.754948696091,283.98313624308196,288.78582763671875,17490606,278.1935089111328,279.3869775390625,,280.82763335423965,279.82449367483736,1.0031396794022953,-0.4092233490153438,1.4123630284176392,59.945795656380064,278.1935089111328,288.2543865718621,268.13263125040356,0.07233006765764004,0.009061785658341481,0.009020974044128287,0.2529453710226615,6.497360235112268
2018-06-25,287.9693572655769,288.6417457697287,277.4034364553705,278.2679443359375,15461874,277.73485107421874,279.41483337402343,,280.4338350437316,279.70919372380774,0.7246413199238759,-0.18245041522749986,0.9070917351513758,48.6073505426003,277.73485107421874,286.80859829858105,268.66110384985643,0.06534107757285053,-0.03642105080728664,-0.03710085448179847,0.2815644986287252,6.974200216118256
2018-06-26,276.2027959288806,277.69164798691736,273.4652850313606,276.7311096191406,11614686,277.64840240478514,279.42443908691405,,279.8641849784099,279.48859490123976,0.375590077170159,-0.07084231674796808,0.4464323939181271,47.20245869566901,277.64840240478514,286.72600108316755,268.57080372640274,0.06538916557602316,-0.005522859345025832,-0.005538166719029865,0.2594223046064804,6.91931082065385
2018-06-27,276.5389465657869,276.5389465657869,263.18747122401686,268.0381774902344,25318055,277.36744384765626,279.18046142578123,,278.0447992109983,278.64041583375786,-0.5956166227595645,-0.17579717795028738,-0.41981944480927713,40.13604129116365,277.36744384765626,287.2750427162377,267.45984497907483,0.07144024353502113,-0.03141291971426763,-0.031916887646534504,0.2761154127408849,7.258932337101778
2018-06-28,267.0297152835835,267.41392483859573,259.153287495938,260.6901550292969,34197884,276.67585906982424,278.82218200683593,,275.374853952275,277.3107668852793,-1.9359129330043174,-0.5278203289610934,-1.408092604043224,35.322399840636265,276.67585906982424,289.0450161196857,264.30670201996276,0.08941262234765412,-0.027414089029183963,-0.027796867061424892,0.29108595055206227,7.523070808249437
2018-06-29,261.2664325360385,265.1085859556861,258.96114634691077,264.5322570800781,20930477,276.00828552246094,278.54938903808596,,273.70676212578314,276.3642106034125,-2.657448477629373,-0.9537459586947494,-1.7037025189346235,39.41401236731043,276.00828552246094,289.49376505950136,262.5228059854205,0.09771793271722636,0.01473819389285902,0.014630642170897575,0.2928802282962842,7.471613348977107
2018-07-02,263.1875140197691,268.85468455388417,260.30589890276434,266.4533386230469,69733139,275.5592330932617,278.45813842773435,,272.5908508176699,275.6300719382003,-3.039221120530385,-1.3708409910618766,-1.6683801294685086,41.409857074275514,275.5592330932617,289.70703144475885,261.41143474176454,0.10268426278214314,0.007262182556387442,0.0072359398847674245,0.2936937836480822,7.814662803573818
2018-07-03,265.01250472315974,265.8769833096738,261.4585306867569,262.1308898925781,14020388,275.0213317871094,278.33326843261716,,270.98162605996345,274.6301325274134,-3.6485064674499768,-1.8263740863394966,-1.8221323811104801,38.34877623524277,275.0213317871094,290.3641785204382,259.67848505378055,0.1115756849378181,-0.01622216014558464,-0.016355179926008004,0.2971611834693005,7.725470525124495
2018-07-04,263.379625201348,264.0039692612234,260.30589078046376,262.46710205078125,8233522,274.5098449707031,278.1248321533203,,269.67169928932003,273.72916730692214,-4.057468017602105,-2.2725928725920186,-1.7848751450100862,38.72817866218362,274.5098449707031,290.82991354861673,258.1897763927895,0.11890333900159658,0.0012826117453799135,0.0012817899015978185,0.29734571201182297,7.526502369135833
2018-07-05,262.2269904418334,264.62833650815054,260.06577898214795,260.8341979980469,7505990,273.5805236816406,277.98363403320315,,268.31208370604725,272.7739843951536,-4.461900689106358,-2.7104544358948863,-1.7514462532114714,37.520479624877986,273.5805236816406,290.81434503623444,256.3467023270468,0.12598719472186135,-0.006221366563564423,-0.006240799907755456,0.2807216875904688,7.269215342601241
2018-07-06,260.40195444486193,261.21841791097125,256.51175651103677,259.39337158203125,26025797,272.70643463134763,277.8145782470703,,266.93997414850634,271.7828278904779,-4.842853741971567,-3.1369342971102223,-1.7059194448613444,36.44065434057021,272.70643463134763,290.9787139781181,254.43415528457717,0.1340069541921257,-0.005523916829442754,-0.005539230076784341,0.28002284192395405,6.802670444336513
2018-07-09,263.09142153397664,263.8598697240651,259.3453282113617,260.49798583984375,18374471,271.9764236450195,277.4937585449219,,265.9488990240967,270.946913664505,-4.998014640408314,-3.509150365769841,-1.4888642746384733,37.91584963641985,271.9764236450195,290.9976264814459,252.95522080859314,0.13987390952130926,0.00425845213806153,0.004249410590332522,0.28091185811897373,6.63457747706704
2018-07-10,261.26645808894995,265.0605966872557,261.17039838140283,262.6112060546875,14450561,271.3040496826172,277.2862829589844,,265.43540779803374,270.32945384155556,-4.894046043521826,-3.7861295013202385,-1.107916542201587,40.749093119456674,271.3040496826172,290.6653238509539,251.94277551428047,0.14272749847255384,0.00811223245366266,0.008079505171051072,0.2827081942720007,6.713482287372528
2018-07-11,263.7157634154863,264.051957663866,256.9439805141715,258.1446533203125,12717543,270.24745483398436,277.12971435546876,,264.3137532629997,269.4268760251672,-5.113122762167507,-4.051528153489692,-1.0615946086778143,36.91455398312541,270.24745483398436,290.07758101617264,250.41732865179608,0.146755322409013,-0.017008233584079657,-0.01715453484571516,0.2821922121713672,6.730632245789004
2018-07-12,259.72957884048895,262.89937316486447,258.432846131122,261.5545959472656,15837704,269.64952239990237,276.94529113769534,,263.8892675221175,268.84374416754486,-4.954476645427349,-4.232117851877224,-0.722358793550125,41.444782550325435,269.64952239990237,289.7838659040662,249.5151788957385,0.14933713455129888,0.013209425735120517,0.013122942038471617,0.2809424871288827,6.586554202327785
2018-07-13,262.22693828507965,262.51508803040235,255.55118582319784,257.1841125488281,19159840,268.94112396240234,276.6552081298828,,262.85770521853453,267.9800677513436,-5.122362532809063,-4.4101667880635915,-0.7121957447454719,37.70726644674694,268.94112396240234,289.8069215301588,248.0753263946459,0.15517000345899828,-0.016709640993342267,-0.016850821976466104,0.2850711883005339,6.270947847031806
2018-07-16,254.83080693210763,256.079524347661,246.37808136310042,249.01956176757812,29794402,267.3202163696289,276.06831909179687,,260.7287600722335,266.5755858266202,-5.846825754386714,-4.697498581328216,-1.1493271730584977,31.916726608886222,267.3202163696289,289.114562436576,245.52587030268177,0.16305797116976486,-0.031745937571085014,-0.03226076495557627,0.2618135908943476,6.699760124256865
2018-07-17,249.98010582137238,256.94400886538756,249.7399712336477,255.93545532226562,15128995,266.05470886230466,275.24513854980466,,259.99132857223844,265.78742801148286,-5.796099439244415,-4.917218752911456,-0.878880686332959,40.28233467324376,266.05470886230466,287.37870256265404,244.7307151619553,0.16029781086404682,0.02777249106695656,0.027393830348139952,0.287644212117764,6.298389317305841
2018-07-18,255.50321532351768,256.7999480308659,250.70052330615835,252.3334503173828,22908592,264.58989028930665,274.39794464111327,,258.8131934561068,264.79083707117917,-5.977643615072395,-5.129303725343644,-0.8483398897287513,37.685120921377276,264.58989028930665,285.42841879849357,243.75136178011974,0.15751568199678187,-0.014073880464694821,-0.014173856664233276,0.28865407950409994,6.099427512335211
2018-07-19,253.5340888934298,253.91829833998423,249.1636221631305,250.89260864257812,15145144,262.8249000549316,273.52097259521486,,257.5946419463331,263.7613386690606,-6.166696722727465,-5.336782324820409,-0.8299143979070562,36.66671321930924,262.8249000549316,281.86117012726777,243.78862998259544,0.14485895414291033,-0.005710070040228166,-0.005726434815904012,0.27724136992849246,5.999944410055095
2018-07-20,251.46892754423587,257.13612724274157,251.46892754423587,255.3110809326172,13794388,261.1511627197266,272.65360656738284,,257.2433248672999,263.1353936515463,-5.892068784246362,-5.4478396167056005,-0.4442291675407617,41.855885400596556,261.1511627197266,276.0031537634164,246.29917167603682,0.11374248453666107,0.01761101020051825,0.017457733317709195,0.28511995842321364,5.835282477843925
2018-07-23,254.87885698626815,265.39673432876805,254.87885698626815,264.67633056640625,16917863,260.47158203125,271.9898742675781,,258.38686420562397,263.2495371267211,-4.8626729210971575,-5.330806277583912,0.4681333564867547,51.0169115800849,260.47158203125,273.1037779692486,247.83938609325142,0.09699481102305467,0.036681720196315215,0.03602495850729621,0.2993523529536045,6.229787435430347
2018-07-24,262.8512626830117,266.93354987950033,262.5631129591672,263.5236511230469,12012225,259.8112091064453,271.3386279296875,,259.17713911599674,263.2698418671897,-4.092702751192974,-5.083185572305725,0.9904828211127512,49.97327322307734,259.8112091064453,270.0112072270784,249.6112109858122,0.07851853779298747,-0.004355052984498675,-0.00436456385134515,0.2992159162705306,6.277813038257024
2018-07-25,262.2269463387295,265.6848899553071,261.50654263999667,263.81182861328125,17947377,259.59989166259766,270.90446411132814,,259.8901682694251,263.30998903356686,-3.4198207641417753,-4.750512610672935,1.3306918465311597,50.247297307903686,259.59989166259766,269.24210875093524,249.9576745742601,0.07428521658144278,0.0010935545595480711,0.0010929570643168007,0.27877934049050146,6.2503694517790125
2018-07-26,264.1480200325229,275.19420996115565,262.46707808686136,274.37774658203125,36630780,260.2842712402344,270.7056317138672,,262.1190264713645,264.12982292604573,-2.0107964546812127,-4.202569379474591,2.191772924793378,59.09440351703176,260.2842712402344,271.9772513923898,248.59129108807895,0.08984776603241744,0.04005096368987471,0.03926971550060311,0.29524039033178334,6.823260199947569
2018-07-27,273.6573368516015,283.5028537446207,271.06390120922555,281.62982177734375,30926969,261.13914947509767,270.8420281982422,,265.120687287669,265.426119137253,-0.3054318495840107,-3.423141873496475,3.117710023912464,63.84639757067633,261.13914947509767,276.1648697824958,246.1134291676995,0.11507826641543856,0.02643098897652152,0.026087725773618085,0.30432816505920934,7.389289558711265
2018-07-30,288.1615331570228,296.2780947329351,282.6384371048465,295.22149658203125,56119080,262.5775573730469,271.18878356933595,,269.7515810252632,267.6331841331625,2.118396892100691,-2.314834120377042,4.433231012477733,70.71327541242769,262.5775573730469,283.9238437183351,241.2312710277587,0.16259033375774215,0.048260779767254514,0.04713239060017078,0.3436469085159352,8.10969399500979
2018-07-31,292.2918201257814,296.32609308598563,290.2747129589846,292.2438049316406,20824059,264.083203125,271.45677490234374,,273.21192316470587,269.4561930811979,3.755730083507956,-1.1007212796000423,4.856451363107999,67.68034972526956,264.083203125,289.21004374678006,238.95636250321994,0.19029487922324717,-0.010086296847842235,-0.010137508186072798,0.33919739039143193,8.034222779103116
2018-08-01,290.6588992440471,293.5885293720413,285.0877594432033,287.4891052246094,15581508,265.3343032836914,271.59605224609373,,275.4084127123833,270.79196435108025,4.616448361303071,0.04271264858058044,4.573735712722491,63.03148999583312,265.3343032836914,292.52900286990706,238.13960369747574,0.20498442342104184,-0.01626963387006075,-0.016403437640350366,0.34781864978995525,8.301797785123545
2018-08-02,283.358777767624,288.8818725885184,282.4942992235354,286.7686767578125,14089168,266.6310272216797,271.6123809814453,,277.15614564244936,271.9754245293567,5.180721113092659,1.070314341482996,4.110406771609663,62.332850249780755,266.6310272216797,295.35263861814576,237.9094158252136,0.21544087869853676,-0.002505933107392111,-0.0025090782131432674,0.3465062986030781,8.260631439250579
2018-08-03,288.1615410476434,294.6451757212154,285.80821007043124,292.9642333984375,14478297,268.3095703125,271.79200256347656,,279.5881591433706,273.5301511122516,6.058008031119016,2.0678530794102,3.9901549517088157,65.83951240847188,268.3095703125,299.0996097681433,237.5195308568567,0.22951130233470357,0.021604718864945527,0.02137464481807103,0.3489767023349732,8.119983901040328
2018-08-06,294.83726747937686,305.4512048535248,294.69316327172646,302.6656494140625,25849864,270.41795349121094,272.09649353027345,,283.1385422619386,275.688336171645,7.450206090293591,3.1443236815868785,4.3058824087067125,70.47467834046628,270.41795349121094,304.5494013846105,236.28650559781136,0.2524347770016602,0.0331146771846067,0.03257819770740146,0.3615107669797566,8.445878497988748
2018-08-07,301.5610508686123,305.5952946738497,298.1511218649295,300.7926025390625,20751115,272.3270233154297,272.54314392089844,,285.8545515353423,277.5479114581204,8.306640077221914,4.176786960713885,4.129853116508029,68.54097562103121,272.3270233154297,308.8101060280974,235.843940602762,0.26793582413163775,-0.006188501663885848,-0.006207729810298028,0.36488152322261685,8.541931932575366
2018-08-08,300.64851565071956,307.3722843713427,296.08595830458245,306.12359619140625,17916047,274.72597045898436,273.1924688720703,,288.97286609781366,279.66462884577123,9.308237252042431,5.203077018979594,4.105160233062837,70.98146173230151,274.72597045898436,313.51905872446457,235.93288219350418,0.2824129673701298,0.017723154117965434,0.017567930374808385,0.3551965796325189,9.008478353282973
2018-08-09,307.6123896418391,332.202175909905,307.6123896418391,319.8592529296875,76423347,277.64120330810545,274.09921691894533,,293.72461791810196,282.64200840754285,11.08260951055911,6.378983517295498,4.7036259932636115,76.1214778626121,277.64120330810545,320.7856339185776,234.49677269763328,0.3107927072524153,0.044869643860099284,0.0438921349181461,0.37749366723205086,10.425268433164067
2018-08-10,320.86782041221375,326.8711850308625,312.51115445103704,315.6329040527344,36321097,280.56364288330076,274.8542004394531,,297.09512347727616,285.0857784553348,12.009345021941385,7.505055818224676,4.504289203716709,71.90134097287202,280.56364288330076,325.74377986046215,235.38350590613936,0.322066940055764,-0.01321315184176386,-0.013301222184056403,0.3743569389637954,10.699707950115892
2018-08-13,311.21443976479014,314.52830895057076,309.2933629761186,312.07891845703125,15332907,283.71661071777345,275.58709106445315,,299.4003227049308,287.08527030731227,12.315052397618501,8.467055134103441,3.84799726351506,68.46404534040356,283.71661071777345,328.42684058405575,239.00638085149112,0.3151752712198986,-0.011259870406633343,-0.011323742662245999,0.34992119989484327,10.840358246993222
2018-08-14,311.8868212657159,320.3395472181133,311.8868212657159,319.33099365234375,15314006,286.88638763427736,276.5159326171875,,302.46657977376356,289.47384240694424,12.992737366819313,9.372191580646616,3.6205457861726966,71.46206051958201,286.88638763427736,332.28732449569355,241.48545077286116,0.31650812878088375,0.023237952858744526,0.02297206291158325,0.34749953638055014,11.145671006785149
2018-08-16,316.54538376716954,325.8146017755495,315.77696485557965,321.1079406738281,37463597,290.3251121520996,277.4841546630859,,305.33448145069656,291.81710894523195,13.517372505464607,10.201227765610215,3.3161447398543924,72.16043310692314,290.3251121520996,335.12085152074485,245.52937278345442,0.30859018041248176,0.0055645930298233726,0.005549167878698401,0.33521739945714035,10.953564224333402
2018-08-17,323.5093341214144,328.69626513611087,322.5968401935006,326.58306884765625,24090696,294.1096351623535,278.42740356445313,,308.6034948963827,294.3923652343004,14.211129662082271,11.003208144904626,3.2079215171776454,74.25129103549176,294.1096351623535,337.6500376069498,250.56923271775725,0.2960828020514271,0.017050740515288654,0.016907008167257803,0.32864059852961086,10.607090790539656
2018-08-20,326.5830610991738,328.9363919412403,323.41329605500425,325.09423828125,13032778,297.59879302978516,279.3917852783203,,311.14053234020844,296.66657805259297,14.47395428761547,11.697357373446795,2.7765969141686746,72.65337659379884,297.59879302978516,339.1885815830959,256.0090044764744,0.2795024007314993,-0.004558811244133265,-0.004569234314049104,0.33430938813523564,9.95529242844285
2018-08-21,324.95011039452294,328.3600391073219,320.8678224281932,325.4784240722656,16009673,300.63889770507814,280.3993896484375,,313.346361837448,298.800788868865,14.545572968582974,12.26700049247403,2.278572476108943,72.81594809228991,300.63889770507814,340.96563036990176,260.3121650402545,0.2682735532404958,0.0011817674562513147,0.0011810697187458704,0.32363668254978084,10.058209325023395
2018-08-23,323.26918128749224,325.3343622629545,321.54022392226886,323.8935546875,18867868,303.65739288330076,281.3560870361328,,314.9690068913022,300.65951226283795,14.309494628464222,12.67549931967207,1.6339953087921515,70.94232186052814,303.65739288330076,341.23027441114795,266.08451135545357,0.24746890679053485,-0.004869353135413146,-0.004881247061584444,0.32395661147415555,9.732311483677591
2018-08-24,322.6392556994344,323.7005749487792,315.7889544837925,318.5387268066406,17805968,306.39373779296875,282.1413305664062,,315.51819457058497,301.9838985253419,13.534296045243082,12.847258664786274,0.6870373804568075,64.86894785042205,306.39373779296875,339.44779308362763,273.33968250230987,0.21576195080719054,-0.016532678107861187,-0.016670868047543082,0.336584870557308,9.8549562578722
2018-08-27,319.3588173221691,330.26138752554505,319.3105875866916,327.94580078125,28083933,309.0721405029297,283.2299816894531,,317.43013398761036,303.9070023961499,13.52313159146047,12.982433250121113,0.5406983413393558,69.76579849566515,309.0721405029297,339.8025510103962,278.3417299954632,0.1988559076043621,0.029531963252680704,0.029104294359435824,0.3258975566550042,10.061077334166502
2018-08-28,329.9719674112962,331.41921288239837,324.4724228433941,326.9809875488281,16427306,311.3396987915039,284.3425598144531,,318.8994960739516,305.6161864815334,13.283309592418163,13.042608518580526,0.24070107383763784,68.70799175153788,311.3396987915039,340.17867333686456,282.50072424614325,0.185257290716873,-0.002941989896267705,-0.002946326055254849,0.3218989294353296,9.66535009016057
2018-08-29,324.5207052417485,330.59912487751154,323.99003086447607,328.6694641113281,18868248,313.01209716796876,285.2871948242188,,320.40256807970184,307.32383667633303,13.078731403368806,13.049833095538183,0.028898307830623082,69.57734706744368,313.01209716796876,341.79475513350695,284.22943920243057,0.1839076395190747,0.00516383712446844,0.0051505502387909335,0.2839646382000215,9.605701604740233
2018-08-30,327.2704487041686,333.3006380638099,325.8232032578547,332.23931884765625,22349447,315.01187286376955,286.30706909179685,,322.2236066593871,309.1694279482829,13.054178711104214,13.05070221865139,0.0034764924528243313,71.3872828678408,315.01187286376955,343.27186385848455,286.75188186905456,0.17942175155370318,0.010861534538903594,0.010802971745553173,0.27836484347862755,9.33363794325416
2018-08-31,330.9368295942472,334.6031733630574,326.59509276283575,330.5509033203125,19809916,317.1649627685547,287.2854907226563,,323.5047292226064,310.7532409388036,12.751488283802814,12.990859431681676,-0.23937114787886138,69.2876873829868,317.1649627685547,343.05835346599935,291.27157207111003,0.16328027201630013,-0.005081925682968169,-0.00509488258326885,0.26885596786175026,8.042888006234367
2018-09-03,331.5157303190034,331.90165658897035,320.8543367649076,322.3980712890625,12859450,318.94643249511716,288.0096038818359,,323.3344741559073,311.61582096474865,11.718653191158637,12.736418183577069,-1.0177649924184315,60.09638659481501,318.94643249511716,340.5880105210878,297.3048544691465,0.1357066630698368,-0.02466437680053679,-0.024973638294946265,0.29006618853351773,7.806265809394176
2018-09-04,323.025196912354,324.617190582295,315.7407393782106,316.94677734375,15470215,320.1455596923828,288.57282287597656,,322.35175156942154,312.01070662245246,10.341044946969078,12.25734353625547,-1.9162985892863933,54.85646796186941,320.1455596923828,338.0627132053114,302.22840617945417,0.11193129481567458,-0.016908581132375478,-0.017053163293854656,0.29481512498486984,7.987473675641935
2018-09-05,315.4995407782524,319.69655890682054,313.18395370726944,318.05633544921875,14548867,320.91509399414065,289.3685906982422,,321.69091832015954,312.4585309799907,9.232387340168827,11.652352297038142,-2.4199649568693147,55.70308077864426,320.91509399414065,336.88770071740447,304.9424872708768,0.09954412878788091,0.0035007710593168984,0.0034946576239824056,0.2741836963440287,7.848893621867201
2018-09-06,318.3940185731479,319.6000565222886,314.0522819562413,317.09149169921875,11322771,321.73003845214845,290.17579833984377,,320.9833142246302,312.80171325548906,8.18160096914113,10.95820203145874,-2.77660106231761,54.74169179850516,321.73003845214845,334.77459665655357,308.6854802477433,0.08109008575738111,-0.0030335624304960174,-0.003038173007682679,0.2730653073999301,7.528189168015591
2018-09-07,315.9336605762205,324.568873194418,311.1095095791445,323.3146057128906,16435004,322.58958892822267,291.28132690429686,,321.3419744535933,313.5804460301114,7.761528423481934,10.318867309863379,-2.5573388863814444,59.586552326078966,322.58958892822267,333.3739405740696,311.80523728237574,0.06686112643422279,0.01962561019951581,0.01943551109326793,0.27452562659612345,7.947549107514931
2018-09-10,320.1306973310909,323.94178897914804,318.77994073425685,321.1920166015625,16673909,322.6562271118164,292.4913641357422,,321.3189040148193,314.1442660724411,7.174637942378183,9.69002143636634,-2.515383493988157,57.33218683033321,322.6562271118164,333.3858742124455,311.9265800111873,0.0665082288767404,-0.006565088844804667,-0.006586733826738135,0.2267228832089094,7.921745704561728
2018-09-11,321.9638986734255,324.85838971534076,313.66635179774454,315.0653381347656,13005562,322.62784881591796,293.50202575683596,,320.35681695634946,314.2124936326133,6.14432332373616,8.980881813840305,-2.836558490104146,51.29922329171978,322.62784881591796,333.43840627669186,311.81729135514405,0.06701564976768076,-0.01907481553128698,-0.019259086882950062,0.23224560900763064,8.186018650166554
2018-09-12,315.49948042617245,315.5477101592284,307.2984235955227,311.5436706542969,15263406,322.60108642578126,294.4038323974609,,319.0009482944952,314.0148030416269,4.986145252868255,8.181934501645895,-3.19578924877764,48.162005307489885,322.60108642578126,333.52367021690145,311.6785026346611,0.06771572850008413,-0.011177578280484823,-0.011240516848588285,0.23219281670011035,8.493953394002906
2018-09-14,315.69245311235153,320.32362629309347,312.74970333676504,316.802001953125,10736693,322.4746368408203,295.49725463867185,,318.6626488573613,314.22126222025645,4.44138663710487,7.433824928737691,-2.992438291632821,52.803209290679156,322.4746368408203,333.61304415609965,311.336229525541,0.06908082709634901,0.016878312076713753,0.01673745609879382,0.22473436310906933,8.542193067937843
2018-09-17,315.7889441763435,315.9819220133018,310.0482215803821,314.2452392578125,7227361,322.13150177001955,296.5328173828125,,317.9830473805077,314.22303829711245,3.760009083395232,6.699061759669199,-2.939052676273967,50.438531063163225,322.13150177001955,333.8546668793248,310.4083366607143,0.0727849654249263,-0.008070538315887332,-0.008103281398772677,0.22522438740511982,8.187273043212018
2018-09-18,312.846216509507,316.51255977492747,306.5265899891871,307.6361389160156,14825218,321.1841552734375,297.4688562011719,,316.39121530904737,313.7351198244386,2.656095484608784,5.890468504657116,-3.2343730200483325,44.847560955252135,321.1841552734375,334.36432089803344,308.0039896488416,0.08207232771725681,-0.0210316641786088,-0.021255980364479864,0.2253458229955259,8.404357310836028
2018-09-19,308.7456919298386,313.28040605777153,305.8512010679963,309.66229248046875,15942065,320.4125579833984,298.47423461914065,,315.35599641234296,313.4334289100704,1.9225675022725568,5.096888304180205,-3.1743208019076485,46.794688611489676,320.4125579833984,334.41039212803105,306.4147238387658,0.08737381726066995,0.006586201385807566,0.006564607125699788,0.22771024613932148,8.462936666317436
2018-09-21,312.0743711419663,321.96388167986584,297.5054277777649,305.94769287109375,34169460,319.43602142333987,299.38322875976564,,313.9085650983046,312.8789299442203,1.0296351540843034,4.283437674161026,-3.2538025200767224,43.74547944332087,319.43602142333987,334.6205621348472,304.2514807118325,0.09507093560612365,-0.011995647192366121,-0.012068175568231405,0.2298085168235831,9.675866601756415
2018-09-24,305.6582609323053,305.6582609323053,294.803918861637,297.8913879394531,24382310,318.1359130859375,300.0888323974609,,311.4443839969428,311.7687416475709,-0.3243576506280874,3.3618786092032034,-3.6862362598312908,37.967093127642734,318.1359130859375,335.9401397237867,300.3316864480883,0.1119284299917423,-0.026332295092792335,-0.02668519894276516,0.2443076610390539,9.899844702416065
2018-09-25,296.2029116770689,302.4743088298407,289.49732909754505,300.1587219238281,30472132,317.2169128417969,300.9291137695312,,309.70812829338666,310.9087401865529,-1.20061189316624,2.4493805087293152,-3.649992401895555,40.35497005194643,317.2169128417969,336.74735182965344,297.68647385394036,0.12313617715330837,0.00761127738555456,0.007582457757577459,0.24299183399103771,10.03767755300413
2018-09-26,303.92151992156465,304.21095721044395,294.3697066128861,302.0883483886719,23224979,315.92404022216795,301.7397888183594,,308.5358544618921,310.2553778311543,-1.7195233692622196,1.6155997331310084,-3.335123102393228,42.38755427638409,315.92404022216795,335.88275950030027,295.9653209440356,0.12635138031342413,0.0064286869709333505,0.006408111099657704,0.21429342968645973,10.106591795395092
2018-09-27,304.5487079193493,304.8864044460425,294.56270745449024,295.865234375,24888615,314.3682525634766,302.51341125488284,,306.5865282946779,309.1894412788466,-2.602912984168654,0.7718971896710759,-3.37481017383973,37.901635234801006,314.3682525634766,335.5136383254702,293.22286680148295,0.1345262162420424,-0.020600311289282525,-0.020815457550689496,0.2221481069026244,10.37881263768089
2018-09-28,298.2290593634864,300.6411351761249,291.1857803240109,294.80389404296875,26289107,312.6749740600586,303.4290979003906,,304.7738153328765,308.12384518730005,-3.3500298544235534,-0.05248821914784996,-3.2975416352757034,37.178962070823516,312.6749740600586,334.41385744367886,290.93609067643837,0.1390509966393706,-0.0035872424628505817,-0.0035936920458592664,0.2190432382263771,10.657925515257082
2018-10-01,295.5275206953216,303.96978615121145,289.9797462528797,302.95672607421875,21104376,311.2108444213867,304.36952331542966,,304.49426313923686,307.7410956233681,-3.2468324841312324,-0.6913570721445265,-2.555475411986706,45.73788656486679,311.2108444213867,331.2820740856078,291.1396147571656,0.12898798370306272,0.02765510292093265,0.027279607744050274,0.24237781391163282,10.695830964046959
2018-10-03,300.1586891996105,303.4391060791777,291.812913633507,293.0189514160156,19105555,309.33424682617186,305.1832333374023,,302.7288305664336,306.6505664228235,-3.921735856389887,-1.3374328289935988,-2.584303027396288,38.798862223722324,309.33424682617186,328.8009928756124,289.86750077673133,0.12586221053228372,-0.03280262097818076,-0.03335268954686846,0.26241795838252496,11.15756983553121
2018-10-04,288.4842161928873,309.95168713031785,284.43191776631215,305.3687438964844,56268976,308.48278045654297,306.27275604248047,,303.1349710787491,306.55561660605764,-3.4206455273085226,-1.7540753686565838,-1.6665701586519388,49.12784694638158,308.48278045654297,327.0106784123833,289.95488250070264,0.12012273701903059,0.042146736314454536,0.04128275521561713,0.30300456401213616,12.180979224560458
2018-10-05,303.5838799454046,310.5306706139718,288.82198658005825,296.49237060546875,36131946,307.4600601196289,307.0963818359375,,302.1130325443983,305.81019097638443,-3.697158431986111,-2.142691981322489,-1.5544664506636217,43.45156286982676,307.4600601196289,326.2766586711541,288.6434615681037,0.12240027887982521,-0.02906772048034023,-0.02949855615112699,0.3135440333988819,13.14236475814673
2018-10-08,296.49231551326795,303.0049195133139,288.0983102464444,299.91748046875,20488368,306.5531173706055,307.8012048339844,,301.77525530199085,305.37369390174484,-3.5984385997539903,-2.4338413050087895,-1.1645972947452008,46.042243662136585,306.5531173706055,324.9634369247848,288.1427978164262,0.12011177516046757,0.011552101176454554,0.01148588512409656,0.31708999019276446,13.579982874437652
2018-10-09,300.49643892415935,300.93059493623826,292.34361029177296,295.47930908203125,14852835,305.4725082397461,308.44031799316406,,300.80664819122785,304.64077650769195,-3.8341283164641027,-2.713898707299852,-1.1202296091642507,43.27561547089558,305.4725082397461,323.8153366881238,287.1296797913684,0.12009479055301155,-0.014797975028938648,-0.014908557347020646,0.3199697978067577,13.71092603670354
2018-10-10,296.2993668277883,311.59193172309875,293.7908023637407,308.6009521484375,23972064,304.73682556152346,309.3361004638672,,302.0057718769524,304.93412285145087,-2.9283509744984713,-2.756789160739576,-0.17156181375889545,52.385315285595404,304.73682556152346,321.14480871189915,288.3288424111478,0.10768625104722088,0.04440799292231801,0.043450210937180614,0.35385094347111457,14.269151720533374
2018-10-11,299.0974169617417,304.3557542957192,293.30843469796605,300.7376403808594,21691068,303.71410675048827,309.86329833984377,,301.81067472370734,304.6232722980737,-2.8125975743663503,-2.767950843464931,-0.04464673090141913,47.4658541621704,303.71410675048827,318.24614157859685,289.1820719223797,0.09569548799422183,-0.025480516870848402,-0.025810767285017612,0.36326734270283817,14.830816896297392
2018-10-12,302.81198240943024,312.84621120534024,302.5707748448926,308.1667785644531,25930022,303.36917877197266,310.39403747558595,,302.78853685305285,304.8857542437314,-2.0972173906785656,-2.633804152907658,0.5365867622290925,52.04764766543985,303.36917877197266,317.0705156126392,289.6678419313061,0.0903278104659746,0.024703054044666217,0.024402867247186044,0.3707932699516543,13.948682390753103
2018-10-15,305.7547257380956,306.7195560682532,298.66321692258003,302.32958984375,23756416,302.9084747314453,310.5361993408203,,302.7179296208524,304.6964087326217,-1.9784791117693317,-2.502739144679993,0.5242600329106613,48.47061927793586,302.9084747314453,316.0611407541513,289.7558087087393,0.0868425093379575,-0.01894165473609699,-0.01912334589086069,0.37466576867876994,13.831524364497126
2018-10-16,302.71550999666033,311.5919606332403,302.71550999666033,309.3728332519531,18042549,302.5370162963867,310.87877990722654,,303.74176094871405,305.0428105488685,-1.3010496001544425,-2.262401235774883,0.9613516356204403,52.69516896632661,302.5370162963867,314.3932886021114,290.680743990662,0.07837898615427248,0.02329657315991862,0.023029350292220967,0.37944387682069286,13.566195154296745
2018-10-17,313.6663152277592,316.6090356662372,300.689336791762,303.7285461425781,20203287,302.011181640625,311.2035687255859,,303.7397279016162,304.945457629884,-1.2057297282677837,-2.051066934273463,0.8453372060056794,49.21317535463797,302.011181640625,312.5395431710367,291.4828201102133,0.06972166708012693,-0.018244288129779962,-0.01841276749131713,0.38368297468307,14.000370031219413
2018-10-19,301.8471786281136,310.1929552043183,299.29038410859914,304.3557434082031,18322589,301.8471618652344,311.55531005859376,,303.8344995180142,304.9017750949447,-1.0672755769305127,-1.8543086628048733,0.7870330858743606,49.61161937407108,301.8471618652344,312.1052950620191,291.5890286684497,0.06796905515622922,0.0020649928154286012,0.0020628636484039437,0.37672481762769106,14.04171818151705
2018-10-22,308.9386848816521,318.2492917206308,304.982874621383,315.59600830078125,33593953,302.14384765625,312.0079455566406,,305.64396240767064,305.6939405175993,-0.049978109928645154,-1.4934425522296277,1.4434644423009826,56.23792193355455,302.14384765625,313.624111928354,290.66358338414597,0.0759920439297851,0.036931338198874286,0.036265715096626315,0.3988016761704363,14.358732000110885
2018-10-23,311.6402020616214,317.0432578933425,307.1537468372075,311.4954833984375,21509920,302.4212371826172,312.1845422363281,293.2019189453125,306.5441964062502,306.1236844346984,0.42051197155177533,-1.110651647473347,1.5311636190251223,53.475177657537344,302.4212371826172,314.5388900341758,290.3035843310586,0.08013757872593685,-0.01299295553331492,-0.013078102323178128,0.3992563741858686,14.065837082811116
2018-10-24,317.1879273171751,318.39396506362823,305.1275498526437,310.6753234863281,33104174,303.06043395996096,312.38219665527345,293.26502029418947,307.17975441856987,306.4608428829673,0.7189115356025582,-0.744739010858166,1.4636505464607241,52.915244739595316,303.06043395996096,315.51597283893443,290.6048950809875,0.08219838344598321,-0.002632975294413198,-0.0026364476703229214,0.38623279308834907,14.182995851762103
2018-10-25,307.2984634764838,310.7235994078482,300.8340884168467,308.6974792480469,26920180,303.48737182617185,312.43367431640627,293.32111389160156,307.4132505461817,306.626519650751,0.7867308954307077,-0.4384450296003912,1.225175925031099,51.51439799627502,303.48737182617185,316.10838988206325,290.86635377028045,0.08317326668287421,-0.006366274012645556,-0.0063866251549929585,0.38690924033603735,13.066548825118945
2018-10-26,308.5527153568468,312.02611029412265,301.9918811542132,304.5486755371094,22952163,303.6103881835937,312.12746276855466,293.33100952148436,306.97254669863213,306.4726052719627,0.4999414266694089,-0.25076773834643123,0.7507091650158402,48.6075076246326,303.6103881835937,316.22194844558067,290.9988279216068,0.08307726449966334,-0.013439707123762523,-0.013530837418277476,0.3900920685557928,12.232659189832939
2018-10-29,317.4291624898606,340.5368595004985,316.75376951536026,337.1116943359375,80069836,305.67271118164064,312.5570385742187,293.5051611328125,311.60933864283294,308.74216742484975,2.8671712179831843,0.37282005291949183,2.4943511650636925,65.20398683769244,305.67271118164064,324.77234458444406,286.5730777788372,0.1249678672915869,0.1069222144584907,0.10158338428249379,0.5339040559241387,13.738485953870054
2018-10-30,335.2302925897405,341.4052004933632,330.84029714882956,333.5418395996094,34460428,307.60960845947267,312.9862969970703,293.67010803222655,314.98356955926005,310.57918017853564,4.40438938072441,1.1791339184804757,3.2252554622439344,62.80928895182543,307.60960845947267,329.69226034571676,285.5269565732286,0.14357582649537728,-0.01058953099612947,-0.010645999080297787,0.536330297189513,13.879765861017793
2018-10-31,333.348852582045,344.01021510543643,330.2613839931524,342.5147399902344,31233009,309.58750915527344,313.4499719238281,293.8739163208008,319.2191342409484,312.94477720162445,6.274357039323945,2.1981785426491696,4.076178496674776,66.17221366149711,309.58750915527344,336.47825795580343,282.69676035474345,0.1737198562946088,0.026901873544249444,0.026546379686559006,0.5359467964029506,13.590315986226793
2018-11-01,344.4444571469197,345.8434730222903,338.7519636039374,341.2605285644531,22157128,311.9995880126953,313.85302368164065,294.07889739990236,322.61011798302604,315.0422402655377,7.567877717488329,3.2721183776170015,4.295759339871328,65.28360734463216,311.9995880126953,341.1889311550837,282.8102448703069,0.187111421065086,-0.0036617735803633478,-0.0036684942847215753,0.5171265267944667,13.004529698218326
2018-11-02,341.5499149433929,345.216258184846,339.33081710424227,341.9841003417969,26714413,313.8303558349609,314.1610443115234,294.29037811279295,325.5907306536062,317.0379336045199,8.552797049086337,4.328254111910868,4.224542937175468,65.5708543621875,313.8303558349609,345.73532326436606,281.9253884055558,0.20332620370340157,0.00212029143946868,0.0021180467938831005,0.501492791252906,12.560020430798533
2018-11-05,338.65543205481276,339.4755436908108,335.7609411825494,337.3529052734375,22873951,315.8733825683594,314.4062176513672,294.4907096862793,327.4002959797341,318.542746320736,8.857549658998096,5.234113221328315,3.623436437669781,62.03300070410759,315.8733825683594,348.3318691961446,283.4148959405741,0.20551580740273856,-0.01354213562481621,-0.013634666671717694,0.48993337452405245,12.325705967753846
2018-11-06,336.4363322238595,345.69867940626744,335.42324275783864,340.68157958984375,21349153,317.9115875244141,314.71028076171876,294.6683024597168,329.4435703812894,320.18265989622546,9.26091048506396,6.039472674075444,3.2214378109885153,63.555051940125026,317.9115875244141,351.25872082210327,284.5644542267249,0.20978872495566586,0.009867039128381716,0.00981867775993507,0.48975812114640865,12.39806781482088
2018-11-07,344.20319877645005,344.44440634391776,342.0805604050208,343.3830871582031,2074764,320.30677642822263,315.10007141113283,294.80369140625,331.5881114238915,321.9012100637794,9.686901360112131,6.768958411282782,2.9179429488293493,64.78879151393194,320.30677642822263,353.7511536626847,286.86239919376055,0.20882716005826754,0.007929714226439177,0.007898439268109226,0.4830472540301578,11.529719806220795
2018-11-09,344.34794287410995,345.505751061226,340.00620633885256,344.2997131347656,15130936,322.0917144775391,315.6152911376953,294.9206106567383,333.5437424563337,323.560358439408,9.983384016925697,7.411843532411365,2.5715404845143324,65.21901947919497,322.0917144775391,356.6959882135717,287.4874407415065,0.21487217572276746,0.002669397564534659,0.002665841050616361,0.4636097737984721,11.143789350981816
2018-11-12,343.4796329922426,345.6022717154155,339.13789605835194,339.9580078125,10642857,324.05273284912107,315.8555352783203,294.9718769836426,334.5305525111285,324.7749991337111,9.755553377417414,7.880585501412575,1.8749678760048383,61.392649596524485,324.05273284912107,358.00071460363404,290.1047510946081,0.20952134213488732,-0.012610249607051482,-0.012690433611343916,0.4542203052819395,10.613134161312948
2018-11-13,335.5679622178257,349.22033434150126,335.5679622178257,348.2072448730469,17684864,326.0547561645508,316.2800604248047,295.050461730957,336.63465902834673,326.5107210403286,10.123937988018156,8.329255998733693,1.794681989284463,65.53059362679153,326.0547561645508,360.7720381349,291.33747419420155,0.21295369145192525,0.02426545888307663,0.023975730211666216,0.45399055577580555,10.881909951851558
2018-11-14,352.1630527700196,356.89071526081517,348.5931689505279,353.706787109375,31774158,328.62361602783204,316.78080688476564,295.1207637023926,339.26114027158184,328.52524445285053,10.735895818731308,8.810583962733217,1.9253118559980908,67.99351231470715,328.62361602783204,363.55180219880384,293.69542985686024,0.2125725874065827,0.015793876541348784,0.01567045115395024,0.44482624168804,10.554556750193257
2018-11-15,353.224350635214,361.71484482245063,349.36502974205524,356.9871826171875,21967798,331.00433349609375,317.27576416015626,295.2175535583496,341.98822370936733,330.63353616872735,11.354687540639986,9.319404678314571,2.035282862325415,69.3981004800847,331.00433349609375,366.8855391250279,295.1231278671596,0.2168020294474941,0.009274335770091069,0.009231593187568969,0.44129949170269833,10.730292756578535
2018-11-16,357.0836868925997,362.1007866030077,352.6936915211744,354.62335205078125,29972926,333.54907379150393,317.7572131347656,295.25065521240236,343.9320896080464,332.410559567398,11.521530040648372,9.759829750781332,1.76170028986704,67.112556472302,333.54907379150393,368.49207928358646,298.6060682994214,0.20952242556023307,-0.006621611871541866,-0.006643632003102092,0.43416587838449083,10.685497466715955
2018-11-19,355.34700363425253,357.6626200134352,348.06254632057284,349.6545104980469,16002154,335.8140121459961,318.30234191894533,295.3047782897949,344.8124620526619,333.6878892659646,11.124572786697286,10.032778357964524,1.0917944287327614,62.45625160282505,335.8140121459961,368.59510552084623,303.032918771146,0.19523362450163897,-0.014011602800547807,-0.01411069199493428,0.4408358587538244,8.800632447392612
2018-11-20,349.26855409520067,352.5972302696775,342.1288160605642,345.312744140625,19591217,337.29984893798826,318.8696612548828,295.29853088378906,344.8894285277331,334.54898962705056,10.340438900682557,10.094310466508132,0.24612843417442498,58.62851120431899,337.29984893798826,368.8948332305105,305.704864645466,0.18734063707411225,-0.012417304016005604,-0.012495042944488098,0.431562141431138,8.793740366291157
2018-11-21,343.81732079707285,347.62838323120894,340.6333627931998,344.2032470703125,29323882,338.935237121582,319.39259948730466,295.3018644714355,344.7838621496684,335.26411980803294,9.519742341635435,9.979396841533593,-0.4596544998981571,57.65608621153219,338.935237121582,368.20694481551794,309.6635294276461,0.17272743868431506,-0.0032130209183958147,-0.003218193753363338,0.42757918150985635,8.311325318128663
2018-11-22,345.0715429937951,345.8916546188471,338.6554275347708,339.6684875488281,12547369,340.38489532470703,319.84413940429687,295.30365600585935,343.99688144184677,335.59036927031406,8.406512171532711,9.664819907533417,-1.258307736000706,53.733225041058226,340.38489532470703,366.4610626979422,314.30872795147184,0.15321577268204029,-0.01317465642779958,-0.013262212074440685,0.4318001749763295,8.32166229425176
2018-11-26,342.273556855142,345.2645367432969,338.3660058273215,343.8172912597656,20673027,342.140885925293,320.2541931152344,295.3276322937012,343.96925218306507,336.19977089916233,7.769481283902735,9.28575218280728,-1.516270898904546,56.63993071096626,342.140885925293,363.5435903418079,320.7381815087781,0.1251104752279633,0.012214273219387506,0.012140280883351135,0.4304595681271771,8.394025853921164
2018-11-27,343.23838221638766,343.5760787131876,339.2343423253485,342.17706298828125,17933339,344.0223052978516,320.67389404296875,295.37582565307616,343.6935307684829,336.6425332761341,7.050997492348813,8.838801244715587,-1.7878037523667736,55.164371659950504,344.0223052978516,356.0913356292848,331.95327496641835,0.07016423147902554,-0.004770639270277766,-0.00478205509144872,0.4264190949300063,8.276867980718995
2018-11-28,344.39619409669615,348.834390008049,340.8263101391806,346.37408447265625,18163000,344.4854248046875,321.30006896972657,295.4983139038086,344.10592364604804,337.3633889203209,6.7425347257271255,8.419547940917894,-1.6770132151907688,58.16747026269211,344.4854248046875,356.1417022666878,332.82914734268724,0.06767355959172451,0.012265642377434105,0.012191028887973824,0.20431113118849376,8.114913925036111
2018-11-29,350.2333697319896,353.5137865899343,347.53185689468967,349.4615173339844,38692771,345.2814086914062,322.0584259033203,295.66217391967774,344.92986113649977,338.25954658059226,6.67031455590751,8.069701263915817,-1.3993867080083078,60.275357352147,345.2814086914062,355.92100161049757,334.6418157723149,0.061628530533483966,0.008913579276661698,0.008874087828843864,0.20078633584599578,8.356119308122114
2018-11-30,352.1631008403397,352.1631008403397,341.35698843409926,342.6595153808594,21893877,345.2886474609375,322.575576171875,295.7872213745117,344.58057717409355,338.58547019542686,5.9951069786666835,7.6547824068659915,-1.659675428199308,53.838815132586916,345.2886474609375,355.92050894951154,334.6567859723635,0.06158245610885202,-0.01946423745028336,-0.01965616022229431,0.1930784266391677,8.735159856969757
2018-12-03,346.2776097122438,346.2776097122438,339.7167750533811,342.9971923828125,23427270,345.37548065185547,323.150615234375,295.90507232666016,344.33697951389644,338.9122644315295,5.4247150823669585,7.208768941966185,-1.7840538595992266,54.10085468051163,345.37548065185547,355.89661225352177,334.85434905018917,0.06092575872386136,0.0009854592877065471,0.0009849740414701244,0.19258437004947035,8.742049785669694
2018-12-04,340.87453843011605,346.47057192234604,340.87453843011605,345.36102294921875,18651442,345.54432678222656,323.90511291503907,296.028498840332,344.49452465779217,339.3899502476546,5.104574410137559,6.787930035600461,-1.6833556254629016,55.984483141821535,345.54432678222656,355.94398332165537,335.14467024279776,0.06019289412893768,0.00689169071613871,0.006868051562684707,0.19391489671022585,8.166597026280726
2018-12-05,342.80418348615655,343.81727293721013,338.12478022753925,339.0413513183594,12068267,345.62874908447264,324.49269409179686,296.15442626953126,343.65557491326405,339.3641281047439,4.291446808520163,6.288633390184402,-1.9971865816642387,50.06860781158269,345.62874908447264,355.7726902650112,335.4848079039341,0.05869848042102157,-0.018298740190460405,-0.018468232990668326,0.19916749092843392,8.063223621560098
2018-12-06,335.9538920573349,337.6423449306529,331.27445963385435,335.4232177734375,17784829,345.36583099365237,325.08220458984374,296.2646643066406,342.3890584302138,339.07220882094344,3.3168496092703776,5.694276634001598,-2.3774270247312206,47.006079356996224,345.36583099365237,356.29207841211456,334.43958357519017,0.06327347084120209,-0.010671658577494414,-0.010729009107674171,0.19945896385729947,7.735871950425072
2018-12-07,337.30469812663085,340.5851154460358,333.1559099319632,339.8132629394531,14979672,345.18733978271484,325.92064208984374,296.43191192626955,341.99278220086603,339.1271017186108,2.865680482255243,5.128557403652327,-2.2628769213970843,50.92815598183862,345.18733978271484,356.3637364265518,334.0109431388779,0.06475554202464173,0.013088077787688723,0.013003168957405395,0.20322479301949473,7.59459412415645
2018-12-10,334.3136944842882,337.1599556089819,332.14282633828634,334.1689758300781,14107881,344.6808029174805,326.60084716796877,296.5243521118164,340.7891196822833,338.759833134275,2.0292865480082583,4.508703232523514,-2.4794166845152557,46.19441701765227,344.6808029174805,356.8965487565845,332.4650570783765,0.07088149810320908,-0.016609967075889798,-0.01674945937789974,0.21069202725763933,7.456762903321054
2018-12-11,325.5337573969282,332.86647401777105,324.18300078252486,330.74383544921875,36885929,344.22009429931643,327.1739569091797,296.6361672973633,339.2436913387349,338.16605552797455,1.0776358107603414,3.82248974817088,-2.7448539374105385,43.549089808148054,344.22009429931643,357.804182052561,330.6360065460719,0.0789267563295274,-0.010249725823144762,-0.010302615979663397,0.20918875153894623,7.422302963209623
2018-12-12,330.743804521385,339.3308174731417,327.4633874947897,337.6423645019531,24740214,343.69185028076174,328.00949951171873,296.78871841430663,338.9973333638454,338.1272636001211,0.8700697637243024,3.2320057512815645,-2.361935987557262,49.78610272284858,343.69185028076174,357.44373945351884,329.93996110800464,0.08002452872550332,0.020857619442444797,0.020643077393978474,0.20395113597289247,7.770332216091256
2018-12-13,340.4885959808395,341.74289299688684,335.37500733375987,337.25640869140625,19129928,342.8693313598633,328.8585498046875,296.9513464355469,338.72949879885476,338.0627558291052,0.6667429697495777,2.7189531949751675,-2.05221022522559,49.45687369177381,342.8693313598633,356.0552797532593,329.68338296646726,0.07691529797138096,-0.0011430905926635981,-0.0011437444190177774,0.19354160629808956,7.70830782888059
2018-12-14,336.91877936011963,341.5981831322239,336.8705201747072,339.5238037109375,12104234,341.9961624145508,329.5898913574219,297.11594635009766,338.8516995545598,338.1709815981298,0.6807179564299872,2.311306147266132,-1.6305881908361446,51.486548470521974,341.9961624145508,353.44406930108244,330.5482555280191,0.06694757511726152,0.006723059847340007,0.006700560865523561,0.1917199422600109,7.553245831847822
2018-12-17,339.9097447116866,347.82136592230853,339.9097447116866,345.8434753417969,18378122,341.5571685791016,330.6463818359375,297.31622665405274,339.9273573679809,338.73931446803107,1.188042899949835,2.086653497802873,-0.8986105978530379,56.705133526717326,341.5571685791016,351.54675056595585,331.5675865922473,0.05849434827212982,0.018613338922886857,0.018442230732012087,0.20488534087702628,7.818575351630244
2018-12-18,344.20319913517943,350.1368994122131,342.12881994165167,349.509765625,15405953,341.54993133544923,331.5292022705078,297.5137066650391,341.4015740229069,339.5371256648436,1.8644483580633278,2.042212469854964,-0.1777641117916362,59.431572519904286,341.54993133544923,351.51499251370814,331.5848701571903,0.05835200223461231,0.01060101041252759,0.010545213689665293,0.2030495914661856,7.8185753231797435
2018-12-19,350.23338461507717,356.26357374412464,348.30372409378197,353.61029052734375,19442031,341.96480865478514,332.6715606689453,297.71103775024415,343.2798381005126,340.5795823213251,2.7002557791875006,2.1738211317214713,0.5264346474660293,62.29175039126768,341.96480865478514,353.19950725650295,330.73011005306734,0.0657067529604152,0.011732218397420446,0.01166392952418328,0.20146070149595968,7.877157289827218
2018-12-20,350.2816103788496,352.64545626834774,348.44843879326055,349.41326904296875,12109613,342.22530975341795,333.6614764404297,297.9109169006348,344.2234428608905,341.23392948589134,2.9895133749991487,2.336959580377007,0.6525537946221416,57.79996627102817,342.22530975341795,353.91110310176055,330.53951640507535,0.06829298135057581,-0.011869059235001145,-0.011940058877081916,0.2062973418623463,7.4739958132445565
2018-12-21,348.3037233856486,350.71579903236363,339.62025105747455,341.7428894042969,13555416,342.3290298461914,334.586748046875,298.1151881408691,343.84181925218377,341.27163022058807,2.570189031595703,2.383605470620746,0.18658356097495687,50.61640228617507,342.3290298461914,353.9559461845419,330.7021135078409,0.06792831062895528,-0.021952170447564257,-0.022196704670315183,0.2163111900290946,7.797903907246442
2018-12-24,340.9710364203153,344.5409204576331,339.1378646623488,340.3439025878906,9025217,342.15536041259764,335.22160705566404,298.35232696533205,343.3036782269079,341.20290965520303,2.1007685717048616,2.3270380908375694,-0.22626951913270776,49.41022632626121,342.15536041259764,353.79243554307226,330.51828528212303,0.06802217049261902,-0.004093682296784196,-0.004102084352227662,0.21219721352684498,7.784119786036034
2018-12-26,338.31774002891865,344.34792942571346,335.90566427020076,343.3348693847656,8695108,342.2132507324219,336.0735516357422,298.6121046447754,343.3084768665783,341.3608325981336,1.9476442684447193,2.2511593263589997,-0.30351505791428046,52.04150930047576,342.2132507324219,353.86229364042646,330.56420782441734,0.06808060694945445,0.008788072223807841,0.008749681871280817,0.21396304373129152,7.870264245595548
2018-12-27,346.8564786120813,348.0625164375753,342.4182535254067,343.1418762207031,10122458,342.05164031982423,336.7730535888672,298.910779876709,343.2828459979821,341.49276175536096,1.7900842426211625,2.1589443096114325,-0.36886006699026996,51.85409492704976,342.05164031982423,353.5462926468751,330.5569879927734,0.06721004066113034,-0.0005621134969725494,-0.0005622715419932235,0.20920506375795817,7.7186479047143735
2018-12-28,345.6986541959534,350.04039016268933,345.6986541959534,348.0625,13004606,341.981689453125,337.6877117919922,299.27416046142577,344.01817738290794,341.9794090327416,2.038768350166322,2.1349091177224104,-0.09614076755608858,56.18645299472075,341.981689453125,353.3021850422736,330.6611938639764,0.06620527319606855,0.014339910457713989,0.014238066410106295,0.21325185969542645,7.6807413638510615
2018-12-31,350.0404371014226,350.71583012008324,346.856508743246,347.483642578125,7314108,342.22289581298827,338.44992797851563,299.58541946411134,344.55132587447974,342.3871300361033,2.164195838376429,2.1407664618532145,0.02342937652321453,55.553152502005965,342.22289581298827,353.80671508011847,330.6390765458581,0.06769751181966685,-0.001663084710001761,-0.001664469170574478,0.20082884316655372,7.408518847827521
2019-01-01,348.7861933442735,351.9701219207386,343.86555236259227,350.9570617675781,7759872,342.6208892822266,339.3944982910156,299.93445678710935,345.53682370418716,343.0219397939903,2.514883910196829,2.2155899515219377,0.2992939586748915,58.57071273783721,342.6208892822266,354.84593923866265,330.3958393257905,0.0713619650106386,0.00999592143009198,0.009946292656986837,0.20348320718430557,7.274132741441313
2019-01-02,348.7861805929132,354.96108910459435,347.6283723650977,351.77716064453125,18243156,342.9416961669922,340.3429266357422,300.2494134521484,346.49687554116315,343.67047467180817,2.826400869354984,2.337752135088547,0.48864873426643696,59.27375758322418,342.9416961669922,355.7903446904617,330.09304764352265,0.074931970460734,0.0023367498941970766,0.0023340239399194038,0.20244075179609436,6.950224652951647
2019-01-03,352.16309307857125,354.38219120244753,349.3168316444681,350.4746398925781,12884409,343.51336059570315,341.0404992675781,300.54008743286136,347.1088392875347,344.17448691038373,2.934352377150958,2.4570721835010296,0.47728019364992846,57.60183934415294,343.51336059570315,356.645590526453,330.3811306649533,0.07645833575716902,-0.0037026870919266708,-0.0037095590060532806,0.19025053889639673,6.857187074012537
2019-01-04,349.1238610869647,355.82941421941774,345.4574881633734,352.3560485839844,22896026,344.3600021362305,341.8577105712891,300.83200408935545,347.91610225621923,344.7805285158356,3.13557374038362,2.592772494877548,0.5428012455060722,59.383945172770346,344.3600021362305,357.47945439567616,331.2405498767848,0.07619614460482868,0.005368173548827793,0.005353816263880951,0.18482747915742828,7.260348723907372
2019-01-07,354.57511909490694,357.9520249910489,353.6585185739553,354.7680969238281,12719847,345.10774383544924,342.73956604003905,301.1580731201172,348.9702552820052,345.5203483979091,3.4499068840960945,2.7641993727212575,0.685707511374837,61.61172669368173,345.10774383544924,358.8270608189967,331.3884268519018,0.07950744211691153,0.006845485836094012,0.006822161879968599,0.18139422052123774,7.067378309314051
2019-01-08,354.864552966476,368.37217642057783,353.7067743369796,366.78021240234375,21501136,346.7383056640625,343.901220703125,301.5602917480469,351.7102486851342,347.09515313897833,4.615095546155885,3.134378607408183,1.480716938747702,70.33745126185997,346.7383056640625,362.57236614419674,330.9042451839283,0.0913314751873711,0.03385906337878719,0.03329846445463059,0.19947882494612582,7.542901353102394
2019-01-09,368.2274923930572,370.0606641453259,362.39028062929196,368.806396484375,21730142,348.6414337158203,345.18637512207033,301.9896910095215,354.3404252696328,348.7033933867855,5.637031882847339,3.6349092624960146,2.002122620351324,71.51365807002236,348.6414337158203,365.4977779282832,331.7850895033574,0.09669730893891741,0.0055242458930924165,0.00550904320995629,0.191453143418222,7.5222252006517705
2019-01-10,367.5521224321201,368.70990115033806,362.8244303054715,366.1531066894531,14497154,350.0669708251953,345.76720336914065,302.4180705261231,356.1577608726821,349.99596474253866,6.161796130143443,4.1402866360255,2.021509494117943,67.72641002168007,350.0669708251953,367.80591793542544,332.3280237149652,0.10134601998249076,-0.007194261868053831,-0.007220265362324046,0.18752020630239155,7.580804803853222
2019-01-11,367.2144310821323,367.7933351715042,362.0525829053509,365.23651123046875,12537973,351.4659759521484,346.40109680175783,302.8553144836426,357.554491696957,351.12489411201494,6.42959758494203,4.598148825808806,1.8314487591332238,66.41783930336626,351.4659759521484,369.36360183864406,333.5683500656528,0.10184556748635246,-0.0025033119813503424,-0.00250645050568616,0.1880885609430873,7.198319396086382
2019-01-14,365.38126971005715,365.38126971005715,359.5922875405455,360.21942138671875,14844029,352.5007568359375,346.7551904296875,303.29604904174806,357.96448087999727,351.79856279903004,6.165918080967231,4.911702676840491,1.2542154041267395,59.62675421678803,352.5007568359375,369.87669730035833,335.1248163715167,0.09858668458126457,-0.013736550671912817,-0.013831770080471421,0.19800496283319713,7.225885565674052
2019-01-15,360.4123248273668,362.1972666624671,357.56609328235805,359.6404724121094,12960779,353.19060668945315,347.12278930664064,303.77086975097654,358.2223257310915,352.37944499259146,5.842880738500014,5.097938289172396,0.7449424493276178,58.87861042783739,353.19060668945315,370.5492022764009,335.8320111025054,0.09829590741188919,-0.0016072119942357466,-0.0016085049449826268,0.18974353443260591,6.95366472457379
2019-01-16,358.96507083442305,366.394275290844,358.96507083442305,362.10076904296875,15106484,353.8201568603516,347.5251226806641,304.2286953735352,358.8190093175341,353.09954307039715,5.71946624713695,5.2222438807653075,0.4972223663716422,61.111644501660784,353.8201568603516,371.52647287552645,336.1138408451767,0.1000865308087201,0.0068409893201344385,0.006817695925595804,0.18795055485141318,7.081160549163245
2019-01-17,362.7762021224951,364.65763303355703,359.6887333054408,361.4254455566406,13171721,354.2109146118164,348.00657348632814,304.67233840942384,359.21999950816587,353.7162765878967,5.503722920269183,5.278539688666084,0.22518323160309972,60.1461616804146,354.2109146118164,372.2397352073223,336.1820940163105,0.10179709236381888,-0.0018650153329223818,-0.0018667566393974046,0.18462401745394064,6.943330962458248
2019-01-18,361.42549623742764,363.1621792878685,357.3249667820581,358.91693115234375,12212121,354.6860977172852,348.3712805175781,305.1300938415527,359.17337360727015,354.1015102593372,5.071863347932947,5.237204420519457,-0.16534107258650987,56.5709366799565,354.6860977172852,372.6834394877241,336.68875594684624,0.10148320944219438,-0.00694061371476884,-0.006964811805538529,0.18080119543130038,7.08460890024205
2019-01-21,359.88170904343286,362.9209186599025,357.56612216632664,358.62744140625,8908581,355.5303253173828,348.67616760253907,305.6656462097168,359.08938403788244,354.4367644183678,4.652619619514667,5.120287460318499,-0.4676678408038324,56.15608433592274,355.5303253173828,372.5275301658292,338.5331204689364,0.0956160621925737,-0.0008065647534774012,-0.0008068902018367283,0.15881506829771375,6.888196538487015
2019-01-22,357.51786315520206,359.39929405616294,353.22438589949115,356.07061767578125,14756076,356.31666107177733,348.91158569335937,306.1490324401855,358.624958443713,354.5577905855836,4.067167858129437,4.909663539880687,-0.8424956817512497,52.494521854450355,356.31666107177733,371.73774453617875,340.8955776073759,0.08655830697344213,-0.007129470406511351,-0.007155006525706443,0.16082972063325363,6.805495925428095
2019-01-23,355.82939419354847,360.5570861037994,353.5620665992125,354.4786376953125,9726450,356.8738494873047,349.2019982910156,306.63118255615234,357.9870629439591,354.55192740852647,3.4351355354326074,4.614757938991071,-1.1796224035584633,50.295545052640676,356.8738494873047,371.0771764377853,342.67052253682414,0.07959858628411963,-0.004470966997671022,-0.004480991661738944,0.1606320787137763,6.943328778757198
2019-01-24,353.7068050348332,355.53997677384683,349.027372043254,351.9700927734375,17521254,357.3152603149414,349.2772552490234,307.0527630615234,357.0613752254173,354.36068039851983,2.700694826897461,4.231945316572349,-1.5312504896748882,46.95758323659612,357.3152603149414,370.2101530447229,344.42036758515985,0.07217655757784226,-0.007076716775331282,-0.007101875499864829,0.16345967418909566,6.667662969796376
2019-01-25,349.6062911812134,351.8253892590872,342.08059661308135,344.6374206542969,22978238,357.1440063476563,349.0958679199219,307.4280746459961,355.1499975990911,353.6404389359848,1.5095586631063043,3.687467985879141,-2.1779093227728366,38.84263744162671,357.1440063476563,370.63356733714784,343.6544453581647,0.07554129846636912,-0.020833224952043428,-0.02105329851056367,0.17366649194157707,6.974342952174347
2019-01-28,340.77807369335596,342.41826753657205,324.810114563864,331.4674377441406,34362360,356.343196105957,348.5854730224609,307.7365756225586,351.5065268521756,351.9979944032556,-0.49146755107994977,2.851680878487323,-3.3431484295672727,29.111693255047683,356.343196105957,373.61798345784143,339.0684087540726,0.0969558983623632,-0.03821402471372071,-0.03896333198092666,0.2195020022739802,7.343050381233967
2019-01-29,330.8885653985097,337.7870962012659,329.34483101922194,334.6513977050781,20738442,355.52791290283204,348.1860339355469,308.0228155517578,348.9134300603145,350.71306131450166,-1.7996312541871475,1.921418451952429,-3.721049706139577,33.45226199456725,355.52791290283204,375.24014133558154,335.81568447008254,0.11088990606561444,0.009605649298786378,0.009559808370363247,0.2192170431323908,7.398184785948969
2019-01-30,338.6554662121029,355.63648693096883,338.6554662121029,353.03143310546875,39400056,355.5906265258789,348.2535723876953,308.42136672973635,349.54696899033826,350.884792558277,-1.3378235679387558,1.269570047974192,-2.607393615912948,51.79999916923443,355.5906265258789,375.2605467643036,335.9207062874542,0.11063238888268719,0.054922930328199504,0.053467712438003696,0.2989079308331811,8.469836432162339
2019-01-31,359.5922657727153,363.40332780370386,341.64641624471966,351.6324157714844,85917249,355.64851531982424,348.3799658203125,308.8023568725586,349.8678069566684,350.94017205555167,-1.0723650988832674,0.8011830186027001,-1.8735481174859676,50.655186140997436,355.64851531982424,375.26177324870736,336.0352573909411,0.11029573910210473,-0.0039628690331561245,-0.003970742005231353,0.29895607537106716,9.613847810221687
2019-02-01,351.68064741496363,352.06657364947023,336.4845700575269,342.17706298828125,25605469,355.1395660400391,348.33944213867187,309.12886642456056,348.68461557691654,350.2910528653835,-1.6064372884669638,0.3196589571887674,-1.9260962456557311,43.63596785292428,355.1395660400391,375.62159186811726,334.6575402119609,0.11534634710776775,-0.026889878063312223,-0.027258025464701144,0.31333060328502327,10.313349340395376
2019-02-04,338.65543066583325,344.3479234690803,333.831279231847,342.08056640625,17039321,354.5051895141602,348.3876837158203,309.45801513671876,347.66860801219866,349.6828686832255,-2.0142606710268183,-0.14712496845434975,-1.8671357025724684,43.56961380528528,354.5051895141602,375.80524820053387,333.2051308277865,0.12016782442911397,-0.0002820077453132841,-0.00028204751697494593,0.31189678074455846,10.73374011590425
2019-02-05,342.1288675913948,343.57611319927355,336.5810927611929,340.2474365234375,12197271,353.17855072021484,348.31628662109375,309.75806701660156,346.52688932162,348.9839477825004,-2.4570584608804324,-0.6091116669395663,-1.8479467939408663,42.25509184143531,353.17855072021484,374.5644649179739,331.7926365224558,0.12110539642992538,-0.005358766509511392,-0.00537317620059762,0.28236702457406965,10.702726971737084
2019-02-06,341.1639981691748,349.1720778392176,340.77807194006743,346.66351318359375,15396216,352.07140655517577,348.406015625,310.0983639526367,346.54790837730826,348.81206373813694,-2.2641553608286813,-0.9401204057173893,-1.324034955111292,48.151424238576766,352.07140655517577,372.31283403595177,331.8299790743998,0.11498478492659875,0.018857090374329033,0.018681499434124383,0.2918862112367785,10.985279942284503
2019-02-07,346.4705623605022,349.0755864719143,343.9619977224773,346.036376953125,10247434,351.06557006835936,348.3992614746094,310.43768630981447,346.4692112351262,348.60645730961755,-2.1372460744913724,-1.179545539472186,-0.9577005350191863,47.63937543848081,351.06557006835936,370.3367170232428,331.79442311347594,0.10978659599761349,-0.0018090632749591107,-0.0018107016061201687,0.2914689301913015,10.93359253111497
2019-02-08,344.34794996197945,345.79519550352126,338.41424913051543,342.61126708984375,9308651,349.93430786132814,348.26225646972654,310.79566329956054,345.8756813666212,348.1623691451898,-2.2866877785685915,-1.4009739872914673,-0.8857137912771242,44.83511830072987,349.93430786132814,368.3397179947691,331.52889772788717,0.10519351615409288,-0.009898120808683686,-0.009947432874137751,0.29259498556040614,11.095544768903093
2019-02-11,342.12882604376273,342.225314961428,336.77400027832135,337.73883056640625,9419635,348.8102783203125,348.1638427734375,311.1424855041504,344.62385816658815,347.390255176391,-2.7663970098028585,-1.6740585917937456,-1.092338418009113,41.126360914928,348.8102783203125,367.31651105926926,330.3040455813557,0.10611059300243733,-0.014221471946396336,-0.014323566188078707,0.29283523300562825,11.07142752996385
2019-02-12,336.72575394729773,339.62024466890773,331.1779800642119,332.1910400390625,14924394,347.4378067016602,347.9477197265625,311.4389961242676,342.71111691619956,346.26438738844075,-3.553270472241195,-2.0499009678832354,-1.5033695043579596,37.33904242308229,347.4378067016602,366.62121783841235,328.254395564908,0.11042788531775811,-0.016426273869782126,-0.016562680942561393,0.2965629784984081,11.174802179971632
2019-02-14,327.8975834347343,334.6513955366062,324.3276995460313,331.8533935546875,15172596,345.9254379272461,347.67756713867186,311.7587925720215,341.0406979375054,345.1969063637183,-4.156208426212913,-2.4711624595491712,-1.685045966663742,37.115021735468254,345.9254379272461,365.01052045020856,326.8403554042836,0.11034217452939311,-0.0010164226113241748,-0.0010169395190807522,0.2941259290335661,11.447022984256064
2019-02-15,331.94990168668676,335.5197860986654,328.6212543294197,330.1167297363281,20316848,344.3600021362305,347.49907470703124,312.0701454162598,339.3600874450166,344.07985624317087,-4.719768798154291,-2.920883727270195,-1.7988850708840962,35.92126780736375,344.3600021362305,363.22682076550836,325.4931835069526,0.10957613260679484,-0.005233226033209748,-0.005246967322380886,0.29401565939982716,11.23338267060532
2019-02-18,330.16494959843004,330.93680208213215,325.6784650235213,326.8362731933594,10601490,342.75596923828124,347.3273358154297,312.3216319274902,337.4333467909155,342.8025537950367,-5.369207004121222,-3.4105483826404006,-1.9586586214808213,33.715318266420624,342.75596923828124,361.8651485017264,323.64678997483605,0.11150311579350283,-0.009937262330173113,-0.009986966477719225,0.29455653345223637,10.192742025475171
2019-02-19,327.1739389249771,338.07650881434824,327.1739389249771,331.177978515625,14384763,341.38349609375,347.1546301269531,312.6125968933105,336.47098244087084,341.94147414470996,-5.470491703839116,-3.822537046880144,-1.647954656958972,39.050224227415995,341.38349609375,359.61583328450683,323.1511589029932,0.10681440315292745,0.013284037539178062,0.01319657840142411,0.3010798854615781,10.392597056828379
2019-02-20,332.8664398947833,335.37500446110784,330.3096455931437,333.0594177246094,9474758,340.2329360961914,347.13243896484374,312.9480285644531,335.94612633067675,341.2835440395173,-5.337417708840576,-4.125513179272231,-1.2119045295683453,41.25663781240642,340.2329360961914,357.43813140396486,323.02774078841793,0.10113774113220582,0.005681051673233739,0.005664975357359434,0.3026334413609735,9.255473459833622
2019-02-21,334.60314874197263,342.46653953568057,334.0725038348948,338.94488525390625,18631331,339.4562484741211,347.2964599609375,313.28887420654297,336.40747385732743,341.11031005539803,-4.7028361980705995,-4.240977783031905,-0.4618584150386944,47.64183991712806,339.4562484741211,355.3025047424279,323.60999220581425,0.0933625840710656,0.01767092361328526,0.017516608122019033,0.31144287825157296,8.373345620696979
2019-02-22,339.0413537570648,341.64640728504565,338.9448648404205,339.6684875488281,10997730,338.84116821289064,347.336982421875,313.62877532958987,336.90916827140444,341.0035083882447,-4.0943401168402715,-4.211650249793578,0.11731013295330683,48.38468471062096,338.84116821289064,353.5568991505909,324.1254372751904,0.08685916776472977,0.0021348671315095658,0.0021325915408219433,0.3111900131035581,7.453312681602824
2019-02-25,340.6333235309092,344.8786003800849,340.6333235309092,343.0936584472656,10344411,338.76398010253905,347.4537274169922,313.9524235534668,337.86062829846,341.1583343185426,-3.2977060200825576,-4.028861403851375,0.731155383768817,51.865919988976664,338.76398010253905,353.36746542292235,324.16049478215575,0.08621628141199092,0.010083864191096303,0.01003336125861916,0.305133781258703,7.074274724033074
2019-02-26,337.6905705244378,340.2956238461959,334.4101537281995,335.9538879394531,18096382,338.98830261230466,347.3823291015625,314.1467205810547,337.5672836278436,340.7728197719434,-3.205536144099767,-3.8641963519010534,0.6586602078012862,45.04574857109617,338.98830261230466,353.25378651722247,324.72281870738686,0.08416505109459779,-0.020809975154087224,-0.021029554320578927,0.28161032823191084,7.194880744103467
2019-02-27,338.65546258044037,342.22534675572655,331.226256894266,333.3971252441406,17325417,338.9255889892578,347.1334020996094,314.3402404785156,336.9257207995816,340.22647202914317,-3.3007512295615697,-3.7515073274331567,0.450756097871587,42.87167370591924,338.9255889892578,353.28208766564757,324.569090312868,0.08471770289876109,-0.007610457229693668,-0.007639564533283541,0.2811167084655237,7.343055640223501
2019-02-28,336.19507254922286,339.37900021919666,332.86639680347645,337.83526611328125,18347113,338.16578063964846,346.899912109375,314.5557107543945,337.0656508478431,340.04934566500526,-2.9836948171621884,-3.597944825378963,0.6142500082167746,47.599399660575635,338.16578063964846,350.89523921204255,325.43632206725437,0.07528531448874588,0.013311875037586685,0.013224050576057066,0.20043619340359553,7.4429852592437316
2019-03-01,339.66852956130606,342.51479101080076,338.31777289406455,341.7911682128906,14190221,337.67371826171876,346.6635296630859,314.7712696838379,337.79265351938886,340.1783695574412,-2.385716038052351,-3.355499067913641,0.96978302986129,51.45567797051949,337.67371826171876,348.8812013300381,326.4662351933994,0.06638054703228527,0.011709559351577248,0.011641532985678127,0.20616515340292643,7.232799336023013
2019-03-05,342.5147891586104,351.3429813565172,340.39215051850425,350.4746398925781,17638277,338.0885971069336,346.6847570800781,315.0343281555176,339.7437283460333,340.94105624893285,-1.1973279028995307,-2.9238648349108187,1.726536932011288,58.649298562715025,338.0885971069336,350.54295551717166,325.63423869669555,0.07367511662216093,0.02540578132867033,0.025088418471980883,0.20375752587376514,7.598053909343768
2019-03-06,352.4042473993806,359.73696315883336,352.4042473993806,358.8686218261719,31436190,338.92799987792966,347.02727172851564,315.34824142456057,342.68601965067,342.2690240694691,0.41699558120092206,-2.2556927516884704,2.6726883328893924,64.1757407228864,338.92799987792966,354.4101398388621,323.4458599169972,0.09135946257912349,0.02395032615246162,0.023668015823949833,0.21889251204693125,7.656629528026583
2019-03-07,358.43442613371406,360.84650167970136,355.5399354785293,357.759033203125,15355303,339.80357971191404,347.3755743408203,315.7094364929199,345.00494481258613,343.41643215344357,1.588512659142566,-1.4868516695222633,3.075364328664829,62.9775467371472,339.80357971191404,357.43186575288894,322.17529367093914,0.10375574063063246,-0.003091907610647371,-0.003096697432656612,0.21796058490683262,7.29826311449781
2019-03-08,356.7942496495582,360.26764477891874,354.71987029755905,357.5661315917969,16143455,340.34871063232424,347.66019958496094,316.0756703186035,346.9374350863108,344.46455803776604,2.472877048544774,-0.6949059259088559,3.1677829744536297,62.75817277489866,340.34871063232424,359.4803842002364,321.21703706441207,0.11242395208354383,-0.000539194243681318,-0.0005393396611720595,0.20948406666597524,7.201780451077378
2019-03-11,358.72391958132334,365.0918059085067,356.9872366940398,362.6315002441406,11449587,341.178466796875,348.0499920654297,316.51477783203126,349.35190664905383,345.81025746046043,3.5416491885933965,0.15240509699159455,3.389244091601802,66.09772380795941,341.178466796875,362.64571329510045,319.71122029864955,0.12584174317780877,0.014166242842390986,0.014066839307378726,0.21363764345674885,7.40508274792424
2019-03-12,364.7058386995896,375.31897157179986,364.0787049187246,374.547119140625,37108265,342.77525939941404,348.5796844482422,316.99809478759767,353.22809318621864,347.93891388121335,5.289179305005291,1.179759938594334,4.1094193664109575,72.37356774946771,342.77525939941404,368.9303506951609,316.6201681036672,0.15260781272005394,0.03285875299984209,0.03233044603515384,0.23386447538872568,7.508456726972123
2019-03-13,374.2576528280548,379.4195006198129,370.78425799518976,378.1169738769531,19574619,344.7941665649414,349.1923510742188,317.49445846557614,357.05715175402395,350.1743257327496,6.882826021274354,2.3203731551303384,4.562452866144016,73.93058419684132,344.7941665649414,375.2004444736187,314.3878886562641,0.17637350545459596,0.009531123198915248,0.009485988606471983,0.22352253452840795,7.763448423876339
2019-03-14,378.2134699509634,379.1783002314505,373.1963407147168,374.2576599121094,13182462,346.8974975585937,349.6583630371094,317.9631205749512,359.7033837783448,351.95827641270216,7.745107365642639,3.405319997232799,4.33978736840984,69.37823178665428,346.8974975585937,379.38183180352445,314.413163313663,0.1872849154205493,-0.010206666802796471,-0.010259111991981911,0.21630996603294747,7.518793974280803
2019-03-15,375.1742922499775,384.24369176627533,374.4506694782896,381.3974304199219,31466545,349.3746994018555,350.2507684326172,318.4403465270996,363.0409294155105,354.138954487311,8.901974928199479,4.504650983426135,4.397323944773344,72.72438013268237,349.3746994018555,384.47917980733394,314.270218996377,0.20095605357559568,0.01907715264796228,0.01889746545485548,0.21932090936133392,8.03911464639086
2019-03-18,382.314006932447,385.83563164372504,379.66072360357833,384.0506896972656,21220626,352.07139739990237,350.92228942871094,318.94068420410156,366.2732002280882,356.3546385769373,9.918561651150924,5.587433116971093,4.331128534179831,73.86720809599078,352.07139739990237,389.1762357623304,314.9665590374743,0.21078019195227207,0.006956678429695939,0.006932592383707248,0.21446458573253027,8.108028589883
2019-03-19,384.38836669921875,386.84870150961257,380.0466305630582,384.38836669921875,11670392,354.9490020751953,351.5629357910156,319.42542053222655,369.06014891595447,358.4312110304396,10.628937885514858,6.595734070679846,4.033203814835012,74.01642280803694,354.9490020751953,392.73403316775494,317.1639709826357,0.21290399956980258,0.0008792511275512727,0.0008788648127072133,0.20594672031858338,7.9736404632750135
2019-03-20,383.61653179846746,384.1471766838582,378.40645408593616,379.0818176269531,14181408,357.34419403076174,352.0492102050781,319.92852920532226,370.601944102262,359.9608855931443,10.64105850911767,7.404798958367412,3.2362595507502583,67.49430896686786,357.34419403076174,394.8568811897467,319.8315068717768,0.2099526886716714,-0.013805176045866063,-0.013901353680703167,0.21914129452610198,7.6152706598337305
2019-03-22,380.5773317173766,382.36224425496033,376.2838250132297,378.0205078125,17409249,359.5922485351563,352.2740161132813,320.4503450012207,371.7432615961448,361.2986353871707,10.444626208974114,8.012764408488753,2.431861800485361,66.23718862747646,359.5922485351563,396.35863099245836,322.8258660778542,0.20448929367679372,-0.002799685358419235,-0.002803611807733105,0.22180191151784362,7.584257504548759
2019-03-25,374.305958145717,374.305958145717,369.04762079072276,370.012451171875,12345034,361.1456268310547,352.29813720703123,320.9277980041504,371.47698306933404,361.9441032230747,9.532879846259334,8.316787496042869,1.2160923502164653,57.53007386428096,361.1456268310547,396.84878902375846,325.44246463835094,0.19772169197222944,-0.021184185712477377,-0.021411790732204675,0.23800590808275715,7.890926227710025
2019-03-26,371.41146254820006,381.5904111695728,369.9159578087767,380.2396545410156,14063632,363.17418518066404,352.5798681640625,321.43957763671875,372.82508637266966,363.29932924662586,9.5257571260438,8.558581422043055,0.9671757040007449,64.03277442095738,363.17418518066404,398.3456850305744,328.0026853307537,0.19368942664475988,0.027640160045289797,0.027265066888619557,0.2514807936383542,7.942613550765965
2019-03-27,381.49391648752766,384.4366667369215,376.42855712365304,379.3713073730469,17950017,364.9880676269531,352.86256408691406,321.95926223754884,373.83219729580463,364.48984614487927,9.342351150925367,8.715335367819518,0.6270157831058487,63.14868188627051,364.9880676269531,399.53545455192693,330.4406807019793,0.18930693898894244,-0.002283683875678122,-0.0022862954584774112,0.25250076124051524,7.85302686126691
2019-03-28,378.9371039209851,387.7652953609049,378.9371039209851,386.4627685546875,23117485,367.51351165771484,353.38743103027343,322.52713150024414,375.7753621048635,366.1174700270873,9.65789207777624,8.903846709810864,0.7540453679653751,67.13896461263708,367.51351165771484,400.4723410622046,334.5546822532251,0.17936118460420616,0.018692666113168555,0.018520105327311662,0.23708191474894355,8.104571521177458
2019-04-01,387.33112096389885,395.1462225408877,381.83157668559716,384.24365234375,16106604,370.0558380126953,353.87949462890623,323.08486557006836,377.07817598776916,367.4601501986919,9.618025789077251,9.046682525664142,0.5713432634131088,64.77528308718307,370.0558380126953,399.60170739785156,340.509968627539,0.15968330370803474,-0.0057421216000617115,-0.0057586709630075205,0.23562922918064494,8.659348047886807
2019-04-02,385.93214547222175,385.93214547222175,379.61251836782856,383.182373046875,13010810,372.323193359375,354.3011267089844,323.6036743164062,378.0172832276316,368.6247592985573,9.392523929074287,9.115850806346172,0.2766731227281145,63.62168685053829,372.323193359375,398.18873659360366,346.45765012514636,0.138941348245596,-0.00276199565146118,-0.0027658169994367768,0.23702707929962372,8.531852182881542
2019-04-03,384.9672902313475,388.6336335986943,376.910951326371,378.3099670410156,12317200,374.1491333007813,354.63881713867187,324.11084838867185,378.06231150661375,369.3421820942949,8.72012941231884,9.036706527540707,-0.3165771152218664,58.47297962660388,374.1491333007813,395.7426548364813,352.55561176508127,0.11542735029318277,-0.012715631899026136,-0.012797167467920789,0.2455064748690909,8.462938678928976
2019-04-04,380.5290747607612,381.78337185138,373.67877355595016,375.0777893066406,14521564,375.37929077148436,354.9620343017578,324.61074630737306,377.6031542450794,369.767041887802,7.836112357277386,8.796587693488043,-0.9604753362106564,55.27720920097064,375.37929077148436,393.87507028592984,356.8835112570389,0.09854448537335508,-0.008543728730320721,-0.008580435605893576,0.23790887163689364,8.42503551255803
2019-04-05,375.5601551258828,378.69585327401154,372.0385307868405,376.8144226074219,10853927,376.2765808105469,355.3257739257813,325.1145249938965,377.48181091620904,370.28907008925535,7.192740826953695,8.475818320181173,-1.283077493227477,56.648170980293614,376.2765808105469,393.06191689425225,359.4912447268415,0.08921807489346086,0.004630061683981834,0.004619375919520395,0.22544439612868197,8.473275724732124
2019-04-08,377.68282695605757,377.68282695605757,371.4596598381977,373.4858093261719,6305407,377.0629196166992,355.67407775878905,325.5855712890625,376.8670414408187,370.5258655882862,6.341175852532501,8.04888982665144,-1.7077139741189384,53.27703406817632,377.0629196166992,391.50571364641394,362.6201255869845,0.07660681163979977,-0.008833561248046684,-0.008872808449526967,0.22824986959266902,8.204499672138834
2019-04-09,373.7752770009896,384.340181261006,373.53406941006943,383.182373046875,13206348,378.34373168945314,356.24815246582034,326.1339169311523,377.8386309186735,371.4633846592928,6.375246259380731,7.714161113197298,-1.3389148538165667,60.62761151499968,378.34373168945314,389.7254927016535,366.9619706772528,0.06016624597625189,0.02596233505684542,0.025631035603821066,0.24287038905019995,8.538747093187936
2019-04-10,381.63858734859576,384.77428560965126,378.88884473663427,380.3360900878906,14000018,379.2289611816406,356.8154724121094,326.6788369750977,378.2228554062454,372.12062209844817,6.102233307797235,7.391775552117285,-1.2895422443200504,57.75532356877836,379.2289611816406,387.89539913964245,370.5625232236388,0.04570557022331869,-0.00742801120091241,-0.007455736256117093,0.2424772905687692,8.473273516506696
2019-04-11,380.6255685517697,380.6255685517697,373.9199859212424,376.3320617675781,8704774,379.3182083129883,357.449365234375,327.1533087158203,377.9319640772197,372.4325805924578,5.499383484761893,7.013297138646207,-1.5139136538843143,53.8876441829319,379.3182083129883,387.81677819873164,370.81963842724497,0.044809712265280334,-0.010527605516971072,-0.010583412779389107,0.2181043271459981,8.524964232024173
2019-04-12,376.8626944534189,381.6385864345573,374.5953375196912,380.7220153808594,7035256,379.4484603881836,358.43445678710935,327.6506907653809,378.36120273931806,373.0466127990061,5.314589940311976,6.673555698979361,-1.3589657586673853,57.26653405231907,379.4484603881836,387.9493634490694,370.94755732729783,0.044806628295126966,0.011665106588745644,0.01159759375525577,0.21942629537629824,8.593880637248134
2019-04-15,380.3361189950763,382.9894023407073,378.0205027016436,378.9371032714844,9770752,379.6824325561523,359.3201708984375,328.13722717285157,378.4498028211898,373.4829454265971,4.966857394592694,6.332216038102027,-1.3653586435093334,55.4862722924374,379.6824325561523,387.83211957695517,371.5327455353495,0.042928965482739646,-0.004688229304495195,-0.004699253521032891,0.2167349779488898,8.30788153848288
2019-04-16,383.520055485006,394.0367001742285,383.520055485006,392.6859436035156,24487788,380.24685821533205,360.11326110839843,328.66969482421877,380.63997832616303,374.9053897359985,5.734588590164549,6.212690548514532,-0.47810195834998304,64.61209008160614,380.24685821533205,390.2496072947477,370.2441091359164,0.052611869701503965,0.036282644832963395,0.035639929825651374,0.24307814800496114,8.552534648622023
2019-04-18,396.5452850605209,396.5452850605209,388.440715780258,390.1773986816406,18660434,380.5531936645508,360.88416076660155,329.17665267944335,382.10727376546726,376.0366496578979,6.070624107569358,6.184277260325498,-0.11365315275613952,62.11012785271861,380.5531936645508,391.387164315419,369.7192230136826,0.05693800935707349,-0.006388170910461288,-0.006408662590437891,0.24377027108887928,8.55942462483591
2019-04-22,390.0326446417167,390.3703411319948,379.8536968622994,380.62554931640625,10493872,380.3650527954102,361.65313049316404,329.6884407043457,381.87931615791945,376.3765681511207,5.502748006798754,6.04797140962015,-0.5452234028213958,53.599223279217625,380.3650527954102,391.04823794734614,369.6818676434742,0.056173326510530946,-0.02448078591304581,-0.02478542245794598,0.2598904695339853,8.680028398391313
2019-04-23,382.16928007540355,385.88388254496766,379.7572043736455,382.5552062988281,10203957,380.5387222290039,362.46262329101563,330.21756118774414,381.9832992565208,376.83424505095087,5.149054205569939,5.8681879688101075,-0.7191337632401682,54.942476677009765,380.5387222290039,391.2469725861893,369.8304718718185,0.05627942562303195,0.0050696990411902565,0.0050568913860722,0.25554440809532286,8.166602135250713
2019-04-24,383.13414773891026,388.48894454157295,379.6125227595915,386.99346923828125,11397163,380.987370300293,363.3975439453125,330.81233764648437,382.75409463833006,377.5867801759383,5.167314462391744,5.7280132675264355,-0.5606988051346917,57.95716414460874,380.987370300293,391.9989730365615,369.97576756402447,0.05780560509178667,0.011601627337378906,0.011534844489107963,0.2581196113932922,8.349230326507016
2019-04-25,386.80043221668586,388.24767755756466,380.4325468279627,381.4938659667969,16524091,381.5614410400391,364.0941510009766,331.4163562011719,382.56021330424807,377.87619393822416,4.684019366023904,5.51921448722593,-0.8351951212020259,53.20661689543656,381.5614410400391,391.28585057808044,371.8370315019977,0.05097165746903093,-0.014211100983975822,-0.014313045662857791,0.2511569203977805,8.070119502026918
2019-04-26,385.93211637749164,393.6507587050415,380.3843422045652,392.87890625,14286163,382.19340362548826,365.03100158691404,332.0580894470215,384.1477045266714,378.9875059613187,5.160198565352744,5.447411302851292,-0.2872127374985487,60.43632880714157,382.19340362548826,393.1240946918428,371.2627125591337,0.057199789230614445,0.029843311515247217,0.029406665926923713,0.25428338031494263,8.438820802387378
2019-04-30,393.4095425283982,395.3874328038627,389.11603604988454,393.1683349609375,19375553,382.8832550048828,366.0421429443359,332.69166442871096,385.5354938242508,380.03793773906824,5.497556085182566,5.457440259317547,0.04011582586501916,60.60297358640798,382.8832550048828,394.76421745207574,371.0022925576899,0.06206049646669146,0.0007366868170655128,0.0007364155965271829,0.25387247713768873,8.411254678587884
2019-05-02,389.50203243415376,390.7563001383649,380.5290923199603,381.6386413574219,16572948,382.64204864501954,366.9201391601562,333.28920318603514,384.93597806012326,380.1565083774648,4.779469682658487,5.321846143985735,-0.5423764613272484,51.328042893257866,382.64204864501954,394.4123910530209,370.8717062370182,0.06152142687758184,-0.02932508184989291,-0.029763657528345623,0.2685593250985783,8.86954578738198
2019-05-03,383.1823378346313,390.949239215098,380.8185213274066,387.6687927246094,24431248,382.8133056640625,368.0296942138672,333.9152116394043,385.3564110854288,380.71297388466064,4.643437200768176,5.186164355342224,-0.542727154574048,55.190649826424355,382.8133056640625,394.77980279220765,370.8468085359174,0.06251871056251282,0.015800683457365183,0.015677152211484503,0.27380997644264365,8.817856212586069
2019-05-06,382.5552275403774,390.6597964594376,380.77028553311004,387.1864013671875,20751521,383.0135070800781,369.1363543701172,334.54697265625,385.63794805185324,381.1924870315145,4.445461020338769,5.038023688341533,-0.5925626680027642,54.81588045690063,383.0135070800781,395.13892316510334,370.8880909950529,0.06331586672994337,-0.0012443388956627777,-0.001245113728142565,0.2736168952658924,9.103861216393966
2019-05-07,384.002470147255,393.0236395935915,370.7842828895979,372.90692138671875,41519416,382.7433547973633,369.992158203125,335.11454040527343,383.67932856490944,380.5787414281963,3.100587136713159,4.650536378015858,-1.5499492413026994,45.06146138957941,382.7433547973633,395.5325960630952,369.9541135316314,0.06682933148507798,-0.036880117509413335,-0.0375773863644828,0.3013262795661699,10.213416507355848
2019-05-08,372.7139288224016,376.2838126690264,366.73199869782326,368.7581481933594,22509400,382.42737274169923,370.830595703125,335.65584121704103,381.3837623539018,379.70314192931943,1.6806204245823437,4.056553187329156,-2.375932762746812,42.68483659573906,382.42737274169923,396.2819597001671,368.5727857832314,0.07245604235461238,-0.011125492597271802,-0.011187843779769616,0.30237245566596604,10.392599725665642
2019-05-09,367.55208064390126,372.13502414597343,364.2716343712035,367.9862365722656,19739885,381.98596343994143,371.5667608642578,336.1827163696289,379.32260454134234,378.8352230139821,0.48738152736024176,3.3427188553353733,-2.8553373279751315,42.23846551202785,381.98596343994143,397.09890571658815,366.8730211632947,0.07912825979545651,-0.0020932733957894634,-0.0020954673547828972,0.30174852131299923,10.599349021073229
2019-05-10,370.0124179835148,375.51196244051397,368.8063801152504,371.55615234375,18361701,381.8894805908203,372.3366955566406,336.7497738647461,378.1277657417128,378.2960325939649,-0.16826685225214533,2.64052171381787,-2.808788566070015,45.09793948180807,381.8894805908203,397.2534646270613,366.5254965545793,0.08046298637224261,0.009701220906351171,0.00965446620473831,0.30254881923603155,10.05835823289496
2019-05-13,371.45967900340275,372.18330175470805,362.05258323643346,363.0656433105469,13828080,380.8836441040039,372.8191107177734,337.2573291015625,375.810516136918,377.167855610008,-1.3573394730900077,1.8409494764362944,-3.198288949526302,40.023138561181796,380.8836441040039,398.3775718580316,363.3897163499762,0.09185969534176598,-0.02285121368505294,-0.023116349573089744,0.29636042270687313,10.203083178467226
2019-05-14,364.80232552968613,373.14810135173457,363.25859123187604,367.02142333984375,21481226,380.21791076660156,373.36616943359377,337.80651565551756,374.4583480142912,376.4162680344403,-1.9579200201491176,1.081175577119212,-3.0390955972683296,43.2284913393616,380.21791076660156,398.7803260803652,361.6554954528379,0.09764093057235426,0.01089549535237433,0.010836567091553532,0.2994626172455797,10.172069876430962
2019-05-15,368.90286376038483,370.9772429752912,362.5832077544437,363.78924560546875,16183425,379.5907699584961,373.7800811767578,338.380364074707,372.8169476437031,375.48093303970165,-2.6639853959985658,0.33214338249565645,-2.996128778494222,41.28692420079243,379.5907699584961,399.50432313480843,359.67721678218373,0.1049211664366321,-0.00880650972622421,-0.00884551620917438,0.2988446057605041,10.334023951397054
2019-05-16,365.67070121017156,371.45968328737746,364.27168543046594,369.047607421875,13430281,379.0070495605469,374.44195556640625,338.94592483520506,372.2370491480372,375.0043904013441,-2.7673412533068813,-0.2877535446648511,-2.4795877086420304,45.57004409192088,379.0070495605469,399.4581443479247,358.55595477316905,0.10791933717903437,0.014454417990434454,0.014350948757258404,0.30063609178075773,10.247882229963286
2019-05-17,367.7933271048674,378.2134827078809,367.35914168628995,375.994384765625,19096980,378.8599136352539,375.2939007568359,339.56422950744627,372.8151007815123,375.0777233172168,-2.2626225357045087,-0.6827273428727827,-1.579895192831726,50.68799009977763,378.8599136352539,399.3554219882871,358.36440528222073,0.10819570831009145,0.01882352629862427,0.018648556022450184,0.3086867022105872,10.464968679391076
2019-05-20,390.99745175984697,399.4397162950688,387.8617535039074,393.3612976074219,33350816,378.89368133544923,376.40442138671875,340.2765729522705,375.97605413934457,376.4320621535283,-0.4560080141837375,-0.6373834771349737,0.1813754629512362,60.64962319225153,378.89368133544923,399.4870940525877,358.3002686183108,0.10870285640317293,0.04618928778051434,0.04515431273211389,0.32575113919566573,11.192034038603042
2019-05-21,394.2296400096676,396.35224886063577,383.61650742198054,386.0768127441406,18286421,378.6886520385742,377.2901342773437,340.93040161132814,377.5300170016209,377.1464881232033,0.38352887841756456,-0.4332010060244661,0.8167298844420307,55.57805696713372,378.6886520385742,398.8869085255592,358.49039555158924,0.10667473861840215,-0.01851856018268283,-0.01869217546243407,0.33183620042010725,11.653772944651406
2019-05-22,388.82660655452975,394.03668422744585,387.4275908574513,391.0939636230469,15370847,379.2120727539062,378.10252075195314,341.5624897766113,379.6167780203018,378.17963445652504,1.4371435637767718,-0.059132092064218544,1.4962756558409902,58.172358041653915,379.2120727539062,400.1506608218723,358.27348468594016,0.11043207520217527,0.012995214199075011,0.012911500871452543,0.32217094638980537,11.319532147674835
2019-05-23,399.43978358628965,412.89917937615115,393.0718970895349,396.40057373046875,43279956,379.90434112548826,378.85315979003906,342.22687438964846,382.1989004372506,379.52933366200233,2.6695667752482564,0.4866076813982765,2.1829590938499797,60.781279175140334,379.90434112548826,402.1810674643386,357.62761478663793,0.11727545030338034,0.01356863209613901,0.013477402521593107,0.3248031937358855,12.153424852347184
2019-05-24,400.88699802029805,418.3021735212036,398.13722571902747,416.56549072265625,37708344,381.38294219970703,380.0292889404297,342.99064270019534,387.48606817346683,382.27275270353226,5.213315469934571,1.4319492391055353,3.7813662308290357,68.75618507943398,381.38294219970703,408.9405697709541,353.82531462846,0.14451421142383866,0.05087004996591804,0.049618440069384005,0.36735696214782193,13.011431199804848
2019-05-27,417.0478649993441,423.36749119906506,414.5393005240255,420.1835632324219,23397222,383.31742706298826,381.28163757324216,343.71967178344727,392.5164520286907,385.0809608908574,7.43549113783331,2.6326576188510904,4.8028335189822196,69.93738761737856,383.31742706298826,415.8844098010989,350.7504443248776,0.16992174338454544,0.008685483052110365,0.008647981235336801,0.361291779084076,12.05349076916527
2019-05-28,419.74941007824145,423.7534793771515,413.04385716235265,419.0257873535156,23389724,384.62477111816406,382.4095233154297,344.40665161132813,396.594811309433,387.5953924806839,8.999418828749072,3.906009860830687,5.093408967918385,69.03793145905865,384.62477111816406,420.71638516959626,348.53315706673186,0.18767181295426327,-0.002755404971102715,-0.0027592080870696835,0.3500188688317157,12.136191357993535
2019-05-29,413.5262770040585,415.311218967491,407.25487998527916,408.41265869140625,22132254,385.3869873046875,383.08683410644534,344.972607421875,398.4129416758904,389.1374121999967,9.275529475893734,4.979913783843297,4.295615692050437,61.26020516387389,385.3869873046875,422.8559176329644,347.91805697641064,0.19444834186191082,-0.02532810386000295,-0.02565438139825751,0.36462786178929296,12.415299757526858
2019-05-30,406.0488452685897,412.9473761542726,404.84280737094286,411.210693359375,18281037,386.86558990478517,383.74870849609374,345.5674418640137,400.38182655027265,390.77247006365434,9.60935648661831,5.9058023243983,3.7035541622200103,62.46092798038847,386.86558990478517,426.0082759832267,347.7229038263436,0.2023580649190087,0.006850998881704484,0.0068276374277011645,0.34530633691677787,12.456645680032674
2019-05-31,411.9825427501775,415.07001152274034,399.7291860241564,408.7986145019531,24644955,387.92208099365234,384.4395275878906,346.1739894104004,401.67671700437734,392.1077400220468,9.568976982330526,6.638437255984746,2.9305397263457795,60.71391246791019,387.92208099365234,428.2778693702549,347.5662926170498,0.20806131104077527,-0.00586579798719844,-0.005883069353560904,0.344016083597375,12.8287961786262
2019-06-03,411.01771325700497,411.40363949327207,404.8428051438787,408.0267333984375,17125380,388.96409759521487,384.97211364746096,346.7802796936035,402.65364260346354,393.2869247165942,9.36671788686931,7.184093382161659,2.1826245047076513,60.13427824105097,388.96409759521487,430.30412717139455,347.6240680190352,0.2125647576820893,-0.0018881695684218602,-0.0018899544076547055,0.34412598941422845,12.577251629212318
2019-06-04,403.00962555741563,407.88200676411077,402.81664772091364,404.3603820800781,14514451,390.5367706298828,385.3783074951172,347.3372604370117,402.91621790755806,394.107180817593,8.809037089965045,7.509082123722337,1.2999549662427086,57.3343368064448,390.5367706298828,431.6975270398061,349.37601421995953,0.2107906835176446,-0.008985566430470104,-0.00902618010682014,0.3143753160801246,12.349826661832063
2019-06-06,402.7201293954862,403.154314773769,395.91808809760084,397.07586669921875,17762399,391.9526565551758,385.6320574951172,347.8093115234375,402.0177023370443,394.32708347549124,7.690618861553048,7.5453894712884795,0.14522939026456871,52.13979295075738,391.9526565551758,431.88903779815956,352.016275312192,0.2037816587032718,-0.01801490873904843,-0.018179152758243392,0.31974691755847534,12.404959254729818
2019-06-07,398.9573537363045,404.21569097438856,393.5542978331226,401.9483337402344,14107696,393.65076141357423,386.0893878173828,348.31509017944336,402.0070302452274,394.8916205321389,7.115409713088468,7.4593935196484775,-0.3439838065600096,55.071923978640555,393.65076141357423,432.1589892988809,355.14253352826756,0.1956466576974277,0.012270871764429092,0.01219619489704155,0.32024306803060276,12.391177263278033
2019-06-10,404.1674250496299,407.88202776138786,398.4749319111844,401.4659118652344,13074522,395.14624938964846,386.5582958984375,348.7918017578125,401.92378126369,395.3786050753312,6.5451761883587665,7.276550053390536,-0.7313738650317694,54.714507917970884,395.14624938964846,432.34237910206537,357.95011967723156,0.18826512851821756,-0.0012002086698829073,-0.0012009294971283345,0.3202843797847352,11.388446143332292
2019-06-11,403.73330865316007,408.79866845384373,398.52320073131193,406.53131103515625,10939138,397.3195327758789,387.28867309570313,349.2251620483398,402.63263199776173,396.20473144272563,6.4279005550361035,7.106820153719649,-0.6789195986835459,57.810630956750316,397.3195327758789,431.58740461019175,363.051660941566,0.1724952790259259,0.012617258452623625,0.012538324110408202,0.30513073729191975,11.212712306466333
2019-06-12,407.15839353132475,407.15839353132475,400.21160347535135,403.299072265625,11136959,399.13341522216797,387.74986145019534,349.6634928894043,402.7351612697407,396.7302381703478,6.004923099392897,6.886440742854299,-0.881517643461402,55.216439856685824,399.13341522216797,430.353649911544,367.91318053279196,0.1564400949592157,-0.007950774471223276,-0.007982550419572718,0.3083085380693379,11.140349347371203
2019-06-13,402.0448019450026,407.4478281254446,400.6940159556077,404.8428039550781,12164077,401.18609313964845,388.25929138183596,350.1273123168945,403.05941399056184,397.33116896921666,5.728245021345174,6.654801598552474,-0.9265565772073003,56.226753189218655,401.18609313964845,427.65934306614054,374.71284321315636,0.13197491328432984,0.0038277590890076763,0.003820451860124585,0.30409146957081734,10.06524909142353
2019-06-14,405.5181668367948,407.1583901387642,401.46589720814546,403.057861328125,8601256,402.88660583496096,388.5911932373047,350.54594665527344,403.0591751194177,397.75536840320984,5.303806716207873,6.384602622083555,-1.0807959058756813,54.690418486872716,402.88660583496096,424.61092134748463,381.1622903224373,0.1078433246372199,-0.004408977038779738,-0.004418725241664827,0.3041227278706536,8.907455744272381
2019-06-17,404.21569572731084,404.9393185055951,398.61966190867406,399.63275146484375,9539802,404.0685241699219,388.89897521972654,350.93857070922854,402.53203301871406,397.89443381518277,4.637599203531295,6.035201938373103,-1.3976027348418079,51.76738372791995,404.0685241699219,421.84609931998125,386.2909490198625,0.08799287292461021,-0.008497811832760438,-0.008534124098610133,0.30262157259784483,8.72827473869249
2019-06-18,400.8387252833984,411.06590202442345,400.5010288187159,407.3030700683594,17761348,404.76561279296874,389.38138916015623,351.34217071533203,403.2660387186595,398.59136983393654,4.674668884722962,5.763095327643074,-1.0884264429201123,57.274603586777204,404.76561279296874,421.8554637797653,387.6757618061722,0.08444319599618619,0.019193418395765383,0.019011548196941744,0.2645642676258027,8.779955334748264
2019-06-19,408.84679662832366,411.0176645750227,402.67188924656915,405.03570556640625,17010384,405.713557434082,389.91590393066406,351.7418780517578,403.5382951567744,399.06872803634167,4.469567120432714,5.504389686201002,-1.0348225657682883,55.2657857027098,405.713557434082,420.3683860190173,391.05872884914675,0.07224224242157008,-0.005566774887241999,-0.005582327122614822,0.25515094449119047,8.535303046192341
2019-06-20,404.9875126666611,419.36347804339874,404.26388995195,418.1574401855469,24315929,407.06673126220704,390.7774969482422,352.20527313232424,405.78739439197017,400.48270671406055,5.304687677909612,5.464449284542725,-0.15976160663311223,63.290226382844565,407.06673126220704,421.0187174298566,393.11474509455746,0.06854888938915805,0.032396488602877804,0.0318827876582403,0.274290595653878,9.034947282486558
2019-06-21,418.92934194802444,419.8941722800611,413.7674937827714,415.6488952636719,13909654,408.0291473388672,391.5541864013672,352.6640498352051,407.304548372232,401.60612808810583,5.6984202841261435,5.511243484459409,0.18717679966673462,61.036106073415,408.0291473388672,421.53148116419084,394.5268135135435,0.0661831828112515,-0.005999044093922823,-0.006017110649891445,0.2735486712926836,8.376793925251254
2019-06-24,416.27603506700575,418.5433626640413,413.14033666466435,414.34637451171875,8545999,407.91819152832034,392.37139770507815,353.1430880737305,408.38790623984534,402.5498500454105,5.8380561944348415,5.576606026454495,0.26145016798034604,59.84428629891523,407.91819152832034,421.1591075080787,394.67727554856197,0.06491946794600897,-0.003133704351907074,-0.003138624685325324,0.20567559997576695,8.294093328821512
2019-06-25,412.8508769322976,419.50820007234,409.66694873966804,418.3986511230469,12964387,407.8289459228516,393.0757232666016,353.5953523254395,409.92802083726093,403.7238353104206,6.20418552684032,5.70212192653166,0.5020636003086594,62.31003395545826,407.8289459228516,420.7417727619157,394.91611908378746,0.06332471968042608,0.009779925348939011,0.009732411416332515,0.20633745483258062,8.624890875617805
2019-06-26,417.2891083308293,424.52533564292463,417.2891083308293,423.2228088378906,12261068,408.03879699707034,393.93345764160154,354.0765614318848,411.9733728373578,405.16820371986284,6.805169117494927,5.922731364724314,0.8824377527706133,65.06061023528807,408.03879699707034,421.8246877140769,394.25290628006377,0.06757147025460693,0.011530050830457883,0.01146408635930031,0.21012548008731793,8.538743256304807
2019-06-27,422.59566393638335,428.28815671698936,422.20973771205615,425.4419250488281,18787957,408.89026031494143,394.91565490722655,354.56042373657226,414.0454577929686,406.6699608553418,7.375496937626792,6.21328447930481,1.1622124583219824,66.27969166612655,408.89026031494143,424.7247364675232,393.05578416235966,0.0774509822776679,0.005243375745817902,0.005229677115059352,0.18686261088234704,8.211387960852464
2019-06-28,424.0429122454521,425.0077425349753,418.35041942612185,421.7273254394531,13459208,409.4160919189453,395.73576110839844,355.00786376953124,415.22728358473546,407.78532119490563,7.4419623898298255,6.459020061409813,0.9829423284200125,62.357551579259756,409.4160919189453,426.24242698200777,392.58975685588285,0.08219674504828049,-0.008731155513055477,-0.008769495382060791,0.1897822332485353,8.04598865888838
2019-07-01,424.04290097177983,426.45497663146,422.30621827452325,423.56048583984375,6871979,410.15418548583983,396.62822875976565,355.4729116821289,416.509314700906,408.95385190934553,7.555462791560444,6.67830860743994,0.8771541841205046,63.50529707322472,410.15418548583983,428.1227740378416,392.18559693383804,0.0876187013950252,0.004346790662616895,0.004337370656083567,0.1881006620748582,7.649716049565171
2019-07-02,423.5604860145294,424.5253162787993,418.35040847632797,421.3896179199219,7787303,410.82232971191405,397.2023022460937,355.9678694152832,417.2601305807546,409.87501976198087,7.3851108187737395,6.8196690497067,0.5654417690670392,61.12830515960583,410.82232971191405,429.4398872688225,392.2047721550056,0.09063556778894584,-0.005125284327732849,-0.005138463648583471,0.1892991029575602,7.594581602886454
2019-07-03,422.49919934508773,424.5253489448178,418.9293447591684,420.6177978515625,10415896,411.6352005004883,397.8111102294922,356.4862245178223,417.77669477626347,410.67078110194984,7.105913674313626,6.8769179746280855,0.2289956996855409,60.264635554269596,411.6352005004883,430.4830295536277,392.78737144734885,0.09157539991829283,-0.001831606749518988,-0.0018332861921937708,0.1856208521173241,7.5118810325873495
2019-07-04,422.5956609909943,425.87607804133717,418.8328288025339,420.8589782714844,11810688,412.82435607910156,398.61577880859375,357.00023773193357,418.25089223706664,411.42546237376723,6.825429863299405,6.86662035236235,-0.04119048906294509,60.45266814644566,412.82435607910156,430.78463500617465,394.86407715202847,0.08701172138996426,0.0005733956602735901,0.0005732313317958032,0.17006291922191302,7.6083636260290985
2019-07-05,421.10021206702083,424.42885906077305,417.96451347396265,421.00372314453125,12154330,413.7771255493164,399.38474914550784,357.51979888916014,418.6744046843688,412.1349631716016,6.539441512767212,6.801184584443323,-0.2617430716761113,60.57325298459741,413.7771255493164,431.3250987795025,396.22915231913026,0.08481847906352986,0.00034392725478116226,0.0003438681253599628,0.16664374381754735,7.618698553878338
2019-07-08,418.7363657397439,420.03889258193885,407.1584017100736,410.9212341308594,12184946,414.24989166259763,399.86330444335937,357.95783203125,417.48160921459817,412.0450573167318,5.436551897866366,6.528258047127933,-1.091706149261567,49.297413152173014,414.24989166259763,430.8871609145947,397.6126224106006,0.08032479711810253,-0.02394869322856452,-0.024240125537359162,0.190906134509812,7.790996473512479
2019-07-09,411.01767298944355,414.68401604121425,409.7151463059024,413.42974853515625,11679067,414.59481353759764,400.50202209472656,358.419020690918,416.8582460331456,412.14762703661506,4.710618996530513,6.164730237008449,-1.4541112404779355,51.706171123875926,414.59481353759764,430.839720008155,398.3499070670403,0.07836521799173045,0.006104611287860662,0.00608605363491494,0.18711723159342578,7.549788931145214
2019-07-10,414.87701996589027,417.48207349687783,412.1755069624304,415.745361328125,16494282,415.21712799072264,400.95935119628905,358.92242080688476,416.68703300160394,412.41412587302324,4.272907128580698,5.786365615322898,-1.5134584867422003,53.884119478121235,415.21712799072264,430.56910484535865,399.86515113608664,0.07394674169115212,0.0056009825155864945,0.005585355337562621,0.18477707326733037,6.850287391359403
2019-07-11,417.43384133293785,417.67504891829657,409.85991726381707,411.5483703613281,16535185,415.55240631103516,401.3269519042969,359.4224443054199,415.8964695184846,412.3499958351199,3.5464736833646953,5.338387228931258,-1.7919135455665627,49.5246454847407,415.55240631103516,430.2284169599629,400.8763956621074,0.07063374162219598,-0.010095099927006523,-0.01014640099993969,0.18909437554228417,6.97089118830153
2019-07-12,412.27193875472466,417.771482753441,409.0880108255404,412.0307312011719,8824728,416.0010498046875,401.9347937011719,359.89858795166015,415.30174054659034,412.3263466029756,2.9753939436147334,4.865788571867953,-1.8903946282532198,50.025076399753914,416.0010498046875,429.5761279163704,402.4259716930046,0.06526463391405574,0.0011720635399923296,0.0011713772097508611,0.1880554443595981,7.205208754624648
2019-07-15,413.3333164890773,413.3333164890773,406.77248187984014,407.4478454589844,7825336,416.39180450439454,402.3303747558594,360.364600982666,414.093448994651,411.9649761478652,2.128472846785826,4.318325426851528,-2.1898525800657023,45.417816854348985,416.39180450439454,428.3348744754765,404.4487345333126,0.057364577505539846,-0.011122679439048766,-0.011184998975701419,0.19006488532657456,6.970893274379303
2019-07-16,406.72418121527573,415.4076534888777,406.72418121527573,409.66693115234375,12149205,416.50999755859374,402.7799853515625,360.8747549438477,413.4124462496806,411.7947505926414,1.617695657039235,3.7781994728890695,-2.1605038158498346,47.91904652311076,416.50999755859374,428.11639150946496,404.9036036077225,0.05573164638977704,0.0054463061176814875,0.005431528623407997,0.17856304040537047,7.0742679144869225
2019-07-17,409.66696932884264,412.03078600148,407.64081972066396,409.7634582519531,10961022,416.7463851928711,403.51711608886717,361.3752607727051,412.85106348079944,411.6442844933311,1.20677898746834,3.263915375804924,-2.057136388336584,48.03060695340643,416.7463851928711,427.5323765090932,405.96039387664905,0.051762854817470276,0.00023562336197802125,0.0002355956071533708,0.1771959658156306,6.953664148478554
2019-07-18,410.05285595039567,410.5352710750432,402.81662908068284,403.9261779785156,10651654,416.03482208251955,404.2204766845703,361.8651531982422,411.47800417275573,411.0725728996411,0.4054312731146297,2.6922185552668654,-2.2867872821522357,42.150562594090125,416.03482208251955,428.21629063823593,403.8533535268032,0.058559850806431835,-0.014245487624346187,-0.014347928628330592,0.1397073425423352,6.998459603596705
2019-07-19,405.1322188820757,405.5664042752851,394.1331598450245,395.8698425292969,12260757,415.0458694458008,404.77814880371096,362.35504547119143,409.07674853530057,409.94644472406003,-0.8696961887594625,1.9798356064615998,-2.849531795221062,35.66160303841956,415.0458694458008,430.20648845375035,399.88525043785125,0.07305514943778672,-0.01994506889733516,-0.020146656742805896,0.15349846534087636,7.477430549186254
2019-07-22,396.305132823031,399.40014505669257,390.9856008388292,397.9977111816406,17937246,414.2284362792969,405.3069799804687,362.8442404174805,407.3722812501221,409.06135335054745,-1.689072100425335,1.246054065084213,-2.9351261655095477,38.360717042960786,414.2284362792969,431.2023929172449,397.2544796413489,0.08195456975582026,0.005375172401990369,0.005360777722365147,0.15590442545139868,7.637404578857111
2019-07-23,399.2550081664304,402.3500201277479,396.30509795034783,398.43292236328125,14207080,413.2301498413086,406.01432556152344,363.3259632873535,405.9969952675312,408.2740621663055,-2.277066898774308,0.5414298723125087,-2.8184967710868167,38.92507396219526,413.2301498413086,431.4725138993872,394.98778578323004,0.0882915443855398,0.00109350171976752,0.0010929042822549195,0.15016903902463444,7.669470149696443
2019-07-24,398.3361839318131,398.3361839318131,388.5192365584031,395.0960998535156,16505930,411.82381439208984,406.57581909179686,363.8221176147461,404.3199344346057,407.29791680980253,-2.9779823751968024,-0.16245257718935352,-2.8155297980074487,36.18921805330061,411.82381439208984,431.1283446362617,392.519284147918,0.09375140324348696,-0.008374866439182393,-0.008410132671142505,0.14208573258929108,7.874501332987506
2019-07-25,395.7731612324897,400.2705774818135,392.001106136713,395.5797119140625,16852479,410.33070373535156,407.21162841796877,364.32599670410156,402.97528481606065,406.4299016323403,-3.4546168162796675,-0.8208854250074163,-2.633731391272251,36.881635829007614,410.33070373535156,429.81882998022087,390.84257749048226,0.09498741413919852,0.001224036533709505,0.0012232880117414699,0.1395384720446286,8.003438887151086
2019-07-26,396.7887140344011,405.63847469645754,395.144483303211,402.1082458496094,17493739,409.34974975585936,407.87284118652343,364.8217543029785,402.8418942058374,406.10977898176765,-3.26788477593027,-1.3102852951919872,-1.9575994807382826,45.482007566323794,409.34974975585936,428.39246611320254,390.3070333985162,0.09303885671702726,0.01650371275098439,0.016369006564576148,0.15510217317940098,7.764058169921717
2019-07-29,418.7922221722303,421.0651188886497,411.3448659991681,415.2619934082031,46754670,408.93482513427733,408.658193359375,365.43296951293945,404.752678698509,406.78772079113327,-2.0350420926242805,-1.4552366546784459,-0.5798054379458346,57.922331222940755,408.93482513427733,427.01089437331433,390.85875589524034,0.08840562421212994,0.0327119567787062,0.032188309800661265,0.1980423739974278,8.763201263045179
2019-07-30,418.7922287115771,424.30520981057435,408.8785558610143,411.39324951171875,23617273,408.4350067138672,409.0188323974609,365.9630920410156,405.77430497746434,407.1288710667322,-1.3545660892678484,-1.4351025415963266,0.08053645232847817,54.01809362486822,408.4350067138672,425.590401408784,391.27961201895044,0.08400550595769637,-0.009316392922771977,-0.009360061948139617,0.19977528216033694,9.486064649838937
2019-07-31,409.9908035765818,416.0841029558666,407.37941485650725,410.6678466796875,22329888,407.93750915527346,409.5106530761719,366.5339694213867,406.5271575470371,407.3910174084326,-0.8638598613954969,-1.3208540055561608,0.456994144160664,53.292736013126735,407.93750915527346,424.15690003162496,391.71811827892196,0.07951899745594565,-0.0017632832645947394,-0.001764839678398376,0.19977222293980837,9.549604395901785
2019-08-01,409.36211392390425,412.3604011104658,397.1755453852409,403.36553955078125,18269866,407.0628372192383,409.7560845947266,367.05120971679685,406.0407547783824,407.0928338634214,-1.0520790850389972,-1.2670990214527282,0.21501993641373107,46.52062604463914,407.0628372192383,422.19880737004365,391.92686706843295,0.07436675012734376,-0.017781540941046448,-0.017941531968827713,0.20815569263382744,10.013988952853518
2019-08-02,400.31896576587405,404.13936882168275,392.19459534145386,397.12725830078125,30939803,405.86901397705077,409.7706182861328,367.5594494628906,404.6694476279822,406.35464308100364,-1.6851954530214357,-1.3507183077664697,-0.33447714525496597,41.65124750611947,405.86901397705077,420.11554052192,391.6224874321815,0.0702025828740639,-0.015465578088171394,-0.015586417662650752,0.21325734064803595,10.398556015067214
2019-08-05,390.4052368371306,393.30679939930354,382.76446132665257,389.43804931640625,25033370,404.79485473632815,409.22806945800784,367.9636349487305,402.3261555800475,405.1015620614038,-2.775406481356299,-1.6356559424844357,-1.1397505388718634,36.570164416248204,404.79485473632815,420.5926028971668,388.9971065754895,0.07805310752345823,-0.01936207808367374,-0.019551978356597048,0.20778420687826693,10.804222065104836
2019-08-06,387.8422113635931,397.99768073845024,387.7454867043977,396.7886962890625,30665326,403.9628021240234,408.76017211914063,368.44389022827147,401.4742387660498,404.4857942264156,-3.0115554603657984,-1.9108358460607082,-1.1007196143050901,43.64750385481759,403.9628021240234,419.59773584512834,388.3278684029185,0.07740778922661659,0.01887500973661682,0.018699086988727145,0.2194946335909426,11.222952618907442
2019-08-07,395.86982195565344,401.3828023730481,392.9682595288603,394.9993591308594,20977349,402.92550201416014,408.2796435546875,368.8780531311035,400.47810343755896,403.7830953304485,-3.304991892889518,-2.1896670554264706,-1.1153248374630476,42.40709110472125,402.92550201416014,418.01218315828226,387.83882087003803,0.07488570998214908,-0.004509546705684375,-0.0045197453839236935,0.21780181595013556,11.272659822466542
2019-08-08,397.5140889365014,402.9303451999512,390.8888482176486,400.8025207519531,19046657,402.3882095336914,408.12744079589845,369.3704177856445,400.5280137936196,403.56231202833766,-3.034298234718051,-2.358593291284787,-0.675704943433264,47.6074521563706,402.3882095336914,416.937706030327,387.8387130370558,0.07231571975479255,0.014691572244225348,0.014584696605872563,0.22397204846366567,11.316106433326686
2019-08-09,402.83363227461825,408.54003316710055,400.8992570896261,406.3638610839844,17664017,402.10486602783203,408.03050415039064,369.85537292480467,401.42583645367574,403.7698341806078,-2.3439977269320593,-2.3556741784142416,0.011676451482182326,52.07365348420435,402.10486602783203,416.07279312225586,388.1369389334082,0.06947405154483768,0.013875512363538789,0.013780128760026853,0.2302293606269164,11.267747018846977
2019-08-13,403.3172123157564,407.8630056519431,395.72478407035686,396.7886962890625,18389104,401.57190856933596,407.7903057861328,370.32067367553714,400.71243027450447,403.2527128553082,-2.540282580803705,-2.3925958588921343,-0.14768672191157073,44.96630730221014,401.57190856933596,415.494798077248,387.6490190614239,0.06934194952786688,-0.023563032326201272,-0.02384507998197586,0.2417238533993271,11.702982690574563
2019-08-14,398.3845237464891,408.3465726662047,397.7558577772584,403.6073303222656,13307755,401.26892852783203,407.70191772460936,370.8169316101074,401.1577995126216,403.2789808158235,-2.121181303201922,-2.3383129477540923,0.21713164455217004,50.18090776079751,401.26892852783203,414.70532968421276,387.8325273714513,0.06696955682901212,0.01718454708255024,0.01703856282887472,0.24948063800152742,11.82042487430771
2019-08-16,404.0909577441148,406.2187822193719,398.57800626658536,405.2032470703125,15154141,401.04091796875,407.7187750244141,371.2649678039551,401.78017605995865,403.4215190568968,-1.6413429969381355,-2.1989189575909007,0.5575759606527653,51.34298600706854,401.04091796875,414.0172706476633,388.06456528983676,0.06471336014608067,0.003954132217501183,0.003946335183614623,0.24999996120603474,11.775518060571
2019-08-19,406.3154950447453,413.8595461168659,406.3154950447453,409.5072021484375,12304262,401.3199691772461,407.96740173339845,371.7550263977051,402.96894930434,403.8723103970109,-0.9033610926708775,-1.9398073846068962,1.0364462919360187,54.43014761069167,401.3199691772461,414.7882794528041,387.8516589016881,0.06712006035069544,0.010621719123040885,0.010565704959836966,0.24735844255317524,11.64425432152149
2019-08-20,406.9925150980617,409.3137888644873,398.96487012387615,403.2204895019531,16181488,401.68750152587893,407.9928448486328,372.2177522277832,403.0076477962805,403.82402736774736,-0.8163795714668822,-1.7151218219788935,0.8987422505120113,49.49070323379076,401.68750152587893,414.92886065037925,388.4461424013786,0.06592865884151608,-0.015351897630864086,-0.015470958119381541,0.24274321230589466,11.043215677630135
2019-08-21,402.35003533536457,404.96145362119375,397.0788511909482,398.5296325683594,12868183,401.71409759521487,407.93411926269533,372.66691299438475,402.3187223766003,403.4318499752001,-1.1131275985998172,-1.5947229773030784,0.4815953787032612,46.127076624814634,401.71409759521487,414.926356623575,388.50183856685476,0.06577941430212575,-0.011633478594770263,-0.011701676945553604,0.2461898537104731,10.504354854821957
2019-08-22,397.51410419057345,398.9648855927288,384.94066537189354,386.00457763671875,18182520,401.0926803588867,407.5235845947266,373.07419250488283,399.80885395508005,402.1409409130904,-2.3320869580103363,-1.7421957734445301,-0.5898911845658061,38.586106094264274,401.0926803588867,416.0133669156592,386.1719938021142,0.07440019370795749,-0.031428164703642736,-0.03193262718060452,0.2704597737990952,10.884321434927378
2019-08-23,376.23596972847616,390.2601896797947,373.1409576568685,382.42596435546875,26883695,400.45917358398435,407.10612243652344,373.30076385498046,397.13456324744755,400.68057227919246,-3.5460090317449158,-2.1029584251046076,-1.4430506066403082,36.73808209839527,400.45917358398435,417.39209640013286,383.52625076783585,0.08456753613410396,-0.009270908918126763,-0.009314151265629648,0.27078277370634785,11.02249117047747
2019-08-26,393.6453448886707,400.415657945724,379.95964654087174,398.14276123046875,26701988,400.5873260498047,406.97212158203126,373.62376846313475,397.28967062945077,400.4925862755833,-3.20291564613251,-2.322949869310188,-0.8799657768223219,48.42170624501681,400.5873260498047,417.40314920994433,383.77150288966504,0.08395584216785204,0.041097619774558725,0.04027556023580752,0.3102046326099096,11.630436736521997
2019-08-27,399.2550401539513,406.7023966796642,397.7559111403375,404.86474609375,28793372,400.7251510620117,407.00825927734377,373.93551849365235,398.4550668547276,400.81644996581787,-2.3613831110902765,-2.330636517666206,-0.03074659342407049,52.465271141113064,400.7251510620117,417.63836468264935,383.8119374413741,0.0844130375935417,0.016883353203526408,0.0167424135398733,0.3104671636336421,11.243557348321856
2019-08-28,404.28440135369607,404.5261982444578,396.25675638689376,399.4001159667969,12154347,399.9320571899414,407.0036065673828,374.22621643066407,398.60045902581516,400.71153633626074,-2.1110773104455802,-2.286724676222081,0.17564736577650075,49.09559691407655,399.9320571899414,415.40104654861767,384.46306783126516,0.0773580866078435,-0.013497421496135309,-0.01358933973285286,0.2895479211211517,11.126114182093549
2019-08-29,396.45017736447437,397.3206402705516,386.24636035058154,391.1306457519531,30331105,398.91892700195314,406.6801580810547,374.47194915771485,397.4512569836825,400.00184073742315,-2.550583753740625,-2.33949649172579,-0.2110872620148352,44.44372212399837,398.91892700195314,413.87291262985195,383.9649413740543,0.07497255515191738,-0.020704726624393932,-0.02092207480067629,0.2962201938526006,11.464629380095516
2019-08-30,393.16173914364987,399.3033859904666,389.43806117225535,396.2083740234375,18314194,398.1959533691406,406.5036114501953,374.76622650146487,397.2600442205679,399.72084320305385,-2.460798982485926,-2.363756989877817,-0.09704199260810897,47.719409228915374,398.1959533691406,412.1210097378278,384.27089700045343,0.06994072265610501,0.012982179552109452,0.012898633356735011,0.30119494147058923,11.30918851123185
2019-09-03,391.7593062962526,393.0650153952473,378.2186805625447,379.2825927734375,20194305,396.99180603027344,405.72611450195313,374.9592315673828,394.4942824594709,398.20689872678594,-3.7126162673150134,-2.6335288453652566,-1.0790874219497568,39.38358629368027,396.99180603027344,413.03812285375227,380.9454892067946,0.08083953663393842,-0.042719393025748564,-0.04365871527926399,0.33052262897289814,12.041487157356519
2019-09-04,378.17031249999997,386.53647847175597,377.10640034675595,384.45703125,18614965,396.35829467773436,405.1022772216797,375.1646012878418,392.9500899657062,397.1883900248018,-4.238300059095593,-2.954483088111324,-1.2838169709842688,42.680122596257604,396.35829467773436,413.3544295070424,379.3621598484263,0.08576146914309968,0.01364269959959219,0.01355047581427659,0.3319537619060111,11.848048339028932
2019-09-05,376.76790326709227,381.0718997278679,375.2687743513014,376.2359619140625,25022673,395.6981903076172,404.3400689697266,375.3242825317383,390.3786856500687,395.63635831289514,-5.257672662826451,-3.4151210030543497,-1.8425516597721012,39.046808577284395,395.6981903076172,414.7296300589897,376.6667505562447,0.09619169466798612,-0.021383584296034375,-0.02161552558564334,0.33347765962806314,11.678789804854391
2019-09-06,378.17032855504044,381.55548494875563,376.4294027876183,378.50885009765625,17564286,394.78419799804686,403.5422729492187,375.51703674316406,388.55255710354373,394.3676540006552,-5.815096897111459,-3.895116181865772,-1.9199807152456874,40.55354633312898,394.78419799804686,415.2935342290222,374.2748617670715,0.1039015053539545,0.0060411242243580965,0.006022949792680102,0.3261011761092363,11.512986024990576
2019-09-09,380.104713374007,387.2618954579576,376.3326877704865,382.4743347167969,18651819,394.15794677734374,402.72730346679685,375.6883721923828,387.6174459671211,393.48666738703605,-5.869221419914936,-4.289937229475605,-1.5792841904393313,43.192023984476364,394.15794677734374,415.39172707829727,372.9241664763902,0.10774249497980208,0.010476596830212959,0.010422097603448779,0.3289916425280845,11.675336642198987
2019-09-11,381.94233560391757,385.9078102338756,380.4432067942088,381.6521911621094,17463978,393.20043029785154,401.8515087890625,375.82809921264646,386.6997144586578,392.61003951852297,-5.910325059865158,-4.614014795553516,-1.2963102643116429,42.768200984890136,393.20043029785154,414.8947447454201,371.506115850283,0.1103473586289567,-0.002149539145669066,-0.0021518527209467646,0.3234474489264545,11.312641743277949
2019-09-12,386.5365103671635,393.83879430445006,386.5365103671635,389.4864501953125,19577114,392.35655975341797,401.20669128417967,375.99059555053714,387.1284430335278,392.3786625316185,-5.250219498090701,-4.741255736060953,-0.5089637620297474,48.00403162353825,392.35655975341797,413.1908986407245,371.5222208661114,0.10620104784484904,0.020527221419450736,0.020319377502350463,0.3286647345603163,11.62007036557046
2019-09-13,393.4518834170822,401.2861084730082,387.5036858895866,399.8353271484375,17775449,392.5088912963867,400.73218811035156,376.2166554260254,389.0833482819754,392.93100805879027,-3.847659776814851,-4.562536544211733,0.7148767673968823,53.991780752848705,392.5088912963867,413.52344762808684,371.4943349646866,0.10707811617868228,0.02657056990797857,0.02622370319756896,0.33301594973524046,11.602799105755196
2019-09-16,395.09611411967614,402.01149919796353,393.4035359074132,398.6263427734375,17629622,392.2598419189453,400.27692260742185,376.46151458740235,390.55150128066185,393.3528847043197,-2.801383423657853,-4.210305920100957,1.408922496443104,53.22072311320616,392.2598419189453,412.8340329386685,371.68565089922214,0.10490082756916282,-0.0030237057431174996,-0.003028286377318356,0.32733890167144336,10.994851339156924
2019-09-17,392.5330797793974,398.3845527504143,385.23079594236344,387.5036926269531,20793363,391.37486419677737,399.61464050292966,376.672469329834,390.08260764162975,392.91961121710733,-2.8370035754775813,-3.935645451176282,1.0986418756987009,46.623830472864896,391.37486419677737,411.11042043073104,371.6393079628237,0.10085244628296279,-0.02790244635891015,-0.02829911572952829,0.3409441413248769,10.490532441029911
2019-09-18,392.1462185865954,392.1462185865954,383.48987788460266,386.2463684082031,18477377,390.2118225097656,398.9223883056641,376.88268493652345,389.49241699033337,392.4252969349663,-2.93287994463293,-3.735092349867612,0.8022124052346822,45.93074653079414,390.2118225097656,408.1036278936336,372.32001712589766,0.09170304102418728,-0.003244676741598007,-0.0032499521195316363,0.3376668986643143,10.46980780979177
2019-09-19,382.7160845210496,382.7160845210496,371.7385010961726,373.9146728515625,22647508,388.7465316772461,397.98060729980466,377.0539158630371,387.095840968984,391.05413959545496,-3.9582986264709348,-3.779733605188277,-0.17856502128265772,39.69766205476504,388.7465316772461,406.9499694675928,370.5430938868994,0.09365196243324926,-0.03192702007131343,-0.03244780205911827,0.35077256407040236,10.891227638732788
2019-09-20,376.23596593434223,410.08753099270206,373.9630692343222,403.8008117675781,75217723,389.01009063720704,397.83819885253905,377.35383346557614,389.6658364764601,391.99833753413077,-2.3325010576706973,-3.4902870956847614,1.157786038014064,55.46967361482479,389.01009063720704,407.9477583064919,370.0724229679222,0.09736337501304676,0.07992769764314622,0.07689409226838644,0.4571640981443488,12.535449247655947
2019-09-23,421.5003229500866,435.23439798177805,414.3915180626949,431.6557922363281,57490445,391.2926513671875,398.2027197265625,377.8012271118164,396.12582967028595,394.93592677133057,1.1899028989553813,-2.554249096756733,3.744151995712114,64.72915278409357,391.2926513671875,418.08203872521494,364.50326400916003,0.1369276282824356,0.06898198234624386,0.06670677722008428,0.49954218931918465,14.076039347369422
2019-09-24,427.0133018296496,433.92868688468843,419.13072922799773,426.4329833984375,26639931,393.4930023193359,398.4164721679688,378.20152160644534,400.7884687053862,397.2690420770422,3.5194266283440356,-1.339513951736579,4.858940580080615,62.12087293563212,393.4930023193359,424.1638609958608,362.82214364281106,0.15589023690761433,-0.012099475859763675,-0.012173270371837033,0.500793283806694,13.848058218497844
2019-09-25,424.6920634823641,426.4813663715374,415.50378166272935,419.9528503417969,19987241,394.58350677490233,398.5845617675781,378.55397827148437,403.73683511098784,398.9493241707277,4.78751094026012,-0.11410897333723935,4.901619913597359,58.947063029008824,394.58350677490233,427.4245971051445,361.74241644466014,0.16645951879066764,-0.015196134700926511,-0.015312779161154123,0.48805687053200075,13.958594403055558
2019-09-26,424.5953615038133,443.6005921690195,424.1601152720922,437.1204528808594,40909369,396.1962921142578,399.0863562011719,379.0262829589844,408.87277630635265,401.776815186293,7.0959611200596555,1.3279050453421397,5.768056074717515,64.16985090111821,396.1962921142578,433.96210271186686,358.43048151664874,0.1906419184090592,0.04087983335531575,0.04006634911326637,0.5042050313696451,14.991414755092986
2019-09-27,434.75080730269593,437.02370396714457,428.7542326368596,434.4606628417969,19432963,397.94931945800784,399.6266125488281,379.4836003112793,412.8093742348825,404.19784093855253,8.61153329632998,2.784630695539708,5.826902600790273,62.83605477206669,397.94931945800784,439.41497708221175,356.4836618338039,0.20839667564039863,-0.006084798873017827,-0.0061033867021734346,0.5014117659657743,15.209035984329173
2019-09-30,428.75424603234853,430.5435489737204,416.85785050426125,419.4692687988281,27524660,399.3662506103516,399.8226593017578,379.85414154052734,413.83397339856646,405.32905781709144,8.504915581475018,3.9286876727267703,4.576227908748248,55.79650669009312,399.3662506103516,441.7768095021599,356.9556917185433,0.21238929842966067,-0.03450575696522307,-0.035115139808945026,0.5129392419334933,15.68572203076235
2019-10-01,422.61261903038616,428.65754132160794,403.02707080682757,410.6678466796875,30623906,400.08922424316404,399.8407470703125,380.212274017334,413.3468769802774,405.72452365876524,7.622353321512151,4.667420802483846,2.9549325190283042,52.10573714336694,400.08922424316404,442.76527132223157,357.4131771640965,0.2133326492849011,-0.020982281120006552,-0.021205537657296998,0.5191724289395819,17.126141107556176
2019-10-03,410.0875589550633,420.3397538321847,408.4433281621971,413.2792663574219,23275379,401.78905792236327,400.02780883789063,380.6015542602539,413.3364753459919,406.28413422903606,7.0523411169558585,5.144404865378249,1.9079362515776097,53.097067535260045,401.78905792236327,443.67659238265566,359.9015234620709,0.20850510303536546,0.006358958216106103,0.006338825345622124,0.4912140806132945,17.105414145245245
2019-10-04,414.43985238900143,415.213590598642,398.5296058758642,400.31890869140625,17952697,402.58215179443357,400.1167901611328,380.90408248901366,411.333772783748,405.8422656706931,5.491507113054865,5.2138253149135725,0.2776817981412929,47.80820407691816,402.58215179443357,443.6811812679583,361.4831223209088,0.2041771066617515,-0.03135980611910727,-0.03186205299096058,0.5061500895756922,17.312668583770687
2019-10-07,401.4795592728844,409.603928817255,397.997678177805,402.4467468261719,21933703,403.89269104003904,400.2057708740234,381.24547134399415,409.96653802104396,405.59074575628415,4.375792264759809,5.04621870488282,-0.6704264401230109,48.71147557710959,403.89269104003904,443.08161244290307,364.703769637175,0.1940561058530228,0.005315357552610367,0.0053012808992523456,0.498255001800049,17.526831965834948
2019-10-09,406.4605719295872,424.0150202334148,403.4139370200339,422.3708190917969,34533981,406.0857894897461,400.68452880859377,381.703606262207,411.874888955006,406.8337141515073,5.041174803498677,5.045209924605992,-0.00403512110731441,56.332279564404274,406.0857894897461,444.1876560900397,367.9839228894525,0.18765427201069632,0.04950735078057611,0.048320864332703564,0.5240349216804568,18.11059814984701
2019-10-10,415.8906947823082,417.34147627573486,406.70241199060604,409.79742431640625,19074005,407.4519439697266,400.9785552978516,382.0643815612793,411.555279010606,407.05324823779614,4.50203077280986,4.936574094246766,-0.4345433214369061,51.16553238619329,407.4519439697266,443.91323132135125,370.9906566181019,0.17897220956360788,-0.029768616123686198,-0.03022069585219548,0.5387441328177278,18.611460035504017
2019-10-11,413.9079617622177,419.03404444051677,408.2499081729324,414.4882507324219,18004922,409.0937469482422,401.3567260742187,382.4505407714844,412.00650542934693,407.60398916332394,4.402516266022985,4.82976252860201,-0.42724626257902454,52.90114087786795,409.0937469482422,443.56644563597933,374.62104826050506,0.16853202448043558,0.011446695702981735,0.01138167797011229,0.5388503751046949,18.345479246615007
2019-10-14,415.8906411125036,422.0806354490733,412.0218909626198,414.77838134765625,17211042,410.35834350585935,401.61012878417966,382.82681365966795,412.4329478783176,408.1354256214226,4.297522256894979,4.723314474260604,-0.42579221736562545,53.012374910916705,410.35834350585935,443.63747535372283,377.07921165799587,0.16219546829995576,0.0006999730745604893,0.0006997282076680926,0.5356991494514776,16.48018541413743
2019-10-15,415.8906592326785,421.1618433480468,414.1497333958679,417.6799621582031,14971985,411.25057525634764,401.6584881591797,383.18599609375,413.2401808444538,408.8424283278508,4.397752516602964,4.658202082729076,-0.2604495661261126,54.177916890054334,411.25057525634764,444.29784158202364,378.20330893067165,0.16071596400844626,0.006995496730372919,0.006971141760559954,0.5290704055525016,14.735794252564501
2019-10-16,420.2429854086292,425.07892310032804,417.0029012519467,421.0167236328125,17833051,412.3700942993164,401.85095764160155,383.54353088378906,414.4365720426628,409.7442279800702,4.6923440625926105,4.665030478701784,0.02731358389082672,55.543612062711084,412.3700942993164,445.1324557452065,379.6077328534263,0.1588978536455641,0.007988799504213606,0.007957057984479864,0.5289340929171271,14.255655980542404
2019-10-17,421.69375382205646,428.802587914732,419.4692343583824,426.142822265625,12452421,414.30205078125,402.1604571533203,383.9061935424805,416.23753361542623,410.95893866788913,5.278594947537101,4.787743372468848,0.4908515750682536,57.632697667939944,414.30205078125,445.40534064690803,383.19876091559195,0.15014789237468906,0.012175522598202537,0.01210199712864168,0.516613466254975,14.138210898223946
2019-10-18,423.3379972419774,429.1411224707024,420.96837596709287,423.4346923828125,15988455,416.16146697998045,402.56184020996096,384.2763006591797,417.3447888104087,411.8830685726983,5.461720237710438,4.922538745517166,0.539181492193272,56.131977833288104,416.16146697998045,444.5288121776295,387.7941217823314,0.1363285524895253,-0.006354981807306981,-0.006375260664357946,0.5174095753859932,13.032854089394439
2019-10-22,426.046137654268,443.6489637747361,423.19292242875474,436.3466796875,34966169,419.28306732177737,403.34622863769533,384.7493196105957,420.26815663765353,413.69518791453544,6.572968723118095,5.252624741037351,1.3203439820807432,61.30551978946078,419.28306732177737,441.0479266063316,397.51820803722313,0.10381940498374988,0.030493456339222735,0.030037771342017204,0.5054676587387026,13.896412739535984
2019-10-23,437.1687962696536,443.939109486219,433.49349518715024,440.1670837402344,25196183,421.1013809204102,404.3608093261719,385.2484355163574,423.32953003805056,415.65606908680945,7.673460951241111,5.736791983078104,1.9366689681630076,62.70694141457438,421.1013809204102,443.4876306536943,398.7151311871261,0.10632237626176387,0.008755432848647882,0.008717326311085218,0.4288879552162073,13.385184308216923
2019-10-24,442.39159343125414,443.93909946334696,436.2015988191056,439.82855224609375,23542540,421.51001892089846,405.2216064453125,385.73090393066406,425.86784114698025,417.4466233949046,8.421217752075677,6.273677136877618,2.147540615198059,62.490962439770456,421.51001892089846,444.979625195046,398.0404126467509,0.11135966036694338,-0.0007690977054986003,-0.0007693936128697501,0.3553024925091347,12.107115031749853
2019-10-25,442.6817700561398,455.20683158899516,439.49003331161515,453.70770263671875,34397573,422.8737548828125,406.39577331542966,386.28373306274415,430.15089676078617,420.1326292646686,10.018267496117574,7.022595208725609,2.9956722873919643,67.44205780894399,422.8737548828125,450.37175952082305,395.3757502448019,0.13005302088624945,0.03155581946589803,0.031068166913194233,0.36726142557894403,12.379998789420736
2019-10-27,455.5453169961109,457.96328576997564,449.7421919388356,454.14288330078125,8206762,424.58325653076173,407.46258056640625,386.814134979248,433.84197161309305,422.6519073414177,11.19006427167534,7.856089021315555,3.333975250359784,67.5865293477786,424.58325653076173,455.3709677552,393.79554530632345,0.14502555506311005,0.0009591652544875817,0.0009587055494268041,0.3608579551823752,11.775506582875181
2019-10-29,454.77155847942913,466.1843587757503,451.5314745639472,461.73529052734375,33686172,425.8139984130859,408.57000915527345,387.3853932189941,438.1332514460547,425.5469727625974,12.586278683457294,8.802126953743903,3.7841517297133915,70.08093962830034,425.8139984130859,460.44055605688345,391.1874407692884,0.1626370094587919,0.01671810239847793,0.016579893194545076,0.3377026557468695,11.99312326661469
2019-10-30,463.28285821493506,463.28285821493506,454.57816985599055,455.6904296875,22396012,426.87548675537107,409.7480438232422,387.90906005859375,440.83435579089246,427.7798214237013,13.054534367191138,9.65260843643335,3.4019259307577876,65.74300127733558,426.87548675537107,463.8407450896426,389.91022842109953,0.17318988548740522,-0.013091615399247414,-0.013178065943262157,0.3410898495257757,11.074295763164802
2019-10-31,459.4140733589741,461.1066515239809,446.1635924892901,447.8561706542969,21198377,428.29483184814455,410.6330206298828,388.38945510864255,441.91463500064697,429.26695840374543,12.647676596901533,10.251622068526988,2.3960545283745454,60.51492115757389,428.29483184814455,466.229929498478,390.3597341978111,0.17714478359049465,-0.017192064004011742,-0.017341563483721765,0.32105239160041354,11.022485186986225
2019-11-01,451.33807794143297,451.6282519249335,445.3898802324525,447.08245849609375,13522994,430.11556243896484,411.4706048583984,388.8724942016602,442.7096847691772,430.58662507725273,12.123059691924482,10.625909593206487,1.497150098717995,60.007388940169825,430.11556243896484,467.9839032543225,392.2472216236072,0.17608449506279533,-0.0017275907063483142,-0.00172908471210757,0.3086349502279457,10.697787717335984
2019-11-04,447.8078605497808,456.8026934584383,447.8078605497808,455.061767578125,16254715,432.2046875,412.3816961669922,389.38602279663087,444.610005201323,432.39959859583587,12.210406605487151,10.94280899566262,1.2675976098245307,63.41517754015506,432.2046875,470.76596282887783,393.6434121711221,0.1784398755688084,0.017847510968943547,0.01769011414692274,0.3122575766139851,10.673608465613913
2019-11-05,456.6092531560922,458.4469036175596,451.5798660356556,452.9822998046875,14952189,434.8378570556641,413.3769323730469,389.87709381103514,445.89805052491755,433.9242431298249,11.97380739509265,11.149008675548627,0.8247987195440221,61.93404500729648,434.8378570556641,471.37032691288374,398.3053871984444,0.16802800981765995,-0.004569638500954709,-0.004580111215494769,0.2840812543150072,10.663246153451423
2019-11-06,451.8216540917099,468.0220454112336,449.5004098954403,464.92706298828125,24922680,437.96187286376954,414.7048809814453,390.36782806396485,448.82559090389657,436.2207483045254,12.604842599371182,11.440175460313139,1.164667139058043,66.73954835164751,437.96187286376954,473.5041034227057,402.41964230483336,0.16230741880123337,0.026369160977689265,0.02602748805505369,0.29276246003945167,11.409361415409418
2019-11-07,467.1516224663969,467.1516224663969,460.04278752562,462.8476257324219,18312032,439.98571319580077,416.2417419433594,390.8380342102051,450.982827031362,438.1931095954807,12.7897174358813,11.710083855426772,1.0796335804545283,65.19650048239116,439.98571319580077,476.3891235958249,403.5823027957766,0.16547542026131215,-0.004472609622881429,-0.004482641665416509,0.24926673365419538,11.250467228582794
2019-11-08,464.9754401776298,479.7250511245021,464.5401939497574,473.3899841308594,52207121,443.16534118652345,418.0610223388672,391.3742185974121,454.4300819697462,440.8002854869902,13.629796482755978,12.094026380892613,1.5357701018633652,69.09742418072551,443.16534118652345,479.57543585277074,406.75524652027616,0.1643183312520041,0.022777168580599305,0.022521641718594842,0.22107736713461965,11.872230006330701
2019-11-11,471.9875103982753,482.62657313266266,468.6990787290724,480.4987487792969,24766065,446.4658660888672,419.70814208984376,391.9505297851563,458.44064609429245,443.7409123975315,14.699733696760973,12.615167844066285,2.0845658526946877,71.42335515085298,446.4658660888672,483.8840990004752,409.0476331772592,0.1676196804893482,0.01501671959006301,0.014905084860605608,0.22231872890118692,11.405905224731336
2019-11-13,480.49875067823245,481.175793752312,467.44171908897374,469.81134033203125,24272664,449.21751403808594,421.0070739746094,392.4984893798828,460.1899836693292,445.6720552074944,14.5179284618348,12.995719967619989,1.5222084942148104,63.665060787572145,449.21751403808594,484.87693482703247,413.5580932491394,0.15876237980304225,-0.02224232315779573,-0.022493413838390906,0.2453594394588134,11.640795250750585
2019-11-14,473.6801222881874,483.4487228521991,467.8769967471377,482.2880859375,35396276,452.44792022705076,422.66483337402343,393.1117274475098,463.58969171058624,448.3843537800874,15.205337930498843,13.43764356019576,1.767694370303083,68.03092012103323,452.44792022705076,487.78213786535963,417.1137025887419,0.15619131422055027,0.02655692729053971,0.026210413601615787,0.25563949648771256,12.200382783666303
2019-11-15,481.5143248624535,492.9755031663539,479.7250220021448,483.4486999511719,42074833,455.56951904296875,424.5111944580078,393.7184671020508,466.6449237475994,450.9817127557233,15.663210991876099,13.882757046531829,1.78045394534427,68.41115350230515,455.56951904296875,490.2368055711738,420.9022325147637,0.15219317833656598,0.002406474568858119,0.0024035836459588952,0.2562188109906513,12.02421727558267
2019-11-18,482.38482446621185,487.8978056951723,480.35372456521463,481.9979553222656,22910109,458.3622756958008,426.2269860839844,394.3213296508789,469.0069286052403,453.2792122050968,15.727716400143493,14.251748917254163,1.4759674828893292,67.33310917567894,458.3622756958008,492.03309877936005,424.69145261224156,0.14691795057717796,-0.0030008243461049355,-0.0030053358472252327,0.25785847530168166,11.975859225498214
2019-11-19,481.6110335900406,485.52813120864204,473.77680883661725,477.3070373535156,27939336,461.05589294433594,428.1874749755859,394.9132801818848,470.2838684126673,455.0590511049797,15.224817307687601,14.446362595340851,0.7784547123467505,63.830516660596054,461.05589294433594,491.4187753898153,430.69301049885655,0.1317102022124903,-0.009732236240740155,-0.009779903979800275,0.2603239814007159,11.768604808371192
2019-11-20,478.95126180648805,481.659375,476.33984375,478.7578125,22606112,463.17644958496095,430.07349060058596,395.5139320373535,471.58755211841077,456.81451491201824,14.77303720639253,14.511697517551188,0.2613396888413426,64.44650180258051,463.17644958496095,492.16619194961197,434.1867072203099,0.12517796356281885,0.0030395008515449184,0.0030348909077547886,0.24397706841324582,11.526807872018013
2019-11-21,481.75614236499155,487.26909389402914,475.13090149936403,481.9012145996094,25745594,465.2631561279297,432.1867956542969,396.14308502197264,473.1742694232106,458.6727889629509,14.5014804602597,14.50965410609289,-0.00817364583319069,65.80534899849258,465.2631561279297,493.2707624090813,437.255549846778,0.12039468809110096,0.006565745806204282,0.006544285182656671,0.24362504598076198,11.326460254873325
2019-11-22,484.65767283065344,485.2863388162595,476.0013327084591,480.4987487792969,18462401,467.29666595458986,434.2265936279297,396.77318557739255,474.30111240107,460.28952672712467,14.01158567394532,14.410040419663376,-0.39845474571805717,64.61869663571451,467.29666595458986,493.3675188472265,441.2258130619532,0.11158159170418784,-0.0029102765832987876,-0.0029145196725696458,0.24437422501987932,11.544076998824712
2019-11-25,475.8563268188704,483.5938280679577,475.42108056711925,481.46600341796875,25692878,468.68458099365233,436.2064270019531,397.42066513061525,475.4034033267467,461.8581546301502,13.545248696596502,14.237082075050003,-0.6918333784535005,65.08631463995881,468.68458099365233,494.6647699929799,442.70439199432474,0.11086427867649207,0.0020130221798271286,0.0020109987656755676,0.22259235362176827,11.433542180145707
2019-11-26,485.33469527795165,500.5678990176486,484.56095705321746,493.94268798828125,286857658,470.67457122802733,438.4522369384766,398.16719146728514,478.2556009669828,464.2347867307525,14.020814236230308,14.193828507286064,-0.17301427105575584,70.50199579691952,470.67457122802733,498.0257698800903,443.32337257596436,0.11622127186816797,0.025913947156682715,0.025583871064135004,0.23664090025704895,12.307460609986837
2019-11-27,497.03769847779404,498.92366694747426,487.7526627105912,488.9132995605469,29866539,472.0334716796875,440.44077392578123,398.9544207763672,479.8952469044542,466.06282471814467,13.832422186309543,14.12154724309076,-0.28912505678121647,66.05406895566855,472.0334716796875,500.20298332311376,443.8639600362613,0.11935387354285545,-0.010182129526439487,-0.010234321996539633,0.23720375083615766,11.782415518636109
2019-11-28,492.830382001045,502.93750324780143,491.33125317285214,502.11541748046875,35706498,474.35472106933594,442.4863757324219,399.79174087524416,483.31373468537953,468.7333871449835,14.58034754039602,14.213307302551812,0.3670402378442077,71.19194150594139,474.35472106933594,504.439832097926,444.2696100407459,0.12684647034088464,0.027002983825124893,0.026644836322069015,0.2438019051861805,12.2763704290988
2019-11-29,499.0687344480009,499.55232818293115,493.5557540633086,495.7802734375,13324549,476.7509262084961,444.4294543457031,400.5054850769043,485.23166372416733,470.7368602036884,14.49480352047891,14.269606546137233,0.22519697434167796,66.02755885933743,476.7509262084961,505.5563942216363,447.94545819535585,0.12084074274264889,-0.012616908030343765,-0.01269717709408732,0.2387739463996845,11.682244573747365
2019-12-02,496.60245433574767,497.1343956763837,490.6058797798553,494.1361083984375,10130049,479.1036087036133,446.5621026611328,401.21800354003904,486.60157828943966,472.4701378477439,14.131440441695759,14.241973325248939,-0.11053288355318003,64.71545212476354,479.1036087036133,505.271731035687,452.9354863715396,0.10923784274086754,-0.0033163179883350935,-0.0033218291587372817,0.23945117600089943,11.153746108957234
2019-12-03,493.0238625319578,494.47464388320435,488.09120003447504,492.6369934082031,12795657,480.9823699951172,448.68991516113283,401.97030319213866,487.53010369232635,473.9639790003705,13.56612469195585,14.106803598590322,-0.5406789066344722,63.47684527007332,480.9823699951172,505.205925179387,456.7588148108474,0.10072533504508994,-0.0030338098446057726,-0.0030384211746531326,0.23618390601012984,10.62870105077088
2019-12-04,493.2657014597234,513.9151341725576,492.5886582982888,511.8840637207031,30992538,483.92745819091795,451.4493029785156,402.81932067871094,491.2768667736151,476.7728741648396,14.50399260877549,14.186241400627356,0.3177512081481346,71.11950454503523,483.92745819091795,508.13988574027286,459.71503064156303,0.10006635143155147,0.039069478277185876,0.03832558021552309,0.2641327925079818,11.039754605714263
2019-12-05,515.0757865278429,519.8633773442945,508.7890666157723,510.77178955078125,32354118,486.21969451904295,453.5887225341797,403.6719424438477,494.2760856624099,479.29131234157603,14.984773320833881,14.345947784668663,0.6388255361652178,70.2052280143319,486.21969451904295,511.51443700513005,460.92495203295584,0.10404655661308851,-0.0021729025159273885,-0.002175266693972389,0.25457149885417396,10.884313860308051
2019-12-06,512.657720931047,515.994529601877,504.5333813764608,507.5799865722656,24868376,488.45631256103513,455.1072064208984,404.47652481079103,496.32283964854156,481.3867696919975,14.936069956544088,14.46397221904375,0.4720977375003379,67.52268045364488,488.45631256103513,512.947442038955,463.9651830831152,0.10027971324399505,-0.006248980550242922,-0.006268587152730821,0.255509185544833,11.164104367126523
2019-12-09,506.8546218689662,511.93235648741125,505.065348521158,509.2242431640625,12980877,490.24802551269534,456.7630316162109,405.2924641418457,498.30767095862166,483.4488047640023,14.858866194619338,14.542951014158868,0.31591518046047007,68.19684571737245,490.24802551269534,515.3341140999603,465.1619369254304,0.10234039621487606,0.0032394039073539993,0.0032341683422096373,0.24647386349900846,10.81522476671427
2019-12-10,508.78904098378206,512.8512408365013,507.48336129618747,511.35211181640625,12021443,491.79069366455076,458.5910168457031,406.1361683654785,500.31450801366543,485.5157163975137,14.798791616151732,14.594119134557442,0.2046724815942902,69.09103720968848,491.79069366455076,518.1164617264952,465.4649256026063,0.10706086309108247,0.0041786475819027835,0.004169941279382357,0.2428900498499631,10.818678216022404
2019-12-11,513.1896926235871,517.6387907921829,509.9012903589139,516.0429077148438,13768156,494.1022720336914,460.1694659423828,407.0276887512207,502.73426181384673,487.776989828427,14.957271985419709,14.666749704729895,0.2905222806898138,71.02509213968702,494.1022720336914,520.4208819255357,467.7836621418471,0.10653102153737799,0.009173318717263124,0.00913149938262168,0.2240688643249331,10.504343075922682
2019-12-12,517.3002806963412,519.4764528655401,512.415994967518,517.7838745117188,12385216,495.87706146240237,461.83593017578124,407.955652923584,505.04958684428857,489.99972202718936,15.049864817099206,14.743372727203758,0.30649208989544796,71.73207190809224,495.87706146240237,523.5914870392987,468.16263588550606,0.11177942167828085,0.0033736861234745508,0.003368008011638823,0.20879996746108068,10.345446775224227
2019-12-13,520.2502454841018,524.9894294124089,518.1224209092233,519.4281005859375,17884861,497.6760314941406,463.8351068115234,408.8935264587402,507.2616658814653,492.17960192042995,15.082063961035374,14.81111097397008,0.2709529870652929,72.41659564727577,497.6760314941406,526.6365708518141,468.7154921364671,0.11638309874287954,0.0031755065291851903,0.003170475256738588,0.20875764348319387,10.276361589499345
2019-12-16,521.7977051007621,523.6353851357819,519.0895916537162,521.555908203125,13070575,499.65392913818357,466.0528680419922,409.85072235107424,509.4607800847976,494.355624608037,15.105155476760615,14.869919874528188,0.2352356022324269,73.31709450407689,499.65392913818357,529.4959371376603,469.8119211387068,0.11945070881739715,0.004096443020289442,0.0040880754413366305,0.20726147897932287,9.236640009669767
2019-12-17,523.200166387899,525.1828892461507,521.0723417704672,523.3936157226562,11516163,501.9582580566406,468.2551550292969,410.8335090637207,511.60429325985274,496.5065869128236,15.097706347029145,14.91547716902838,0.18222917800076566,74.10342715576358,501.9582580566406,531.6517142141622,472.264801899119,0.11831045980787917,0.003523510117759976,0.0035173170991639564,0.20082746627843018,8.732321669584081
2019-12-18,524.2640124799556,525.0861573370083,518.364191893787,523.6353759765625,12906168,504.20213623046874,470.721484375,411.7957960510254,513.4552290624234,498.51612684347094,14.939102218952485,14.920202179013202,0.018900039939282465,74.21109827632552,504.20213623046874,533.2900911995896,475.11418126134794,0.11538211712702798,0.0004619090616388988,0.00046180241448787987,0.2013169722786445,8.210733223581704
2019-12-19,519.573108070632,523.4418578566643,516.1879520078537,522.4746704101562,12082790,506.2308090209961,473.1220428466797,412.7428723144531,514.8428354236131,500.29083377433653,14.552001649276576,14.846562073065877,-0.29456042378930114,72.64935181390098,506.2308090209961,534.4153978457543,478.04622019623787,0.11135074484804527,-0.0022166293945315996,-0.002219089753943677,0.2025693313975212,8.131287548692322
2019-12-20,523.2000504438328,531.4694911382225,521.5558200114403,528.1810302734375,27691592,508.61492309570315,475.2382470703125,413.6890530395508,516.8948654005092,502.3567742557514,14.538091144757743,14.784867887404252,-0.2467767426465084,75.39125951218925,508.61492309570315,535.6791965538122,481.55064963759406,0.10642343442611309,0.010921792359429805,0.010862580329462601,0.20214664110171596,8.3730843508533
2019-12-23,529.0516163717649,530.8408898159852,519.9600293330193,523.5386352539062,11521942,510.7185546875,477.5130712890625,414.6084037780762,517.9169838394934,503.92580099635546,13.991182843137892,14.62613087855098,-0.6349480354130872,69.30413772607363,510.7185546875,535.3266568708117,486.1104525041883,0.09636658765362062,-0.008789401272377928,-0.008828255899894727,0.20769519156552735,8.694328396155912
2019-12-24,524.2157073434624,526.1017350712065,521.6042888767745,523.34521484375,6715007,512.1886810302734,479.6902105712891,415.5096615600586,518.7520963016866,505.3642760961625,13.387820205524122,14.378468743945609,-0.9906485384214871,69.05397387163195,512.1886810302734,536.0795786846331,488.29778337591375,0.09328944015827478,-0.00036944820712692117,-0.0003695164699293602,0.19172047958859711,7.492254847596139
2019-12-26,523.3451326370239,524.602523612976,520.008382987976,521.072265625,7831074,513.7966293334961,481.81608825683594,416.4352534484863,519.1090454283502,506.5278308760764,12.58121455227382,14.019017905611252,-1.437803353337431,66.03731024011275,513.7966293334961,535.3013213245666,492.29193734242557,0.08370896484457949,-0.004343116463630281,-0.00435257519077607,0.18748395315494243,7.029385554487415
2019-12-27,523.2484046317394,532.4366853045703,520.6853343047646,531.372802734375,11247684,515.2594985961914,484.0899450683594,417.4251318359375,520.9957773215848,508.3681991618763,12.627578159708492,13.740729956430702,-1.1131517967222102,72.0057619474257,515.2594985961914,537.389817761555,493.12917943082783,0.08589970384110132,0.019767962697112784,0.019575113865111505,0.17678291194936233,7.050114324086662
2019-12-30,531.5662588596717,534.0809819327568,524.7959459460826,526.1016845703125,13180302,516.7755691528321,486.1916442871094,418.36646392822263,521.7813015136967,509.6817906736123,12.099510840084406,13.412486133161442,-1.3129752930770362,65.64794117408951,516.7755691528321,537.3896203671925,496.16151793847166,0.07977951143531703,-0.009919811734695472,-0.009969340885900036,0.1738797360358048,7.222830611259586
2019-12-31,525.9565909195592,525.9565909195592,520.3469147970097,521.2174072265625,12491978,518.1296340942383,488.09313598632815,419.263595123291,521.6945485464453,510.5362807886456,11.15826775779965,12.961642458089084,-1.8033747002894351,60.33210310410885,518.1296340942383,535.8346774755488,500.42459071292785,0.06834213762839997,-0.009283903638778845,-0.009327267672517528,0.17800914863746148,7.250465627901649
2020-01-01,522.1845425843054,524.6992064121995,518.1223433733362,519.1378784179688,7642793,519.4546783447265,490.00719970703125,420.10691131591796,521.3012146805258,511.17343616859546,10.127778511930387,12.394869668857345,-2.2670911569269574,58.172290338649574,519.4546783447265,532.4729056275621,506.43645106189086,0.050122668350274506,-0.003989753181228295,-0.003997733479805303,0.17845148517599238,7.1675629568726675
2020-01-02,518.412472578775,524.1189021399117,518.267370848474,522.8615112304688,10264223,520.0035507202149,491.7374963378906,420.92687576293946,521.541260303594,512.039219506512,9.502040797081918,11.816303894502258,-2.3142630974203406,60.873307637295746,520.0035507202149,532.5965290007395,507.4105724396904,0.04843420112452316,0.007172724178492684,0.007147122541844624,0.11780054137425117,7.081211056402359
2020-01-03,520.3469205137261,523.0550339441114,518.6543422406796,521.1690063476562,9594690,520.5234115600585,493.35753479003904,421.7439256286621,521.4839904642189,512.7155000132634,8.768490450955483,11.206741205792904,-2.438250754837421,59.00811876829486,520.5234115600585,532.3466491703473,508.7001739497698,0.045428264503428836,-0.0032370041520736192,-0.0032422545835211667,0.11825086225828507,6.880863685169621
2020-01-06,519.6214735566382,519.6214735566382,506.612790145987,508.4504699707031,12534334,520.5669357299805,494.72997314453124,422.49834732055666,519.4788334652164,512.3995718619626,7.079261603253826,10.38124528528509,-3.3019836820312634,47.28352833677479,520.5669357299805,532.1943378671954,508.93953359276566,0.04467207323073636,-0.024403861745510236,-0.024706570976937316,0.14711811927200885,7.595893879427016
2020-01-07,513.8668032615471,518.025698484593,504.53347755659377,505.7424621582031,16101835,520.3928466796875,495.77066833496093,423.21390213012694,517.3655455718298,511.9064526246471,5.459092947182683,9.396814817664609,-3.9377218704819263,45.22316267738639,520.3928466796875,532.8125719438254,507.97312141554954,0.04773211370364031,-0.005326001198614372,-0.005340234904650034,0.14785431498012974,8.266013411735287
2020-01-08,499.0688234471546,510.0463795747278,498.10163580481515,508.6923522949219,16094310,520.2598587036133,496.8616577148438,423.88462829589844,516.0312081446132,511.6683711187415,4.36283702587167,8.39001925930602,-4.027182233434351,47.887078277661274,520.2598587036133,533.13577216303,507.38394524419664,0.049498008520207366,0.0058327911089972595,0.005815846241590056,0.14863365500075187,8.639069006498955
2020-01-09,513.286469844567,529.4385145307168,512.8995711925547,528.3745727539062,18934019,520.8764419555664,498.194443359375,424.6359162902832,517.9301873152737,512.905867536161,5.024319779112602,7.716879363267337,-2.6925595841547345,61.38190443095822,520.8764419555664,534.0790004042987,507.6738835068341,0.05069362860476046,0.038691795483438485,0.03796203238866079,0.20106010381870557,9.588978882719394
2020-01-10,527.0206401081672,528.5681169290115,520.8306147598768,522.523193359375,12335407,521.1134078979492,499.5310986328125,425.3772439575195,518.6368036297508,513.6182620415843,5.018541588166499,7.177211808247169,-2.15867022008067,56.68253102079544,521.1134078979492,534.2522263996428,507.97458939625545,0.0504259468383001,-0.011074301634224515,-0.011136078224371843,0.20553370693062875,9.433538242887437
2020-01-13,521.7009823159947,528.1327440329308,520.3468961479856,520.9271850585938,7901800,521.188362121582,500.9925189208984,426.0748927307129,518.989170003419,514.159663746548,4.829506256871014,6.707670697971939,-1.8781644411009255,55.43585973980324,521.188362121582,534.3037823403395,508.07294190282465,0.05032890667538682,-0.0030544257576784473,-0.003059100036618357,0.20566161846619432,9.212465914457384
2020-01-14,518.6059947734109,521.2657606315963,516.6232720310708,519.9600219726562,13939440,521.1085678100586,502.4500701904297,426.75443939208986,519.13853184484,514.5893199114448,4.549211933395213,6.275978945056594,-1.726767011661381,54.651430979328886,521.1085678100586,534.2339876024485,507.9831480176688,0.05037499132877041,-0.0018566185710363614,-0.00185834422354531,0.20525977639845866,9.222826086321211
2020-01-15,517.542101962643,519.3314345832252,513.2381640291727,518.0256958007812,12353176,520.8401718139648,503.7093487548828,427.42262603759764,518.9673262996002,514.8438662736179,4.123460025982354,5.845475161241747,-1.7220151352593929,53.03506209404203,520.8401718139648,533.9883635255273,507.69198010240234,0.05048839326571304,-0.003720144030566863,-0.0037270809760058653,0.20518610751146735,9.37480589478432
2020-01-16,516.381420952677,522.281240987898,515.7043779078715,519.5247802734375,11249232,520.6346420288086,505.04019836425783,428.1248408508301,519.0530884494214,515.1906006439749,3.862487805446449,5.448877690082687,-1.5863898846362385,54.16642963481025,520.6346420288086,533.7272532744616,507.54203078315544,0.05029481401634677,0.0028938419171251617,0.0028896628170997697,0.2055087175639572,9.005199614800087
2020-01-17,516.9617232529095,520.3468795323953,513.1896683570775,514.5921020507812,18312609,520.2405136108398,506.0334991455078,428.8076988220215,518.3667828496306,515.1462674148495,3.2205154347810776,5.003205239022366,-1.7826898042412882,49.90626490160648,520.2405136108398,533.5722965262045,506.9087306954752,0.05125238256756503,-0.009494596619741724,-0.009539957653708053,0.2080104087888083,8.853212128274631
2020-01-20,515.5110194223838,526.1500836130897,513.5766441149827,517.30029296875,19159996,519.6964767456054,507.1225524902344,429.54413803100584,518.2027074833413,515.3058248632866,2.8968826200547255,4.581940715228837,-1.6850580951741119,52.13224078831179,519.6964767456054,532.5431157893966,506.8498377018143,0.049439007646302116,0.0052627914559433275,0.005248991365811491,0.2047691427361734,9.340259965760643
2020-01-21,515.462618931207,522.5230762719374,512.8028531565697,513.6249389648438,13477994,519.2007919311524,507.92725158691405,430.211064453125,517.4984354035724,515.1813147967353,2.317120606837193,4.128976693550509,-1.8118560867133162,48.95301709624348,519.2007919311524,532.187497361923,506.2140865003817,0.05002575355275153,-0.007104875164121172,-0.007130234979943652,0.20400096883152527,9.56478568551096
2020-01-22,514.0601653628478,517.3969741034881,503.6628995535334,505.6939697265625,17527408,518.318229675293,508.43115600585935,430.8426777648926,515.6823637609555,514.478548495241,1.2038152657145247,3.5439444079833127,-2.340129142268788,42.87660944599144,518.318229675293,532.4662341268807,504.17022522370513,0.054591961623464434,-0.015441168519319315,-0.015561624962953798,0.2104170469300476,10.127824489690747
2020-01-23,504.29155756162544,512.8511428390334,500.084256755365,510.38482666015625,17061293,517.7838577270508,509.24262573242186,431.46228805541995,514.8673580531403,514.1753098407902,0.6920482123500733,2.973565168856665,-2.2815169565065916,47.062085593059656,517.7838577270508,532.2965145923503,503.2712008617513,0.056056814629203096,0.009276078447465252,0.009233319849793415,0.21361824138600058,10.725409802564789
2020-01-24,511.88396905859855,519.7665705607144,509.7077972487132,516.3330078125,17851868,517.031867980957,509.92352416992185,432.1227348327637,515.0928426315033,514.335139320176,0.7577033113273046,2.530392797350793,-1.7726894860234883,51.87711790604872,517.031867980957,530.0627423437115,504.0009936182025,0.05040646493857696,0.01165430640104903,0.011586918043227923,0.20494659222737813,10.404163881874215
2020-01-27,520.8305054562987,527.1172246493645,514.0601924791509,519.6215209960938,38149166,516.707859802246,510.6469805908203,432.80493057250976,515.7895623799018,514.7267231480218,1.0628392318799342,2.2368820842566213,-1.174042852376687,54.34929701641675,516.707859802246,529.0955669126444,504.3201526918477,0.047948591744431175,0.0063689772566077885,0.0063487810284793954,0.20407346040867308,10.37307897060381
2020-01-28,520.4436215319593,522.861590520739,507.24154627268985,510.8684997558594,24009224,516.1904144287109,511.22439147949217,433.467723236084,515.0324758223568,514.4409288226765,0.591546999680304,1.9078150673413579,-1.3162680676610539,47.373317730185235,516.1904144287109,528.6493552377012,503.7314736197207,0.04827265466670505,-0.016844993685894982,-0.016988484273271785,0.21004697550718499,10.635600433327848
2020-01-29,514.1085436717585,517.251903290429,508.0636213281614,509.3209533691406,16400827,515.6995681762695,511.8646697998047,434.1389390563965,514.1537800603235,514.0616713816738,0.09210867864965167,1.5446737896030167,-1.452565110953365,46.243185219570464,515.6995681762695,528.4399150219108,502.9592213306283,0.049409957393202704,-0.003029246053452672,-0.003033843506170076,0.20988838914564667,9.810037556647327
2020-01-30,510.336491441359,516.4297606873091,506.9513353011157,514.7371826171875,14319317,515.2933517456055,512.5842572021485,434.8285528564453,514.243534299841,514.1117092509711,0.13182504886992774,1.262104041456399,-1.1302789925864714,50.677988812019755,515.2933517456055,527.5822907275244,503.0044127636866,0.04769686602898698,0.010634216425259302,0.010578070837901968,0.21199705665112728,9.934389215008663
2020-01-31,512.6094028854249,515.2691686551134,505.25880109853574,508.40216064453125,16292578,514.6550094604493,513.1142761230469,435.5031346130371,513.3448614297934,513.6887797245681,-0.34391829477476676,0.940899574210166,-1.2848178689849328,45.90752592170146,514.6550094604493,526.9851281819492,502.32489073894936,0.04791605442421128,-0.012307294259267909,-0.012383656191273454,0.2158473866930648,10.093283477268127
2020-02-03,487.46251034862905,502.1154248976805,485.52813530756305,498.6335144042969,22531888,514.1641616821289,513.4769714355468,436.08039031982423,511.0815772720247,512.5735748860295,-1.4919976140048448,0.4543201365671639,-1.9463177505720086,39.701433005338636,514.1641616821289,528.1981395796588,500.13018378459907,0.05458948306166105,-0.01921440740505531,-0.019401403350429416,0.20911397049725092,11.395536101299744
2020-02-04,502.93756418436715,517.1068864806173,499.69750925885074,513.3831787109375,17781475,514.5461975097656,514.1153149414063,436.7456257629394,511.43566980108824,512.6335455397264,-1.1978757386381176,0.12388096152610764,-1.3217567001642252,50.567643972195064,514.5461975097656,528.019683584609,501.0727114349223,0.05237036495479148,0.02958017036673044,0.02915111756373972,0.23446969375835258,12.234929967930949
2020-02-05,511.69060376326127,522.6682187814763,508.45054881625816,521.4108276367188,18782476,515.1821212768555,514.664677734375,437.47101959228513,512.9703094681083,513.283714583948,-0.3134051158397142,0.03642374605294328,-0.3498288618926575,55.290078712449876,515.1821212768555,528.6928039159048,501.6714386378061,0.05245012232009824,0.015636758777211934,0.015515764341889336,0.23975461169335988,12.780701888301783
2020-02-06,522.6198118501611,529.051633197627,518.6543661832312,523.8287963867188,15296851,514.9548324584961,515.3629876708984,438.18655349731443,514.6408459171254,514.0648317545237,0.576014162601723,0.14434182936269924,0.43167233323902376,56.633931517442434,514.9548324584961,527.6599835138704,502.2496814031217,0.049344720175621845,0.004637358148006587,0.004626638729789219,0.1958463604868767,13.012134448235924
2020-02-07,523.2001838870568,523.9739222195157,517.5905071861667,518.8478393554688,8297149,514.7710647583008,515.6976361083985,438.8861071777344,515.2880756768706,514.419128613853,0.868947063017572,0.2892628760936738,0.5796841869238982,53.093654764476895,514.7710647583008,527.1165229513765,502.4256065652251,0.047964848991161664,-0.009508749930526528,-0.009554246734671817,0.19478636229875276,12.56998984361035
2020-02-10,520.9756644821064,524.457516497324,513.0930613219555,516.4298706054688,12536053,514.5461990356446,516.1106280517578,439.5048268127441,515.4637364351165,514.5680724650838,0.8956639700327287,0.41054309488148477,0.4851208751512439,51.413458956550215,514.5461990356446,526.5794130116017,502.5129850596875,0.046772142126439105,-0.004660265624318094,-0.004671158517856591,0.1951725720687714,12.687434990753266
2020-02-11,520.0567670384937,526.9237751572385,519.8633177184352,522.0394897460938,11243552,514.6501724243165,516.668695678711,440.1641372680664,516.4753907906514,515.1215107821956,1.3538800084558034,0.5992104775963485,0.7546695308594549,54.97348356049494,514.6501724243165,526.914071957628,502.38627289100486,0.04765916807349402,0.010862305726135224,0.010803734646218704,0.19906367865495567,12.4559942765972
2020-02-12,527.8909665349748,532.630209264613,524.892708665984,531.276123046875,14026335,515.3126937866211,517.4414782714844,440.9173901367187,518.7524265223782,516.3181487277275,2.4342777946507113,0.9662239410072211,1.4680538536434902,60.15097855683964,515.3126937866211,529.6078143071161,501.0175732661262,0.05548134440644779,0.01769336129202359,0.017538655947959225,0.20769000962626094,12.300553807657975
2020-02-13,530.9859127249163,530.9859127249163,520.3468507213205,523.2484130859375,9227235,515.498875427246,517.6687652587891,441.6208561706543,519.4441167629258,516.8315016431504,2.6126151197753416,1.2955021767608452,1.3171129430144963,54.30625653507044,515.498875427246,530.1182960505311,500.87945480396104,0.056719505396276244,-0.015110240443140022,-0.015225563305086945,0.21559119508490948,12.362732308626066
2020-02-14,523.4902388199034,530.6474499936506,518.9444457248176,527.8909301757812,14458649,516.1638168334961,518.0111480712891,442.3253434753418,520.7436265187497,517.6507185714935,3.092907947256208,1.6549833308599178,1.4379246163962902,56.913654627206625,516.1638168334961,531.7850121070038,500.54262155998833,0.06052805238979708,0.008872491485380385,0.008833362211909185,0.2142141956568864,12.266016029956031
2020-02-17,525.1828826806426,527.4557499963917,520.1051476271005,523.8287963867188,7793293,516.4902420043945,518.3361242675782,443.0370181274414,521.2182680368988,518.1083539652138,3.1099140716850115,1.9459694790249367,1.1639445926600749,54.00958617283193,516.4902420043945,532.4799264364436,500.5005575723454,0.06191669515379957,-0.007695024780421722,-0.007724784248471635,0.2160158199111497,11.706425908572575
2020-02-18,523.2485062345065,526.5369677794586,518.4125680992523,523.4419555664062,15918303,516.9810928344726,518.620478515625,443.68983337402346,521.5603738106693,518.5034355653022,3.056938245367064,2.168163232293362,0.888775013073702,53.72842377982465,516.9810928344726,533.2014842134582,500.76070145548704,0.06275042396639079,-0.000738487122091902,-0.0007387599380289563,0.21413297303811482,11.63043431699676
2020-02-19,525.66643507738,528.5679977365008,522.7648724182593,526.9237670898438,8704234,518.0425827026368,518.9319116210937,444.35861053466795,522.3855112382346,519.1271638263794,3.2583474118551976,2.3862000682057296,0.872147343649468,55.95111408939684,518.0425827026368,533.9280452180212,502.1571201872523,0.061328790511813676,0.006651762409205286,0.006629737055295702,0.20578676126674036,11.367912883571629
2020-02-20,527.6007934235568,531.324441771498,524.022187784498,529.0515747070312,13588526,518.9759201049804,519.1920849609374,445.09567520141604,523.4110594642033,519.8623053730944,3.54875409110889,2.6187108727863615,0.9300432183225285,57.30099122101205,518.9759201049804,535.1576962095724,502.7941440003886,0.06236041202573932,0.004038169750700815,0.004030038226864665,0.20421090194042288,11.174476200030366
2020-02-24,521.7977399539365,524.0706073305613,510.23983566839274,512.46435546875,16940750,518.782487487793,519.0856945800781,445.7196530151367,521.7269511572105,519.3143090838837,2.412642073326765,2.5774971128944424,-0.16485503956767733,45.5758088727026,518.782487487793,535.1882251561187,502.3767498194672,0.0632470758516566,-0.0313527452355975,-0.031854763537333304,0.23206017921352665,10.884312893006816
2020-02-25,514.9791018602145,521.1207201325583,508.0636862031278,513.5283203125,14942960,518.4778274536133,518.9676989746093,446.35136260986326,520.4656233349473,518.8857173230405,1.5799060119068145,2.377978892696917,-0.7980728807901025,46.334372576489166,518.4778274536133,535.0434864526801,501.9121684545464,0.06390112796308121,0.0020761733619050204,0.002074021092465492,0.2309277749705875,10.497431596800393
2020-02-26,509.562718533249,511.9806873201249,505.06533200912446,506.51611328125,15743918,518.2602081298828,518.6669030761718,447.01940856933595,518.3195448651477,517.969450356982,0.35009450816573917,1.9724020157906814,-1.6223075076249422,42.16330822762166,518.2602081298828,535.3527340457498,501.1676822140159,0.06596117412735399,-0.01365495680351736,-0.013749043205117085,0.22819248574573545,10.086382906668778
2020-02-27,505.6456532463908,506.1292470346969,495.82873476324346,498.4400939941406,26315054,517.7161651611328,518.1678326416015,447.66781829833985,515.2611678080697,516.5228313671419,-1.2616635590721899,1.3255889008181072,-2.587252459890297,37.928475231506745,517.7161651611328,536.604984432784,498.82734588948165,0.07296978747330508,-0.015944249502335306,-0.016072726525009545,0.23473043896615445,10.107105156926691
2020-02-28,485.14126206015396,490.21899649959533,476.04970534801737,480.9339904785156,32737933,516.0260055541992,517.3138049316407,448.2325570678711,509.9800636035229,513.8866209309474,-3.90655732742448,0.27915965516958985,-4.185716982594069,30.724620259283682,516.0260055541992,541.0803122181912,490.9716988902071,0.09710482182805635,-0.03512178038356362,-0.035753382895365914,0.25959027634922893,11.250460414982001
2020-03-02,491.573069142122,503.46946412451314,482.0946430192593,489.4936218261719,28642076,515.0805786132812,516.654183959961,448.8222444152832,506.8283033300843,512.0797321083714,-5.251428778287163,-0.8269580315217608,-4.424470746765403,37.023038971406415,515.0805786132812,542.6472616870886,487.51389553947376,0.10703833232471499,0.017797933847719216,0.01764140515257368,0.2675522190925107,12.048390305741211
2020-03-03,493.12058905073525,502.45394320902517,491.81487992644713,497.85980224609375,19661945,515.0418930053711,516.0477593994141,449.49621520996095,505.44853393254726,511.02640397042495,-5.5778700378776875,-1.7771404327929463,-3.800729605084741,42.52350791349099,515.0418930053711,542.7077521123522,487.37603389839,0.1074314904581658,0.017091500372793167,0.016947083887323647,0.2671715138216838,12.224562936532891
2020-03-04,500.51952896852623,500.51952896852623,480.74053287719505,491.6697692871094,21883404,513.9562225341797,515.4103820800781,450.1194569396973,503.3287239870953,509.59257917906825,-6.263855191972937,-2.674483384628944,-3.5893718073439924,39.75670145776387,513.9562225341797,543.5342374391217,484.37820762923764,0.11509935519060681,-0.01243328529649923,-0.012511225295461144,0.2464131579303231,12.88086840601946
2020-03-05,493.0238404590618,494.37789708969245,483.5937620981479,487.94610595703125,16671516,512.2829864501953,514.7023999023437,450.74024124145507,500.9621673670855,507.9891367181766,-7.026969351091111,-3.544980577921378,-3.481988773169733,38.14868176941882,512.2829864501953,543.8075490855776,480.75842381481283,0.1230747983798102,-0.007573504743798254,-0.007602329358645971,0.2379539588271404,12.870501453590176
2020-03-06,469.0859535248069,480.49875460820033,461.638597713904,470.39166259765625,31024353,509.6111297607422,513.6887878417969,451.246961517334,496.25901278717333,505.2041386351751,-8.945125848001794,-4.625009631937462,-4.320116216064332,31.64961762996826,509.6111297607422,545.7376374745238,473.48462204696057,0.14178068571909994,-0.035976193159579894,-0.03663928878397799,0.26259854149773854,13.913680308896902
2020-03-09,459.41408783408997,459.41408783408997,428.41573855619424,442.7301025390625,42027175,505.80524291992185,511.91593383789063,451.58064010620114,488.0237958259255,500.5764322576853,-12.552636431759822,-6.210534991901934,-6.342101439857888,24.551748283667308,505.80524291992185,552.3656760053968,459.2448098344468,0.1841041932135384,-0.05880537912988848,-0.060605337327888295,0.3242954099463136,16.355833272666988
2020-03-11,435.23440075934474,456.27073012937973,434.8475316396919,450.3708801269531,31018779,502.5022933959961,510.40131774902346,451.86568801879883,482.23103956454514,496.85750247022366,-14.626462905678522,-7.8937205746572525,-6.73274233102127,29.27028168342588,502.5022933959961,554.8961409996828,450.1084457923094,0.20853177504763265,0.017258319558735025,0.017111086346174486,0.3361364441453245,17.305747473344244
2020-03-12,423.6281524285834,431.3173053579198,402.350026050892,411.6833801269531,50757033,496.98448791503904,508.21063720703125,451.99372085571287,471.3775534972233,490.548308222574,-19.17075472535072,-10.149127404795946,-9.021627320554773,21.826933055531,496.98448791503904,562.3526709635402,431.6163048665379,0.26305924888213417,-0.08590142415312141,-0.08981686230751969,0.4314326055906653,20.321299527474217
2020-03-13,387.8422272645073,449.50043671117146,382.23255099584907,432.52630615234375,67104335,492.0469970703125,506.47840576171876,452.20088256835936,465.40043852108795,486.2503821432977,-20.849943622209764,-12.289290648278708,-8.560652973931056,31.877785969028054,492.0469970703125,561.3109644260948,422.7830297145303,0.2815339500827583,0.0506285340422612,0.04938858892738656,0.474610540902623,24.604558936640103
2020-03-16,410.2809516661042,410.2809516661042,384.4086858923071,389.6798400878906,34833637,485.36856842041016,503.8147723388672,452.16727890014647,453.75111568521146,479.097008657712,-25.345892972500565,-14.90061111312308,-10.445281859377484,24.814683451647255,485.36856842041016,566.675769963946,404.06136687687433,0.3350328259126587,-0.09906094832845103,-0.10431766886544735,0.5708711126143985,26.697836166739968
2020-03-17,393.6453530848473,395.0477869109263,352.0562862970133,355.19964599609375,47232699,476.73400421142577,500.4953851318359,451.86044967651367,438.58935111765487,469.91942623833285,-31.330075120677975,-18.18650391463406,-13.143571206043916,20.81733607674272,476.73400421142577,574.1168871694389,379.35112125341266,0.4085417952054663,-0.08848339212010559,-0.0926454646455419,0.6215070057825366,28.83601235848872
2020-03-18,356.9889675732343,363.1789626309428,331.0683208395067,343.39996337890625,61202289,467.71256256103516,497.194375,451.4765316772461,423.94482992707816,460.5476141746716,-36.60278424759343,-21.869759981225936,-14.733024266367497,19.6507226137566,467.71256256103516,579.1421171763852,356.28300794568503,0.47648732805122745,-0.033219860296024195,-0.03378417266420244,0.6220293644289747,30.52513046477876
2020-03-19,325.07178363719385,357.4725707662842,312.40161918496113,327.4413757324219,57985870,457.91253356933595,493.6283532714844,451.01860961914065,409.0981446663618,450.687892808579,-41.58974814221722,-25.813757613424194,-15.775990528793024,18.167817383946698,457.91253356933595,582.4140837970383,333.41098334163354,0.5437787398271801,-0.04647230445064354,-0.04758680816595375,0.6242933174176655,32.98109996930137
2020-03-20,317.2375189112755,347.994071438258,312.4015811229939,334.35675048828125,88640642,448.2841827392578,490.1416412353516,450.648330078125,397.59946863896477,442.0707711552236,-44.471302516258845,-29.54526659399113,-14.926035922267715,20.951591253773884,448.2841827392578,579.8955719679375,316.6727935105781,0.5871783761116139,0.021119428601199308,0.020899504527123722,0.6352460810913478,33.924107231382855
2020-03-23,300.9404114697679,303.4067575237123,270.81252407020247,274.6812744140625,56867949,435.5656677246094,485.06777526855467,449.96568298339844,378.688977219749,429.67154917439683,-50.982571954647824,-33.832727666122466,-17.149844288525358,15.919010574699001,435.5656677246094,582.5757175922953,288.5556178569235,0.6750304753616826,-0.1784784544863266,-0.1965971148083556,0.8358612545869561,36.85330385796009
2020-03-24,285.61045086469886,294.99218122151007,259.4963889204996,286.7710876464844,67895418,424.28100433349607,480.35273315429686,449.3555453491211,364.54776343924675,419.08632980195887,-54.53856636271212,-37.9738954054404,-16.564670957271716,20.10594885653461,424.28100433349607,580.7797559322246,267.78225273476755,0.737712742264164,0.04401396949322933,0.04307287011156679,0.8770287405899665,38.46298035211417
2020-03-25,274.68127388790197,323.18572532789085,272.3600295892769,306.5017395019531,66544138,413.92967529296874,476.06422424316406,448.84792037963865,355.61760591043236,410.74673052047694,-55.129124610044585,-41.40494124636124,-13.724183363683345,26.535529167647724,413.92967529296874,572.9399053534801,254.9194452324574,0.7682958702971369,0.06880279325714866,0.06653913724850269,0.9364006706796726,40.680601755491516
2020-03-26,311.434398804173,352.44314603539107,303.9386951062465,319.4136962890625,76173940,404.5745544433594,472.0532977294922,448.4231869506836,350.04777366099086,403.98132057740924,-53.93354691641838,-43.91066238037267,-10.022884536045709,30.478491969522608,404.5745544433594,562.662377516487,246.48673137023175,0.7815015617610228,0.04212686299298185,0.041263685433722955,0.9648557434631266,43.37491003674865
2020-03-27,344.1253239070689,347.75227727673115,315.30314626930806,328.6986999511719,72889985,396.0874847412109,468.2667578125,448.08130111694334,346.76330078255717,398.40483016065093,-51.641529378093765,-45.456835779916894,-6.184693598176871,33.25279016937888,396.0874847412109,551.1539613559909,241.02100812643093,0.7829910440926692,0.029068896449908843,0.02865440937235871,0.9810359536132406,43.81359737705551
2020-03-30,319.26865344380957,322.9439547565384,300.8920878477153,303.1166076660156,36559880,387.1966156005859,463.93859436035154,447.58714248657225,340.04842491847387,391.3464433091965,-51.29801839072263,-46.625072302078046,-4.672946088644586,29.73231455715066,387.1966156005859,542.1705428970091,232.22268830416272,0.8004921585176619,-0.07782839508935224,-0.0810239502814383,1.0020165345674839,42.80150366719797
2020-03-31,314.04582366361694,323.8627718421397,305.6312797870415,313.1269836425781,46279768,378.37828369140624,459.9092919921875,447.145447845459,335.9066647221822,385.5524092598174,-49.64574453763521,-47.22920674918948,-2.41653778844573,32.73335618288668,378.37828369140624,528.8489379490486,227.90762943376393,0.7953450858208427,0.03302483507466625,0.03249123154711654,1.0112147865733112,42.75314407337199
2020-04-01,308.5328273126788,313.12696815824376,297.99048895978456,300.9403991699219,33141186,368.53231353759764,455.58209411621095,446.6174932861328,330.5272392526037,379.2848529568622,-48.75761370425852,-47.53488814020329,-1.2227255640552244,30.997705907149737,368.53231353759764,511.67645482849775,225.38817224669756,0.776833596581194,-0.03891898529756466,-0.03969657106516789,1.0034407859439984,40.40426125956718
2020-04-03,299.3445666200395,299.3445666200395,272.26331342016516,277.24432373046875,57326314,357.8110412597656,450.85448181152344,445.98721954345706,322.3298676338137,371.72629523638864,-49.39642760257493,-47.90719603267762,-1.4892315698973135,27.899904927597078,357.8110412597656,494.0773556843037,221.54472683522752,0.7616663473814423,-0.07874009440013219,-0.08201308318918611,1.0217432350153526,37.64777554774105
2020-04-07,298.1839154061408,318.7850283141518,287.10963546233984,315.3998718261719,57661076,349.18372955322263,447.0485998535156,445.5400048828125,321.26371443263804,367.5539675763726,-46.29025314373456,-47.58380745488901,1.2935543111544519,38.549128852857564,349.18372955322263,471.93755012264296,226.4299089838023,0.7030901510014954,0.13762427155333645,0.12894211559287155,1.1752556773500715,37.177995856572934
2020-04-08,312.2564919193143,341.1753924180542,304.7607887549205,308.4844665527344,73931321,341.08836975097654,443.0105926513672,445.06713790893554,319.2976762972682,363.178448982029,-43.880772684760814,-46.843200500863375,2.9624278161025615,37.46894371982637,341.08836975097654,450.853427152465,231.32331234948808,0.6436165353959519,-0.021925834127316413,-0.022169777596941404,1.1736068291158805,36.70821750294584
2020-04-09,321.49312066927496,333.6796891321271,312.0630424981496,331.4551696777344,52431174,335.52462310791014,439.3130358886719,444.72625,321.16805989426297,360.8285764409701,-39.66051654670713,-45.40666371003213,5.7461471633249985,43.165793455292956,335.52462310791014,434.33054487855145,236.71870133726884,0.5889637598303105,0.0744630787465379,0.07182107517599032,1.2073192084143323,36.21425898779989
2020-04-13,329.85928108464685,334.4534216541612,318.4464805289726,319.800537109375,30994190,328.99610595703126,435.3166162109375,444.2887373352051,320.957671773511,357.7894624164075,-36.83179064289652,-43.69168909660501,6.859898453708489,41.11892590215291,328.99610595703126,411.8117563288537,246.18045558520888,0.5034445628522946,-0.03516201777661476,-0.03579508580796893,1.2050691477998838,34.13825824093315
2020-04-15,331.45519126914274,340.3532991825679,314.3359595137511,316.6088562011719,49132329,324.2423797607422,431.4314233398438,443.8466030883789,320.28862322392035,354.7390471412049,-34.450423917284525,-41.84343606074091,7.393012143456389,40.551817734118075,324.2423797607422,397.4283032531002,251.05645626838424,0.4514272535648284,-0.009980223726489656,-0.010030360019170917,1.1748828224138448,33.454318909044055
2020-04-16,314.62612258185965,336.3878441426892,308.8713739232857,330.7781677246094,56494027,319.1549728393555,427.8605676269531,443.4097067260742,321.90239930094947,352.96416718442003,-31.061767883470566,-39.687102425286845,8.62533454181628,44.22924928318404,319.1549728393555,371.9535489039672,266.35639677474376,0.33086481839772264,0.044753364430319076,0.043780842661658784,1.1710158712909693,30.880907751995814
2020-04-17,350.12188520384575,372.8507921162501,337.59679490733026,363.2272644042969,69006835,317.8323440551758,424.8303692626953,443.14759857177734,328.26007085531063,353.7243966081146,-25.464325752803973,-36.842547090790276,11.378221337986304,51.61146951159141,317.8323440551758,364.11556554380724,271.5491225665443,0.29124299244130214,0.09809926967944005,0.093580748544759,1.1826898278705267,31.35068147275512
2020-04-20,363.6624919609449,366.46732974569767,345.28592986717376,349.44482421875,55810736,317.5446029663086,421.6512225341797,442.8230908203125,331.51926368045514,353.40739124593944,-21.888127565484297,-33.85166318572908,11.963535620244784,48.66497779521536,317.5446029663086,362.9121697677637,272.1770361648535,0.2857398071178592,-0.03794439882741307,-0.03868303250993878,1.1460349297318455,29.233231768462975
2020-04-21,329.81094146887716,334.8403283358878,317.237503817571,320.961181640625,50118175,316.4226638793945,418.09777587890625,442.3359034729004,329.8949433666351,351.00396831221246,-21.109024945577346,-31.303135537698736,10.19411059212139,43.17864549523661,316.4226638793945,360.1792271994843,272.66610055930477,0.27657034918818396,-0.08151113023867373,-0.08502549224324579,1.1779385046792095,28.069151016465433
2020-04-22,315.3031088049955,326.90935820886034,312.4498940200579,324.9266357421875,49115085,316.2969268798828,414.3286450195312,441.84442260742185,329.1305883474893,349.07231404776616,-19.941725700276834,-29.030853570214354,9.08912786993752,44.123097698895904,316.2969268798828,359.93446332974275,272.6593904300228,0.27592766632495164,0.012354933644288968,0.012279234320606744,1.1660644937184368,26.784174815135383
2020-04-23,329.08554255401384,343.158108687749,326.9093707075876,341.36883544921875,45953398,316.6475311279297,410.72780517578127,441.42405715942385,331.0133955939092,348.5016860034293,-17.48829040952012,-26.722340938075508,9.23405052855539,47.98373697809133,316.6475311279297,361.002793543967,272.2922687118924,0.28015542870673577,0.05060280659809391,0.04936410095819348,1.1770378855575292,26.100236303857166
2020-04-24,326.8126727216464,331.9871321041544,320.62267820109884,323.8627624511719,38513206,319.10660552978516,406.7284844970703,440.9347343444824,329.91329818733425,346.6765805551139,-16.763282367779652,-24.73052922401634,7.967246856236688,44.46145535276566,319.10660552978516,358.88242763892526,279.33078342064505,0.24929488402851294,-0.05128198939135742,-0.05264366824928734,0.9871766821894213,26.100235808999724
2020-04-27,328.1667388924371,341.3204960762752,326.90940682651654,336.48455810546875,38980019,321.5922790527344,403.08121887207034,440.49935470581056,330.92426125166264,345.9216159292143,-14.997354677551641,-22.7838943147234,7.78653963717176,47.45625729954298,321.5922790527344,359.00290849597656,284.18164960949224,0.232658753832256,0.038972667183989174,0.03823240492215554,0.9850382806833482,26.26603859059328
2020-04-28,342.1425699218043,350.943981864026,338.7574137529666,348.04241943359375,32933194,323.66931304931643,399.7134698486328,440.1326187133789,333.5578240488828,346.07871248509423,-12.520888436211408,-20.731293139021005,8.210404702809598,50.10924192237634,323.66931304931643,362.1496328741099,285.18899322452296,0.23777552133235658,0.034348861038973055,0.03377210896934299,0.9650700597536984,25.250491305507605
2020-04-29,341.4172123089181,364.14612021050334,340.11150318579536,358.2946472167969,39341745,325.6133605957031,396.4385729980469,439.8210029602051,337.3634891516388,346.9835965392944,-9.620107387655594,-18.509055988747924,8.88894860109233,52.404870849221375,325.6133605957031,367.0067452453627,284.2199759460435,0.25424868668737194,0.029456834025828327,0.02903131753995529,0.9601819095113002,24.000056479866526
2020-04-30,369.46563338525965,380.05634855711077,361.8732054347006,367.67633056640625,45734705,327.56224212646487,393.1665771484375,439.5550897216797,342.0270032154492,348.5163916524138,-6.489388436964589,-16.10512247839126,9.61573404142667,54.46945069137886,327.56224212646487,373.03639841905476,282.08808583387497,0.27765200285222913,0.02618426879241853,0.025847329835453497,0.9593756941081379,22.953420599665115
2020-05-04,347.2202913329714,347.2202913329714,324.9749801890763,326.95770263671875,38837299,328.754296875,389.24076293945313,439.0848596191406,339.70864928025986,346.9194517253253,-7.21080244506544,-14.326258471726096,7.115456026660656,45.287331033454734,328.754296875,372.7563931488306,284.7522006011694,0.26768986256359845,-0.11074585047930707,-0.11737220184937065,1.0041975537224943,24.203858299517773
2020-05-05,336.58127974218576,336.58127974218576,318.73665698384804,319.9940185546875,45069968,329.09764862060547,385.08282470703125,438.63022354125974,336.67562916863335,344.92497519416696,-8.249346025533612,-13.110875982487599,4.861529956953987,43.92363117013178,329.09764862060547,372.6915835253973,285.50371371581366,0.2649300904306875,-0.021298424921246117,-0.02152850919357724,1.003093773729535,24.335121273314137
2020-05-06,320.62269398529276,334.2116681531423,314.577771398843,330.1978454589844,49952812,330.5605209350586,381.21020568847655,438.2140640258789,335.6790470594566,343.83407669526457,-8.155029635807978,-12.119706713151675,3.9646770773436977,46.467352312665895,330.5605209350586,372.09079610766173,289.0302457624555,0.2512718400559521,0.0318875551186375,0.03138970290461859,0.9953367212286071,23.87916106513431
2020-05-07,325.94220582414044,331.6486064917045,322.750498701194,325.7004089355469,27656346,332.9833251953125,377.25537475585935,437.763839263916,334.14387196347053,342.4908420463966,-8.346970082926077,-11.365159387106557,3.0181893041804795,45.487924614094915,332.9833251953125,366.248549759497,299.718100631128,0.19980114346370154,-0.013620429646310828,-0.013714038666751317,0.947032362426745,22.549278034499103
2020-05-08,332.71253273839267,340.93362729733553,322.7505123146335,326.6192626953125,42968091,333.5442947387695,373.24928466796877,437.3391937255859,332.9862397683693,341.3151695018718,-8.328929733502548,-10.757913456385756,2.428983722883208,45.73956120548678,333.5442947387695,365.9277270127195,301.1608624648195,0.19417770164117226,0.002821162438108704,0.0028171904280609966,0.8176973520401093,20.842884505289195
2020-05-11,329.8109463881018,332.27726277307875,307.7590826003124,309.64508056640625,83665601,333.6023254394531,368.86115478515626,436.82726547241214,329.3952921988365,338.9692369881336,-9.573944789297116,-10.521119722968029,0.9471749336709134,41.892375025196614,333.6023254394531,365.80030463673427,301.404346242172,0.1930321028480054,-0.05196932351396755,-0.05336841808818016,0.8365914415710544,21.08122595487794
2020-05-12,307.85577709852924,313.7556268984765,297.8937574073057,310.66064453125,69072308,332.5625991821289,364.82508056640626,436.34332946777346,326.5130387115155,336.8723042135496,-10.359265502034134,-10.48874887878125,0.12948337674711574,42.20558830368356,332.5625991821289,366.3559703386175,298.7692280256403,0.20323013615840524,0.003279767800560718,0.00327440109331543,0.7912014850944509,19.91369374702021
2020-05-13,332.22888599686814,336.9680985547152,321.39637485074496,326.95770263671875,72816461,332.9204574584961,361.09366821289063,435.92978332519533,326.5814485461621,336.13788928193253,-9.556440735770423,-10.302287250179086,0.7458465144086635,47.13050425928501,332.9204574584961,366.29376880339714,299.5471461135951,0.20048819829019696,0.052459358442583204,0.051129671522513666,0.8035833673408428,20.75997873521041
2020-05-14,319.17192032283384,323.5242646908725,314.96464819715163,316.6572265625,33999095,332.9228759765625,357.29649047851564,435.46425216674805,325.0546451640602,334.69487722864125,-9.640232064581028,-10.169876213059476,0.5296441484784484,44.546690604778036,332.9228759765625,366.29121678575194,299.5545351673731,0.20045688186076177,-0.031504001866760056,-0.03201092816918869,0.8115538364463987,20.314377413353668
2020-05-15,318.49483359791657,319.7038179791966,308.33936479516456,312.1114196777344,31828868,331.9895385742187,353.5699169921875,435.00517837524416,323.06337970462545,333.0220285211667,-9.958648816541256,-10.127630733755833,0.16898191721457678,43.415483530078205,331.9895385742187,366.63044492361485,297.3486322248226,0.20868673451679795,-0.014355607589041974,-0.0144596462158193,0.7965291346136634,19.644255694490248
2020-05-18,309.50003925879395,309.98363307013585,283.6277703520042,288.70550537109375,74034133,328.2634506225586,349.72534729003905,434.46935668945315,317.77755288408207,329.7393231026428,-11.96177021856073,-10.494458630716812,-1.467311587843918,38.05679851442124,328.2634506225586,364.73983448126086,291.78706676385633,0.2222384721145411,-0.07499217532895153,-0.07795308240165369,0.7441712853662834,20.43182110167788
2020-05-19,296.97495833648435,301.27895521751014,287.3514588570885,290.4464416503906,61827491,325.31353149414065,345.7444036865234,433.93160034179687,313.5727665404372,326.82873929136485,-13.25597275092764,-11.046761454758977,-2.2092112961686627,38.66322266724116,325.31353149414065,364.04998617277107,286.5770768155102,0.23814843791290694,0.006030145760674399,0.006012037193461996,0.7388906869955052,20.393826287525336
2020-05-20,289.18905872165243,298.1355429797637,287.73827749060735,295.620849609375,42238419,324.0465148925781,341.6996246337891,433.4175399780273,310.8109331664277,324.5170437593656,-13.706110592937932,-11.578631282394769,-2.1274793105431637,40.526879901901204,324.0465148925781,364.97788791202254,283.11514187313367,0.2526265282193407,0.017815360138626835,0.017658526568472784,0.6906249233388573,19.41972974927165
2020-05-21,295.95937111731735,302.5362342245476,292.0906211680713,294.411865234375,43075357,322.5207763671875,337.75446655273436,432.91411880493166,308.2879996384196,322.2870305352922,-13.999030896872625,-12.062711205290341,-1.936319691582284,40.21939392631904,322.5207763671875,365.53588374677435,279.5056689876007,0.26674317148867605,-0.004089645153910859,-0.004098030622856901,0.6881820790060164,18.611437728997537
2020-05-22,291.12343582332875,297.60360384249543,276.18037722790245,281.4999084472656,80358245,319.52733001708987,333.62554260253904,432.34371978759765,304.16675483978054,319.2657622324754,-15.099007392694887,-12.669970442771252,-2.429036949923635,36.99135719456469,319.52733001708987,365.2661084542637,273.78855157991603,0.28629024274529197,-0.04385678130475634,-0.04484756680051245,0.6702263358304977,17.091571745944893
2020-05-26,286.33584920831356,288.1251519968047,280.48437660629116,283.0957946777344,46681705,317.48898162841795,329.87962524414064,431.7486575317383,300.92506866100416,316.58650537656865,-15.661436715564491,-13.2682636973299,-2.3931730182345916,37.65737005044564,317.48898162841795,365.96585362042174,269.01210963641415,0.305376720435231,0.00566922468739528,0.00565321511253525,0.6525154763796461,16.36272550538602
2020-05-27,286.384267916245,311.38607447141845,285.1752833586082,308.3877868652344,80541990,316.0841430664062,327.1927789306641,431.21428649902344,302.07317915396266,315.9791928942476,-13.906013740284948,-13.39581370592091,-0.510200034364038,47.18538444993136,316.0841430664062,363.86668161638045,268.301604516432,0.30234062415421814,0.08934075554280652,0.08557270184022285,0.7194876498736351,16.981038579627796
2020-05-28,311.6761756830228,318.93008202165015,310.22539441529733,316.125244140625,66136408,314.4882843017578,324.5078662109375,430.73794647216795,304.23503530575687,315.99001150509037,-11.754976199333498,-13.06764620460343,1.312670005269931,49.7172254447677,314.4882843017578,359.84719722113556,269.12937138238004,0.2884617022862128,0.025090024978102976,0.02478043798053875,0.7137800599898042,17.098480534335312
2020-05-29,312.3048275495734,323.33075878278703,309.4999897952973,321.0578918457031,60487477,312.62644653320314,322.6953564453125,430.2898966979981,306.82316708113325,316.36541004883946,-9.542242967706215,-12.362565557223986,2.8203225895177706,51.319381838855165,312.62644653320314,353.22105513229906,272.0318379341072,0.2597004127402541,0.01560346032626203,0.015482978016924203,0.7068745428857853,16.78759867753443
2020-06-01,327.87658079705346,336.581268782816,325.16846745241605,328.1183776855469,44024770,310.64854888916017,320.60719787597657,429.91366088867187,310.0993533279661,317.2360002441511,-7.136646916184986,-11.317381829016188,4.180734912831202,53.598450093269925,310.64854888916017,342.9592096414783,278.337888136842,0.20802067717912714,0.021991316890714874,0.021752995552381554,0.704612608112228,16.14511273213061
2020-06-02,325.94223689822275,338.51567630379213,321.5898924886026,336.9681701660156,47558213,311.149072265625,319.55296447753904,429.61286544799805,314.23301745689685,318.6976424605855,-4.464625003688639,-9.946830463950679,5.4822054602620405,56.35651124527993,311.149072265625,344.8056123726406,277.49253215860944,0.21633707510002353,0.02697134047441252,0.026614024495124032,0.590027721435617,16.221106612417664
2020-06-03,346.1564348278739,360.7609734358961,342.1909597796235,345.1408996582031,69689299,312.40641632080076,319.35178955078123,429.39137969970704,318.9880762570978,320.6564022530016,-1.6683259959037855,-8.291129570341301,6.6228035744375156,58.79245293540793,312.40641632080076,349.18803575811927,275.62479688348225,0.23547288093819796,0.024253713601973148,0.02396426311752195,0.5881562162159739,16.041488701447328
2020-06-04,345.2859790483692,351.0891047466611,334.1633214599764,336.43621826171875,57061575,312.7183349609375,319.2125146484375,429.0896173095703,321.67240579627025,321.82527751290655,-0.15287171663629806,-6.663477999600301,6.510606282964003,55.25500933838383,312.7183349609375,350.2337109688742,275.2029589530008,0.23993077356735643,-0.025220660330620648,-0.025544151885954287,0.5877441111319153,16.393826476241447
2020-06-05,338.5156684519848,348.1875446934701,335.6141055795392,345.47943115234375,37251097,313.70728607177733,319.5732757568359,428.8420176696777,325.33502508182,323.57743704175374,1.7575880400662527,-4.97926479166699,6.736852831733243,58.07711739785549,313.70728607177733,353.6292125594605,273.7853595840942,0.2545170498752705,0.02687942736174187,0.02652452129053742,0.5914168202265879,16.480182614091365
2020-06-08,354.522626847052,361.4863898424808,341.56231803754986,347.9941101074219,46827341,314.7760284423828,319.84602294921876,428.5779756164551,328.8210381626818,325.3860794910625,3.434958671619313,-3.29642009900973,6.731378770629043,58.85425622975294,314.7760284423828,357.2182714900275,272.33378539473813,0.26966629738397246,0.007278809469757563,0.0072524467847871425,0.5915495323818862,15.868784219748559
2020-06-09,348.2358458937745,357.2307073102484,333.92148276910325,337.1131896972656,47621969,316.1494338989258,321.0946612548828,428.23172225952146,330.096753783387,326.2547543211516,3.8419994622353784,-1.8687361867607084,5.710735648996087,54.17462969933985,316.1494338989258,359.6569196957337,272.6419481021179,0.2752336783289474,-0.0312675418753422,-0.031766806220816166,0.5698130876716626,16.538907661228812
2020-06-10,337.11323953109655,345.1409146389146,333.96987970654584,341.417236328125,36292403,317.68726348876953,322.1875842285156,427.9548649597168,331.8383664825775,327.37790113648293,4.460465346094566,-0.6028958801896537,5.063361226284219,55.67593467094152,317.68726348876953,362.53159753359324,272.8429294439458,0.282317481364241,0.012767363492139028,0.012686547848422063,0.5704570275632754,16.59417690717255
2020-06-11,340.885246181488,342.577824306488,328.940474653244,330.052734375,36999490,317.8420150756836,322.6586041259766,427.58709197998047,331.5636538506425,327.5760369319287,3.9876169187137975,0.3152066795910366,3.672410239122761,50.9312695563129,317.8420150756836,362.84213852067705,272.84189163069016,0.28316032060316604,-0.03328625723571543,-0.03385285345013032,0.5575786033563396,16.82215809265596
2020-06-12,313.5621950846644,334.79194271409347,313.46547043272267,332.90594482421875,47509067,318.65445098876955,322.9284490966797,427.22560546875,331.7701601542696,327.97084492395015,3.7993152303194506,1.0120283897367195,2.7872868405827314,52.036410843279135,318.65445098876955,364.1485107194467,273.16039125809243,0.285538517284232,0.008644710835744807,0.008607559279134843,0.5445437114040169,16.815247068854376
2020-06-15,330.0044096557877,331.0199447946147,314.81955304790966,320.2358093261719,43500660,319.06067047119143,322.7591912841797,426.77924850463864,329.9956446422546,327.39787932411474,2.5977653181398637,1.3291757754173483,1.2685895427225153,46.97667973721616,319.06067047119143,364.45371222011704,273.6676287222658,0.2845417561612266,-0.03805920469439794,-0.0388023735516697,0.5608563077759664,17.56136252498263
2020-06-16,331.01994785716687,336.4845517578464,315.3514973208427,331.6969909667969,57511237,321.2102447509766,323.3307989501953,426.4216310119629,330.2573902306457,327.7163320383875,2.5410581922581628,1.5715522587855113,0.9695059334726515,51.564599538594315,321.2102447509766,364.57731033383044,277.84317916812273,0.27002292916575477,0.0357898189610375,0.03516424580414145,0.49325557529740055,17.050132142362603
2020-06-17,327.48971313977,339.4828329593045,325.0717442440485,330.72979736328125,37107002,323.2244125366211,323.6828552246094,426.0826318359375,330.3300682510511,327.93955169208334,2.390516558967761,1.7353451188219613,0.6551714401457995,51.16228333867886,323.2244125366211,364.254335264137,282.1944898091052,0.25387886023533096,-0.002915895018210879,-0.0029201545222824394,0.49460957663324395,17.326474539422623
2020-06-18,328.84376179088247,343.0614303571532,326.13564850026955,340.45001220703125,39285919,325.4658706665039,324.4730474853516,425.85485900878905,331.88698270581733,328.86625247096833,3.0207302348489975,1.992422142027369,1.0283080928216286,54.965155050337934,325.4658706665039,365.01781136581764,285.9139299671902,0.24304816119931372,0.0293901998587478,0.028966587945180033,0.4996565706903324,17.547546887236475
2020-06-19,339.48286393471415,353.458737233673,337.74193797743624,351.86285400390625,51367236,328.33842010498046,325.9654180908203,425.70204345703127,334.96019367475407,330.5697044363711,4.390489238382941,2.4720355612984832,1.9184536770844574,59.001826892467136,328.33842010498046,366.7218313588467,289.9550088511142,0.23380395898593795,0.03352281212413266,0.032973172585137184,0.5058359934781553,17.561362767173897
2020-06-22,354.95783525870985,362.9371326453157,353.1685323657417,355.4897766113281,40133602,332.0379135131836,326.76721618652346,425.48877853393554,338.1185910496116,332.4156357085902,5.702955341021436,3.118219517243074,2.584735823778362,60.222069356751675,332.0379135131836,365.3395167267622,298.73631029960495,0.20058916080531503,0.010307773515022989,0.010255010686051554,0.4650539470391336,17.14339811190389
2020-06-23,356.89223161101904,365.88706466627065,352.24974284370666,363.8076171875,32493320,336.07350463867186,327.87367919921877,425.2834928894043,342.070748916979,334.7409676699909,7.329781246988148,3.960531863192089,3.369249383796059,62.945869528209826,336.07350463867186,363.4346289985825,308.7123802787612,0.16282821455578814,0.02339825537448892,0.023128712652682657,0.46604036371385316,16.41800657995271
2020-06-24,367.5312875305494,367.5312875305494,333.67972157378824,336.6780090332031,57955780,337.48801574707034,327.97813598632814,424.96988235473634,341.24109662716734,334.884452215414,6.3566444117533365,4.439754372904339,1.9168900388489973,50.74153122565191,337.48801574707034,361.5486736242808,313.42735786985986,0.14258673940731978,-0.07457130327294592,-0.07749819291109715,0.4731764629096286,17.62699105638674
2020-06-25,334.55015636158794,343.9318870867488,327.39297463615395,339.4828186035156,69902888,338.65589447021483,328.3717816162109,424.71164321899414,340.97059231583626,335.225071947866,5.745520367970244,4.70090757191752,1.0446127960527232,51.78240270540069,338.65589447021483,360.5175642987541,316.79422464167556,0.1291084560198732,0.008330836868041258,0.008296326978282701,0.4673622121901671,17.910239151862736
2020-06-26,343.9318910546987,346.73672898424195,334.74360953349844,337.6451721191406,34596104,339.4852584838867,328.7925079345703,424.4188272094727,340.45898920865227,335.40433862721966,5.054650581432611,4.7716561738205385,0.2829944076120725,51.021700972863314,339.4852584838867,359.7350400629166,319.2354769048568,0.11929697135871975,-0.005413076549600548,-0.00542778033427947,0.4663889356977612,17.343742555135066
2020-06-29,333.92151897039685,334.26004053371287,327.3930026690205,331.8420715332031,27384244,339.6714431762695,328.8137860107422,424.1816246032715,339.1333095662755,335.14046699062584,3.992842575649661,4.615893454186363,-0.6230508785367022,48.593986806272106,339.6714431762695,359.54617661706857,319.7967097354705,0.11702328140953097,-0.017186979305866767,-0.01733638985334539,0.46589621578485674,16.41109576291899
2020-06-30,335.61412436305574,342.81968437272974,334.9370811817697,339.9181213378906,47526095,339.8189407348633,328.34760314941406,423.95893005371096,339.25404983883163,335.4943673126454,3.759682526186225,4.444651268586336,-0.6849687424001107,52.01585997795942,339.8189407348633,359.65294632298077,319.98493514674584,0.11673278449533239,0.024337028054863152,0.024045601426088702,0.4640372115660833,16.397279899144554
2020-07-01,342.62618811503546,353.74884489223496,340.0631470217947,352.1046142578125,36922617,340.16712646484376,328.40079895019534,423.83827331542966,341.2310597494441,336.7247559752504,4.506303774193725,4.456981769707814,0.049322004485911286,56.69973185258114,340.16712646484376,360.6290644551173,319.7051884745702,0.12030520528495744,0.03585125992093863,0.03522356202503074,0.47352455621906747,16.411092320651715
2020-07-02,353.9906350524131,358.7298480337504,349.4932189529422,350.9440002441406,50964311,340.8925155639648,329.0004553222656,423.7004490661621,342.7253582870897,337.7780333285015,4.947324958588183,4.555050407483888,0.3922745511042951,56.13770675279044,340.8925155639648,361.82086124023965,319.96416988769,0.12278559792755468,-0.0032962192674421686,-0.0033016637656370995,0.4634472967416984,15.547532092040102
2020-07-03,352.6849529631178,355.1029219667265,347.9940871928723,349.15472412109375,28779044,341.07628021240237,329.4850170898437,423.5338510131836,343.7144914923211,338.6207511649898,5.093740327331261,4.662788391453363,0.43095193587789815,55.22880983510299,341.07628021240237,362.2374574617558,319.9151029630489,0.12408471932539841,-0.005098466199171758,-0.005111507724700254,0.4549827157320701,14.763420877579039
2020-07-06,355.7799627282729,355.7799627282729,348.6711280016928,349.9768371582031,33334074,341.17541656494143,329.65717712402346,423.37547424316404,344.6779292870722,339.46194272004266,5.215986567029518,4.7734280265685936,0.442558540460924,55.58463125408947,341.17541656494143,362.4910655749467,319.8597675549362,0.12495419057221488,0.0023545808786600286,0.0023518131967388543,0.45440621472917503,13.761690898263067
2020-07-07,351.08911985208084,365.59693472200155,350.2186568631306,363.7109069824219,46030825,342.5053024291992,330.45414001464843,423.2465965270996,347.60607970174135,341.2581622950337,6.347917406707666,5.088325902596408,1.259591504111258,61.14084785226465,342.5053024291992,365.96487551008215,319.0457293483163,0.13698808698433138,0.03924279656830665,0.03849236775137156,0.4575746141017198,13.848048673158953
2020-07-08,365.50018326520336,366.5640955142677,355.48978583538184,356.8438720703125,46315597,343.2766342163086,330.8613262939453,423.031639251709,349.0272785276754,342.4126593154247,6.614619212250659,5.393584564527258,1.2210346477234006,57.28232380615723,343.2766342163086,367.58466447013205,318.96860396248513,0.1416235643845556,-0.018880475620274062,-0.01906098751164417,0.463472566280452,13.43008637473054
2020-07-09,361.19619373080394,363.6625101179346,353.3135917735156,358.1979064941406,35144463,344.68389282226565,331.06443603515623,422.8294970703125,350.43814436867,343.58193688421846,6.856207484451545,5.686109148512116,1.1700983359394295,57.84721032383567,344.68389282226565,369.02725631470656,320.34052932982473,0.1412503688125249,0.003794472960884532,0.0037872921076623823,0.4436333811785353,13.046666309600697
2020-07-10,352.92678474430926,356.11852185425573,347.2203832350563,348.5260925292969,27864858,345.4649002075195,330.86906494140624,422.6346090698242,350.143982547228,343.94817063570576,6.195811911522242,5.788049701114142,0.4077622104080998,52.50615899730155,345.4649002075195,369.2122097855344,321.7175906295046,0.13748030299894415,-0.02700131349037338,-0.027372546735761945,0.45703386767338566,13.039755210863186
2020-07-13,352.1530289083719,354.95786718726066,340.9336462765923,341.99755859375,32379935,346.55298767089846,330.3554895019531,422.41336502075194,348.89068655438524,343.80368085482013,5.087005699565111,5.6478409008043355,-0.5608352012392244,49.20372084952335,346.55298767089846,367.22855997268255,325.8774153691144,0.11932127574914168,-0.018731836942733615,-0.018909499934774143,0.43896777404743814,13.067390860013498
2020-07-14,339.9664480611203,340.8852881056128,329.424108917804,334.211669921875,34031256,346.67872161865233,330.50056884765627,422.2148500061035,346.6323763032298,343.09316152645386,3.539214776775964,5.226115675998662,-1.6869008992226977,45.52613803825553,346.67872161865233,367.0014749170338,326.35596832027085,0.1172425766628768,-0.022765918867636237,-0.023029063894432253,0.43126665757793997,11.547525411383845
2020-07-15,338.0320666243409,345.0925243067149,332.47073791735966,334.4534606933594,30442553,346.8649047851562,330.78975769042967,421.86811325073245,344.75869697863436,342.45318368696536,2.3055132916690013,4.6419951991327295,-2.336481907463728,45.66196458590531,346.8649047851562,366.6331060934552,327.0967034768573,0.11398213561295935,0.000723465974545201,0.0007232043991900151,0.43105163845957234,11.267730692723871
2020-07-16,336.5329231799516,337.1615891904671,329.81095783403026,333.3411865234375,35535437,346.50946350097655,330.8526245117188,421.376540222168,343.0021569086041,341.77822093411146,1.2239359744926332,3.9583833542047104,-2.734447379712077,45.10480941872939,346.50946350097655,367.0055571354091,326.013369866544,0.11830033977917484,-0.0033256470649638548,-0.0033311893202991045,0.4178280928892521,10.936124400273396
2020-07-17,334.6469271350963,344.31880364189095,334.11498573371244,342.19097900390625,27511781,346.02586975097654,331.18243591308595,420.9553302001953,342.87736030788136,341.8087956059481,1.0685647019332691,3.3804196237504227,-2.3118549218171536,50.300892408118685,346.02586975097654,366.4463964103175,325.6053430916356,0.11802890156182223,0.026548751964217576,0.026202449738474416,0.4109236995693657,10.987942090868634
2020-07-20,346.25314305833547,354.3291650077728,343.59337729461924,351.0890808105469,36312529,345.8058349609375,331.6718322753906,420.61101135253904,344.14070192367603,342.4962241396221,1.6444777840539473,3.033231255811128,-1.3887534717571808,54.92112478903847,345.8058349609375,365.88904258353574,325.72262733833924,0.11615308703432878,0.02600332081384016,0.02567098340400274,0.420355807213982,11.070840174035775
2020-07-21,358.8265848234822,367.43454820576073,357.9077448348309,366.3706359863281,45559912,345.9339859008789,332.80634338378906,420.2572622680664,347.5606917794687,344.26469909122994,3.295992688238755,3.085783542296654,0.21020914594210094,61.534737982257134,345.9339859008789,366.5270903143369,325.3408814874209,0.11905800096414094,0.04352614766742757,0.042605504880430675,0.44096285912408834,11.250464734097884
2020-07-22,374.2048913391625,376.71958510188074,362.9855088321132,368.59521484375,45500191,347.52984619140625,333.96503479003906,419.92793502807615,350.7967722508966,346.0669595173425,4.72981273355407,3.4145893805481373,1.3152233530059325,62.39955385635187,347.52984619140625,369.9670500122255,325.092642370587,0.12912389578454625,0.006071935463476619,0.006053575546011986,0.33959541673028004,11.571710961880692
2020-07-23,369.9976020339969,382.66776541027866,366.4190256482927,379.37933349609375,37838027,349.52467193603513,335.0134674072266,419.7274853515625,355.1940893655423,348.53454277502783,6.659546590514481,4.0635808225414065,2.595965767973074,66.34931149470538,349.52467193603513,375.72765345061305,323.3216904214572,0.14993494662015275,0.029257348489766022,0.02883752129725113,0.3504685569439181,12.224561318175818
2020-07-24,375.55890520951584,375.945803833583,359.9388325399852,369.2721862792969,52980980,351.106022644043,336.0657666015625,419.52050704956054,357.3599504291969,350.07066451608483,7.289285913112053,4.708721840655536,2.580564072456517,59.98900921933604,351.106022644043,378.0959254219208,324.11611986616515,0.1537421806360789,-0.02664126989642923,-0.027002580156162803,0.3671793677205396,13.105394620284995
2020-07-27,372.3672268280923,373.14096510332377,344.8991048302517,346.73675537109375,73275058,351.8507568359375,336.7582733154297,419.1877944946289,355.72561272795025,349.8237082831225,5.901904444827721,4.947358361489973,0.9545460833377479,48.76450611760524,351.8507568359375,377.3852892869116,326.3162243849634,0.1451441098526922,-0.06102661328291481,-0.06296814232984946,0.42957511584787966,14.006949099518826
2020-07-28,349.25147245009487,350.84732619736855,331.9388191143795,340.5467834472656,125939354,351.88218994140624,337.79509887695315,418.88893386840823,353.39040822322954,349.13652866565167,4.253879557577875,4.808662600707554,-0.554783043129679,46.207033354905846,351.88218994140624,377.3563498695702,326.4080300132423,0.14478800380551105,-0.017852078927148463,-0.018013349514521607,0.4272894550753717,14.566534628383339
2020-07-29,341.6106965842816,345.91466400269246,336.77475823805014,339.5312194824219,50194622,351.2535202026367,338.77679443359375,418.5743562316895,351.25822534002833,348.4250242817087,2.8332010583196165,4.413570292229966,-1.58036923391035,45.78279224529248,351.2535202026367,377.3183115386828,325.1887288665906,0.148410135909866,-0.0029821569728641917,-0.0029866124631553847,0.4063222239226381,14.480176586970723
2020-07-30,341.80406451074566,342.9647013441066,329.2306267196255,333.63134765625,40820253,350.3878875732422,339.53700439453127,418.1306588745117,348.54639800406244,347.3291963835266,1.2172016205358318,3.77429655789114,-2.5570949373553082,43.29582177487075,350.3878875732422,377.6197658190685,323.1560093274159,0.15543846811847323,-0.017376522356811752,-0.01752926614488972,0.41020137561322495,14.677073113070492
2020-07-31,335.0821927301524,341.4172604013642,330.82654320848576,335.4206848144531,37345191,349.70118560791013,340.3571807861328,417.75877517700195,346.52705751335327,346.4470844154471,0.07997309790619056,3.03543186589415,-2.9554587679879596,44.28432935096863,349.70118560791013,377.74456343703247,321.6578077787878,0.1603848027016126,0.005363216528582182,0.005348885699539953,0.41090395238764876,14.43182284751407
2020-08-03,335.42062552679175,337.88697145221033,329.32735585923274,331.98712158203125,32119883,348.80169982910155,341.36692504882814,417.34626953125,344.29014429314987,345.37597605741627,-1.085831764266402,2.2111791398620397,-3.2970109041284417,42.74446529262457,348.80169982910155,377.94048941320995,319.66291024499316,0.16707940126659473,-0.010236587628223437,-0.010289341815396895,0.4116921890739451,14.145120413016327
2020-08-04,335.6140685339599,341.6106429482595,332.90595529175914,339.4828186035156,30811518,347.5902954101563,342.4946655273437,416.9697917175293,343.5505557255138,344.93944587564584,-1.388890150132056,1.4911652818632206,-2.8800554319952765,47.0713450404229,347.5902954101563,376.1275659747285,319.05302484558405,0.16420061745911674,0.02257827648784949,0.02232716002705682,0.39321653919985045,13.930958625650115
2020-08-05,341.80407047214794,348.18751413452514,339.2410293963464,340.6434631347656,37057881,346.78027496337893,343.13977905273435,416.5846092224121,343.1033107115525,344.62122493187695,-1.5179142203244282,0.8893493814256909,-2.407263601750119,47.730035607005455,346.78027496337893,375.1306847394285,318.42986518732937,0.16350647267376123,0.0034188608897038897,0.003413029871326518,0.3893308016308666,14.044948152917394
2020-08-06,341.8524637482152,351.81448406791026,337.1615980573985,346.9785461425781,48021824,346.2193069458008,343.75684509277346,416.21441833496095,343.69950077786416,344.7958413178548,-1.0963405399906492,0.49221139714242285,-1.588551937133072,51.29306305917075,346.2193069458008,374.05784720579777,318.3807666858038,0.16081448782031674,0.018597400782372375,0.018426583710126555,0.39576206413133924,14.307467359492986
2020-08-07,347.6555848258986,347.8490046307121,341.56228540793796,346.2048034667969,28510964,346.1032424926758,344.2597833251953,415.8147282409668,344.0849319607769,344.90020888444315,-0.8152769236662607,0.23071373298068615,-1.0459906566469468,50.83725917996484,346.1032424926758,373.92063602740166,318.28584895794995,0.16074621742565454,-0.002229943852100069,-0.0022324338793278105,0.3840132642926402,13.889505446557811
2020-08-10,347.7039348244234,352.9751189390991,345.62448743177777,351.62103271484375,22856010,346.5844161987305,344.72983642578123,415.45565994262694,345.2443320767872,345.398047686695,-0.15371560990780608,0.15382786440298774,-0.3075434743107938,53.92386116462716,346.5844161987305,374.43568991244655,318.7331424850144,0.16071855751151967,0.015644581455283912,0.015523466552230244,0.381214034400136,13.247017168851203
2020-08-11,357.85942807060536,362.0183231308821,352.1046497856829,355.29638671875,45446107,347.6386520385742,345.0964007568359,415.0504084777832,346.7908020217045,346.1312579853657,0.6595440363387866,0.2549710987901475,0.40457293754863904,55.945135382936364,347.6386520385742,375.1116213042768,320.1656827728716,0.15805474509004933,0.010452599992466505,0.010398349282344496,0.37107997047013336,13.008675322156263
2020-08-12,353.7488624018702,356.6504251830202,351.8144872144369,354.8127746582031,25706005,348.65661773681643,345.28983825683594,414.6236369323731,348.02495165808887,346.77433329446484,1.250618363624028,0.45410055175692365,0.7965178118671044,55.59951227542841,348.65661773681643,375.5756889360835,321.73754653754935,0.15441594870048875,-0.0013611510801253557,-0.0013620782877320822,0.3713475443388353,12.193475194056074
2020-08-13,356.84388113536465,360.1323131118277,354.2324627773426,355.973388671875,26257336,349.7882278442383,345.6805816650391,414.204361114502,349.2477881217483,347.45574480390263,1.7920433178456392,0.7216891049746668,1.0703542128709724,56.297301195369116,349.7882278442383,375.8867647968128,323.68969089166376,0.1492247873144335,0.0032710603917514014,0.003265722111764571,0.3705423616316144,11.226285863940111
2020-08-14,359.6003092782959,359.6003092782959,342.5778324848922,349.54156494140625,28893259,350.15575714111327,345.76182434082034,413.6835304260254,349.2929845555418,347.61024999927326,1.6827345562685423,0.913898195233442,0.7688363610351003,51.46982615794842,350.15575714111327,376.00970255731113,324.3018117249154,0.14767111429088217,-0.01806827121113086,-0.018233495662739935,0.3676495596997113,10.424901329678088
2020-08-17,353.99065765632804,354.32917921580133,342.72292814510206,348.3809814453125,24232497,350.0203521728516,345.7695617675781,413.15472091674803,349.15267638473733,347.6673412174984,1.4853351672389294,1.0281855896345395,0.4571495776043899,50.62622924410471,350.0203521728516,375.8820812236594,324.15862312204376,0.14777271601644718,-0.0033203018253016303,-0.0033258262593222937,0.35609149527490547,9.903311614514532
2020-08-18,350.02515473623856,357.8593794877275,349.73501028908805,357.42413330078125,26517363,349.5730270385742,346.17578063964845,412.6331651306152,350.42520821797484,348.39006655700086,2.035141660973977,1.229576803902427,0.8055648570715501,56.595788512597075,349.5730270385742,374.53792909096745,324.60812498618094,0.1428308257298036,0.025957650782060027,0.02562646985582141,0.33217149154888287,9.927489634355437
2020-08-19,361.7281449078393,363.5174477845582,358.24626381296866,362.16339111328125,35790233,349.2514358520508,346.59070373535155,412.16552993774417,352.23108250956045,349.41031282042906,2.820769689131396,1.547815380948221,1.272954308183175,59.368376528758084,349.2514358520508,373.3347356330405,325.1681360710611,0.13791381972265862,0.013259479064083868,0.013172341591413181,0.3351742065357773,9.381721052876571
2020-08-20,354.95783686427177,357.5208780119546,350.70221747541046,355.6832275390625,68444775,348.0666305541992,347.10331359863284,411.704665222168,352.7621817448685,349.87497316995746,2.8872085749110283,1.8156940197407825,1.0715145551702459,54.26418381380865,348.0666305541992,367.85832347186255,328.27493763653587,0.11372358726919946,-0.017892928256218577,-0.01805494220918232,0.32082580396878785,9.443896513233167
2020-08-21,357.85938940339884,360.76095202018314,355.0061743570724,358.9716491699219,34109928,347.55160369873045,347.6246276855469,411.2641111755371,353.717484425646,350.5488010218067,3.1686834038392817,2.0862918965604824,1.0823915072787993,56.31664109269867,347.55160369873045,365.46699872359574,329.63620867386516,0.10309487761935326,0.009245366034298597,0.009202889245993799,0.3109215412288881,9.243550946814107
2020-08-24,362.5502801763129,368.69192738043523,361.5830925698755,367.86981201171875,32907235,348.6082565307617,348.57730773925783,410.8281513977051,355.89476559273413,351.83183887291125,4.062926719822883,2.481618861212963,1.5813078586099203,61.36855748057277,348.6082565307617,368.68391268109133,328.5326003804321,0.11517602222113817,0.02478792646264072,0.024485690171346473,0.23094999194189117,9.250462149977327
2020-08-25,369.94923465927934,377.0096919064189,368.8853224602829,373.67291259765625,53072303,350.2645629882812,349.416826171875,410.4316044616699,358.6298651319529,353.4496961858553,5.180168946097581,3.0213288781898866,2.1588400679076942,64.27064025587715,350.2645629882812,372.84906848589674,327.6800574906657,0.12895683939554636,0.015774875775217634,0.015651745642645206,0.22120024881592712,9.264276089728854
2020-08-26,375.462203157461,378.798982356953,371.5934531177807,376.574462890625,37163882,352.1167251586914,350.3337194824219,409.98984146118164,361.39057247944095,355.1626418676901,6.227930611750821,3.662649224902074,2.5652813868487474,65.6597206503827,352.1167251586914,376.95803433117055,327.27541598621224,0.14109701356153256,0.007764946816182228,0.007734954774342988,0.21950449448144901,8.73232203463318
2020-08-27,377.1547911804346,384.4086976948713,374.88189456933355,379.3309631347656,36910405,354.4017059326172,351.11133850097656,409.5722581481934,364.15063258026015,356.95288788747354,7.197744692786614,4.369668318478983,2.8280763743076314,66.97336874829779,354.4017059326172,380.4610041868086,328.34240767842573,0.14706079467431307,0.0073199340788576706,0.007293273385357121,0.20254315002286094,8.963756599116294
2020-08-28,380.97519298242054,398.3845699307373,380.0080053741807,396.25677490234375,83472297,357.4435104370117,351.9992169189453,409.1865921020508,369.0900390913499,359.8642869256121,9.225752165737845,5.340885087930755,3.8848670778070895,73.64110696027666,357.4435104370117,387.99003927432767,326.8969815996957,0.1709166788339208,0.04462016922558698,0.043653344918658785,0.2433945077162491,9.799683405448462
2020-08-31,401.2377379220993,408.15312260324686,374.78515404918994,381.6521911621094,72744175,359.9267639160156,352.52246520996096,408.69235931396486,371.0226778714668,361.4782057579452,9.544472113521579,6.181602493048921,3.362869620472658,62.00821144356909,359.9267639160156,389.8279381444521,330.0255896875791,0.16615143538152427,-0.036856363512860146,-0.03755272307587212,0.2852807025113604,11.440446129592646
2020-09-01,381.74893201740673,386.5364926077603,372.65734557194276,378.1219787597656,34872793,361.8587219238281,352.8087524414062,408.23391250610354,372.11487800812813,362.71107783215416,9.40380017597397,6.826042029633931,2.577758146340039,59.55908139556105,361.8587219238281,391.1857087933975,332.5317350542587,0.16209081109694948,-0.009249815628188718,-0.009292860818436843,0.28481905834481,12.08638963439509
2020-09-02,374.543403750598,381.0719201490913,368.5952058241043,379.5244140625,31295799,363.80276947021486,353.6656805419922,407.7200941467285,373.25480663187767,363.9565101455131,9.298296486364563,7.320492920980058,1.9778035653845052,60.231087228093735,363.80276947021486,392.35280241526635,335.25273652516336,0.15695335682368375,0.0037089494436011172,0.0037020882505922727,0.28479203794055574,12.55616563371665
2020-09-03,379.5243628393569,379.66943505872104,368.54677899210554,370.1910095214844,26135555,364.96339263916013,354.27984436035155,407.15380569458006,372.7834532302787,364.4183249141036,8.365128316175117,7.52942000001907,0.8357083161560466,53.82124014387558,364.96339263916013,392.5030673996727,337.42371787864755,0.15091746359197786,-0.02459236927898556,-0.0248998125657641,0.29947695891606657,12.134749867517494
2020-09-04,362.6953661609811,367.4829568007958,356.26357423763795,360.32574462890625,33118984,365.6694396972656,354.7334558105469,406.5454446411133,370.8668826762214,364.1151708189038,6.751711857317616,7.37387837147878,-0.6221665141611634,48.00590233226762,365.6694396972656,391.87595986008284,339.46291953444836,0.14333448365011514,-0.02664912069401726,-0.027010645866169188,0.31757556246230345,12.300548739885146
2020-09-07,361.82483966866437,364.48460522026795,356.89217765153745,361.1477966308594,22323904,366.1457778930664,355.3195703125,405.9646484375,369.3716386692426,363.8953653234931,5.476273345749519,6.994357366332928,-1.5180840205834096,48.50520035222786,366.1457778930664,391.61304326483065,340.67851252130214,0.13910997700594555,0.0022814134549273835,0.00227881498262721,0.3135845303559318,12.165836563193396
2020-09-08,360.18066910299757,368.7886331448536,357.03730929158434,363.3724060058594,32052920,366.54957885742186,355.78865600585937,405.3877214050293,368.4486797979529,363.856627596261,4.592052201691899,6.513896333404722,-1.921844131712823,49.90711319316136,366.54957885742186,391.54424702399183,341.5549106908519,0.13637810330859626,0.0061598309494155234,0.0061409367411406094,0.31233089717928914,12.569980089585702
2020-09-09,358.6331601860451,360.18066629206237,350.02519621136764,355.5381774902344,25285238,366.5858489990234,355.8573272705078,404.7559062194824,366.46244867368847,363.2404461069257,3.2220025667627965,5.855517580076338,-2.6335150133135414,45.23650106798302,366.5858489990234,391.5108138731603,341.66088412488654,0.13598432641191935,-0.02155977830495659,-0.02179558579037244,0.32267839580302904,12.70469695791577
2020-09-10,359.5035949421469,362.69530179142373,353.4586732456232,358.5364074707031,24852274,366.71399993896483,356.00917541503907,404.14609451293944,365.24305771938305,362.89199880053883,2.351058918844217,5.154625847829914,-2.8035669289856973,47.27035424107749,366.71399993896483,391.4347418919119,341.99325798601774,0.13482300625043803,0.008432933986536773,0.008397575443827549,0.32382733505557376,12.953400592393612
2020-09-11,360.7609559340998,361.38962193797926,353.1201801969168,358.3429870605469,22678353,367.15407104492186,356.1929406738281,403.53047943115234,364.1815083872544,362.5550349679469,1.6264734193075014,4.448995362125432,-2.8225219428179305,47.14870197843993,367.15407104492186,390.8810475823848,343.42709450745895,0.12924806455195145,-0.0005394721599425445,-0.000539617727403637,0.3163474167338771,12.849769416004262
2020-09-14,361.2445391829076,361.58306071858556,347.5588416606146,351.76611328125,27140598,367.3233276367188,356.2287261962891,402.81959655761716,362.27144760171524,361.7558555837471,0.5155920179681175,3.662314693293969,-3.1467226753258517,43.08809874643814,367.3233276367188,390.5290080633027,344.11764721013486,0.12635015900506177,-0.018353571903963695,-0.018524088317623724,0.3237570906866692,13.198650784809322
2020-09-15,352.10461392092714,360.0355635957437,351.76612189318297,359.3585205078125,24967618,367.4200469970703,356.14167846679686,402.1718226623535,361.823304971884,361.578275207752,0.2450297641320276,2.978857707461581,-2.7338279433295534,48.592292604794864,367.4200469970703,390.4675911324586,344.372502861682,0.12545610575011484,0.021583680007551287,0.021354050674714898,0.31957312271871524,13.274645147332283
2020-09-16,359.16512797762556,364.33958763904434,353.0234806978564,362.40521240234375,22068622,367.43213806152346,356.2529052734375,401.47327163696286,361.91282919195476,361.63952981475876,0.27329937719599684,2.4377460414084644,-2.1644466642124676,50.65468035424864,367.43213806152346,390.4683216898495,344.3959544331974,0.1253901400670011,0.008478140132105239,0.008442402552128086,0.31747747874887344,13.402452562735865
2020-09-17,357.85939948022525,359.55197772101013,355.34470590495766,356.8922119140625,24084936,367.4925872802734,356.22679138183594,400.7788313293457,361.1404265338175,361.2878766369294,-0.14745010311190754,1.92070681250439,-2.0681569156162976,46.98172837104515,367.4925872802734,390.40497144861297,344.5802031119339,0.12469576237120172,-0.01521225495554046,-0.015329148295272741,0.31558561742567814,12.545802541408323
2020-09-18,357.8593794877275,362.3567955158832,352.5881957401363,357.42413330078125,78166508,367.4152114868164,356.4047521972656,400.09527145385744,360.5686891133504,361.0016734268444,-0.43298431349398925,1.4499685873047143,-1.8829529007987036,47.37819398428145,367.4152114868164,390.4588316488023,344.37159132483055,0.12543639697842354,0.0014904258735879417,0.001489316291308879,0.31388479509364187,10.860133342957608
2020-09-21,354.61927990452523,355.34467050688664,337.0648332306219,339.1926574707031,28932482,365.9813537597656,356.34865417480466,399.3280497741699,357.2800688606354,359.3861907634265,-2.106121902791074,0.7387504892855568,-2.8448723920766303,37.129692480003975,365.9813537597656,392.2491125736008,339.7135949459304,0.14354697879541514,-0.05100795981992601,-0.052354867994240835,0.34786685375564447,11.323001416839166
2020-09-22,342.3843711419783,344.46381834030285,338.03202744102094,342.771240234375,28593292,364.43627014160154,356.5198455810547,398.4824856567383,355.0479413796723,358.15545368720046,-3.107512307528168,-0.030502070077188304,-3.07701023745098,39.8787497895219,364.43627014160154,392.3808792705119,336.49166101269117,0.15335800203449843,0.010550295487988137,0.010495029495733804,0.344441013044546,10.891221172145947
2020-09-23,344.899103247335,345.38269704619097,331.21340464295514,340.3049621582031,22740143,362.62279510498047,356.6368756103516,397.6301515197754,352.7797907302155,356.83319505542283,-4.053404325207339,-0.8350825211032185,-3.2183218041041206,38.62524746466165,362.62279510498047,391.9251789476654,333.3204112622955,0.16161357883859348,-0.007195113786341967,-0.007221123454316193,0.34169935112167427,11.108838053333114
2020-09-24,333.63136041248913,335.5657355312367,322.7988479410135,324.68487548828125,25840472,359.89049072265624,356.46374938964846,396.71567596435546,348.4574960776102,354.4518380504494,-5.994341972839209,-1.8669344114504165,-4.127407561388792,31.806228940929557,359.89049072265624,392.6232336755061,327.15774776980635,0.1819039057526799,-0.04590026125643243,-0.046987065049374235,0.3678243563236156,11.364457977143344
2020-09-25,327.9249241188506,338.9992332748307,325.5553323520546,337.2099304199219,23231600,356.93814849853516,356.36412841796874,395.8556044006348,346.72710136104274,353.17465970744735,-6.447558346404605,-2.7830591984412543,-3.664499147963351,40.827205574468174,356.93814849853516,386.34233326774586,327.53396372932446,0.16475787131692018,0.038576034417385996,0.037850577270061234,0.35693167518881735,11.844595849844698
2020-09-28,339.96642398046066,352.0079207899557,337.6451797626435,351.0890808105469,18495592,355.40999298095704,356.36412841796874,395.05428924560545,347.3981751225049,353.020172381751,-5.621997259246143,-3.350846810602232,-2.271150448643911,48.89476488841172,355.40999298095704,382.491162945373,328.3288230165411,0.15239397033986585,0.041158783115732955,0.040334307411330116,0.3793975594622754,12.062214886756452
2020-09-29,351.81448878161655,351.81448878161655,342.62620660037845,345.3343200683594,17080848,353.7706100463867,355.9434020996094,394.20074630737304,347.08065896032866,352.45084998816645,-5.370191027837791,-3.7547156540493445,-1.6154753737884464,46.08890761073401,353.7706100463867,378.96682843452936,328.57439165824405,0.1424438190885269,-0.016391169810527018,-0.016526991261249343,0.38157575068368954,11.765148628666907
2020-09-30,345.2375960728551,345.76953740082973,337.8869650388521,343.1097717285156,19565058,351.9498779296875,355.4336932373047,393.327375793457,346.4697532323574,351.75891826522934,-5.289165032871949,-4.061605529813866,-1.2275595030580835,45.01356735190627,351.9498779296875,374.426197602075,329.4735582573,0.12772454876019482,-0.006441723890644235,-0.006462561328201512,0.38046753365356045,11.668430329822412
2020-10-01,346.4949175256692,359.0200072999378,346.4949175256692,357.08563232421875,23237122,351.2946090698242,354.98781921386717,392.51566345214843,348.1029654003361,352.1534896770063,-4.050524276670217,-4.059389279185136,0.008865002514919063,52.51027449985679,351.2946090698242,372.2440622190769,330.34515592057153,0.11926999508887268,0.0407329133335248,0.03992518931083086,0.405157290348128,12.214201317705248
2020-10-05,358.58479978841365,370.09432623171557,358.58479978841365,360.8576965332031,26530105,351.3212066650391,354.8195294189453,391.7121723937988,350.0652317284695,352.7982457404283,-2.733014011958801,-3.794114225739869,1.0611002137810681,54.32045535372938,351.3212066650391,372.3202298160274,330.3221835140508,0.1195431573876464,0.010563472364969018,0.010508068719146809,0.3959368903282098,12.141663806957094
2020-10-06,364.72641598010654,369.27217956807056,362.79204095981027,368.111572265625,18093629,351.66939544677734,355.2470257568359,390.93576217651366,352.8415918111088,353.9325662237762,-1.0909744126673786,-3.253486263125371,2.1625118504579923,57.662578371140164,351.66939544677734,373.56621050595504,329.77258038759965,0.12453068332181112,0.02010176255657181,0.019902389532087675,0.402082979695435,12.152023286983788
2020-10-07,366.85424546551116,371.73856056312695,361.82488764712906,370.0943298339844,21845743,352.00549163818357,355.8379766845703,390.1680569458008,355.4958591992435,355.1297338986064,0.36612530063712256,-2.5295639503728724,2.895689251009995,58.555174842374925,352.00549163818357,374.8447167115641,329.16626656480304,0.12976629976475665,0.0053862951282841465,0.0053718409205350945,0.40196734896073666,12.051849428041644
2020-10-08,372.3671875,376.91298055648804,370.094290971756,374.78515625,21085500,352.96784057617185,356.54305541992187,389.429609375,358.46344336089834,356.58569110982074,1.8777522510775952,-1.6481007100827787,3.525852961160374,60.667896860621155,352.96784057617185,377.954803072234,327.98087808010973,0.14158209119150522,0.012674677880419871,0.012595026481835792,0.3945324609735063,12.034576791423499
2020-10-09,377.8801918138343,390.26018078567677,374.204861373034,388.3258056640625,41641237,354.45731048583986,357.63694458007814,388.73033325195314,363.05765294600053,358.93681070643123,4.120842239569299,-0.49431212015236314,4.615154359721663,66.04823122560785,354.45731048583986,383.98146917830445,324.93315179337526,0.16658795188620634,0.036129097399551835,0.03549174746346584,0.4115345555892471,12.483628194058914
2020-10-12,390.211855818269,396.5469229020439,387.5520898719748,390.7921447753906,25742564,356.079768371582,358.7443737792969,388.06660079956055,367.32449784282977,361.29646508190973,6.028032760920041,0.8101568560621177,5.217875904857923,66.93543402339742,356.079768371582,389.7747939436952,322.3847427994688,0.18925549028638564,0.006351210955734876,0.00633112700883233,0.4111822800265669,11.671880548338184
2020-10-13,387.842218383404,387.842218383404,380.58831155578423,383.2480773925781,19922778,357.65386657714845,359.7695928955078,387.36611511230467,369.7742793120218,362.92251043825553,6.851768873766275,2.018479259602949,4.833289614163326,61.63034642712523,357.65386657714845,393.3805741045553,321.9271590497416,0.19978370634894482,-0.01930455226306682,-0.01949331844542286,0.41190156243690795,11.941312142647076
2020-10-14,381.4104067900544,395.82149502453933,376.23594762259205,393.4518737792969,23368177,359.35853424072263,360.8489739990234,386.7280131530762,373.416986153141,365.18394475981415,8.233041393326857,3.261391686347731,4.971649706979127,65.601501690942,359.35853424072263,398.5164127484258,320.20065573301946,0.2179320916390013,0.02662452074421373,0.026276256251580442,0.41503237367174783,12.328187499697894
2020-10-15,393.5485941984707,396.4501567453008,376.381015796393,378.1703186035156,34234586,360.14678955078125,361.5995111083984,385.96200073242187,374.14826806858326,366.1458983778661,8.00236969071716,4.209587287221617,3.7927824034955426,56.21744641520581,360.14678955078125,400.18765404071064,320.10592506085186,0.2223585807324464,-0.0388397061856498,-0.039614084946896944,0.44264201872422376,12.511260837677762
2020-10-16,381.0718970553735,388.13235440752493,377.6867406094501,383.1029968261719,25339096,361.4573287963867,362.32200012207034,385.2470072937012,375.52591864667386,367.4019797444073,8.12393890226656,4.9924576102306055,3.1314812920359536,58.29141488239294,361.4573287963867,402.74599514703266,320.1686624457408,0.22845665621517577,0.013043536152893553,0.01295920178913668,0.4389922436877315,12.234921981358143
2020-10-19,388.85777924109726,405.0098246516032,387.987316267479,403.4139709472656,41072871,363.75682067871094,363.4661834716797,384.6579901123047,379.8163882313803,370.06953464832276,9.746853583057543,5.943336804795994,3.8035167782615495,65.53167116582264,363.75682067871094,409.03007582345396,318.4835655339679,0.24892044668891983,0.05301700662579156,0.0516593836631956,0.4720730228773045,12.742696085315108
2020-10-20,399.93205945142114,403.2204912800626,397.5140905309168,400.9959716796875,26158669,366.8469863891602,364.45368225097656,384.0672805786133,383.07478568496606,372.3603818358312,10.71440384913484,6.897550213663763,3.8168536354710767,64.10497879752545,366.8469863891602,413.47721155415934,320.216761224161,0.25422166131975626,-0.0059938411699038685,-0.006011876338625254,0.423941355405829,12.507810244965876
2020-10-21,402.3500467239165,414.4398918778803,396.8370655272196,406.5089416503906,43124966,370.03387145996095,365.4779333496094,383.4855177307129,386.6800404488775,374.88990478505787,11.790135663819626,7.876067303694937,3.9140683601246895,65.9264034760049,370.03387145996095,418.4152498548555,321.6524930650664,0.26149702568582084,0.013748192899819989,0.013654543856323432,0.42427409592457954,13.202114101300383
2020-10-22,402.7369021331522,405.8802617660011,394.27401081394356,399.35174560546875,33088074,372.98621063232423,366.3687127685547,382.87643142700193,388.62953354989156,376.7018929939772,11.927640555914365,8.686381954138822,3.2412586017755434,61.55912007019613,372.98621063232423,420.9335567472771,325.03886451737134,0.25709983237003675,-0.01760649105494283,-0.017763328955288392,0.4310683839953913,12.939592334516448
2020-10-23,403.31723795541967,406.7023946289064,398.23950294518954,403.2688903808594,22151463,376.9154113769531,367.3146228027344,382.35052352905274,390.8817422931174,378.6698187263388,12.21192356677858,9.391490276666774,2.820433290111806,63.003636297272436,376.9154113769531,420.91362268914185,332.91720006476436,0.23346464476713122,0.009808758365264403,0.009760964771339756,0.3804061753520488,12.614892175675022
2020-10-26,404.3327747142863,405.3966870047404,388.27748375665215,391.1790466308594,21712057,379.6138671875,368.1473724365234,381.777706451416,390.92748142200077,379.5964282007477,11.331053221253057,9.77940286558403,1.551650355669027,56.0081761983597,379.6138671875,419.8147971088992,339.41293726610076,0.21179905897137874,-0.02997960923437959,-0.03043818629779915,0.3925341688931927,13.236657905190794
2020-10-27,393.01671468434193,398.86818826760367,380.34655033386576,396.49859619140625,33571163,381.884342956543,369.10972473144534,381.21673767089845,391.78457600190933,380.84844064450016,10.93613535740917,10.010749363949058,0.9253859934601127,58.20701269952662,381.884342956543,420.39578916322506,343.3728967498609,0.20169167402112917,0.013598758947757972,0.01350712562364603,0.3731239961263733,13.85151254931508
2020-10-28,396.4501802536025,396.4501802536025,381.84564199864207,383.05462646484375,28145103,383.7703582763672,369.62233459472657,380.4901379394531,390.4415068423608,381.01186181637746,9.429645025983348,9.894528496355917,-0.4648834703725697,51.23688070630677,383.7703582763672,418.2261236240497,349.31459292868465,0.17956449530096152,-0.033906727175580076,-0.03449489371196123,0.3919928426059761,14.411102878460232
2020-10-29,379.37931104677585,389.67985240331024,376.86461754959504,386.7782897949219,32615425,385.9537841796875,370.11463256835935,379.81141342163085,389.8779349889087,381.43900462960295,8.438930359305743,9.603408868945882,-1.1644785096401389,52.91855931760626,385.9537841796875,414.6063904436113,357.3011779157637,0.1484768769650622,0.009720972082867929,0.009674027420402829,0.3896618202076854,14.179668267108266
2020-10-30,386.2946979444968,389.48643453930106,375.3171134516885,379.71783447265625,27225165,387.08539428710935,370.59532470703124,379.10536666870115,388.314842601793,381.3115105439032,7.003332057889793,9.083393506734666,-2.080061448844873,49.437173626196525,387.08539428710935,412.54753260076296,361.62325597345574,0.1315582488486652,-0.018254528520743052,-0.018423198237221456,0.37655047753210935,14.549274556932797
2020-11-02,403.31719521643464,408.9268710172733,393.6453200313883,403.75244140625,72698777,389.2301315307617,371.49094055175783,378.52432876586914,390.6898578024786,382.9738017188919,7.71605608358675,8.809926022105083,-1.093869938518333,59.26214482360861,389.2301315307617,412.52423599816746,365.93602706335594,0.11969322300817184,0.06329596545543481,0.06137348530622152,0.43234901907098444,15.906789080147844
2020-11-03,411.0547028869553,432.23610402659176,410.28096466448005,429.28619384765625,61813071,392.28886260986326,372.7192681884766,378.0806312561035,396.6277556555829,386.40434928398554,10.223406371597378,9.092622092003543,1.1307842795938345,66.67146651195146,392.28886260986326,419.6222836624179,364.95544155730863,0.1393535410141791,0.0632411097069121,0.06132189368416557,0.4759552160351729,16.54236873860459
2020-11-04,422.95114749841457,427.4969412594735,411.34489569951484,422.7093505859375,43426662,394.91961364746095,373.6999969482422,377.596554107666,400.6403087217913,389.09360863968567,11.546700082105644,9.583437690023963,1.9632623920816812,63.46938689620357,394.91961364746095,423.3641759386364,366.4750513562855,0.14405241628017737,-0.015320416440070095,-0.015438986608472913,0.4831636708180465,16.39037996712128
2020-11-05,430.3985056338859,431.6074902002732,421.3069475978982,424.1117858886719,30129938,397.38594512939454,374.65074340820314,377.14415252685546,404.2513052090037,391.68754769516613,12.563757513837572,10.179501654786685,2.384255859050887,63.86789341270423,397.38594512939454,427.00927542511187,367.7626148336772,0.1490909814944338,0.0033177295481880975,0.003312238026414436,0.482873921428607,16.38001773885701
2020-11-06,425.4174746706253,430.30176027751617,421.8872458097437,428.2706604003906,27831424,399.38318786621096,375.6295373535156,376.69900436401366,407.94659062306323,394.3974078955531,13.549182727510129,10.853437869331376,2.6957448581787524,65.0842949130979,399.38318786621096,431.6984865206204,367.0678892118015,0.16182603392526737,0.009806080967555086,0.009758313376967746,0.47042866920021753,15.416281070452802
2020-11-09,435.23440625669036,449.3553506740408,434.26721868723104,447.5177001953125,40995422,402.219465637207,376.654755859375,376.368468170166,414.0344536341785,398.33224436220195,15.702209271976528,11.823192149860407,3.879017122116121,70.10094626557117,402.219465637207,440.72458170937995,363.71434956503407,0.19146321529303456,0.044941298983516065,0.043960710617484106,0.4910440203021193,16.500910345974326
2020-11-10,469.85972246825423,471.0687069636092,457.4797330423089,467.9737243652344,57535138,406.4557479858398,378.3811865234375,376.1798669433594,422.3328029774178,403.4908725105747,18.84193046684311,13.22693981325695,5.61499065358616,74.32346417456975,406.4557479858398,453.80072167320435,359.1107742984753,0.23296496074654574,0.045709977864549556,0.044696059380985385,0.4985887844923876,16.925780375805466
2020-11-11,468.84412684788003,474.4538023765501,456.6092112356506,470.5850524902344,45609279,410.3124069213867,380.2304479980469,375.9808680725098,429.75622597938957,408.4608117683273,21.29541421106228,14.840634692818018,6.454779518244262,74.81248160432376,410.3124069213867,465.1678852216335,355.45692862113987,0.26738396097662626,0.0055800742414373605,0.005564563301878275,0.4951453719366676,17.326470397552068
2020-11-12,465.79756303743744,467.6835611840398,455.8838899464377,461.058349609375,31071572,414.45680847167966,381.8611267089844,375.70449478149413,434.5719373070796,412.35692568247896,22.215011624600663,16.315510079174548,5.899501545426116,69.6042585247707,414.45680847167966,471.56584950449036,357.34776743886897,0.27558500603911795,-0.020244380543848806,-0.020452106316751123,0.4750873307118812,17.772061173272053
2020-11-13,457.1895830720594,471.11707838782104,452.2085433981173,469.617919921875,34815091,418.78255462646484,383.8496649169922,375.45447677612304,439.9636269401251,416.5984808113231,23.365146128801996,17.72543728910004,5.639708839701957,71.52253363109631,418.78255462646484,478.91801104265323,358.64709821027645,0.28719179321988,0.01856504782909152,0.018394820947853347,0.47590207543806834,17.899870583387447
2020-11-14,473.7768602974157,473.7768602974157,468.74747288033177,470.92364501953125,3636073,422.1580383300781,386.0616229248047,375.2547525024414,444.72670664464914,420.62256704896816,24.104139595680977,19.00117775041623,5.102961845264748,71.81474998120456,422.1580383300781,486.11841990085475,358.1976567593015,0.3030162913575371,0.0027803987928600726,0.0027765406339620878,0.4492512373878436,16.936138403626448
2020-11-17,474.4055079398093,476.8234768895535,462.46073542482856,470.4400329589844,36127378,425.63024139404297,388.2474676513672,375.06034790039064,448.68260300070074,424.31274970896936,24.369853291731374,20.07491285867926,4.2949404330521155,71.5220161161153,425.63024139404297,492.23846517713696,359.022017610949,0.3129863308816394,-0.0010269436790051323,-0.0010274713469528318,0.44752126107703155,16.915408923052215
2020-11-18,471.987538108646,482.62660146765234,470.2949598469859,481.3208923339844,29156543,429.37083892822267,390.6064373779297,374.8932664489746,453.70387828274437,428.5355750886001,25.168303194144244,21.093590925772258,4.074712268371986,74.0818622715321,429.37083892822267,499.7533974865572,358.9882803698881,0.32784042220482656,0.02312911022168196,0.022865686456323694,0.4502418751316787,16.880866549263022
2020-11-19,473.92190623470134,477.1619904764891,460.18783102304366,463.0410461425781,31896908,432.5553039550781,392.7564947509766,374.66646087646484,455.1403656457957,431.0915359074133,24.048829738382437,21.684638688294296,2.3641910500881416,63.7192488702978,432.5553039550781,502.9822981047868,362.1283098053694,0.32563232264525754,-0.03797850141672643,-0.03871848076647824,0.4714320123574073,17.37827656521503
2020-11-20,463.766407868883,467.586810313707,452.74047623363845,464.4434509277344,30089190,435.61403198242186,394.8746356201172,374.49551055908205,456.57160953532474,433.5620481311408,23.009561404183955,21.94962323147223,1.0599381727117247,64.13375300889132,435.61403198242186,505.9992288456068,365.2288351192369,0.32315394682247134,0.0030286835191808414,0.003024106296894141,0.4716705763702833,16.352369246318712
2020-11-23,465.990969654465,467.49012813062564,451.1930113149338,452.8855895996094,29513544,438.69935913085936,396.76548767089844,374.1930226135254,456.0045295452147,434.9934215732496,21.011107971965146,21.761920179570815,-0.7508122076056694,58.22925953783679,438.69935913085936,506.2354151696455,371.16330309207325,0.30789220286342306,-0.024885400590831774,-0.025200277035765245,0.46662130836302773,15.481901688843717
2020-11-24,458.44689475673306,464.25002000681826,455.73878144651513,462.50909423828125,23135994,441.9998840332031,398.98034729003905,373.8985139465332,457.00523180568655,437.0316195484371,19.973612257249442,21.40425859510654,-1.4306463378570982,61.414624418934,441.9998840332031,507.2660506703234,376.7337173960828,0.2953220984656073,0.021249306358323006,0.02102668798334848,0.4686778093020806,15.01212542163425
2020-11-25,469.0859704750994,473.8735607431382,455.64206918328426,457.1895751953125,34168305,445.7066314697266,400.93696838378906,373.5653178405762,457.03359232716747,438.5248014482056,18.50879087896186,20.825165051877605,-2.3163741729157437,58.74775306956475,445.7066314697266,505.02704280961126,386.3862201298419,0.2661859041418093,-0.011501436640353191,-0.01156808972644488,0.4483257164263795,15.57862177573989
2020-11-26,459.51080383552255,461.5419035625045,450.51594204923714,459.7042236328125,28707911,449.3529281616211,402.88294860839846,373.26959976196287,457.4444586818821,440.0936475359543,17.35081114592782,20.13029427068765,-2.779483124759828,59.63997176471429,449.3529281616211,502.0133132518586,396.69254307138357,0.23438318430762242,0.005500231356818874,0.005485160321859847,0.4485181659505487,15.765153707560955
2020-11-27,460.76817826961155,463.8148133826231,455.8355154829042,457.8182678222656,48390771,453.25794982910156,404.9014697265625,372.9765417480469,457.50196778040265,441.4065823719774,16.095385408425273,19.323312498235175,-3.227927089809903,58.61602125714862,453.25794982910156,494.5271139715481,411.98878568665504,0.18210012271381823,-0.004102541837973761,-0.004110980350213985,0.4398217653112195,14.829054252280148
2020-12-01,463.9599016248854,472.4711406635117,458.7370649933134,469.1827087402344,20120049,456.52946319580076,407.1366412353516,372.7122578430176,459.299004851146,443.4640732140705,15.834931637075499,18.625636326003242,-2.790704688927743,62.764595429217124,456.52946319580076,491.1056343510003,421.95329204060124,0.1514739965002879,0.024823039438829575,0.024519953235680583,0.39680167363423485,14.193473257490817
2020-12-02,470.39167288327013,471.0203388902489,456.70597489473414,464.6852722167969,21244707,458.29941711425784,409.64649353027346,372.3793035888672,460.1276613689384,445.0360138809391,15.091647487999296,17.918838558402456,-2.8271910704031598,60.192934061646575,458.29941711425784,490.54958044104796,426.0492537874677,0.14073839993014828,-0.00958568259157122,-0.009631920968463107,0.34239636095567155,13.941314175677624
2020-12-03,466.28113405104057,469.0859721047109,463.13777444415337,466.0393371582031,22701738,460.4659164428711,412.11185546875,372.0932582092285,461.03714995190217,446.5918156051809,14.445334346721268,17.22413771606622,-2.7788033693449528,60.71483344109077,460.4659164428711,488.1472841241372,432.78454876160504,0.12023199412936539,0.002913939869336968,0.002909702576038763,0.33464609877021273,13.3161023983034
2020-12-04,467.82863927708763,487.4625351357903,467.15159617179904,485.5765075683594,39547014,463.53915252685545,415.0172863769531,371.8816860961914,464.8124357390494,449.47957056541634,15.332865173633081,16.845883207579593,-1.513018033946512,67.36353168800404,463.53915252685545,487.64309163324924,439.43521342046165,0.1039995822359248,0.04192171958978674,0.04106681535538395,0.3590811602932453,13.495721183152215
2020-12-07,488.4297434490787,498.68190851047666,487.60762807666237,493.700927734375,37778332,466.8106658935547,418.397607421875,371.7310467529297,469.25681912294567,452.75522665200583,16.50159247093984,16.777025060251646,-0.27543258931180503,69.66284556636835,466.8106658935547,488.38823506905766,445.23309671805174,0.09244677018765128,0.016731493470927283,0.016593063988133223,0.36062910827250366,14.072579292083171
2020-12-08,494.71645763065817,495.20005143088366,488.8166073646628,491.7181701660156,19339943,469.0206893920898,421.4877722167969,371.5724278259277,472.7124115911103,455.64137061600655,17.071040975103756,16.835828243222068,0.23521273188168834,68.39638928028133,469.0206893920898,491.3202799056999,446.7210988784797,0.09509000783105406,-0.0040161106795127965,-0.004024196909398649,0.3338723664051423,13.502629477904309
2020-12-09,493.265649342467,498.1015870811186,489.4452467224436,494.7164306640625,21272782,470.3578247070312,424.3603192138672,371.4113911437988,476.0976452946414,458.5358195084552,17.561825786186205,16.981027751814896,0.5807980343713091,69.30512844170548,470.3578247070312,495.4280717733688,445.28757764069366,0.10660074415452923,0.006097518212586195,0.006079003572527562,0.2973064173312383,13.240107959190636
2020-12-10,491.42802521705755,497.52132480373893,482.3848152583432,490.3157653808594,20419020,471.3443603515625,427.2599481201172,371.217712097168,478.28504838482877,460.8898895730777,17.39515881175106,17.06385396380213,0.3313048479489282,66.29213488291467,471.3443603515625,497.95761320268804,444.73110750043696,0.11292488078684323,-0.008895328738720232,-0.00893512837174298,0.3000349808908293,12.811782833080278
2020-12-11,492.5402600971471,499.9392684715248,489.49362521628535,498.5368347167969,25335765,473.2182846069336,430.3684893798828,371.1480744934082,481.4007078205161,463.67855217631615,17.722155644199972,17.1955142998817,0.5266413443182714,69.00322525689118,473.2182846069336,501.97372027643485,444.46284893743234,0.12153138035816263,0.016766887618944182,0.016627875078566945,0.29192614069821704,12.497447774163915
2020-12-14,501.09985462432047,510.48158582648927,501.09985462432047,508.5472106933594,26369591,475.1647491455078,433.3977209472656,371.1231689453125,485.5770928778766,467.0021565109119,18.57493636696472,17.471398713298306,1.1035376536664145,71.96048829719854,475.1647491455078,507.8902503595848,442.4392479314308,0.1377438089543784,0.0200795112406269,0.019880576454758152,0.29297073339373225,12.186564509449669
2020-12-15,506.8062607073669,507.0480575874754,496.2638931216608,501.0514831542969,26969145,476.67114105224607,436.2015966796875,371.09584579467776,487.9577683050182,469.5243288548663,18.433439450151866,17.66380686066902,0.7696325894828462,66.81974026922387,476.67114105224607,511.29332512709476,442.0489569773974,0.14526654161785676,-0.01473949199100455,-0.014849197641395771,0.3005604398747858,12.252199306913221
2020-12-16,502.98588637801146,504.581769489123,494.32957529483787,495.6352844238281,24263586,477.93090362548827,438.75207092285154,371.08182174682617,489.1389246309889,471.45847371182646,17.680450919162467,17.66713567236771,0.013315246794757485,63.300838365388685,477.93090362548827,513.4210838358078,442.4407234151687,0.14851594630561937,-0.010809665099426269,-0.010868514004754191,0.30439924593945866,11.682249495086877
2020-12-17,497.13440798976995,499.552376900226,492.39519482852046,493.65252685546875,23883288,478.5474853515625,441.2232348632813,371.1454144287109,489.8333249732166,473.10247764839255,16.730847324824026,17.479878002858975,-0.7490306780349485,62.01333848363019,478.5474853515625,514.7078014511582,442.38716925196684,0.15112529981441933,-0.004000436673237129,-0.004008459824579836,0.29545399187086235,11.40590810640389
2020-12-18,497.13442675344913,501.24497405637163,492.4435609868694,500.18109130859375,21735833,480.4044876098633,443.7311535644531,371.19885177612304,491.4252890248131,475.1083008824815,16.31698814233158,17.247300030753497,-0.9303118884219153,64.56872873695796,480.4044876098633,517.0235631365058,443.7854120832208,0.15245101355664628,0.013225019822569406,0.013138332704064953,0.258460188635179,11.464630618531276
2020-12-21,497.71470834826346,497.8114625263707,472.1809914867809,478.2742614746094,29157759,481.09602813720704,445.5301226806641,371.1009240722656,489.4020540170894,475.34281648189835,14.059237535191073,16.609687531641015,-2.5504499964499416,51.941989556230695,481.09602813720704,516.9605771028657,445.2314791715483,0.14909517796073035,-0.043797796867272365,-0.044785878742665354,0.30923145656474993,12.418003974286048
2020-12-22,480.98234853273675,485.3346924328504,473.05142846892903,483.8839111328125,32328041,482.6459442138672,447.3919580078125,371.06199478149415,488.5531089579699,475.97549015974386,12.57761879822607,15.803273784958026,-3.225654986731957,54.401025823342934,482.6459442138672,515.9662763871119,449.32561204062256,0.13807360270069913,0.011728939042020547,0.011660688191491674,0.2945244756071577,12.272925400600801
2020-12-23,482.62661470921796,488.91333413929794,480.2569932713908,487.07568359375,19205951,483.8742736816406,449.46851013183596,371.05764266967776,488.3258127480899,476.797726710411,11.528086037678918,14.948236235502206,-3.420150197823288,55.78723165933574,483.8742736816406,515.8532652889588,451.8952820743224,0.1321789288940723,0.006596153307650399,0.006574493882177374,0.2873030406235242,12.466364201125774
2020-12-24,490.12229413871137,499.02043146286394,488.52644057411385,496.69915771484375,17576807,485.84975280761716,451.53345581054685,371.18918014526366,489.61401966605206,478.2719067848134,11.342112881238677,14.2270115646495,-2.884898683410823,59.75935084490645,485.84975280761716,515.6983874644458,456.0011181507886,0.12287187339024046,0.01975765665427942,0.019565007551431826,0.2881673353051308,11.789332050520544
2020-12-28,498.9720698093516,504.0981519064119,496.74749126676363,503.0342102050781,14470472,488.0162521362305,454.0307336425781,371.49070068359373,491.6786643643637,480.10615148261076,11.57251288175297,13.696111828070196,-2.123598946317225,62.16885180340088,488.0162521362305,516.1131229118428,459.9193813606182,0.11514727492218431,0.012754304878188183,0.012673653773621538,0.28971110014597545,11.381731568338463
2020-12-29,505.40383884193494,513.383136072534,500.85804558286276,511.4487609863281,19092649,490.6977767944336,456.59764892578124,371.7960900878906,494.7202176908198,482.4278262606639,12.29239143015593,13.415367748487343,-1.1229763183314123,65.15345912512592,490.6977767944336,516.8276746716259,464.5678789172413,0.10650098334616598,0.01672759150479952,0.016589226226009956,0.29077653857976765,11.820420598584914
2020-12-30,514.2052579879761,515.5109375,507.338191318512,511.400390625,21365141,492.80866088867185,458.75737731933594,372.29467514038083,497.2863981422322,484.57394213950363,12.712456002728572,13.27478539933559,-0.5623293966070175,65.1216540680204,492.80866088867185,518.4365583421111,467.1807634352326,0.10400749616382539,-9.457518527333786e-05,-9.457965778816743e-05,0.28238910016160995,11.785878157357265
2020-12-31,512.7060624837276,520.8304609754287,509.22421114867814,517.49365234375,27817770,495.4490798950195,461.0873309326172,372.7195118713379,500.3952064809272,487.01243919167,13.382767289257174,13.296381777319908,0.08638551193726585,67.28796807156297,495.4490798950195,519.722677939485,471.175481850554,0.09798624734396057,0.01191485542532189,0.0118444323705144,0.2784833222344904,11.53371674888261
2021-01-01,517.9772538185119,519.3796874999999,508.83732013702394,510.19140625,13592625,497.65668334960935,463.1609802246094,373.32206970214844,501.9023141377076,488.72939971450927,13.172914423198335,13.271688306495594,-0.09877388329725889,62.29445455406332,497.65668334960935,518.4497433146532,476.8636233845655,0.08356387309054382,-0.014110793554042322,-0.014211297380780545,0.28704060035910955,11.540625613720932
2021-01-04,514.8339510602137,517.4453694038815,507.0964502093146,514.253662109375,16549750,499.09054107666014,465.4590185546875,374.11733978271485,503.8025215179641,490.62008581783266,13.182435700131464,13.25383778522277,-0.07140208509130552,63.899465293118865,499.09054107666014,520.3264539319593,477.85462822136094,0.08509843848969029,0.007962219295760686,0.007930688089371715,0.2517654067597789,11.426637619783397
2021-01-05,509.3693563865334,522.2329392366254,505.8390981497572,519.6215209960938,23311516,500.3865707397461,467.7860711669922,374.9984475708008,506.2362137453687,492.7683402754816,13.467873469887081,13.296644922155632,0.1712285477314488,65.96134626085836,500.3865707397461,523.3325407884485,477.44060069104376,0.09171297309110511,0.010438153934968053,0.010384052559505202,0.24817637906864917,11.72024644229551
2021-01-06,521.0722612079111,532.5334093727797,518.2673938687116,528.7614135742188,28178838,502.2387329101563,470.5377185058594,376.00504776000975,509.7016291036533,495.43449385316586,14.267135250487456,13.490742987822,0.7763922626654569,69.18828359552202,502.2387329101563,528.0409717574272,476.43649406288534,0.10274890069813314,0.01758951892639904,0.017436613753506615,0.25226180225118294,12.006947964422867
2021-01-07,534.0326856234831,536.2088578403149,522.0395351266308,523.34521484375,21138034,503.6701721191406,473.07465087890625,376.9499900817871,511.8006422944374,497.5019546672832,14.298687627154209,13.652331915688443,0.6463557114657661,65.2411832388662,503.6701721191406,530.8547534673835,476.4855907708977,0.10794596485182574,-0.010243180745465819,-0.01029600314387141,0.2568793890652222,12.50781515313562
2021-01-08,529.051628615732,529.14832376484,518.7510568404906,524.2640380859375,21937965,505.36758575439455,475.89883911132813,378.19790390014646,513.7180878008221,499.48433121681313,14.233756584008972,13.768616849352549,0.46513973465642344,65.59971670166712,505.36758575439455,533.271178523523,477.4639929852662,0.11042889791783896,0.0017556733416619341,0.001754133948738004,0.253124190558555,12.621804714196132
2021-01-11,527.2623336204688,528.084419451692,517.4453560561452,526.8270874023438,19394393,506.7820983886719,478.69981506347654,379.39818389892577,515.734856970287,501.50972056388946,14.225136406397496,13.85992076076154,0.3652156456359563,66.63362821115504,506.7820983886719,536.0619961313771,477.5022006459667,0.11555221794850871,0.004888852048223313,0.004876940418071449,0.24831744787568263,11.38173068374856
2021-01-12,523.248485704408,532.5818695522247,519.4764304939304,530.018798828125,16388310,507.85567779541014,481.7058343505859,380.51576919555663,517.9323864868775,503.62150413901804,14.310882347859433,13.95011307818112,0.3607692696783129,67.92639580007548,507.85567779541014,538.9277879067855,476.7835676840347,0.12236590618129431,0.006058366211803667,0.006040088097746971,0.2402957273436732,11.440457476203774
2021-01-13,533.4039304447089,542.5922121114808,530.2605709271289,538.2398681640625,21920297,509.71509704589846,484.3955828857422,381.60990005493164,521.0566144372136,506.18582740013244,14.870787037081186,14.134247869961134,0.7365391671200516,71.0389385293774,509.71509704589846,543.4127130410257,476.01748105077127,0.1322213769630324,0.01551090141352418,0.01539183700138568,0.23599859342560875,11.72024836302153
2021-01-14,535.870227056857,540.1258757054776,532.5334183474205,535.1448364257812,13330898,511.6905746459961,486.5127557373047,382.6421307373047,523.2240332046855,508.3309391798101,14.893094024875381,14.286017100943985,0.6070769239313965,68.349721902516,511.6905746459961,546.5259606910809,476.8551886009113,0.1361580133430639,-0.005750283324121641,-0.005766879857034565,0.23253292727323965,11.409370469374617
2021-01-15,531.9531744575852,532.9203620475081,523.7320799432407,525.182861328125,15708956,513.2670913696289,488.5622259521484,383.75246200561526,523.5253913775223,509.5792297093149,13.946161668207367,14.218046014396663,-0.2718843461892959,60.421337683015224,513.2670913696289,547.5142029851997,479.0199797540581,0.13344752543625588,-0.01861547457729762,-0.018790923310132056,0.2446291916263197,11.696067775872645
2021-01-18,526.6336219953223,530.4056770606078,511.5455197990673,515.6560668945312,21580313,514.0408401489258,490.39311157226564,384.765107421875,522.3147260724468,510.0293657971087,12.285360275338064,13.831508866584944,-1.5461485912468795,53.97349406037,514.0408401489258,547.737934103079,480.3437461947725,0.13110667994547162,-0.018139956832371906,-0.0183065030174876,0.25280500031480335,12.148572545291882
2021-01-19,521.3140339976256,529.7769241599248,516.3814016302889,528.5195922851562,20575358,516.5531066894531,492.3980902099609,385.9030033874512,523.2693208744021,511.3990122036308,11.870308670771294,13.439268827422215,-1.5689601566509204,60.15625197746884,516.5531066894531,546.280831192028,486.82538218687813,0.11510036090227979,0.024945940165300273,0.024639869897354047,0.20145869598073227,12.573437622713707
2021-01-20,528.5196575001761,536.4022007473827,528.0844112887789,532.9203491210938,16097138,519.0049285888672,494.10614318847655,387.1813835144043,524.7540944508162,512.9931853086281,11.760909142188098,13.103596890375393,-1.342687748187295,62.035169629226154,519.0049285888672,545.2753253500364,492.734531827698,0.1012337082524295,0.008326572751844452,0.008292098083303839,0.20032903225359133,12.338547596417511
2021-01-21,536.7890947725659,542.5922201214586,531.6630125208662,534.5645751953125,18189277,521.3793731689453,495.4379602050781,388.27720703125,526.2633991807387,514.5910660409751,11.672333139763623,12.81734414025304,-1.1450110004894167,62.74211299769082,521.3793731689453,543.8011739733364,498.9575723645543,0.08600954298637198,0.00308531298707293,0.0030805631762197963,0.2003255736362602,12.366179041961535
2021-01-22,534.9514378749004,535.3383365278268,513.1897168778343,516.2847290039062,24515997,522.3586517333985,496.3519537353516,389.3162083435059,524.7282191535337,514.7165225567478,10.011696596785896,12.256214631559612,-2.2445180347737157,51.3040927116534,522.3586517333985,541.7475476488856,502.9697558179113,0.0742359520652982,-0.03419576799440438,-0.03479412368690385,0.2351867034473112,13.20901478877765
2021-01-25,518.9444823072852,524.5058108715461,513.7700523865595,520.395263671875,23415249,523.2267044067382,497.53869201660154,390.2609088134766,524.0616106178938,515.1371700467572,8.924440571136643,11.589859819475018,-2.6654192483383756,53.3629818313828,523.2267044067382,540.4008259813168,506.0525828321597,0.06564696117355645,0.007961759155455495,0.00793023158375929,0.23289514045664833,12.804866031500394
2021-01-27,520.1534474912922,521.5075336610132,502.06702867686676,505.21038818359375,28049286,522.9147857666015,498.25054138183594,391.18795806884765,521.1614225510784,514.401852871708,6.759569679370429,10.6238017914541,-3.8642321120836716,45.679479210446,522.9147857666015,541.1814449581973,504.6481265750058,0.06986476454214822,-0.02917950363563604,-0.029613692492691794,0.2502340874594924,13.174472422934558
2021-01-28,497.7147055076258,512.4643161160386,495.2000414103171,510.9168395996094,29836591,522.890608215332,499.0504052734375,392.15949798583983,519.5853328662371,514.1437037404414,5.441629125795657,9.587367258322413,-4.1457381325267555,48.670541188362726,522.890608215332,541.2226004192044,504.5586160114597,0.07011788667018094,0.01129519809862245,0.011231883668519184,0.2537173781788628,13.395540422365801
2021-01-29,515.8494416360832,527.0688523192382,512.0774457168937,519.3796997070312,33172808,522.9849105834961,500.0291986083984,393.10250564575193,519.55369699559,514.5315552935222,5.02214170206787,8.674322147071505,-3.6521804450036353,52.819681105744934,522.9849105834961,541.2191507487197,504.75067041827253,0.0697314197645954,0.01656406571772817,0.016428377892380053,0.25710899642192875,13.806593693457188
2021-02-01,533.8874929379452,589.452425884442,532.9203054507387,583.98779296875,69354326,526.6747299194336,502.08253662109377,394.20630828857423,529.4666348376146,519.6764617879835,9.790173049631107,8.897492327583427,0.8926807220476807,71.65628520188476,526.6747299194336,558.6770267611995,494.6724330776677,0.12152584896815292,0.12439472181558608,0.11724486581615719,0.5048244048257619,18.051855320733186
2021-02-02,592.8860191274805,603.5250830922477,579.0552477797728,597.09326171875,42362384,530.8167098999023,504.7635809326172,395.4445504760742,539.8707312808662,525.4110395606328,14.459691720233309,10.009932206113405,4.449759514119904,73.92998603149162,530.8167098999023,575.126777656951,486.5066421428536,0.16695053840865112,0.022441340226269535,0.022193238317293817,0.5077099719387757,18.86359791031751
2021-02-03,602.9446711821305,606.9101160565374,593.8530856712573,601.9290771484375,27155908,534.9320877075195,507.51329345703124,396.8493899536133,549.4181691066464,531.0790423449147,18.339126761731677,11.67577111723706,6.663355644494617,74.73534906951843,534.9320877075195,589.064430074455,480.7997453405839,0.20238958780327662,0.008098928156997642,0.008066307846360954,0.5076262209177008,18.89814198902639
2021-02-04,598.4956777203032,610.9240738547344,589.017251004875,607.6839599609375,29982222,538.8782150268555,510.6092608642578,398.263176574707,558.3821369303835,536.7534806868423,21.628656243541172,13.666348142497885,7.962308101043288,75.69752051982228,538.8782150268555,601.8941597239726,475.86227032973846,0.23387824165048726,0.00956073237027022,0.009515317803432908,0.5063794268865655,19.920596667012266
2021-02-05,607.6839602021124,614.4542734347405,590.9516264479638,593.998291015625,32015570,542.4108688354493,513.2390447998047,399.52632385253906,563.8615452511898,540.9938370074929,22.86770824369694,15.506620162737697,7.361088080959242,68.97058446217643,542.4108688354493,609.5472577958101,475.27447987508845,0.2475480961674016,-0.022521030415534105,-0.0227785018456512,0.5138853003361876,20.7841602744577
2021-02-08,601.9291138068694,613.1485241665923,601.9291138068694,608.9412231445312,18230551,546.6447280883789,516.2740777587891,400.9517161560059,570.7968803117038,546.0269767213475,24.769903590356307,17.35927684826142,7.4106267420948875,71.9062087567006,546.6447280883789,619.4069496731856,473.8825065035722,0.26621393327712795,0.02515652377274802,0.024845307051733018,0.5175244512697464,20.80487998084533
2021-02-09,610.6338621221892,622.0950704979593,607.9740962462539,612.5682373046875,27155615,550.9317855834961,519.3313580322266,402.33213455200195,577.223242926009,550.9559589867802,26.267283939228832,19.140878266454905,7.126405672773927,72.58420278317057,550.9317855834961,628.7084052242091,473.15516594278307,0.28234573381290456,0.005956263137231188,0.005938594725710049,0.517453362949488,20.80488833701047
2021-02-10,612.5681705304688,617.2590652561544,605.8462647299784,611.4075927734375,23967387,555.0012252807617,522.40314453125,403.64896041870117,582.4823736717672,555.4338577857918,27.04851588597535,20.722405790358994,6.326110095616354,71.98552197490801,555.0012252807617,636.5938921652025,473.4085583963208,0.2940269792851902,-0.0018947187604059224,-0.0018965160105442857,0.5186276513988265,21.025960556122765
2021-02-11,606.18485376823,612.8100654936029,603.6217829075667,609.9569091796875,16072702,558.587077331543,525.218628540039,404.90727172851564,586.7092252883702,559.4726023334878,27.236622954882478,22.025249223263692,5.211373731618785,71.19509554102724,558.587077331543,643.3213281905809,473.85282647250517,0.30338779501962876,-0.0023726947635202,-0.002375514064183447,0.5189174750929407,20.901608769368753
2021-02-12,609.2314742026796,628.5752256105127,608.7478804174838,626.3506469726562,19049709,563.1473678588867,528.4519360351562,406.20064331054687,592.8079055474911,564.4265315660188,28.381373981472393,23.296474174905434,5.084899806566959,74.59057497137503,563.1473678588867,652.2728627570451,474.0218729607282,0.31652636586766925,0.026876878589696007,0.026522039231650023,0.5214063836252643,20.735803451014213
2021-02-15,633.5079030541306,654.5925817615034,630.6063401393787,651.8361206054688,27155194,569.4800308227539,532.1678717041016,407.8250354003906,601.8891694025647,570.9013159393113,30.987853463253373,24.834750032575023,6.15310343067835,78.77859062270664,569.4800308227539,665.0153860279172,473.9446756175905,0.33551784095796666,0.04068882782510341,0.039882828353840535,0.5231636088681747,21.986244615575682
2021-02-16,651.3041452267947,657.1072707534994,628.2366858386765,636.7479248046875,24966739,575.5346237182617,535.1913000488281,409.40880493164065,607.2520548490451,575.7788425219317,31.4732123271134,26.1624424914827,5.310769835630701,71.28732709414915,575.5346237182617,672.0508432578877,479.0184041786358,0.3353967443907353,-0.023147222628237207,-0.023419326756884955,0.5271938818910618,22.65982175348114
2021-02-17,633.3143842829531,643.1313613478358,628.0432004259342,635.7807006835938,21684753,580.8976791381835,538.0328955078126,410.93671920776364,611.6410772851295,580.2234246079807,31.417652677148794,27.21348452861592,4.204168148532876,70.82239240321643,580.8976791381835,678.3299631564913,483.4653951198758,0.33545420309772195,-0.001519006318537186,-0.0015201611782760499,0.526345639140722,22.50438505463686
2021-02-18,628.6719275027538,630.9932013095881,616.6787778881848,623.4974975585938,27845347,585.4265365600586,540.6684820556641,412.4257046508789,613.4651419425855,583.4289114932113,30.036230449374216,27.77803371276758,2.258196736606635,65.0225913945794,585.4265365600586,681.8845412709113,488.9685318492059,0.3295306880949943,-0.01931987415124914,-0.01950894206018484,0.5364096252581687,22.715092917192585
2021-02-19,614.6477354005381,614.6477354005381,598.6891395954887,603.5734252929688,24055811,588.8769790649415,542.8456219482422,413.8104754638672,611.9433393811061,584.9210977006009,27.022241680505203,27.626875306315107,-0.6046336258099032,56.885073094476894,588.8769790649415,682.5718433661685,495.18211476371437,0.3182154087599149,-0.03195533637847936,-0.03247705266510524,0.5551062407121203,19.481923759027893
2021-02-22,601.5907088445284,608.6511667720662,587.373038806504,589.83935546875,27092321,592.5547103881836,544.83609375,415.2114468383789,608.5427264715128,585.2854130908341,23.257313380678625,26.752962921187812,-3.495649540509188,52.04947819740421,592.5547103881836,679.8047845292713,505.3046362470959,0.29448782571968757,-0.022754596621864742,-0.023017477949569334,0.5453417117398227,19.25394466281984
2021-02-23,594.5785688013192,602.6062139627861,589.065587751776,596.0776977539062,23534585,596.3388320922852,546.7869110107422,416.6385321044922,606.6250297457271,586.0848415843951,20.540188161332026,25.510407969216658,-4.970219807884632,53.96376083370625,596.3388320922852,676.7047943516063,515.9728698329641,0.2695312058661451,0.010576341214462603,0.010520802968808607,0.5454680558254471,19.28848722180056
2021-02-24,594.9170279499745,623.8359588003635,594.9170279499745,620.0639038085938,17762047,602.0815078735352,549.0172448730468,418.10406311035155,608.692548832322,588.6018091565579,20.090739675764098,24.426474310526146,-4.335734634762048,60.494306311561466,602.0815078735352,670.5653695345441,533.5976462125263,0.2274903340010689,0.04024006626161403,0.03945151945931613,0.5394382869233868,19.78935207898125
2021-02-25,621.6114680275654,627.1244490272395,605.749568139458,607.393798828125,38571809,606.9053558349609,551.1440911865234,419.5577459716797,608.4927411393686,589.9938083914889,18.498932747879735,23.240965997996867,-4.742033250117132,55.97716327124802,606.9053558349609,660.2750105750496,553.5357010948723,0.17587471992783588,-0.020433547095139226,-0.02064520019809574,0.5507057725810959,19.637368786195882
2021-02-26,594.820400415131,594.820400415131,571.511201832981,578.1364135742188,57349273,609.8431915283203,552.7941137695312,420.88787094116213,603.8225368985762,589.1154828494689,14.707054049107342,21.534183608218964,-6.827129559111622,47.210609006899176,609.8431915283203,646.9030697073632,572.7833133492774,0.12153904050701177,-0.048168725644473165,-0.04936749271818867,0.5860756934870485,20.832537632208503
2021-03-01,587.6148115351774,591.7737063871841,580.506006324913,588.3885498046875,21527318,610.0632293701171,554.6888342285156,422.38628616333006,601.4480773456703,589.0616359572629,12.386441388407434,19.70463516425666,-7.3181937758492275,50.15632989026165,610.0632293701171,646.5241555192368,573.6023032209974,0.11953163014517418,0.01773307473765029,0.017577678184212776,0.3896647811773632,20.797988958012784
2021-03-02,589.9843628029663,596.2710814229979,579.3453005229128,590.4679565429688,24051433,609.7319641113281,556.4945715332032,423.88639373779296,599.7588279914086,589.1658078525003,10.593020138908287,17.882312159186988,-7.289292020278701,50.75653994224894,609.7319641113281,646.8043139075227,572.6596143151336,0.12160212020449587,0.003534070707139847,0.003527840553479231,0.3813394704792977,21.19177327043487
2021-03-03,597.7218718298362,612.9550748740431,593.7080201131486,611.3591918945312,21036174,610.2034698486328,559.1562701416016,425.46508544921875,601.5434993611198,590.8097622259841,10.733737135135698,16.45259715437673,-5.718860019241031,56.432799705169934,610.2034698486328,647.0974068467523,573.3095328505134,0.12092339300289905,0.03538081130409698,0.034769292673500686,0.40107863112479103,22.14169010936617
2021-03-04,598.4473386312079,610.1986918027633,595.5941233516484,600.3817138671875,25057198,609.8383575439453,561.4862261962891,426.9949346923828,601.364763131284,591.518795680888,9.84596745039596,15.131271213580575,-5.285303763184615,52.97718198415204,609.8383575439453,646.9809706365131,572.6957444513775,0.12181133781796027,-0.017955856676213244,-0.018119019169788468,0.40523416625819964,21.851527491498594
2021-03-05,593.0794068609233,594.5301881599802,581.7633009217916,589.4524536132812,26645968,609.6110656738281,563.5337615966797,428.5346974182129,599.5321001285143,591.3657333055097,8.166366823004637,13.73829033546539,-5.571923512460753,49.71326391901186,609.6110656738281,647.2145908429818,572.0075405046744,0.12336890613226979,-0.01820385265152158,-0.018371581435472198,0.40237329482845163,21.16413307410922
2021-03-08,591.5319541218602,595.7876034739398,581.424890217459,588.0984497070312,19632433,608.5689270019532,565.3617474365234,430.05971069335936,597.7730769867477,591.123712298215,6.649364688532728,12.320505206078858,-5.67114051754613,49.30795957450577,608.5689270019532,647.3862919331051,569.7515620708012,0.1275693293194621,-0.0022970536435128475,-0.0022996959183068945,0.39118180683223497,20.127856527084784
2021-03-09,594.6752556001715,607.7322878346637,592.2089390957008,604.5889282226562,23056249,608.1699615478516,567.392841796875,431.5407164001465,598.8216694845798,592.1211357000254,6.700533784554409,11.196510921773967,-4.495977137219558,54.20491218967516,608.1699615478516,646.9782747773264,569.3616483183768,0.12762324903618688,0.028040336654245435,0.027654404253694677,0.40436125026201003,20.45254775606556
2021-03-10,608.1191741716692,609.8117523900396,601.3972088693664,605.072509765625,15838994,607.8532073974609,569.2653167724609,432.98545272827147,599.7833372201253,593.0804967419217,6.702840478203598,10.297776833059894,-3.594936354856296,54.34419683998525,607.8532073974609,646.6536682531353,569.0527465417865,0.12766391748362912,0.0007998518007770183,0.0007995320897949932,0.40433763427524805,19.68916352215586
2021-03-12,610.7306308056782,617.0656978723295,588.3885614977289,592.7409057617188,21757862,606.9924072265625,570.8921270751953,434.34386779785154,598.6998862265243,593.0553418544993,5.644544372025052,9.367130340852926,-3.7225859688278735,50.154978933322006,606.9924072265625,646.3561533931403,567.6286610599847,0.12970095077938965,-0.020380373930197093,-0.020590919325517248,0.4106172224599552,19.965504837262674
2021-03-15,591.8220919937933,592.7408729504853,571.220949725329,583.6976928710938,24347946,604.8597595214844,572.2162078857422,435.6217643737793,596.391856479535,592.3621826705433,4.029673808991674,8.299639034480675,-4.269965225489001,47.27681294538207,604.8597595214844,644.4287132722625,565.2908057707064,0.1308367869672196,-0.015256603353540732,-0.015374182767761145,0.3996139864371799,19.98277827089322
2021-03-16,586.9377808972519,587.0828826525666,574.1709515976513,575.4282836914062,17925629,601.0393676757812,573.5209454345703,436.81406494140623,593.1666914352076,591.1078197832,2.0588716520076105,7.051485557986063,-4.992613905978453,44.7480269060284,601.0393676757812,635.9968166106838,566.0819187408787,0.11632332527595654,-0.01416728090702557,-0.014268594865042443,0.36566950875741117,19.9378714740293
2021-03-17,577.9429530608669,583.8428329882277,567.7391354315761,570.1571044921875,20214082,597.7098266601563,574.6390142822265,437.9391459655762,589.6267549824353,589.5559149468287,0.07084003560657948,5.655356453510167,-5.584516417903587,43.163151865780314,597.7098266601563,630.9917377603646,564.427915559948,0.1113647780769433,-0.009160445095614422,-0.009202659975281958,0.36028236106314276,19.022497667333766
2021-03-18,575.2347873875159,581.6666081188232,556.6164273081386,559.6146850585938,22776537,593.9015258789062,575.4388775634766,439.0550382995605,585.0095134556905,587.3380460662187,-2.328532610528214,4.05857864070249,-6.387111251230704,40.103836488614874,593.9015258789062,626.2590415558277,561.5440102019847,0.10896592875068326,-0.018490376337559455,-0.01866346025771444,0.36296948099953913,19.285019090398276
2021-03-19,556.3262649856949,569.5767456179047,551.2968781504658,567.4005737304688,29162618,591.0966796875,576.2116607666015,440.16464401245116,582.3004458056564,585.8611962635705,-3.5607504579140823,2.534712820979176,-6.095463278893258,43.300123670614155,591.0966796875,622.358991218279,559.834368156721,0.10577732071615331,0.013912945603026472,0.01381704902095927,0.36608631011816717,18.027681266990776
2021-03-22,567.5940061441214,567.5940061441214,550.8133252903946,554.6337280273438,21755401,588.6496948242187,576.8374310302735,441.1978421020508,578.044027685916,583.5480504682944,-5.5040227823783425,0.9269657003076726,-6.430988482686015,39.571179459345615,588.6496948242187,623.2799236184544,554.019466029983,0.11765988872066563,-0.022500586524238586,-0.02275758714759274,0.35811629666431555,18.252208984188023
2021-03-23,557.099979203916,569.9152131005337,555.4557487088057,567.1587524414062,29486417,587.5156646728516,577.6953253173829,442.3480699157715,576.3693699559915,582.3340283922286,-5.964658436237073,-0.45135912700127667,-5.513299309235796,44.61083892056597,587.5156646728516,623.4430047079493,551.5883246377539,0.12230257743035072,0.02258251487627705,0.022331304824322114,0.3627178957023815,18.13475928226694
2021-03-24,560.968812379543,561.5007537572067,546.4609982662789,548.8789672851562,24434219,585.155728149414,578.1363629150391,443.38537857055667,572.1400772374014,579.8558757176306,-7.715798480229182,-1.904246997646858,-5.811551482582324,39.44094559876074,585.155728149414,624.73050835931,545.5809479395181,0.1352623867668639,-0.03223045589539497,-0.032761294321840564,0.3751009621675192,18.006947556842153
2021-03-25,549.4592117255838,560.0015794068414,538.8201489043831,552.7960205078125,27170186,581.792333984375,578.5919073486328,444.4990950012207,569.1640685097724,577.8514419983848,-8.687373488612366,-3.2608722958399596,-5.426501192772406,41.01830800893199,581.792333984375,620.2948202492818,543.2898477194682,0.13235817667525623,0.007136460779378462,0.007111116749497609,0.34028114679571286,18.39383055395468
2021-03-26,565.3211229435119,565.3211229435119,555.4557981275727,559.5663452148438,20724410,579.4009613037109,579.0184368896485,445.6323970031738,567.687495695168,576.4969903847891,-8.809494689621147,-4.370596774596198,-4.438897915024949,43.745671697491424,579.4009613037109,617.1418596541962,541.6600629532256,0.13027558071551842,0.012247419402208859,0.012173026558851068,0.3410397029858732,17.95859408897636
2021-03-30,562.9031566253199,573.6389148655057,562.9031566253199,572.0430908203125,28011943,579.0962951660156,579.7564019775391,446.89143341064454,568.3575872528825,576.1670718985316,-7.80948464564915,-5.0583743488067885,-2.751110296842361,48.474210802909504,579.0962951660156,616.9782890484423,541.2143012835888,0.13083141508120585,0.022297169428011854,0.022052221949855257,0.3099573726590762,17.937869545703588
2021-03-31,566.7718717357828,570.3021297034271,560.0015592747752,562.9998168945312,20119972,577.8268585205078,580.5127410888672,448.0479475402832,567.5333148900593,575.1917196760131,-7.658404785953849,-5.578380436236201,-2.0800243497176476,45.48957096352604,577.8268585205078,616.0973285599777,539.556388481038,0.1324634515517647,-0.01580872852220483,-0.015935019236410556,0.3068565794600461,17.39556193269679
2021-04-01,568.271031156345,576.5404728726753,561.1622263023376,574.8963012695312,15631940,577.0482757568359,581.6975457763672,449.26878005981445,568.6660820253627,575.1698368310886,-6.503754805725862,-5.763455310134133,-0.7402994955917288,49.862954432612234,577.0482757568359,614.8668291265341,539.2297223871377,0.1310758734010485,0.021130529740880144,0.020910376007018335,0.31726587700860337,17.892969293387118
2021-04-05,572.5751265043764,572.5751265043764,545.0102766642163,552.5059814453125,23260127,574.105615234375,582.1772735595703,450.32905990600585,566.179912705355,573.4910327284384,-7.31112002308339,-6.0729882527239845,-1.2381317703594057,42.88857021312097,574.105615234375,609.7812131897396,538.4300172790105,0.12428235156975498,-0.03894671051940091,-0.039725419436249805,0.3134476791344131,17.979318452723856
2021-04-06,555.842658952547,559.5179595858626,545.8806396721993,547.3314208984375,23284697,571.4531005859375,582.4654949951172,451.3064027404785,563.28014473506,571.5532837039939,-8.273138968933836,-6.513018395965956,-1.76012057296788,41.445770848576906,571.4531005859375,606.7898618790771,536.1163392927979,0.12367335572038082,-0.009365619053279262,-0.009409752235932854,0.310154305100195,17.416273015386253
2021-04-07,547.9601054160856,560.968790025758,541.0447497171314,558.6959228515625,23984399,569.9152740478515,582.9481219482421,452.3224334716797,562.5748798299065,570.6008866038137,-8.02600677390717,-6.815616071554199,-1.2103907023529707,45.76131113068247,569.9152740478515,604.6252983359694,535.2052497597336,0.1218076646431608,0.020763474412761385,0.020550851632760103,0.31795261510291434,17.917137962079924
2021-04-08,562.9031204765378,566.6267687086387,554.4885774876686,557.7770385742188,19262565,568.399203491211,583.7779681396485,453.29228057861326,561.8367504059546,569.6509719349548,-7.814221529000179,-7.015337163043396,-0.7988843659567824,45.469506457116736,568.399203491211,602.4068557836142,534.3915511988077,0.11966115393379184,-0.0016446947968651315,-0.0016460487921622182,0.3179661529355345,17.63388750953124
2021-04-09,555.1173471325743,560.001632814362,546.4610061141875,547.6216430664062,23239564,565.5508392333984,584.322495727539,454.3469987487793,559.6498108152549,568.0191697965438,-8.369358981288883,-7.286141526692495,-1.0832174545963884,42.26202062632676,565.5508392333984,596.1697849705506,534.9318934962462,0.10828008240127823,-0.018206908505541186,-0.018374693954077575,0.3010719599932242,16.81177650163766
2021-04-12,533.3071782073054,533.8391194929959,513.7216325407562,520.8787841796875,26601702,561.3411529541015,584.635863647461,455.25397857666013,553.685037486706,564.5272893804803,-10.842251893774232,-7.997363600108843,-2.84488829366539,35.21686118887757,561.3411529541015,592.2311790072216,530.4511269009814,0.1100579420929997,-0.04883455434115458,-0.05006726136923124,0.33817057790658805,17.92750100579559
2021-04-13,523.2485286128166,545.3003956462012,520.2018638443274,542.2053833007812,25445897,558.8143768310547,585.2616345214843,456.2767796325684,551.9189368427176,562.8738148560582,-10.95487801334059,-8.588866482755193,-2.3660115305853964,43.33005442771198,558.8143768310547,587.0426246195716,530.5861290425378,0.10102906782246622,0.04094349735261393,0.040127510880817875,0.37467013162959006,18.52163321637752
2021-04-15,547.3798090534764,557.8254228504287,535.9670077006499,556.3262939453125,37614884,557.4458068847656,586.00056640625,457.3992007446289,552.5969917815784,562.3888133071141,-9.791821525535738,-8.829457491311302,-0.9623640342244357,47.97585504783054,557.4458068847656,583.1342758854146,531.7573378841166,0.09216490171199462,0.02604347186405165,0.02571011608885172,0.38695551846039916,18.991413936133863
2021-04-16,555.7459959464757,558.7926606343113,545.5905256969555,548.3470458984375,24045008,556.0917449951172,585.2877514648437,458.44134536743167,551.9431539534028,561.3486823879529,-9.405528434550092,-8.944671679959061,-0.46085675459103115,45.696186662862594,556.0917449951172,580.6178262597723,531.5656637304621,0.08820875866398788,-0.014342748372161873,-0.014446599793503191,0.38702849878791584,18.456012562007327
2021-04-19,531.9531010111937,543.8494949182292,516.8650003045784,541.3831787109375,28526176,554.6530487060547,584.1735498046875,459.38773818969725,550.3185423776389,559.8697561896554,-9.551213812016499,-9.06598010637055,-0.4852337056459497,43.7426255707645,554.6530487060547,579.0806939145959,530.2254034975135,0.08808261404324108,-0.012699744148507386,-0.012781075222163004,0.3880844426676936,19.19177078282167
2021-04-20,546.6543958688338,553.8599546697744,534.4677977473423,540.7545166015625,24425842,553.7100402832032,582.95005859375,460.3367907714844,548.8471537967041,558.4538125164634,-9.606658719759253,-9.17411582904829,-0.4325428907109625,43.56157408598393,553.7100402832032,578.7789467998492,528.6411337665571,0.09054886020785965,-0.001161214707246505,-0.0011618894394345384,0.383342214285645,19.682274674731154
2021-04-22,533.887495728224,561.5490343939207,528.9548631306675,560.1950073242188,34942633,553.3497619628906,582.0002795410156,461.3919921875,550.5929774163217,558.5827899096304,-7.989812493308705,-8.937255161900374,0.9474426685916697,50.39858026299665,553.3497619628906,577.7894446781506,528.9100792476306,0.08833357993528515,0.035950676556216976,0.03531953320220195,0.40254469911656154,21.005246218487667
2021-04-23,551.2001875870606,561.4523516177502,548.4436677539687,551.24853515625,33749097,553.1805023193359,581.1452844238281,462.3983506774902,550.6938324532338,558.0395117797503,-7.345679326516574,-8.618939994823615,1.2732606683070404,47.54416236860117,553.1805023193359,577.629631211392,528.7313734272798,0.08839476008119436,-0.015970281867919045,-0.016099181032194522,0.3984212180943495,21.07432852693368
2021-04-26,582.2469587226377,585.6321154593971,568.7063317755996,571.70458984375,62584522,553.4077941894532,580.4005517578125,463.43831909179687,553.9262566671594,559.051739784491,-5.125483117331669,-7.920248619325227,2.7947655019935578,53.96435721363919,553.4077941894532,578.4806423775855,528.3349460013209,0.0906125589534031,0.03710858783815496,0.036436637206164364,0.41243419231524525,22.431852364991496
2021-04-27,573.7841053239986,582.1986501542038,571.7046281476858,579.1036376953125,24239685,554.9190277099609,579.731259765625,464.5496179199219,557.7996999022598,560.537065555663,-2.7373656534032307,-6.883672026140828,4.146306372737597,56.05924396676256,554.9190277099609,582.372974670137,527.4650807497849,0.09894757825649969,0.01294208229740601,0.012859049197086247,0.3953848416046293,21.046712058215707
2021-04-28,578.3781688725504,602.3644088855251,578.3781688725504,600.9619750976562,33292864,557.3273254394531,579.5223474121094,465.7634382629395,564.4400499323208,563.5315032995144,0.9085466328064058,-5.325228294351382,6.233774927157787,61.61623709554643,557.3273254394531,591.6005744922791,523.0540763866272,0.12299145399268348,0.03774512190829005,0.03705020729750584,0.41413704104306026,21.78592063673795
2021-04-29,602.1225373710332,607.8289669596686,589.0171591825718,601.0586547851562,34537860,559.4019409179688,579.3443823242187,467.02610107421873,570.0736814481417,566.3112922984509,3.7623891496907618,-3.507704805542953,7.270093955233715,61.63934503092754,559.4019409179688,598.874648270184,519.9292335657535,0.14112467070615176,0.00016087488311433695,0.00016086194413801402,0.4133634012822013,21.706475455914383
2021-04-30,590.0811197457465,596.1260421289493,578.4748687699971,580.796142578125,23653258,559.8395935058594,578.4332922363282,468.2200939941406,571.7232908527545,567.3842441710193,4.339046681735226,-1.9383545080873175,6.277401189822544,54.265707262261614,559.8395935058594,600.08890045042,519.5902865612987,0.14378871166474366,-0.0337113725020296,-0.034292703167552376,0.4278668294811444,22.452589369785034
2021-05-03,573.1069898029775,579.2002597619761,568.2227043212583,577.169189453125,18010557,560.548062133789,576.9399536132812,469.43488159179685,572.5611214066577,568.1090549326567,4.452066474000958,-0.6602703116696625,5.11233678567062,53.04255215680895,560.548062133789,601.523847532901,519.5722767346771,0.14619900831744212,-0.006244795478324128,-0.0062643757727931645,0.42418349940678324,22.383504480977333
2021-05-04,577.0725238825328,588.0500798858435,569.6735148894109,572.1398315429688,15115127,560.4102386474609,575.6477917480469,470.6233134460449,572.4963075814748,568.4076309778651,4.088676603609656,0.28951907138620114,3.7991575322234548,51.31529047004302,560.4102386474609,601.2009456478843,519.6195316470375,0.14557445309661343,-0.008713836431431199,-0.008752023905552601,0.4191410928223101,21.27468694317609
2021-05-05,575.7667234251652,584.9550049381851,565.5145592446672,583.0206298828125,17253943,561.9359710693359,574.5925903320312,471.8717106628418,574.1154340893729,569.4900753411946,4.625358748178314,1.1566870067446238,3.4686717414336905,54.7484948561419,561.9359710693359,603.7516915204271,520.1202506182447,0.14882734903593384,0.019017725632735516,0.018839149214648118,0.39747998027434833,20.870537935436378
2021-05-06,583.0206934415803,590.8065420817512,579.5871891504744,588.2435302734375,16949763,563.981576538086,573.8875109863282,473.10197341918945,576.2889873484597,570.8792201509904,5.409767197469364,2.007303044889572,3.402464152579792,56.34006514804431,563.981576538086,606.7803431605397,521.1828099156322,0.15177363376005074,0.008958345765011533,0.008918457828546649,0.3952414929923684,20.110604919829093
2021-05-07,591.9188082591196,594.6269217191755,583.8911630254934,587.1795654296875,10941083,565.4057586669921,573.5596337890624,474.28242584228514,577.9644608994179,572.0866531345976,5.877807764820318,2.7814039888757214,3.0964037759445966,55.90867303816774,565.4057586669921,609.344426866416,521.4670904675683,0.1554234902135212,-0.001808714909716791,-0.0018103526095818174,0.39056569978185396,19.934435188138114
2021-05-10,590.9516354734636,596.7547611900607,590.9516354734636,593.1278076171875,12060808,567.1732971191407,573.6254028320312,475.4162117004395,580.2972834713825,573.645257170345,6.652026301037495,3.555528451308076,3.0964978497294187,57.85170913814565,567.1732971191407,612.637480729764,521.7091135085174,0.16031849116152266,0.010130192768454283,0.010079226276938878,0.39103397713885635,18.369660200031976
2021-05-11,586.5026053546546,592.7893249808435,583.4559406920607,589.83935546875,13818480,569.2841827392579,573.5006359863281,476.52243240356444,581.7652945479006,574.8448200072638,6.9204745406367465,4.228517669173811,2.691956871462936,56.37265604284919,569.2841827392579,614.8463513072658,523.72201417125,0.16006827503540944,-0.005544255565505196,-0.005559681995528727,0.38429405174726233,17.675353771653022
2021-05-12,583.4075489478822,586.744357841801,573.7356733321429,575.2348022460938,14785569,572.0019836425781,572.6040539550781,477.50170974731446,580.7606034245457,574.8737075805105,5.886895844035166,4.560193304146082,1.3267025398890846,50.2305547086587,572.0019836425781,611.48596213818,532.5180051469763,0.13805539010254148,-0.024760221723506226,-0.02507191178180973,0.3482028270885018,16.497461691178298
2021-05-14,572.5750286399276,582.1985565527799,571.70453623341,577.7011108398438,12675754,573.7767700195312,572.0102001953124,478.5438543701172,580.2899122576684,575.0831448589796,5.206767398688839,4.689508123054633,0.5172592756342063,51.19757089363255,573.7767700195312,610.7314277986071,536.8221122404553,0.12881196907925693,0.00428748153644376,0.00427831647483091,0.3215934120421477,16.317842866577475
2021-05-17,583.455938899069,604.0086760753728,581.4732160603153,603.13818359375,20453101,576.1173645019531,572.5102355957031,479.82586151123047,583.805030924758,577.1612958763701,6.643735048387839,5.0803535081212745,1.5633815402665645,59.86021354884574,576.1173645019531,614.3268365053231,537.9078924985832,0.13264475038485105,0.04403154551135735,0.0430897050109999,0.34397445977902424,15.740984647461898
2021-05-18,607.3938303020267,614.6477375110477,605.4594550462878,612.4232177734375,19242627,579.3211730957031,572.9909289550782,481.1852436828613,588.2078289014779,579.7732900909676,8.434538810510276,5.751190568599075,2.683348241911201,62.47834813586528,579.3211730957031,618.4605042695856,540.1818419218206,0.13512135579210652,0.015394538817561365,0.015277245160933563,0.3387912858754275,15.813519905093601
2021-05-19,606.5233755352693,613.196994195488,602.8964217052487,604.9275512695312,13911576,582.4983917236328,573.2801208496094,482.51222534179686,590.7800938811785,581.6365686967872,9.143525184391251,6.42965749175751,2.713867692633741,59.125578273501525,582.4983917236328,618.8908872877023,546.1058961595634,0.12495311946315531,-0.01223935717388036,-0.012314874931049193,0.33846243822175504,14.835972224898212
2021-05-20,607.4421190635082,612.1330140239647,596.4162165928088,598.3021850585938,13900762,585.3757751464843,573.0189807128907,483.8355795288086,591.9373386777039,582.8710587976618,9.066279880042089,6.956981969414426,2.109297910627663,56.252167078613496,585.3757751464843,616.6052730101659,554.1462772828028,0.10669897590438106,-0.010952330071647753,-0.011012748391234043,0.3428806958496053,14.614900057331008
2021-05-21,601.8807769259918,622.8204101742858,601.8807769259918,621.36962890625,23975898,588.4345062255859,573.4387390136719,485.26532424926756,596.4653833282495,585.7228047316314,10.742578596618046,7.71410129485515,3.028477301762895,62.9951924662475,588.4345062255859,621.2239686662746,555.6450437848972,0.11144642978540184,0.0385548380462577,0.03783016799165703,0.346079016499476,14.753074278797644
2021-05-24,622.1433804124802,632.0087050525594,617.0656458657791,626.1088256835938,20323003,592.1775207519531,574.1718664550781,486.7359327697754,601.0259129213794,588.7143618391842,12.311551082195137,8.633591252323148,3.6779598298719893,64.21553767108485,592.1775207519531,624.1752567617397,560.1797847421666,0.10806805354298313,0.007627017087535881,0.007598078443254987,0.33674615672732183,14.922332916648624
2021-05-25,628.768647837575,630.6063279276439,621.418045542195,628.9620971679688,14884778,595.040396118164,574.9891394042969,488.18332916259766,605.3237874208546,591.6956755672423,13.628111853612268,9.632495372580973,3.995616481031295,64.96466199525783,595.040396118164,629.4783030971907,560.6024891391373,0.1157498119579363,0.004557149440051145,0.004546797074145498,0.31686736892151324,14.266027015864065
2021-05-26,628.0432402525254,635.1037569113275,622.1917671180947,631.0899047851562,14487031,597.6397094726562,575.5191589355469,489.6355613708496,609.2878054769011,594.6137666204211,14.674038856480024,10.640804069360783,4.033234787119241,65.54395564409649,597.6397094726562,634.7563479150834,560.5230710302291,0.1242107505713704,0.003383045857243916,0.0033773362312683095,0.31549201834026835,13.799708737272274
2021-05-27,629.7358551210899,634.958692042569,626.8342921719235,630.84814453125,23349546,599.1340179443359,576.0346716308594,491.05490936279296,612.6047807160317,597.2977946138158,15.306986102215888,11.574040475931804,3.732945626284083,65.41161764254456,599.1340179443359,639.1101070819295,559.1579288067423,0.13344623386518398,-0.00038308369706618883,-0.00038315709237062934,0.29021031004979275,13.578640661512898
2021-05-28,636.4577646306658,638.3437921867975,618.2746502354701,621.949951171875,14191446,600.1785827636719,576.6188525390625,492.4336351013184,614.0424992476999,599.1238802847831,14.918618962916753,12.242956173328794,2.6756627895879586,60.564622776151154,600.1785827636719,641.4376024648578,558.919563062486,0.13748914368519613,-0.014105127258457362,-0.014205550001394755,0.29614955153803235,14.24531089420185
2021-05-31,622.627036124524,643.1797732393142,622.627036124524,641.0036010742188,21786138,603.1889556884765,577.764970703125,493.88054794311523,618.1903610671643,602.2260818247413,15.964279242423004,12.987220787147638,2.9770584552753654,66.3197395172939,603.1889556884765,647.188269287,559.189642089953,0.145888989457053,0.0306353427095587,0.030175449657535932,0.28130935112582195,15.077784201849422
2021-06-01,642.7444879173929,643.083038986402,627.0760374749445,628.7686157226562,14123196,605.7689270019531,578.83177734375,495.24790908813475,619.8177848603169,604.192195446809,15.625589413507896,13.51489451241969,2.1106949010882055,60.240278663761984,605.7689270019531,649.3938325379701,562.1440214659361,0.14403150637627973,-0.01908723341188512,-0.019271746318548822,0.29167588408031064,15.530293815158757
2021-06-02,627.2211515560365,628.0432373938256,620.0639397834365,627.0760498046875,16025108,608.515737915039,579.97015625,496.6092254638672,620.9344410056046,605.8872957696149,15.047145235989774,13.821344657133707,1.2258005788560666,59.428672927115734,608.515737915039,650.095228902713,566.9362469273651,0.1366587202169593,-0.002691874046581444,-0.0026955036546178128,0.28884093533438043,15.001793372488237
2021-06-03,632.0087082156971,632.2021575296948,623.5941648325614,628.9136962890625,11805702,610.8103912353515,581.3561364746093,497.97392700195314,622.1620187415213,607.5929550673518,14.569063674169456,13.970888460540857,0.5981752136285987,60.05787531029031,610.8103912353515,651.5220198115933,570.0987626591098,0.13330365416313017,0.002930500192037888,0.0029262146468360278,0.2839040734990093,14.86707711375705
2021-06-04,631.573408140572,633.4110879181214,618.4196823650145,621.6113891601562,15111572,612.4787841796875,582.4403527832031,499.3342761230469,622.0773064982343,608.6313575927447,13.445948905489558,13.865900549530599,-0.41995164404104024,56.32006624751654,612.4787841796875,652.0143829909385,572.9431853684365,0.12910030463896743,-0.011610984419633263,-0.011678918263746877,0.28843995999532085,14.05877999358404
2021-06-07,624.0294066460328,628.6718949871419,623.1105666853325,626.9309692382812,7556341,614.4663543701172,583.8862976074219,500.7270260620117,622.8240238428568,609.986884381303,12.837139461553875,13.660148331935254,-0.8230088703813792,58.35348914680237,614.4663543701172,652.6193937105909,576.3133150296435,0.12418268004139613,0.008557726211085193,0.008521316447859193,0.2885342883741782,13.740990844276032
2021-06-08,626.7375155842017,626.7375155842017,616.4853514422515,621.3212890625,11912935,615.8760284423828,584.9695483398438,502.0465118408203,622.5928338766481,610.8264699132435,11.766363963404615,13.281391458229127,-1.515027494824512,55.4233775481439,615.8760284423828,652.7721026427898,578.9799542419757,0.11981656208870871,-0.008947843464483851,-0.008988115829687242,0.29060319517306243,13.75135122326107
2021-06-09,623.2557318923634,624.4163098214876,608.1675694568202,615.22802734375,15823094,617.1454620361328,586.2965295410156,503.3118350219727,621.4597867177407,611.1525112043921,10.3072755133486,12.686568269253023,-2.379292755904423,52.34856578159539,617.1454620361328,651.9579029976425,582.3330210746232,0.11281761951762173,-0.009806941796480229,-0.009855346578762135,0.2925520522770367,13.789347147083324
2021-06-10,614.5993724622988,621.3213380913671,610.2953758341582,619.386962890625,10712418,619.3530700683593,587.6283483886718,504.63035369873046,621.1408907443383,611.7624705885576,9.37842015578076,12.02493864655857,-2.6465184907778116,54.215632368398815,619.3530700683593,648.0350063409319,590.6711337957868,0.09261901703145467,0.006759990380853065,0.006737244098107033,0.2747831969806316,12.825614085763098
2021-06-11,622.8687701920318,623.4007115277881,610.7789260501056,614.8411254882812,9015059,621.2100708007813,588.7338439941407,505.9097010803223,620.1716960895603,611.9905190996482,8.18117698991216,11.25618631522929,-3.0750093253171293,51.82538547549126,621.2100708007813,642.3567110791556,600.063430522407,0.06808209097806443,-0.007339252639624094,-0.00736631745928709,0.27761939998152624,12.659808820827534
2021-06-14,614.8412065426007,615.2280461866741,602.8964035362329,614.3092651367188,10170497,621.7686248779297,589.5791674804688,507.14189834594725,619.269783635277,612.1622780653571,7.107505569919908,10.426450166167415,-3.3189445962475066,51.53908416649526,621.7686248779297,641.444392688784,602.0928570670754,0.06328967729665408,-0.0008650370469934776,-0.0008654114074458233,0.2322023207341156,12.884334554041272
2021-06-15,615.4698186584785,624.9966521393501,615.1313266043011,624.1261596679688,11039987,622.3537719726562,590.8016943359376,508.3941645812988,620.0169184095373,613.0484915174025,6.9684268921348576,9.734845511360904,-2.7664186192260463,56.33404384201023,622.3537719726562,641.549542498504,603.1580014468084,0.061687649019957116,0.015980378432132625,0.015854036403001533,0.23269217299313433,12.725434354712595
2021-06-16,623.7392882904506,627.8981830401924,616.6787717946152,619.0967407226562,8601339,623.0622314453125,591.685703125,509.606775970459,619.8753526115556,613.4965099770509,6.3788426345047355,9.063644935989672,-2.684802301484936,53.41790266133173,623.0622314453125,640.5169271909236,605.6075356997013,0.056028739553420345,-0.008058337032352703,-0.00809098091878366,0.22998317855221537,12.946506595779145
2021-06-17,612.2780228605168,616.6303665237369,606.1364059709483,612.2296752929688,9720060,623.7586059570312,592.8801770019531,510.77126953125,618.6990945625422,613.4026703708226,5.296424191719552,8.310200787135647,-3.013776595416095,49.63954176777288,623.7586059570312,637.839208840925,609.6780030731375,0.04514760277267824,-0.011092071687652139,-0.011154047433903332,0.23008208534986382,12.438734652949181
2021-06-18,611.842853388987,615.7116037968401,600.3333563450919,609.715087890625,13820690,623.17587890625,594.1278503417968,511.8385610961914,617.3169396899395,613.1295161130303,4.187423576909282,7.485645345090375,-3.298221768181093,48.29251368420949,623.17587890625,638.5756247380157,607.7761330744843,0.04942343358601793,-0.004107261545498342,-0.004115719511529878,0.1834493128187299,12.020765037542683
2021-06-21,602.4127709849872,612.3264438510531,596.0293564598159,610.5371704101562,13407446,622.3972961425782,595.1646752929687,512.9829859924316,616.2738982622806,612.93749050541,3.336407756870585,6.655797827446417,-3.3193900705758317,48.78184853547453,622.3972961425782,638.7196009898009,606.0749912953554,0.052449793559140624,0.0013483060135108804,0.0013473978651741012,0.18092259483296236,12.041485457526951
2021-06-22,614.1641206728506,622.9655041435304,608.8929364920826,610.1502685546875,15270093,621.4567047119141,596.2121398925781,514.1431274414062,615.3318013841894,612.7310296201713,2.600771764018077,5.844792614760749,-3.2440208507426718,48.54898421430259,621.4567047119141,638.3444616985831,604.568947725245,0.05434894131361131,-0.0006337072896132057,-0.0006339081669470972,0.17966680459215126,12.424906294114667
2021-06-23,612.9551850326598,614.164169618523,602.9931638516368,604.2021484375,10950633,620.1123168945312,597.34375,515.2665161132812,613.6195470846986,612.0992606436771,1.5202864410215398,4.979891380012907,-3.459604938991367,44.99304987652821,620.1123168945312,638.0211867504316,602.2034470386308,0.05776008432016479,-0.009748615093257751,-0.00979644393855705,0.18101676623616603,12.60797865623987
2021-06-24,606.4265790037326,615.4214111920364,603.9602626181005,613.2452392578125,12815724,619.2321716308594,599.1910791015625,516.4817872619628,613.5619612651776,612.184147948428,1.3778133167496662,4.259475767360259,-2.881662450610593,50.88318948249242,619.2321716308594,636.6427663437535,601.8215769179653,0.05623284935936107,0.014966995472787348,0.01485609518948988,0.19089378535164941,12.355817443441945
2021-06-25,615.2279092438392,628.6718383224793,615.2279092438392,627.7046508789062,14785922,619.519906616211,600.901064453125,517.8186817932129,615.7377596672897,613.333814832167,2.4039448351226156,3.8883695809127303,-1.4844247457901147,58.5297047751997,619.519906616211,637.3057826789053,601.7340305535166,0.05741825524167568,0.023578514263874917,0.023304834719650516,0.20390874919345198,12.953395531847743
2021-06-28,629.6391403081229,631.5735155471648,624.9483039664254,628.9620971679688,12093491,618.9178314208984,602.3537805175781,519.1577532958985,617.7722731289325,614.4914653755598,3.2808077533727555,3.7668572154047357,-0.4860494620319802,59.12565192734416,618.9178314208984,634.2935370275925,603.5421258142044,0.04968577354249056,0.0020032451365492587,0.002001241316659408,0.170439117185019,12.680509373612713
2021-06-29,625.093315470687,627.4629368266561,615.566541507183,619.0967407226562,12225470,618.4342376708985,603.7687744140625,520.4363749694825,617.9760373741208,614.832596882752,3.1434404913687786,3.6421738705975444,-0.4987333792287658,52.72406654488708,618.4342376708985,633.097297828784,603.771177513013,0.047419949494091604,-0.015685136655663845,-0.01580945004003663,0.1659921802249894,12.476710466192587
2021-06-30,617.3557603738263,619.7737290883035,609.1346667446039,610.1986083984375,14276494,617.590365600586,605.1450830078124,521.7096771240234,616.7795098394002,614.4893384765065,2.290171362893716,3.371773369056779,-1.0816020061630631,47.70684730396951,617.590365600586,632.1011790190212,603.0795521821508,0.046991709154413086,-0.014372765577528646,-0.014477054256652988,0.17286591448295308,12.44907475808478
2021-07-01,613.1485855081484,616.4853945056948,609.376530287888,610.1502685546875,10517081,616.6521942138672,606.532998046875,522.9677464294433,615.7596265648291,614.1679258897051,1.5917006751240024,3.015758830270224,-1.4240581551462217,47.68030221135918,616.6521942138672,630.4912048186123,602.8131836091221,0.04488433102030111,-7.921985249503827e-05,-7.922299055328503e-05,0.17221626767827408,12.055294668093657
2021-07-02,611.5043812565206,620.3057651080479,611.5043812565206,619.2418823242188,10999396,616.5337188720703,607.713935546875,524.2722409057617,616.2953582201199,614.5437745144839,1.7515837056359942,2.7629238053433784,-1.0113400997073843,52.9795116217875,616.5337188720703,630.2338430422566,602.833594701884,0.04444241653238456,0.014900614222570496,0.014790690677468056,0.17712741746694577,11.89985566115932
2021-07-05,621.6597745189683,627.2211027235332,620.1606456790087,626.5924072265625,7358568,616.5167907714844,609.2208129882813,525.6463723754882,617.8795196057264,615.4362658264897,2.44325377923667,2.698989800122037,-0.25573602088536695,56.79009303993255,616.5167907714844,630.1635549983033,602.8700265446654,0.04427053546990001,0.01187019985591875,0.011800301627188812,0.1796550126687845,11.70641518949383
2021-07-06,624.0294639213911,633.5078907862066,624.0294639213911,628.9620971679688,9209891,616.8988311767578,610.3659631347656,526.994390258789,619.584531538379,616.4381792591919,3.146352279187113,2.7884622959350525,0.35788998325206034,57.97257559030995,616.8988311767578,631.5059359793789,602.2917263741366,0.04735656501328609,0.0037818682672761117,0.0037747349825860083,0.1768754125894567,11.582059162296568
2021-07-07,629.5423916613154,633.2660400670603,624.7064539746634,632.5406494140625,7741559,617.7644622802734,611.4347033691406,528.3450674438477,621.5777804423303,617.6309548262194,3.946825616110914,3.0201349599702247,0.9266906561406891,59.76332183570586,617.7644622802734,633.9240885400742,601.6048360204726,0.052316464434204846,0.005689615101143408,0.005673490374557585,0.1732165122468231,11.267719972345779
2021-07-08,629.1554967770891,632.5406531778881,617.1623476298522,620.8377075195312,10782941,617.8369995117188,611.8322180175782,529.664794921875,621.463923069592,617.868492062761,3.5954310068310633,3.135194169342393,0.4602368374886705,51.965258854554875,617.8369995117188,634.0402566185913,601.6337424048462,0.05245155961743349,-0.0185014858813769,-0.018674779155077873,0.1856958610433253,11.267724122080617
2021-07-09,618.5164963152849,620.1123795356456,613.0035149560241,617.59765625,7069698,617.9748260498047,612.162998046875,530.965662536621,620.8691127896548,617.8484301507046,3.0206826389501202,3.1122918632639385,-0.09160922431381824,50.01931085610959,617.9748260498047,634.1175670945548,601.8320850050546,0.05224400853975594,-0.005218837757900441,-0.005232503458457129,0.18470670515904036,10.663231634385609
2021-07-12,624.803186011545,628.9137332879367,621.321334284521,625.0449829101562,6992783,618.5116119384766,613.0479748535156,532.3949241638184,621.511554346655,618.3815081328863,3.130046213768651,3.115842733364881,0.014203480403769841,54.25920531109418,618.5116119384766,634.8538814419949,602.1693424349583,0.05284385672986808,0.01205854100123327,0.011986416031373232,0.18927697518597594,10.466339447706243
2021-07-13,633.6529819845153,644.4854359167069,631.5735050242135,643.1314086914062,19825411,619.4618743896484,614.3672192382812,533.8967250061036,624.8376857843091,620.2148341001841,4.622851684124953,3.417244523516896,1.2056071606080572,62.564788416896455,619.4618743896484,639.0638758498828,599.859872929414,0.06328719254771939,0.02893619863492236,0.028525451659389675,0.20763357569963026,11.05701425053942
2021-07-14,640.2781582605325,646.0812835619874,636.6028573760996,642.551025390625,11648541,620.6345886230469,615.7754431152343,535.4079553222656,627.5628149545115,621.8693667883649,5.693448166146595,3.8724852520428357,1.8209629141037595,62.17464295167719,620.6345886230469,642.7852834621435,598.4838937839502,0.07138079393299905,-0.0009024334575140625,-0.0009028408957290438,0.20476087190774264,10.915391222821702
2021-07-15,643.2764511548442,647.6287953684289,639.4077007427688,645.5493774414062,8244429,622.3005737304687,617.0260180664062,537.0122778320313,630.3299784140338,623.6234416515532,6.706536762480596,4.439295554130388,2.2672412083502076,63.442937917916495,622.3005737304687,646.6886514692868,597.9124959916506,0.07838038005531733,0.004666325213563249,0.00465547166907912,0.19901890889327567,10.400712334321222
2021-07-16,645.5493872475801,645.8395317264038,636.1193079748996,638.6339721679688,9212875,623.7465179443359,618.0338269042969,538.5193980407715,631.6075159146392,624.7353328009174,6.872183113721803,4.925873066048672,1.9463100476731316,58.56542707760057,623.7465179443359,648.4202519110054,599.0727839776664,0.07911461870115453,-0.010712434269313786,-0.01077022548693983,0.20336119560301205,10.621784632233
2021-07-19,624.4646842448664,635.3455445129817,624.3679300674605,634.3783569335938,9121737,624.9385772705078,618.977802734375,539.9358444213867,632.0337991483245,625.4496308848193,6.584168263505262,5.2575321055399895,1.3266361579652726,55.72617723375295,624.9385772705078,649.2258773158875,600.6512772251282,0.07772699887229644,-0.006663621761192062,-0.006685922814412941,0.20588229529751131,10.683962235070323
2021-07-20,627.366223435358,629.8808874344031,618.1295351729377,620.8377075195312,13169127,625.47294921875,619.5320007324219,541.3133613586426,630.3113235131257,625.108006931835,5.2033165812906645,5.246689000690124,-0.043372419399459794,47.78765229862623,625.47294921875,648.8432338692095,602.1026645682906,0.07472836252838817,-0.021344753121014692,-0.02157584670430345,0.22189494511119734,11.084659336281495
2021-07-22,631.0898878626158,638.6339390834501,627.0276882721836,634.4266967773438,13123569,626.9841766357422,620.4237475585937,542.7699459838867,630.9444578614668,625.7982802537246,5.146177607742288,5.226586722100557,-0.08040911435826903,54.75383250892834,626.9841766357422,648.3893158878329,605.5790373836514,0.06827967929572312,0.02188815062813343,0.021652044136890994,0.22991480311564927,11.848042718146644
2021-07-23,634.426773910736,655.6081487970552,629.397386141227,654.4475708007812,19298083,629.0442932128906,622.0080029296874,544.2567556762696,634.5603213905922,627.9204499238768,6.639871466715363,5.509243671023519,1.1306277956918436,62.65865318980797,629.0442932128906,652.6950546247683,605.3935318010128,0.07519585398694173,0.031557426768350494,0.03106972504622973,0.24858895744178372,12.994847439751481
2021-07-26,657.6874877343462,665.1831907195537,641.8255894171892,654.5441284179688,31054759,630.3862670898437,623.54486328125,545.7251878356933,637.6347532409578,629.8925742567725,7.74217898418533,5.955830733655882,1.7863482505294481,62.69250598174295,630.3862670898437,656.621566829907,604.1509673497804,0.08323563221380958,0.00014754064572253256,0.00014752976267191084,0.23697090333512216,14.093303218540768
2021-07-27,657.8326094935254,663.1037342047175,651.2073396209524,655.22119140625,12598869,631.6992218017579,624.5865234375,547.1607359313965,640.3403591125413,631.7687681196968,8.571590992844449,6.478982785493595,2.092608207350854,62.94617346228207,631.6992218017579,660.1676724037343,603.2307711997814,0.09013292915187571,0.0010344038833831615,0.0010338692563346163,0.2370065760289819,14.266015198465734
2021-07-28,655.6564826169622,664.4578659621436,648.0640247116105,662.5718383789062,18367497,633.8729766845703,625.5894958496094,548.6231234741211,643.7605866919821,634.0504770277864,9.71010966419567,7.125208161234011,2.5849015029616593,65.6749098319574,633.8729766845703,664.8209532279859,602.9250001411547,0.09764725010139072,0.011218573313967584,0.01115611183865618,0.22926440911158846,14.825604852618321
2021-07-29,671.738525390625,671.738525390625,662.6203181147575,666.888427734375,11043138,636.7074676513672,626.8287133789063,550.083639831543,647.3187160831194,636.4829178208671,10.835798262252297,7.867326181437669,2.968472080814628,67.20237314846354,636.7074676513672,668.8855885643616,604.5293467383729,0.10107662481701463,0.006514900129214629,0.006493769891972091,0.2194491840664856,14.381917814309954
2021-07-30,666.4033565311641,667.0338928504632,657.6731815547734,662.0382690429688,14536250,639.3018676757813,628.1034350585937,551.4522021484376,649.583262692327,638.375906800282,11.20735589204503,8.535332123559142,2.6720237684858876,63.76864290778392,639.3018676757813,670.8247779963722,607.7789573551904,0.09861666894606216,-0.0072728187950175105,-0.007299394674399017,0.22291658119282226,14.490954866608718
2021-08-02,663.5418296380883,667.4219076527314,657.3822294719592,660.9713134765625,9348206,641.3883392333985,628.89546875,552.8030979919433,651.3352705052863,640.0496406281545,11.285629877131782,9.085391674273671,2.2002382028581113,63.00596997445911,641.3883392333985,672.8447100362915,609.9319684305054,0.09808837759816587,-0.001611622192095652,-0.0016129222521321716,0.22007400854182835,14.399783519668395
2021-08-03,662.5233695507073,671.1565674480547,656.3637689331963,669.7015380859375,10162609,643.5437957763672,629.7673229980469,554.2353652954101,654.1608501330788,642.2460774768791,11.914772656199716,9.65126787065888,2.2635047855408352,66.53301875888823,643.5437957763672,676.5985773289201,610.4890142238144,0.10272737230781873,0.013208174744310686,0.013121707356331534,0.2208105061824327,14.067808198833234
2021-08-04,673.1935601400174,695.8920410372308,672.417556349791,693.2244873046875,28730606,646.7569152832032,631.0525708007813,555.7342283630371,660.1706404671725,646.0222559826427,14.148384484529743,10.550691193433053,3.5976932910966894,73.78531456544854,646.7569152832032,685.7953597859857,607.7184707804206,0.12072060949108936,0.03512452619711848,0.03452173464634132,0.24785648755322304,15.261527967790764
2021-08-05,694.0490023365312,695.0190219065333,678.0921685689368,681.3902587890625,17774554,649.1993957519531,632.0585778808594,557.2503280639648,663.4351971320787,648.6421080423775,14.793089089701198,11.399170772686682,3.3939183170145153,66.03265693651491,649.1993957519531,690.5376735634904,607.8611179404159,0.1273515597273657,-0.017071278831533254,-0.017218672991559172,0.2598816376448495,15.883367875786226
2021-08-06,683.9123013506,684.8338318038602,674.842641849481,676.7341918945312,14701949,651.9942199707032,632.976298828125,558.7184840393066,665.4811963263022,650.723003142537,14.75819318376523,12.070975254902391,2.6872179288628377,63.21824880471331,651.9942199707032,692.8137497391575,611.1746902022488,0.12521439153337444,-0.006833186759678367,-0.006856639881091167,0.24966962663901746,15.902722604563012
2021-08-09,676.4916392046472,685.1247774384981,673.5330322944652,681.7781982421875,8602980,655.2032470703125,634.1728637695312,560.1103051757813,667.9884273902846,653.0233879647333,14.965039425551367,12.649788089032187,2.3152513365191805,64.96056317488939,655.2032470703125,694.7070542614455,615.6994398791795,0.12058489443625625,0.007453452785554537,0.0074258130622883506,0.24721000944273347,15.711701393386202
2021-08-10,682.9907339113992,687.0648278173533,676.3946128854847,679.88671875,10843554,657.9453338623047,634.9505261230469,561.5047589111329,669.8189337533178,655.0132643191974,14.805669434120318,13.080964358049814,1.7247050760705047,63.741222115860545,657.9453338623047,696.2295570656153,619.6611106589941,0.11637508842436067,-0.0027743326158922166,-0.002778188209407702,0.2472552684138519,15.313229477044242
2021-08-11,685.0762786559645,685.9493198967227,669.3134616249423,672.7570190429688,9748084,659.4266143798828,635.8302941894531,562.8359992980957,670.2709468748025,656.3276165209584,13.94333035384409,13.253437557208668,0.6898927966354211,59.22828908428412,659.4266143798828,697.5898043997003,621.2634243600654,0.1157465870730912,-0.01048659947371744,-0.010541971306324558,0.23448645191935877,15.230345670462928
2021-08-12,672.7085514403636,681.8752479405593,672.5145356911748,680.3231811523438,8840339,661.3152221679687,636.8952368164063,564.2408564758301,671.8174444559627,658.1050657529129,13.712378703049808,13.345225786376897,0.36715291667291083,62.28036330833035,661.3152221679687,699.6999293912161,622.9305149447214,0.11608596305227023,0.011246500438060414,0.011183728754722668,0.236205844176,14.02677064143124
2021-08-13,685.8522826669118,688.616873793436,679.9836764727914,683.6697387695312,12787590,663.221240234375,637.9903576660156,565.6428607177735,673.6408743503579,659.9987452356254,13.642129114732484,13.404606452048014,0.2375226626844693,63.57902223040932,663.221240234375,702.0923816365884,624.3500988321617,0.11721922955445963,0.004919070391691038,0.004907011295126522,0.23623169908451,12.975027499879811
2021-08-16,681.3417846529414,686.1918826097383,677.7042111853438,681.5842895507812,7920846,665.3687561035156,639.1898156738281,567.094886932373,674.862938227346,661.5976744441554,13.265263783190676,13.376737918276548,-0.11147413508587256,62.14317887149616,665.3687561035156,703.253673536071,627.4838386709602,0.11387645447740691,-0.003050375203827782,-0.0030550370810000036,0.23186802108282287,12.731547274210486
2021-08-17,678.8196223814891,681.8267183020483,670.7684725134202,680.1776733398438,8669653,667.6587219238281,640.2547497558594,568.5132823181152,675.6805897831149,662.9739706586508,12.706619124464055,13.242714159514051,-0.5360950350499962,61.14022505654412,667.6587219238281,703.1152584661095,632.2021853815468,0.10621155802507894,-0.002063745060591926,-0.0020658775168319638,0.22979620451594937,12.350433312645846
2021-08-18,679.8380997878493,679.8380997878493,663.1052644737922,667.6643676757812,11069373,670.0000549316406,641.181611328125,569.9363310241699,674.4473248435252,663.3214074747345,11.125917368790624,12.819354801369368,-1.6934374325787438,52.952633794237265,670.0000549316406,697.7951482469604,642.2049616163209,0.0829704210043852,-0.01839711321693205,-0.018568444694213797,0.2257567430749253,12.915127730812474
2021-08-20,663.3478233200453,663.8813814188723,655.1026574217951,660.2922973632812,13121808,671.2933349609375,642.0828967285156,571.3039010620117,672.269628308103,663.0970289479602,9.17259936014284,12.090003713124064,-2.917404352981224,48.80592297503527,671.2933349609375,694.0738415903179,648.5128283315571,0.06787049846310776,-0.011041581173731108,-0.011102991897208404,0.2208495683297898,13.143770513547922
2021-08-23,669.2650026008532,669.2650026008532,653.6476522704689,662.2323608398438,10917371,671.6825744628907,642.9398046875,572.7164736938477,670.7254333129863,663.0329794584701,7.692453854516202,11.210493741402493,-3.5180398868862905,49.91743433871491,671.6825744628907,693.4966735973077,649.8684753284737,0.06495359553390408,0.0029381888662183275,0.002933880825806184,0.19163755143342376,13.542175667091644
2021-08-24,662.7658955292947,676.346170007758,660.0013633354409,673.630126953125,9821388,672.6368743896485,644.1155847167969,574.0658621215821,671.172309257623,663.817953346963,7.354355910660047,10.439266175254005,-3.084910264593958,55.96622547087721,672.6368743896485,692.9095614124055,652.3641873668914,0.06027825055280389,0.017211128279546184,0.017064694615644988,0.20040365718529377,13.653033392624407
2021-08-25,678.9652293529431,679.4502391518658,666.5489903415817,670.33203125,9535359,673.3924163818359,645.2360400390625,575.2710913085938,671.0430357179887,664.300477636077,6.7425580819117386,9.699924556585552,-2.9573664746738135,53.93624921825947,673.3924163818359,691.9892647278022,654.7955680358697,0.05523331684038807,-0.004896003862004394,-0.004908028553592477,0.20169309016445822,12.703800953980899
2021-08-26,671.302038247598,680.5172242541614,669.3135099503988,677.8496704101562,10756731,674.1563079833984,646.3105102539063,576.5467929077148,672.0902102860144,665.304121545268,6.786088740746436,9.11715739341773,-2.331068652671293,57.70228746879974,674.1563079833984,692.1262521738653,656.1863637929315,0.053310913144817486,0.011214799248273621,0.011152379635909562,0.20169060836026073,12.295005308707045
2021-08-27,675.2305841643647,679.4502047243641,668.3919581871249,678.7711791992188,9135827,674.7504455566407,647.5039990234375,577.8200898742675,673.1180516572767,666.3016813714867,6.816370285790072,8.656999971892198,-1.840629686102126,58.15391761527551,674.7504455566407,692.4929292811635,657.0079618321179,0.05258976512386294,0.001359458932103541,0.001358535704441508,0.20072225538557126,12.37122363605418
2021-08-30,683.3788135104711,693.5640193896194,679.8867666054539,692.2545166015625,10797869,676.2612579345703,649.1044958496094,579.1400091552734,676.0621231871668,668.2241136107516,7.838009576415175,8.493201892796794,-0.6551923163816191,64.18046516874743,676.2612579345703,694.5824949762391,657.9400208929014,0.05418390252792348,0.019864333984024984,0.019669612552096143,0.2089086797718732,12.599873282223305
2021-08-31,692.593966767437,698.3171058612189,688.0833521252788,697.4925537109375,19760246,678.0873199462891,650.8600451660157,580.3898834228515,679.3591124985161,670.3921462107653,8.966966287750779,8.587954771787592,0.37901151596318705,66.2160095671426,678.0873199462891,697.2526239665758,658.9220159260024,0.056527539909770906,0.007566634790755478,0.0075381514017598,0.2091604675466881,12.568697482514128
2021-09-01,705.7862422805786,712.7703952911427,695.6980738922512,698.317138671875,13729351,679.518099975586,652.61564453125,581.5416004943847,682.2757319098021,672.4606641708474,9.815067738954667,8.833377365221008,0.9816903737336595,66.5383828824479,679.518099975586,700.2555503077167,658.7806496434553,0.06103575558289259,0.0011822132817769226,0.0011815150179321288,0.2055285976987129,12.599873420164922
2021-09-02,700.6450768553976,706.2226890110181,695.9889950708947,703.40966796875,8627956,680.0273590087891,654.4808325195313,582.7057235717773,685.5271066881016,674.753182970692,10.773923717409616,9.22148663565873,1.5524370817508863,68.53527624364479,680.0273590087891,702.6009991653834,657.4537188521947,0.06639038814408234,0.007292573839101868,0.00726611159652681,0.1663580047086671,12.662229255217701
2021-09-03,703.02166467893,709.8602906246755,699.4810696603816,702.5851440429688,8993813,681.0871032714844,656.4484924316406,583.9133575439453,688.151420127312,676.8148097167865,11.336610410525509,9.644511390632086,1.6920990198934227,67.82947758374438,681.0871032714844,705.8171780959315,656.3570284470372,0.07261941888390036,-0.00117218167922295,-0.0011728692215029948,0.15274368051248347,12.786945229764083
2021-09-06,703.6521850197431,706.1742120951084,698.4140559182391,699.5296020507812,5329995,682.2268737792969,658.1741796875,585.0629159545898,689.9019096539996,678.4973869267121,11.404522727287485,9.996513657963167,1.4080090693243186,65.15177349632516,682.2268737792969,708.1830524026988,656.2706951558949,0.07609251297772489,-0.004348998862407805,-0.004358483266390911,0.15117609129301243,12.734979854940848
2021-09-07,699.287183057176,700.790701660049,690.31450137564,695.4071044921875,6242711,682.9083190917969,659.5282287597656,586.1853332519531,690.7488627060285,679.7499585982288,10.998904107799717,10.196991747930477,0.8019123598692399,61.61746257112176,682.9083190917969,709.5221859130261,656.2944522705677,0.0779427225505851,-0.005893242468235749,-0.005910676149314008,0.15186199719454233,12.69340517606805
2021-09-08,695.0189726673069,701.0815945503086,693.5639434153866,699.3355712890625,7118011,683.88076171875,660.9356982421875,587.3298109436035,692.069894795726,681.2007447234757,10.86915007225025,10.331423412794432,0.5377266594558172,63.641558684459106,683.88076171875,711.4344479253608,656.3270755121392,0.08058038111018659,0.005649161148193471,0.005633264477823442,0.15200413100924645,12.010922480987372
2021-09-09,699.1900540675887,702.1971500850995,696.0859797807648,698.6565551757812,6243422,685.1757385253907,662.52689453125,588.4164892578125,693.0832271618883,682.4937677199429,10.58945944194545,10.383030618624637,0.20642882332081314,63.02291919135305,685.1757385253907,712.9616639081675,657.3898131426139,0.08110598148900193,-0.0009709446239516417,-0.0009714162960193872,0.14571200232509418,11.55016962744084
2021-09-13,696.3771004174755,696.3771004174755,684.057839552124,686.19189453125,6967906,685.4691741943359,664.0467602539062,589.5322434997559,692.0230221417901,682.767703039299,9.255319102491057,10.157488315397922,-0.9021692129068644,52.86410965518007,685.4691741943359,713.163129471237,657.7752189174348,0.08080291957534366,-0.017840898438854724,-0.018001965868110908,0.15717664066135018,11.477410005531762
2021-09-14,691.8663965731278,692.5939111857178,685.3187650598175,686.2402954101562,5241865,685.5977020263672,665.5685607910157,590.641227722168,691.1333718753849,683.024932103807,8.108439771577878,9.747678606633913,-1.6392388350560356,52.89586090648448,685.5977020263672,713.2803520238106,657.9150520289238,0.08075479225097736,7.053548619850858e-05,7.05329986880731e-05,0.15629867799979355,10.82957710935914
2021-09-15,685.9008296395488,694.5340276881828,685.1248258072136,692.9334716796875,5936741,686.1651611328125,667.042392578125,591.8414671325684,691.4103103068161,683.7588979983168,7.651412308499289,9.32842534700699,-1.6770130385077007,57.190376974353434,686.1651611328125,713.9664451495139,658.3638771161111,0.08103379650113204,0.009753400251045985,0.009706142874428982,0.15930940423515239,10.580145185836646
2021-09-16,698.4140411072442,707.5322481038166,691.4783779891319,705.398193359375,13557169,687.4261871337891,668.6185083007813,593.0559126281738,693.562292314902,685.3618087658025,8.200483549099545,9.102836987425501,-0.9023534383259566,63.808009367177014,687.4261871337891,716.3492607991496,658.5031134684285,0.08414888523800582,0.017988338259187664,0.017828462521642767,0.1699506438137506,10.9265848866168
2021-09-17,710.9273190031025,712.3823482608204,692.5939266737396,698.5595703125,17075003,688.970947265625,670.0104577636719,594.2627626037597,694.3311043145325,686.3394207322245,7.991683582307928,8.880606306401987,-0.8889227240940585,58.4679074121477,688.970947265625,716.726579938581,661.215314592669,0.08057127164247513,-0.009694698839965654,-0.009741998384249297,0.15861092486815093,11.55016881874835
2021-09-20,688.7138671875,698.8020939946174,685.318798828125,688.7138671875,7943459,690.3920257568359,671.1339221191406,595.4078108215332,693.4669139872967,686.5153056548376,6.951608332459159,8.494806711613421,-1.543198379154262,51.752553715542405,690.3920257568359,714.6558987825722,666.1281527310996,0.0702901311733352,-0.014094292803970232,-0.014194560599527777,0.162345771418988,11.456629888469195
2021-09-21,689.82939552629,693.0789371899905,673.5815687972035,690.5083618164062,10009615,691.8058258056641,672.5273352050781,596.5712612915039,693.011752114852,686.8110875927315,6.200664522120519,8.035978273714841,-1.835313751594322,52.81626500125788,691.8058258056641,712.1376208788889,671.4740307324392,0.05877890678225154,0.00260557353990043,0.002602184918090427,0.16232888968054307,12.118316649672538
2021-09-22,693.5639963636635,693.5639963636635,681.1962467781576,682.2632446289062,9740470,692.2374816894531,673.8206469726563,597.6366639709472,691.3581355785526,686.4742103361518,4.883925242400778,7.405567667452028,-2.52164242505125,47.621220082227495,692.2374816894531,711.269544787896,673.2054185910102,0.05498709215223032,-0.011940647852273556,-0.012012510014566465,0.15939243585285945,11.782275805859276
2021-09-23,689.6839109285107,698.4140870162134,685.949359284223,695.5040283203125,10412491,693.4960815429688,675.2298278808594,598.7907577514649,691.9959652311311,687.143085742386,4.852879488745089,6.8950300317106406,-2.042150542965552,55.23592048715038,693.4960815429688,709.5202893390084,677.4718737469292,0.04621282865906647,0.01940714789437048,0.01922123076342619,0.17102715374481495,12.204929266372403
2021-09-24,700.9361534107563,702.8761926498731,695.0675465534881,701.2756958007812,11780868,694.6673828125,676.3927136230469,599.9669395446778,693.4236160880004,688.1899457467116,5.233670341288757,6.562758093626264,-1.3290877523375064,58.09567397302527,694.6673828125,709.2345098417782,680.1002557832219,0.041939861838050346,0.008298539254197657,0.008264295694568618,0.16922431087947423,12.021316775807488
2021-09-27,702.779150390625,709.8117919921875,700.6450955808162,708.1142578125,7712240,696.1345367431641,677.7039782714844,601.0796282958985,695.6837148148464,689.6658207145477,6.01789410029869,6.453785294960749,-0.4358911946620587,61.25411448041451,696.1345367431641,709.846106938397,682.4229665479311,0.03939344902892473,0.009751602761464362,0.009704362745556866,0.17157042001052716,12.121783935414774
2021-09-28,712.0913199559708,713.3523927210091,685.415782631291,695.6495361328125,13491800,696.3042877197265,678.7059814453125,602.0893713378906,695.678456556072,690.1090588936785,5.569397662393499,6.2769077684473,-0.7075101060538014,53.359545207466354,696.3042877197265,709.8971523974767,682.7114230419763,0.03904288661574788,-0.017602698352937263,-0.017759468287796336,0.1718777790741248,13.36895606436543
2021-09-29,686.1432552374505,690.6053803669442,680.274649226719,688.2288208007812,11453404,695.8411010742187,679.6978784179687,603.0719245910644,694.5323587475657,689.9697819979083,4.56257674965741,5.9340415646893225,-1.3714648150319126,49.286934916356735,695.8411010742187,709.8872559009081,681.7949462475293,0.040371730859259054,-0.010667318738231013,-0.01072462246517841,0.1738293155422519,13.930187190877673
2021-09-30,688.3258670863279,692.4969986251765,677.8496675120839,679.8381958007812,18487517,694.9171539306641,680.6070751953125,603.9975334167481,692.2717182942142,689.2192941314545,3.052424162759735,5.357718084303405,-2.3052939215436705,45.09581401654641,694.9171539306641,710.6118554116821,679.2224524496461,0.04516999297612375,-0.012191621080670734,-0.012266548506921786,0.17842079736531866,14.53991296293181
2021-10-01,672.223553973205,674.0180664741322,667.2764779074683,671.593017578125,10935810,693.3263214111328,681.6221813964844,604.9039196777344,689.0903797225081,687.913644016393,1.176735706115096,4.5215216086657435,-3.3447859025506474,41.372728902987525,693.3263214111328,711.629700098644,675.0229427236216,0.052798741724555315,-0.012128147952829016,-0.012202294052310471,0.1793599360924074,14.394413125050075
2021-10-04,676.1521173636177,682.2632287045247,673.2420587055386,679.2077026367188,8976533,692.1574493408203,682.5178015136719,605.807274017334,687.5699678631559,687.2687594697505,0.301208393405318,3.677458965613659,-3.376250572208341,45.821407533205175,692.1574493408203,710.9505012499528,673.3643974316878,0.05430282351805979,0.011338243339773735,0.011274447229741797,0.18574190915777364,14.636917767942887
2021-10-05,672.2235053040437,678.043622233083,671.1079592105281,676.2005615234375,7497208,690.9909973144531,682.952861328125,606.6455407714843,685.8208284262761,686.4488929552089,-0.6280645289327822,2.816354266704371,-3.4444187956371533,44.388914799563835,690.9909973144531,710.7296088313608,671.2523857975455,0.05713131312454743,-0.004427424927025081,-0.0044372549980987875,0.1857573687860166,14.54338502117299
2021-10-06,675.7156064520935,683.8637944941421,667.712945027162,668.8284912109375,13200810,689.6620666503907,683.2385485839844,607.4844258117676,683.2066227008394,685.1436780111889,-1.9370553103494785,1.8656723512936013,-3.80272766164308,41.00455556721343,689.6620666503907,711.6046437043793,667.719489596402,0.06363283734180489,-0.010902194898938289,-0.01096205932579061,0.18811818765720242,14.550312117765511
2021-10-07,676.6371513497528,683.815319978631,672.660094723532,681.1477661132812,10041549,688.7526763916015,683.757080078125,608.4119882202149,682.8898755335227,684.8476845372697,-1.957809003747002,1.1009760802854807,-3.0587850840324826,48.12259705483969,688.7526763916015,710.5140186281399,666.9913341550632,0.0631905849006547,0.0184191837881178,0.018251605267575615,0.1999839764663724,14.207341202094986
2021-10-08,684.8337946980113,688.7138728549405,677.3646324048638,682.311767578125,9383924,687.9354370117187,684.1518786621094,609.3552844238282,682.8009358480768,684.6598388365924,-1.8589029885155242,0.5090002665252797,-2.3679032550408037,48.7517756280448,687.9354370117187,709.3557026889054,666.515171334532,0.06227405807217273,0.0017088824521669377,0.001707423973891492,0.20025809379621842,14.05490872235101
2021-10-11,680.9537081745954,697.8320716319804,679.3046631371025,691.9149169921875,9337637,688.2215881347656,684.6524084472657,610.3139535522461,684.2030867933246,685.1972520333031,-0.9941652399785426,0.2083671652245153,-1.202532405203058,53.73689246694473,688.2215881347656,709.6966195811751,666.7465566883561,0.062407317110210504,0.014074430297676077,0.01397630513557802,0.19690358620765305,13.985625872500366
2021-10-12,685.318756717442,691.6238832831368,683.2817395091027,687.3557739257812,7376091,688.2773620605469,685.1587585449219,611.359361114502,684.6881155829333,685.3571425438571,-0.6690269609238157,0.03288833999484911,-0.7019153009186648,51.190976019386966,688.2773620605469,709.7365155876956,666.8182085333982,0.06235612184862468,-0.006589167185793943,-0.006610971582551377,0.19850355526314933,13.718870722327429
2021-10-13,692.4483847012314,694.4369720068885,686.7253052710378,688.6653442382812,6357766,688.0639556884765,685.7126391601563,612.3832682800293,685.2999969145253,685.6021945212218,-0.3021976066964953,-0.034128849343419775,-0.26806875735307556,51.89596669687532,688.0639556884765,709.4127525769259,666.7151588000272,0.06205468753871209,0.0019052292308836538,0.0019034165836463788,0.19540110806166958,13.116072461509109
2021-10-14,688.9564170122011,707.9202882441278,687.7923816577102,705.4952392578125,8950350,688.0688079833984,686.4285131835937,613.4753660583497,688.406957275031,687.0757533905988,1.3312038844321705,0.2389376974116983,1.0922661870204722,59.91008355827294,688.0688079833984,709.434231309902,666.7033846568949,0.06210257776143534,0.0244384230458794,0.024144582494067188,0.20450943173640854,13.996019639368585
2021-10-18,716.8444363768378,726.447653455614,710.1027887674178,723.10107421875,15345601,689.2958831787109,687.026044921875,614.6073756408691,693.7445137279108,689.7442956741655,4.000218053745243,0.9911937686784074,3.009024285066836,66.24538447395403,689.2958831787109,715.4749248312404,663.1168415261815,0.075958792998455,0.02495528528223523,0.02464898752391967,0.21900375414417217,14.837856624113604
2021-10-19,732.3647735901549,732.3647735901549,716.6019556155323,725.0411376953125,11349799,691.1122467041016,687.8990625,615.7174102783204,698.5593789536649,692.3588765646208,6.200502389044118,2.0330554927515494,4.167446896292569,66.86674013615318,691.1122467041016,721.7777648070418,660.4467286011615,0.08874251107308054,0.0026829768973286594,0.002679384139568847,0.21077874669537094,13.96830004446392
2021-10-20,724.3621160046894,734.741337274942,719.6575447586221,723.4890747070312,12762996,692.7612823486328,688.83416015625,616.7776118469238,702.3947167618751,694.6648171677623,7.729899594112794,3.1724243130237983,4.557475281088996,65.82283327300038,692.7612823486328,726.6660543956573,658.8565103016083,0.09788298772148148,-0.002140655071262265,-0.0021429495483701547,0.21146623271811374,13.947507588051524
2021-10-21,726.4476869364179,737.0693539701437,715.2924617696073,732.8497924804688,12166996,695.2906097412109,689.8555920410156,617.8848588562012,707.0801130262741,697.4933338575923,9.586779168681801,4.455295284155399,5.131483884526402,68.96932975294105,695.2906097412109,733.2080112548941,657.3732082275277,0.10906921791391999,0.012938298725835073,0.01285531396019232,0.20746072588660613,14.456761951440367
2021-10-22,735.7598238428742,742.8894438064323,730.7641995110652,736.5358276367188,13248928,697.3421997070312,690.98857421875,618.980069732666,711.611761427881,700.3853704338239,11.226390994057056,5.809514426135731,5.416876567921324,70.13529195475522,697.3421997070312,739.5101755264602,655.1742238876022,0.12093911952308259,0.005029728048054682,0.005017121220873235,0.19909839384432967,14.42558526587281
2021-10-25,776.0156276682939,841.0069364855135,774.4636200950748,816.4654541015625,96124084,703.1016876220704,693.8627429199219,620.5114399719238,727.7430987622935,708.9838951499527,18.759203612340798,8.399452263376745,10.359751348964053,84.09300822211667,703.1016876220704,771.0917793189573,635.1115959251835,0.19340045087029514,0.108521029752632,0.10302672125434008,0.4247765889976593,21.125649388901024
2021-10-26,803.8551542110383,816.4654074399627,797.695494995274,804.5341796875,16925115,707.9226837158203,696.346962890625,621.9628425598145,739.5571112123253,716.0616940045858,23.49541720773948,11.418645252249291,12.076771955490187,78.2165143861763,707.9226837158203,789.6876668558676,626.157700575773,0.23099975469318354,-0.014613324243083481,-0.0147211506230022,0.43215092975009145,21.887807651765154
2021-10-27,803.9036865234375,823.54658203125,799.4901094973087,809.96630859375,22898400,713.6385223388672,698.8728942871094,623.4145664978028,750.3892954248521,723.0175913815608,27.371704043291288,14.609257010457691,12.762447032833597,78.93815782403682,713.6385223388672,806.9574877783771,620.3195568993574,0.2615300674455403,0.006751893261216058,0.006729201315044432,0.422496640819069,22.452495013690957
2021-10-28,805.2131540654456,807.0077256431113,772.378018047821,774.7545776367188,18750423,717.964810180664,700.7363000488281,624.6445323181152,754.1378003805239,726.8499607337947,27.287839646729253,17.144973537712005,10.142866109017248,64.11177844339875,717.964810180664,814.297810679144,621.631809682184,0.2683502008245764,-0.04347308102008007,-0.04444634728830749,0.4563653819795918,24.066885140707775
2021-10-29,774.0756438712536,784.503354612627,760.3983911391064,778.0042114257812,15701200,722.8731109619141,702.6928308105469,625.9178273010253,757.8095559259481,730.6391644887566,27.170391437191483,19.1500571176079,8.020334319583583,64.7694354546623,722.8731109619141,821.0131675143591,624.7330544094691,0.27152775518749567,0.004194404115655637,0.004185632123013084,0.4512299019030967,24.978008213810913
2021-11-01,783.4847683435156,785.4248073592453,769.2254697368435,779.7987060546875,11406421,728.2833953857422,704.935517578125,627.1955006408691,761.1925020996003,734.2806120121589,26.911890087441407,20.702423711574603,6.209466375866803,65.14923311115092,728.2833953857422,826.4507473107376,630.1160434607468,0.2695855831588749,0.0023065358805933744,0.002303879909986106,0.445935228407237,24.811717437205477
2021-11-02,784.7457789574072,785.7157984616808,774.0755644103967,776.9371337890625,9452457,733.1698669433594,707.2684143066406,628.4460508728027,763.6147531287484,737.4403543660036,26.174398762744772,21.796818721808638,4.3775800409361345,63.96503983354754,733.1698669433594,830.7793447294973,635.5603891572214,0.2662670199283538,-0.0036696294100087012,-0.003676379017443497,0.4475599235434776,25.026507192076856
2021-11-03,781.8357826218131,781.8357826218131,757.0517941576773,762.3869018554688,11839149,737.4791839599609,709.2715051269531,629.6078913879395,763.4258529328592,739.2882467726307,24.13760616022853,22.264976209492616,1.872629950735913,58.174781676066736,737.4791839599609,832.0617876080311,642.8965803118907,0.2565024361506731,-0.01872768246078471,-0.01890526615515025,0.45525969325870425,26.245958744097226
2021-11-04,764.86043165069,765.3454414361375,755.6452457271877,758.6522827148438,3149310,741.9703735351562,710.9719482421875,630.7099534606933,762.6914575147031,740.7226198053872,21.968837709315835,22.20574850945726,-0.2369108001414233,56.75468453717191,741.9703735351562,831.2067175070509,652.7340295632615,0.24053883323325576,-0.0048985877531944055,-0.004910625161137735,0.45272685562710024,25.501122252849523
2021-11-08,769.2255312127747,769.2255312127747,749.9706661249394,756.7608032226562,13967995,745.751025390625,712.7005236816407,631.8180332946778,761.7790491620806,741.9106333918517,19.86841577022892,21.73828196161159,-1.8698661913826697,56.00895598862841,745.751025390625,830.4279281304968,661.0741226507533,0.22709161598676414,-0.002493210045343641,-0.0024963232691992843,0.4516257508613158,25.3798687449948
2021-11-09,760.4952731993542,764.9573391303975,755.8391915310285,762.9688110351562,10084357,749.7838775634766,714.4029064941407,633.0069630432129,761.9620894502461,743.4704984024669,18.491591047779252,21.088943778845124,-2.5973527310658717,57.9613313151256,749.7838775634766,829.2624143569143,670.3053407700389,0.21200385650252673,0.008203395030587313,0.008169930078485344,0.45146335229410717,24.905249432476687
2021-11-10,759.0887779652497,760.7863121575199,749.9220814859318,757.48828125,9507347,753.0625457763672,715.9772485351563,634.2161241149902,761.2738112655929,744.5088526874694,16.764958578123583,20.224146738700817,-3.4591881605772343,55.61470648323152,753.0625457763672,827.755640694286,678.3694508584484,0.19837155714845484,-0.007183163591864994,-0.007209086726130787,0.45270612625824624,24.759744934827008
2021-11-11,753.4141354289994,753.70512942942,743.131893506917,748.321533203125,9221059,756.1108337402344,717.0985888671875,635.3151338195801,759.2811531021364,744.7912734664068,14.489879635729608,19.077293318106577,-4.587413682376969,51.834612467137724,756.1108337402344,824.1971314234158,688.024536057053,0.18009607757206883,-0.012101504767503601,-0.012175324131070673,0.45497986964994785,24.229708902151767
2021-11-12,749.5340980513727,756.5182504653758,748.0790687653425,753.317138671875,15380106,759.3434234619141,718.2150805664063,636.4171177673339,758.3636124205577,745.4228190371822,12.940793383375535,17.84999333116037,-4.909199947784835,53.68225471055031,759.3434234619141,819.6404106080236,699.0464363158046,0.15881348355190897,0.006675747318624747,0.006653563193174123,0.45491588199278626,23.96641871677078
2021-11-15,753.7052342876302,761.0288704760063,748.4186155908851,750.1161499023438,10934583,761.5744689941406,719.2510607910157,637.4948756408692,757.0947720331402,745.7704731753423,11.324298857797885,16.544854436487874,-5.220555578689989,52.297898779042654,761.5744689941406,816.5494221076274,706.5995158806538,0.14437183847850274,-0.00424919148285241,-0.004258244952701451,0.44991862016870093,17.40492914793695
2021-11-16,750.1161135428322,752.4926733047377,739.1549043612118,741.1434326171875,12785837,762.4765869140625,720.0057360839844,638.6191691589355,754.6407198153013,745.4277294302938,9.212990385007515,15.078481626191802,-5.865491241184287,48.52071007345179,762.4765869140625,815.34507277883,709.6081010492951,0.13867569646627365,-0.011961770568897134,-0.012033888226676321,0.44556158190009604,17.016915564882474
2021-11-17,738.0878578031025,748.8065613872471,733.6257326006576,738.475830078125,11657214,763.1483215332031,720.7235498046875,639.7095719909668,752.1538137018895,744.9127739227257,7.241039779163771,13.510993256786197,-6.269953477622426,47.42406759418139,763.1483215332031,814.328526817081,711.9681162493252,0.13412911707924421,-0.0035993067221042896,-0.003605799811640274,0.44591501835570085,16.38294101150021
2021-11-18,741.9679932427853,744.4900204442565,733.7228268925884,740.0279541015625,20644385,763.9752655029297,721.5335168457032,640.8836598205567,750.2882968403007,744.5509354174544,5.737361422846334,11.956266889998224,-6.21890546715189,48.158255966762454,763.9752655029297,812.9440687105744,715.006462295285,0.1281947346172476,0.0021017939385683526,0.0020995882597358096,0.44573819809994325,14.467148369053007
2021-11-22,745.2659566034415,747.351522173044,718.0569219589233,729.4546508789062,20403786,763.8055084228515,722.2144677734375,641.9763488769531,747.0831205385477,743.4326921183027,3.650428420245021,10.295099196047584,-6.644670775802563,43.68314913204349,763.8055084228515,813.2498608327691,714.361156012934,0.12946843630916727,-0.014287707868404609,-0.014390759929337894,0.44693692388574463,14.837836707667293
2021-11-23,718.7359659573292,735.2262975856127,709.278275758755,729.3091430664062,24913042,763.4441741943359,722.8139392089844,643.02599609375,744.3486624659106,742.3865032996437,1.9621591662669289,8.628511190091453,-6.666352023824524,43.623071997402945,763.4441741943359,813.8243842062368,713.063964182435,0.13198138571184256,-0.00019947478890525172,-0.00019949468664706534,0.4465613016997864,15.534171293699858
2021-11-24,727.7571681382037,749.0975982602171,724.3136105732106,737.4088745117188,23186419,759.4913452148437,723.5889855957031,643.7931015014649,743.2810027806503,742.0177900560936,1.263212724556638,7.15545149698449,-5.892238772427852,47.91705020596889,759.4913452148437,804.4717385616211,714.5109518680663,0.11844873185237795,0.011106033048285724,0.01104481391403619,0.19548097773542492,16.473010839108603
2021-11-25,732.2677527313655,732.31624186587,722.9555299001058,728.5331420898438,17749726,755.691293334961,724.435810546875,644.4503009033203,741.0121011359108,741.0189272437788,-0.006826107867937026,5.722995976014005,-5.729822083881942,43.96532296040735,755.691293334961,797.36954842357,714.0130382463519,0.1103049762679616,-0.012036378634244338,-0.012109402392164141,0.1940096667105221,15.735107706785536
2021-11-26,716.8444114844465,719.802959122451,697.0559899751541,700.548095703125,18987552,750.2203826904297,724.7219665527343,644.9433959960937,734.7868695308669,738.021087870397,-3.2342183395301163,3.9315531129051804,-7.165771452435297,34.34712363163493,750.2203826904297,790.6066575801183,709.8341078007411,0.10766509634104024,-0.03841286658070475,-0.03917009567830024,0.22228321427966902,17.2906045929098
2021-11-29,704.9617000159554,705.9317195550211,689.1988825061388,696.862060546875,15878074,746.3257568359375,724.8005383300781,645.3892864990235,728.9522835333296,734.9722710316175,-6.019987498287946,1.9412449906665552,-7.961232488954502,33.31336272555346,746.3257568359375,791.4905190827305,701.1609945891444,0.12103230213645573,-0.005261644673447252,-0.005275535874249391,0.17599703355961452,17.110459732984584
2021-11-30,695.2615423819902,710.3453351925388,689.7809080065218,692.9334716796875,23965914,742.0722198486328,724.5512438964844,645.8839624023437,723.4109278635385,731.8582858944376,-8.447358030899068,-0.13647561364656946,-8.310882417252499,32.200964213745124,742.0722198486328,790.5754479513012,693.5689917459645,0.13072374037276854,-0.0056375416163486625,-0.005653492531634736,0.17244247449649516,17.928051132030866
2021-12-01,694.9220306508784,710.7818266420423,693.5639795961246,705.8832397460938,15214913,738.3764465332031,724.6977172851563,646.3686724853516,720.7143604608547,729.9342084019677,-9.219847941113017,-1.953150079139859,-7.2666978619731575,39.385941230592614,738.3764465332031,786.0327922402888,690.7201008261173,0.1290841438153668,0.018688328094493167,0.018515846900745668,0.19132197392179814,18.271024375825895
2021-12-02,702.8761220492831,705.3011708545943,693.7579740644888,700.7421264648438,21924640,734.5666961669922,724.9382824707031,646.8095419311524,717.641709076853,727.7718319621807,-10.13012288532775,-3.5885446403774375,-6.541578244950314,37.67876486300905,734.5666961669922,781.419177082116,687.7142152518684,0.12756494722562983,-0.007283234665125704,-0.0073098869072585155,0.19144440186823294,18.111658514291744
2021-12-03,698.8990448845714,707.6292203237957,693.6609159389202,694.824951171875,20130259,731.1885986328125,725.0246142578125,647.2266287231446,714.1314386299333,725.3313222740098,-11.199883644076522,-5.110812441117255,-6.089071202959267,35.75767206462173,731.1885986328125,779.3204300724475,683.0567671931775,0.13165367055676913,-0.00844415523128339,-0.00848000908977128,0.1850945078348852,18.506595848923332
2021-12-06,697.4440401239817,705.0101805958118,686.2888155601072,688.27734375,20129080,727.6698516845703,725.1448962402344,647.6182308959961,710.1538855714821,722.5865831240832,-12.432697552601098,-6.5751894634140235,-5.857508089187075,33.70954250736061,727.6698516845703,777.6038880457721,677.7358153233685,0.13724365863338583,-0.009423391331632502,-0.00946807240341874,0.18589819799863724,18.943103716822147
2021-12-07,695.5040093861126,718.735989183653,690.6539116916487,712.6248779296875,30513303,725.4630554199218,725.4873132324219,648.0496020507812,710.5340382419752,721.8486790356094,-11.314640793634226,-7.523079729458065,-3.791561064176161,46.077899794934275,725.4630554199218,773.8613083649007,677.064802474943,0.1334272023458571,0.03537459775594631,0.03476329143537908,0.23437842361038894,20.166023466116947
2021-12-08,725.477697267346,736.0508755990655,721.7915753481878,730.8128051757812,33432411,723.8552551269531,726.0780554199218,648.4444854736328,713.6538485394838,722.5126883793258,-8.858839839842062,-7.790231751534865,-1.0686080883071973,53.11519863727121,723.8552551269531,769.0369803593578,678.6735298945484,0.12483635343499856,0.0255224421843554,0.02520218242965958,0.2526104695373702,20.754964100601835
2021-12-09,736.2933747168162,740.1249640256364,725.9627013712233,732.3648071289062,16007459,722.5990814208984,726.56306640625,648.9225698852539,716.5324575532411,723.2424749533687,-6.71001740012764,-7.57418888125342,0.8641714811257799,53.670830886858674,722.5990814208984,765.1648620498526,680.0333007919443,0.11781299401946096,0.0021236655161669393,0.002121413726023824,0.2522526223487352,20.997469036512193
2021-12-10,733.8198119392496,737.0208647107474,728.5331933895731,735.2748413085938,7627774,721.9467468261719,727.3555725097656,649.4200405883789,719.4159012079108,724.1337613500522,-4.717860142141376,-7.002923133431012,2.285062991289636,54.753585503235456,721.9467468261719,763.2333867888706,680.6601068634732,0.11437585983787131,0.003973476266692533,0.003965602859511117,0.2497889829361329,19.511259829873172
2021-12-13,740.124828227319,746.6239702769257,729.9396241691448,731.3946533203125,16855546,720.8506225585937,728.2188891601562,649.9595263671876,721.2587861482804,724.671605199701,-3.4128190514206835,-6.284902317028947,2.8720832656082633,52.97574828896573,720.8506225585937,759.7240154928896,681.9772296242978,0.10785422587641899,-0.00527719401003246,-0.005291167580852032,0.24866969010059278,18.849568707081964
2021-12-14,728.5331505780205,741.4343983870167,723.925557845858,735.9053344726562,17488089,720.1400817871094,729.3402319335937,650.6211859130859,723.5121012751074,725.5037332939941,-1.991632018886662,-5.42624825740049,3.4346162385138284,54.812586712959074,720.1400817871094,757.2402140550353,683.0399495191834,0.10303587650851964,0.006167232877444029,0.006148293326619774,0.24981032875921633,18.32991533952141
2021-12-15,734.8867240174936,736.7297846856566,728.3876409572437,729.6971435546875,7358740,719.5677673339844,730.502314453125,651.3204748535156,724.4636462411967,725.8143562762676,-1.3507100350709607,-4.611140612934585,3.260430577863624,51.81277802282915,719.5677673339844,755.6426599728047,683.4928746951641,0.10026822844630362,-0.00843612707661301,-0.008471912599580796,0.2480353454883811,17.893400990721407
2021-12-16,735.1778196752333,735.1778196752333,716.7959378855409,718.9299926757812,14123215,718.5904754638672,731.2967602539062,651.934736328125,723.6123149234404,725.3044034169724,-1.692088493531969,-4.027330189054062,2.335241695522093,47.00767753771019,718.5904754638672,753.5503919294329,683.6305589983015,0.09730136331962441,-0.014755643452918799,-0.014865590863462999,0.2529011900095817,16.958024538935895
2021-12-17,719.7544271440265,719.7544271440265,704.2826051777031,706.4651489257812,13227787,716.9123352050781,731.9020520019532,652.366742553711,720.974289385339,723.9089030842915,-2.9346136989524894,-3.8087868910337477,0.8741731920812583,42.13588848426156,716.9123352050781,750.743385456607,683.0812849535491,0.09437988046851314,-0.017338049430386415,-0.017490113637189872,0.25885857642362164,16.867952033038836
2021-12-20,696.5709675066236,698.6080439454036,677.2676153057263,688.6653442382812,16900016,714.8728698730469,732.2987890625,652.7731002807617,716.0036824396378,721.2982690956982,-5.294586656060346,-4.105946844039067,-1.1886398120212789,36.34347895622349,714.8728698730469,750.3959068897632,679.3498328563305,0.09938280920641124,-0.025195587800142083,-0.025518430979677847,0.26834084883489573,17.484602492612982
2021-12-21,698.4140568879703,707.0957434639558,694.6795054047839,698.7535400390625,14563335,713.3450897216796,732.6509045410156,653.3761859130859,713.3498143780109,719.628289165577,-6.278474787566097,-4.540452432744473,-1.7380223548216236,41.271148339474465,713.3450897216796,748.8821832304643,677.807996212895,0.09963506869487221,0.014648908769962388,0.014542649965923879,0.27528959443806716,17.526177082850104
2021-12-22,704.4766454942636,712.9158267890912,698.4625128930479,710.8302612304688,9843359,712.0161590576172,733.2212744140625,653.9883944702149,712.9621908168506,718.976583392606,-6.014392575755437,-4.835240461346666,-1.1791521144087707,46.600295756742064,712.0161590576172,745.7040182207253,678.3282998945091,0.09462667029269498,0.017283234358614008,0.017135578153512857,0.28002114204368944,17.692466241024274
2021-12-23,716.8929569013119,717.3294775522406,706.1257632733157,709.3753051757812,9994049,711.0582672119141,733.5704821777343,654.5829312133789,712.4103622566861,718.2653775987671,-5.85501534208106,-5.039195437493545,-0.8158199045875154,46.058048606614335,711.0582672119141,743.8461133433077,678.2704210805205,0.09222267047103182,-0.0020468403415591085,-0.002048937982096641,0.2773562732167009,17.49499551917066
2021-12-24,711.8973889628089,711.8973889628089,698.0260616918899,705.3012084960938,8800690,711.2959228515625,733.9293908691407,655.0526412963867,711.316646293518,717.3050687763468,-5.98842248282881,-5.229040846560599,-0.7593816362682109,44.496690737500906,711.2959228515625,743.8309370979106,678.7609086052145,0.09148095244498584,-0.005743217518233146,-0.005759773211025092,0.24106846142496324,17.148564250257404
2021-12-27,702.2941526330036,716.6019409635793,694.6309745229842,713.9343872070312,7955163,712.1495391845704,734.4347717285157,655.620404663086,711.7193756648278,717.0553886601012,-5.33601299527345,-5.250435276303169,-0.08557771897028044,48.48215308611518,712.1495391845704,743.9782116879089,680.3208666812318,0.08938760962980674,0.012240413892592006,0.012166105786592852,0.24356385919859738,16.54230146503898
2021-12-28,718.2024817946877,720.1910099848699,710.539303845837,713.7403564453125,17833655,713.1898834228516,734.5996740722657,656.2418441772461,712.0302957849024,716.8098307182651,-4.779534933362697,-5.156255207715075,0.37672027435237787,48.398038341044675,713.1898834228516,743.707119259653,682.6726475860502,0.08557955334514387,-0.0002717767419465611,-0.00027181367993803554,0.2422716181749203,15.558423498585755
2021-12-29,715.8744046334617,722.6160521279113,709.9573092528904,713.6433715820312,7143073,713.5778900146485,734.4105200195313,656.8695687866211,712.278461292153,716.5752781896551,-4.29681689750214,-4.984367545672489,0.6875506481703493,48.35288076305074,713.5778900146485,743.9006819365186,683.2550980927783,0.08498803661432858,-0.000135882555057254,-0.00013589178792803861,0.23371501472451067,15.451029228629173
2021-12-30,711.3153010555776,718.2994534296456,707.1442289672,713.6433715820312,14326182,714.2229522705078,734.1825646972657,657.414841003418,712.4884474905958,716.3580999224238,-3.8696524318279444,-4.761424522903581,0.8917720910756364,48.35288076305074,714.2229522705078,743.9388561387323,684.5070484022833,0.08321184239111304,0.0,0.0,0.23185893725282972,15.641568738719977
2021-12-31,714.4678551932623,723.8770562410723,714.4678551932623,717.9599609375,6973055,715.3797027587891,734.071982421875,657.9792782592773,713.3302187901196,716.4767562939109,-3.146537503791251,-4.438447119081115,1.291909615289864,50.72603797897424,715.3797027587891,743.6838305260591,687.0755749915191,0.07913036296142585,0.006048664539403781,0.006030444801190982,0.2297156005016016,15.180807206667136
2022-01-03,720.772979859294,743.034939294085,720.7244907252026,741.77392578125,9653095,718.0545318603515,734.2504650878906,658.724443359375,717.706173711832,718.3506207003804,-0.6444469885484523,-3.6796470929745824,3.03520010442613,61.2929126448109,718.0545318603515,745.677406674839,690.4316570458641,0.07693809756459995,0.03316893161096912,0.032630711724493736,0.2510313104534442,15.721245622054726
2022-01-04,744.9265659335229,754.6752511022024,740.7069451374718,749.6796264648438,12114437,719.9072692871093,734.5133410644531,659.5543530273437,722.6251664430646,720.6712877940444,1.9538786490202256,-2.552941944575621,4.5068205935958465,64.04923820305886,719.9072692871093,750.7766818753047,689.037856698914,0.08575941348325015,0.010657830383114852,0.010601436049172562,0.22373392662610186,16.123114353220274
2022-01-05,749.8251667459118,771.9900913951558,748.0791432698401,764.4239501953125,19741360,721.5878265380859,733.4725109863281,660.4993313598633,729.055748558795,723.9122257496939,5.143522809101114,-1.0136489938402742,6.157171802941388,68.54767794298475,721.5878265380859,758.1008140527067,685.0748390234651,0.10120178354392911,0.01966749956911129,0.019476593338287752,0.21664174030656935,16.51804766290765
2022-01-06,751.8135989795604,768.7404510358562,750.7950903492147,761.5137939453125,13018067,723.0452758789063,732.6121032714843,661.4561148071289,734.0492940028746,726.6975270975175,7.351766905357067,0.6594341859991941,6.692332719357873,66.77176051309502,723.0452758789063,763.485350096732,682.6052016610806,0.11186042027221119,-0.003806992506261042,-0.0038142575467303747,0.21773996462077952,16.694729000073227
2022-01-07,768.4495088790554,778.2466827734125,762.6778806439341,769.468017578125,12250210,724.7549346923828,731.8021374511719,662.5053814697266,739.498328399067,729.8657115775625,9.632616821504485,2.4540707131002524,7.178546108404232,69.12619369676923,724.7549346923828,769.9799816048924,679.5298877798732,0.12480093545469971,0.010445278465151198,0.010391103466122525,0.2197042094264945,15.804397229219303
2022-01-10,776.2580937359975,788.4318264452507,775.0455693783967,786.4432983398438,10905080,727.5073669433593,732.0359118652344,663.6005950927735,746.7206314668788,734.056643930324,12.663987536554828,4.496054077791168,8.16793345876366,73.44983892161233,727.5073669433593,780.4721989781564,674.5425349085623,0.14560631119745254,0.022061060854936976,0.021821236430167756,0.22835102228650034,15.842497917894386
2022-01-11,785.4733332316896,790.2749418612598,777.8587034209163,786.3463745117188,9982061,730.0294189453125,732.2027551269531,664.7591583251954,752.8168996276235,737.9299573067236,14.886942320899834,6.5742317264129015,8.312710594486934,73.3866450176821,730.0294189453125,789.126728228166,670.932109662459,0.16190391167586793,-0.00012324325012313952,-0.00012325084519652408,0.22855323202696592,15.696992528201545
2022-01-12,794.0579645991324,800.7026339113712,787.7043485105037,799.0535888671875,13034848,733.4972412109375,732.5878527832032,665.9186325073242,759.9302364337103,742.4576337186099,17.47260271510038,8.753905924150398,8.71869679094998,76.2693396647979,733.4972412109375,800.1669638938013,666.8275185280738,0.18178588530966536,0.01615981807426703,0.016030638039944946,0.2283083484213329,15.922174322539222
2022-01-13,796.3860744078269,803.1762114612432,792.8940276053314,799.9751586914062,9372244,737.5494995117188,733.04861328125,667.1741134643555,766.090993704125,746.7181911240023,19.372802580122766,10.877685255344872,8.495117324777894,76.46841286955235,737.5494995117188,810.085137893395,665.0138611300425,0.19669361427184784,0.001153326681787803,0.001152662111499025,0.21708327684175546,15.665806935752991
2022-01-14,796.3860351562499,797.3560546875,787.2678278803825,795.416015625,7552844,741.9970428466797,733.7091955566407,668.3872134399414,770.6025355381058,750.3254373833354,20.277098154770442,12.757567835229988,7.519530319540454,73.19699591277953,741.9970428466797,817.3606156049591,666.6334700884004,0.2031371242913481,-0.005699105799565118,-0.005715407669917066,0.20444661736966135,15.004118676497894
2022-01-17,795.4160250326835,804.0492226450341,790.1294066837855,794.7369995117188,6722700,747.3006256103515,734.4308898925781,669.5630667114258,774.3155299955847,753.6151827261785,20.700347269406166,14.346123722065224,6.354223547340942,72.698158774821,747.3006256103515,821.7856599527438,672.8155912679592,0.19934423119626657,-0.000853661605930478,-0.0008540261824973097,0.1706010184503486,15.308983663799015
2022-01-18,796.38601737993,810.9363100238994,793.669974594114,798.4230346679688,10835146,752.2841003417968,735.2641345214844,670.6949664306641,778.0243768682591,756.934282870015,21.09009399824413,15.694917777301006,5.395176220943123,73.74421401903915,752.2841003417968,826.4291607260818,678.1390399575118,0.1971198390358045,0.00463805656275551,0.004627333920447314,0.16852513364355787,15.638097417710762
2022-01-19,791.5359564713497,796.3860542438456,779.1682071514848,784.3577880859375,16416144,755.9604766845703,735.6919140625,671.8017562866211,778.998747824825,758.96565362675,20.03309419807499,16.562553061455805,3.470541136619186,63.71280436119009,755.9604766845703,828.7298502456844,683.1911031234562,0.19252163520574533,-0.017616283563111845,-0.017773297014814525,0.18436044244061095,16.21664049299921
2022-01-20,778.9256714959455,788.5773775230373,771.5535468550623,785.9583129882812,13567654,759.7896270751953,736.2613146972657,672.8570663452149,780.0694501576645,760.9651098757524,19.104340281912073,17.07091050554706,2.0334297763650113,64.30779099730924,759.7896270751953,830.2609834577503,689.3182706926403,0.1855022860836728,0.002040554612518841,0.002038475508824833,0.1828538742801426,16.701650922208778
2022-01-21,778.9256470409367,787.0252860646632,771.6505008979641,780.3806762695312,12078277,763.5436004638672,736.9024975585937,673.9964398193359,780.1173310979517,762.4032999789954,17.714031118956314,17.199534628228914,0.5144964907273994,60.57996772804183,763.5436004638672,829.6577992064115,697.4294017213228,0.17317727161193858,-0.007096606304147768,-0.007121906985037537,0.18398788136858962,16.00877998007407
2022-01-24,788.6259190532194,792.2150033426144,759.8163256674114,774.5121459960938,29612316,766.5724884033203,737.3263977050781,675.1323434448242,779.254994928435,763.3002515358174,15.954743392617615,16.950576381106654,-0.9958329884890382,56.846121967250404,766.5724884033203,828.5375316320992,704.6074451745415,0.16166779832614322,-0.007520086608872711,-0.00754850502243977,0.1872071252372033,17.32523510225067
2022-01-25,765.3454397112157,780.1867272714006,762.4838701424657,777.6162109375,19513184,769.7662811279297,737.8763989257812,676.2269448852539,779.002874314445,764.3606929729791,14.642181341465857,16.488897373178496,-1.8467160317126385,58.309806162988046,769.7662811279297,826.6412865844277,712.8912756714317,0.1477721403259174,0.004007767931662576,0.003999758223334814,0.18648264495447478,16.881800031080616
2022-01-27,763.3083379428434,777.470598398746,757.6336885698474,770.8259887695312,23984679,772.6254119873047,738.4700500488282,677.2921896362304,777.7448919229198,764.8396037727238,12.905288150196043,15.772175528582007,-2.8668873783859645,53.99538935064316,772.6254119873047,822.998732172816,722.2520918017934,0.13039519385194379,-0.008732099553046102,-0.008770447737665839,0.19165593162727634,17.027311579724262
2022-01-28,779.6531914591883,781.6902087749737,755.1601985082153,757.7307739257812,14072314,774.8297821044922,738.8551489257812,678.3427352905273,774.6657968464369,764.3130237840613,10.352773062375604,14.688295035340728,-4.3355219729651235,46.80308137286949,774.8297821044922,817.6237149904458,732.0358492185386,0.11046021687427211,-0.01698854869262245,-0.017134509556559572,0.20527916946750627,17.727105968199858
2022-01-31,765.2968937941276,774.7545838873432,760.495285444206,765.1513671875,14824509,777.1893524169922,739.3576171875,679.5640982055664,773.2020384373698,764.3751232954271,8.826915141942663,13.516019056661115,-4.6891039147184514,50.80223131738132,777.1893524169922,811.0525975153915,743.3261073185928,0.08714284361484775,0.00979317920964573,0.009745536824545757,0.2064243652669595,17.588534617802445
2022-02-01,778.0041745847009,788.4803739691243,765.6364252212842,786.0068359375,20031583,779.4009979248046,740.4886608886719,680.78310546875,775.1720072835437,765.9774723800251,9.194534903518615,12.651722226032614,-3.457187322513999,59.92147724286301,779.4009979248046,809.0394688549675,749.7625269946418,0.07605448545505278,0.027256657498580195,0.026891809654594073,0.19586229039790554,18.368018070751077
2022-02-02,790.56591796875,794.1550020754337,784.600274169445,789.3533935546875,11214375,781.3846862792968,741.6895458984375,681.9482409667969,777.3537590175658,767.7090220966668,9.64473692089905,12.050325165005903,-2.4055882441068537,61.16540549267488,781.3846862792968,807.7807582485511,754.9886143100425,0.06756229660692209,0.004257669862623992,0.004248631631748152,0.19383846893893586,18.02505153548938
2022-02-03,789.6444026820711,793.8640232469231,781.8357571471566,784.6973266601562,9755335,782.3983551025391,742.6353149414062,683.1299923706055,778.4835386548874,768.9674150272956,9.51612362759181,11.543484857523085,-2.027361229931275,58.44737560129279,782.3983551025391,807.5811873971455,757.2155228079326,0.06437342852364776,-0.005898583489409748,-0.005916048847448683,0.18512076214940335,18.149771695764716
2022-02-04,785.5218385784158,787.6558934806294,771.9415645528877,780.9142456054688,10314067,783.3683776855469,743.6829370117188,684.3276477050781,778.8574935703615,769.8523654404936,9.005128129867899,11.035813511992048,-2.0306853821241493,56.25982617777483,783.3683776855469,806.5815783824971,760.1551769885966,0.0592650950898309,-0.004821070400212957,-0.004832729247290016,0.18553171903318422,18.36455727553028
2022-02-07,774.1241179345495,780.865765891066,758.021816506368,762.8234252929688,14659368,783.0361480712891,744.9284436035156,685.4379922485351,776.390713835378,769.3317032073437,7.059010628034343,10.240452935200507,-3.1814423071661633,47.16823706061169,783.0361480712891,807.2554000424434,758.8168961001347,0.06185985674048185,-0.0231662060390172,-0.023438760181938023,0.20130449748849147,19.00545821394829
2022-02-08,766.3154905301163,771.844614138292,751.086170839281,768.7405395507812,14642455,782.151010131836,746.3660131835937,686.480719909668,775.2137639454402,769.2879133068576,5.925850638582574,9.37753247587692,-3.4516818372943465,50.01355030134355,782.151010131836,807.128069734105,757.1739505295669,0.06386761451106229,0.007756859663217597,0.007726929901638881,0.18599782164547532,19.25489449032155
2022-02-09,773.3480321331704,780.1381685081245,770.3894845537128,778.7316284179688,8855292,781.7702728271485,748.0819763183594,687.6181353759765,775.7549738642907,769.9874477595325,5.76752610475819,8.655531201653174,-2.888005096894984,54.47216113840446,781.7702728271485,806.7101838825937,756.8303617717032,0.06380368228956569,0.012996698304769794,0.012912965937216747,0.19259920966765595,18.693666021811502
2022-02-10,781.7872896935493,784.5518218050651,772.4265770961425,781.3507690429688,13159771,780.8851318359375,749.5913269042969,688.6663662719726,776.6158654302412,770.8291752620092,5.786690168231985,8.081762994968937,-2.295072826736952,55.59045082118209,780.8851318359375,804.4616121098431,757.3086515620319,0.0603839907118606,0.0033633417847955815,0.00335769840102697,0.18311459141884623,18.34376702473633
2022-02-11,772.9600369655885,773.4935950700583,764.2784095569087,767.0914306640625,13138408,779.2409454345703,750.9183129882813,689.6063052368164,775.150567773906,770.552305291791,4.598262482115047,7.385062892398159,-2.7868004102831128,48.59248758425066,779.2409454345703,801.7754083664328,756.7064825027079,0.057836958039455495,-0.018249599211851653,-0.018418177285600388,0.19271013567852266,18.46502233326211
2022-02-14,748.8551060073834,750.7466560048083,728.6302217098981,731.103759765625,16170656,776.0253326416016,751.6438891601563,690.2570141601562,768.3741357726319,767.6301908083713,0.7439449642606633,6.0568393067706605,-5.312894342509997,36.205088646974275,776.0253326416016,805.9755089138381,746.0751563693651,0.07718865612359754,-0.04691444782179799,-0.048050607921470215,0.25011205752028554,18.89806028175935
2022-02-15,730.3762033282566,754.6751802603627,720.9185130872045,752.7836303710938,18880659,773.9276641845703,752.9340148925781,691.015639038086,765.9755964800876,766.5304455907951,-0.5548491107075506,4.734501623275018,-5.289350733982569,45.2585547530737,773.9276641845703,804.2343701205107,743.6209582486299,0.07831922113256488,0.029653616625386903,0.029222451143395955,0.27730779017114376,20.04476099920387
2022-02-16,752.4441841678203,754.238696670831,737.6028967480834,741.1434326171875,10549784,771.0636840820313,753.5043859863281,691.8173754882813,762.1552635781029,764.6499261112685,-2.494662533165638,3.288668791986887,-5.783331325152525,41.82639399144741,771.0636840820313,802.4310927163582,739.6962754477044,0.08136139538635004,-0.015462873107599417,-0.015583670194613219,0.2795559594493069,19.805709395996377
2022-02-17,743.5199649675193,744.2474796103446,723.9255587463642,727.8541259765625,16683808,768.2385009765625,753.4452124023437,692.5708001708985,756.8781654855583,761.9243112864756,-5.046145800917316,1.6217058734060468,-6.667851674323362,38.25917937844709,768.2385009765625,804.3794314392613,732.0975705138636,0.0940877876252168,-0.01793081616293446,-0.018093521136722995,0.2797677601751514,19.36227443865509
2022-02-18,724.4591053521793,734.1108120903283,723.1980917292974,726.4476928710938,8945567,765.2629699707031,753.3268701171875,693.3423394775391,752.1965543141023,759.2964136260769,-7.099859311974569,-0.12260716367007651,-6.977252148304492,37.89086827387792,765.2629699707031,804.892030994977,725.6339089464293,0.10356978601954557,-0.001932300793901165,-0.0019341700955036883,0.27906318588347806,18.925768038617157
2022-02-21,723.8770055260499,740.0278528490478,717.814384039232,731.8311767578125,10967164,762.8354949951172,753.2579968261718,694.086392211914,749.0634193054424,757.2619516358351,-8.198532330392709,-1.737792197014603,-6.460740133378106,40.26149162071142,762.8354949951172,804.4628742126255,721.2081157776089,0.10913854819452193,0.007410697204422112,0.007383372899621249,0.281517841615124,18.84608675491655
2022-02-22,716.2624787902446,736.9723730612117,715.631942383559,728.7756958007812,13156371,760.5486724853515,753.2056176757812,694.7890530395508,745.942231073956,755.1518586110163,-9.209627537060328,-3.232159265023748,-5.97746827203658,39.34361933708077,760.5486724853515,804.4387707001525,716.6585742705505,0.11541693464896911,-0.004175117232047665,-0.004183857369881433,0.28106436592209955,19.687922667178263
2022-02-23,731.9767460218848,733.7228286173266,720.4335486276524,722.2765502929688,11624282,757.781689453125,752.9330419921876,695.4645379638672,742.3013571076502,752.7166505874573,-10.41529347980702,-4.668786107980402,-5.746507371826617,37.3909861043921,757.781689453125,804.0542207898836,711.5091581163663,0.12212628513141452,-0.008917895513339325,-0.008957897946130392,0.2806023540181754,19.77799508788596
2022-02-24,691.5270023764157,705.3012334487867,681.2447590061901,686.19189453125,28023104,753.5499847412109,752.0629370117188,695.9298583984375,733.6691320958963,747.7888908795901,-14.119758783693783,-6.558980643123078,-7.560778140570704,28.834282242547957,753.5499847412109,809.3074435094799,697.7925259729419,0.14798609222297993,-0.04995961138026994,-0.05125078095470137,0.3253268717795896,21.586385256388603
2022-02-25,703.2157045982457,717.1354618542133,698.6566007426215,708.1627807617188,16935750,751.0715850830078,751.8475927734376,696.5214755249024,729.7450780444843,744.8536234634515,-15.108545418967196,-8.268893598291903,-6.839651820675293,38.11970441961235,751.0715850830078,810.3424485719748,691.8007215940407,0.1578301314179433,0.03201857440399736,0.03151666535088658,0.3482663420088796,22.161466558093075
2022-02-28,701.2755871612912,722.4219997506656,693.9519520092407,720.4334716796875,20547432,748.8356903076171,752.1269592285156,697.2474688720703,728.312523219131,743.0447233313208,-14.732200112189844,-9.561554901071492,-5.170645211118352,42.622464777246044,748.8356903076171,809.2332969155289,688.4380836997054,0.16131070511102574,0.01732750047209497,0.0171790912567617,0.35297408473096165,22.712295446836922
2022-03-02,695.5040227620968,703.2156900856645,686.5313418547755,693.41845703125,25252492,744.2062713623047,752.222021484375,697.8260556030274,722.9442053440723,739.3687036053897,-16.424498261317353,-10.934143573120664,-5.490354688196689,36.35106523255345,744.2062713623047,806.7625735480358,681.6499691765737,0.168115493225336,-0.037498278065082324,-0.03821942379850697,0.35475214496987617,24.3197597945204
2022-03-03,696.0860517799904,700.3056726268321,672.6601136097332,677.3646850585938,23190595,738.6068359375,751.7942443847656,698.1971881103516,715.9319714539987,734.7758133426642,-18.84384188866545,-12.516083236229623,-6.327758652435829,33.22270033271958,738.6068359375,804.125966861281,673.0877050137191,0.17741273905383972,-0.0231516363746469,-0.02342384510036859,0.3575638519300322,25.428353673675854
2022-03-04,670.2834442368592,685.3672349397713,664.4633274996361,667.421875,18697223,732.7430633544922,750.9260766601562,698.4721813964844,708.468879691845,729.7866327246891,-21.317753032844053,-14.276417195552508,-7.041335837291545,31.41921612179314,732.7430633544922,801.7905408514625,663.6955858575218,0.18846299869662783,-0.014678666127587836,-0.014787463728961099,0.35843937077110044,25.70203567039551
2022-03-07,643.607897038943,647.0029650715524,622.8980057221412,634.1502075195312,27799873,725.4048614501953,749.4215747070313,698.6182946777344,697.0352378191814,722.7024530798626,-25.667215260681246,-16.554576808578258,-9.112638452102988,26.2784557204336,725.4048614501953,803.4992530336762,647.3104698667145,0.21531256746021304,-0.04985102935151586,-0.05113649547221232,0.3878784814152725,26.135082836373687
2022-03-08,624.0134935685846,649.3795255927831,623.722499577802,645.0629272460938,26716975,719.5168365478515,748.2168090820312,698.8520983886718,689.039497731014,716.951377092176,-27.91187936116205,-18.82603731909502,-9.085842042067032,30.306264793798775,719.5168365478515,803.2837904784595,635.7498826172435,0.23284223433189133,0.01720841465817302,0.017062026904963005,0.39618318878467473,25.55653703936104
2022-03-09,644.7720213722183,654.2782013370947,638.2728783985298,647.4395751953125,33728639,713.4517883300781,746.8869128417969,698.9824481201172,682.6395096485984,711.8023547294455,-29.16284508084709,-20.893398871445434,-8.269446209401657,31.18803405390487,713.4517883300781,799.7398611540337,627.1637155061225,0.24188900843860386,0.003684366049937493,0.003677595398618409,0.39428743042005293,25.511502969062274
2022-03-10,673.1449971929803,679.9836223527601,653.4536145493574,656.3151245117188,35959638,707.3309631347656,745.738408203125,699.1334796142578,678.5896042429246,707.6921895281324,-29.10258528520785,-22.535236154197918,-6.567349131009934,34.51988611344363,707.3309631347656,791.4619393305992,623.199986938932,0.2378829164298986,0.013708691368964798,0.013615577275907658,0.3948041258920574,26.38451199002422
2022-03-11,654.4236695822449,664.1723535705743,650.4950433016918,657.5762329101562,20546724,701.142236328125,744.6170654296875,699.2765502929688,675.3567778840371,703.9798964453194,-28.62311856128224,-23.752812635614784,-4.870305925667456,35.00146470685634,701.142236328125,780.4168359804789,621.8676366757711,0.2261298650827661,0.0019214983036932587,0.0019196545872485957,0.3942760043914527,26.581982697727906
2022-03-14,657.7702140371608,677.5101468285675,656.9457211257647,675.2791137695312,24648981,696.5516204833984,743.8497802734375,699.4974963378907,675.3448295587285,701.8539125434091,-26.509082984680617,-24.304066705427953,-2.205016279252664,41.50504317579597,696.5516204833984,770.17845342234,622.9247875444569,0.21140380920468013,0.026921412261251332,0.026565406364401755,0.4113737992991853,26.46419390436983
2022-03-15,680.4686586846724,686.8707635090693,667.3733958304414,676.4430541992188,27714580,693.8185852050781,743.0194421386718,699.7254708862305,675.5137871957271,699.9716267401358,-24.45783954440867,-24.3348212732241,-0.12301827118456998,41.916545923877784,693.8185852050781,766.0906435508875,621.5465268592686,0.20833128396077014,0.0017236434623162378,0.0017221596936710533,0.38247646073634195,26.332546547296634
2022-03-16,685.7068059466105,690.0718936820614,680.2261721077612,686.7738037109375,14621688,690.5180938720703,741.9194396972656,700.0495901489257,677.2460974288364,698.9940102194545,-21.747912790618102,-23.817439576702903,2.0695267860848006,45.57611237308404,690.5180938720703,757.2703097113416,623.7658780327989,0.19333951255341986,0.015272164371542551,0.015156718788018926,0.36906478738441223,26.356800796808663
2022-03-17,696.2799534211983,703.264105342903,694.7279459742814,698.510986328125,18329844,688.3864715576171,740.8960668945313,700.3371270751953,680.5176187979577,698.9582306719485,-18.44061187399086,-22.742074036160496,4.301462162169635,49.471330469732486,688.3864715576171,750.9213664906013,625.851576624633,0.18168542676757127,0.017090317880161354,0.016945921264964914,0.3740821327992913,24.603837250036293
2022-03-21,699.3841067973971,701.2271676541549,684.3488035306015,689.44140625,12866839,686.4658355712891,739.396416015625,700.640491027832,681.890509175195,698.2532807147671,-16.362771539572122,-21.466213536842822,5.1034419972707,46.69047443353806,686.4658355712891,746.1933791431477,626.7382919994304,0.1740146136250242,-0.012984162390632159,-0.013069193467295391,0.37181441971342816,23.59917987864987
2022-03-22,687.4044154513306,699.3841338680609,678.528712400428,696.6680908203125,11761758,684.97685546875,738.099501953125,700.9884512329102,684.1639832744438,698.1358592411038,-13.971875966660036,-19.967346022806268,5.995470056146232,49.14353185779916,684.97685546875,741.9278931737609,628.0258177637392,0.16628602047010071,0.01048194161940419,0.010427386964006708,0.3746411488473312,23.055278001950438
2022-03-23,703.2641573226852,705.0101806308414,692.8364474037626,696.7650146484375,7140403,683.2235473632812,736.6454418945312,701.327707824707,686.1026034858274,698.0343151972025,-11.931711711375101,-18.360219160520035,6.428507449144934,49.17731007219865,683.2235473632812,736.1154924103624,630.3316023162,0.15483056827067376,0.00013912482773670298,0.00013911515077538324,0.3731504778548974,21.503249673533787
2022-03-24,681.3902952515019,691.3329963760759,677.073696092944,683.0878295898438,17727969,680.9391540527344,734.5783325195313,701.6350900268554,685.6387921172145,696.927168115176,-11.288375997961452,-16.94585052800832,5.657474530046869,44.66868136776517,680.9391540527344,729.2997533431268,632.5785547623419,0.14204088280888372,-0.019629551959486347,-0.0198247705400156,0.3782408230557754,20.935089640561973
2022-03-25,683.8638064534825,684.930804313348,675.7641666123579,678.2861938476562,15263007,678.7396362304687,732.41712890625,701.8918661499024,684.5076231526671,695.5463552064708,-11.038732053803756,-15.76442683316741,4.7256947793636535,43.172234171057774,678.7396362304687,723.0128340739457,634.4664383869917,0.13045708687165525,-0.007029309459474109,-0.007054131444550239,0.37790543807782984,20.09671323062303
2022-03-28,680.9537053887425,692.0119516370017,674.794105097614,689.0533447265625,13806166,678.8827087402344,730.2171240234375,702.2305264282227,685.2069649332664,695.0653914672184,-9.85842653395207,-14.583226773324343,4.724800239372273,47.42556487674498,678.8827087402344,723.2756390899533,634.4897783905155,0.13078232742765364,0.01587405283576304,0.015749377727822436,0.3393788402199154,18.146283035017955
2022-03-29,692.8849609072935,695.4555364272713,684.6882837719272,693.85498046875,11489374,678.1673187255859,728.0947204589844,702.6236611938476,686.5374288618023,694.9757313932578,-8.43830253145552,-13.35424192495058,4.91593939349506,49.249794361730906,678.1673187255859,721.0075086720522,635.3271287791197,0.1263410629311116,0.0069684528475699725,0.006944285388269637,0.3195194868630978,17.082727795043883
2022-03-30,699.4325767058435,709.8117976134745,697.5410267638673,708.9873046875,20154520,677.5950103759766,726.3661462402343,703.071662902832,689.9912559119097,696.0136257113498,-6.022369799440185,-11.887867499848502,5.8654977004083175,54.59659938905786,677.5950103759766,718.3109248044487,636.8790959475044,0.12017772800859368,0.02180905901767405,0.02157464361970521,0.3232703623541885,17.079263095483846
2022-03-31,717.7174967447032,717.7174967447032,705.9802245354099,708.4052734375,16046383,678.344351196289,724.63951171875,703.5394836425781,692.8241816850775,696.9315255429165,-4.107343857838941,-10.331762771446591,6.22441891360765,54.35937662718035,678.344351196289,720.8008741700818,635.8878282224963,0.1251769043227643,-0.0008209332468323005,-0.0008212703970613613,0.2924989941344117,15.593064884901398
2022-04-01,703.26416015625,716.1654080808163,701.4210993647575,714.1768798828125,12658848,680.1849609375,722.9545886230469,704.0388217163086,696.1092121770369,698.2089591977235,-2.0997470206866637,-8.685359621294605,6.585612600607941,56.383231385636954,680.1849609375,725.5545452570352,634.8153766179648,0.13340366789939673,0.008147322813262026,0.008114312554367615,0.2786642697072327,15.669279059699704
2022-04-04,719.7544866073363,727.3206270513682,703.2641547039336,724.216552734375,17192197,683.0246948242187,721.7517639160156,704.5392736816407,700.4334184166273,700.1354476078458,0.2979708087815425,-6.888693535279376,7.186664344060919,59.728515076480825,683.0246948242187,731.997295227809,634.0520944206285,0.14339920876856058,0.014057683935679854,0.013959791061490758,0.2733802622395217,15.918710962887692
2022-04-05,724.4105221128956,732.8012141382112,715.8743626915073,719.5604248046875,12290391,687.2952056884766,720.4238061523438,705.0415921020508,703.3760347840212,701.5743348076119,1.8016999764092816,-5.150614832941645,6.952314809350926,57.52495067772337,687.2952056884766,733.1172823005454,641.4731290764078,0.1333403062696123,-0.00642919291489219,-0.006449949187542722,0.19025367985106478,15.735102660607408
2022-04-06,710.3452853489703,722.5675668704997,710.1512696031758,719.366455078125,13518142,691.0103820800781,719.2035217285156,705.5772760009766,705.8360994446525,702.8922696424647,2.9438298021877927,-3.5317259059157573,6.47555570810355,57.429895497829364,691.0103820800781,734.3993130757877,647.6214510843685,0.12558112619118794,-0.0002695669743304485,-0.0002696033140380768,0.18718201688084976,15.648492502356069
2022-04-07,715.0012979159649,735.0807119508635,715.0012979159649,726.1080322265625,15087175,694.9438049316407,718.235439453125,706.1592407226562,708.9548583341771,704.6119557598053,4.342902574371806,-1.9568002098582449,6.299702784230051,59.90945068436823,694.9438049316407,735.8965128509652,653.9910970123161,0.11785904882871194,0.009371547840252514,0.009327907326691509,0.18752581369967047,15.904857673994147
2022-04-08,727.369131169894,733.334775045837,721.3065090216976,731.6857299804688,15480705,698.7123352050781,717.3168298339843,706.7649835205078,712.4519155105296,706.6174205168915,5.834494993638145,-0.39854116915896687,6.233036162797112,61.887402736157725,698.7123352050781,738.5543866609776,658.8702837491787,0.11404421948327399,0.007681636211628984,0.007652282670500339,0.18536940360586837,15.558422095464575
2022-04-11,729.7456517780823,742.5014317762851,729.1151746316407,736.8267822265625,13216391,702.6748626708984,716.636845703125,707.3983660888672,716.201895005304,708.8551510139041,7.346743991399876,1.1505158629528018,6.196228128447074,63.66674612846887,702.6748626708984,741.0266902850913,664.3230350567055,0.10915952640860346,0.007026312029115189,0.007001742520304115,0.18494209148999022,15.024910358108261
2022-04-12,734.3047916894062,745.8480478960997,727.757159795214,740.9494018554688,14020000,705.9583770751954,716.3012182617188,708.082102355957,720.0092037514831,711.232502928094,8.776700823389092,2.6757528550400598,6.100947968349033,65.07485231982457,705.9583770751954,745.6556040536938,666.261150096697,0.112463364038444,0.00559510013526987,0.00557950570373787,0.16723852734835146,15.447564277665899
2022-04-13,746.5270815163059,749.3886512580095,737.8939423561878,739.3974609375,16119956,709.1060974121094,715.7861401367187,708.7128634643555,722.9920125493319,713.318796113976,9.673216435355926,4.075245571103233,5.597970864252693,64.06824395360819,709.1060974121094,748.9326605397378,669.2795342844811,0.11232892587717358,-0.0020945302257919796,-0.002096726821986071,0.16868387045272445,14.862092159546487
2022-04-18,728.4846893815499,740.0279458248403,726.7386660150366,735.080810546875,17651530,711.5214477539063,714.7676196289062,709.2497442626953,724.8518276258769,714.9307971830797,9.921030442797246,5.2444025454420355,4.6766278973552105,61.23113490247535,711.5214477539063,751.5043728072749,671.5385227005377,0.11238712530615799,-0.005838064936214193,-0.005855173055349691,0.16746457343793447,15.156566595890322
2022-04-19,738.9608400036045,754.5781894079806,734.3047582651742,743.325927734375,31088359,713.7621948242188,713.8470703125,709.8215634155273,727.6939968733382,717.0341401868793,10.659856686458852,6.3274933736453995,4.332363312813452,64.46774659840793,713.7621948242188,755.6526454300666,671.871744218371,0.11737929217773818,0.011216613288225874,0.01115417355578344,0.1623421337257996,15.374822638991654
2022-04-20,743.8109742610528,746.9150486419223,731.2007201930724,732.8982543945312,15984202,715.9350372314453,712.8110888671876,710.3905709838867,728.4946518765987,718.2092597578165,10.28539211878217,7.119073122672754,3.166318996109416,57.88579366799469,715.9350372314453,757.0141904366992,674.8558840261915,0.1147566498885399,-0.014028399859032037,-0.014127727896785526,0.16375591378945836,15.728185195670644
2022-04-21,736.2933320721821,741.288956467235,728.6787022404092,739.494384765625,8953098,718.0763519287109,711.9826916503906,711.0370498657227,730.1869184749105,719.7859356843209,10.400982790589637,7.775455056256131,2.625527734333506,60.62437850928411,718.0763519287109,759.3908912144359,676.7618126429859,0.11507004561494492,0.009000062875771153,0.008959803686406686,0.16295380934794476,15.489144987249315
2022-04-22,734.3047661218444,736.0992785260227,723.5375732861904,725.235107421875,14411607,719.4998565673828,711.2309252929688,711.6124740600586,729.4251013898281,720.1895780352509,9.235523354577253,8.067468715920356,1.1680546386568977,52.65331503468511,719.4998565673828,759.668659249306,679.3310538854597,0.11165756967224975,-0.019282468721205093,-0.019470800452426055,0.18110706938821228,15.79054064940226
2022-04-25,725.2351047451931,739.3488766658785,721.6945098788588,729.648681640625,35417460,721.8278991699219,710.4490881347656,712.1645080566407,729.4594983514892,720.8902523763896,8.569245975099534,8.167824167756192,0.40142180734334154,54.64127400726453,721.8278991699219,758.3419128080653,685.3138855317785,0.10117096798318079,0.006085715064787278,0.006067271889643169,0.16227267619756522,15.998401940185188
2022-04-26,744.9749999999999,745.5084989011287,729.1152043461799,731.1522216796875,18727514,724.4712005615235,709.4975,712.6873071289062,729.7199173250581,721.650398250708,8.069519074350069,8.148163149074968,-0.07864407472489887,55.32937021273036,724.4712005615235,754.8525303712989,694.089870751748,0.08387173923884761,0.0020606355865424586,0.002058515389168694,0.1577033285178395,15.451032097864779
2022-04-27,726.544569706298,727.5145891585095,710.5877378763637,714.6133422851562,21441480,725.7492004394531,708.1627514648437,713.1155633544922,727.3958288573808,721.1291348458523,6.266694011528557,7.771869321565687,-1.5051753100371297,46.90095755820989,725.7492004394531,751.6821377926796,699.8162630862267,0.0714652867341048,-0.02262029561578327,-0.022880059264257794,0.17668877173839442,15.710862980480483
2022-04-28,716.9414777965625,729.3577763026325,712.6249378497746,724.7501831054688,18649559,727.2939605712891,707.3159265136719,713.5766110229492,726.9888064340098,721.3973606428609,5.591445791148885,7.335784615482327,-1.7443388243334415,51.752157671349096,727.2939605712891,748.4723407075754,706.1155804350027,0.058238845045958464,0.014185070751544293,0.014085404049125054,0.18124253777977575,16.019187350875768
2022-04-29,727.6116854689747,737.1664141465841,717.9114893731062,721.0155639648438,19560317,727.8953735351563,707.1141625976562,714.0775003051758,726.0698460541381,721.3690794074523,4.700766646685793,6.8087810217230205,-2.1080143750372278,49.94183749032273,727.8953735351563,747.510290752869,708.2804563174436,0.05389488086027875,-0.005152974400948196,-0.005166296759759551,0.16737530187037528,15.96029526077429
2022-05-02,710.0542486399291,721.5004664900613,709.1812074389936,718.784423828125,10903446,728.4143310546875,706.4341784667969,714.5834341430664,724.9490118655208,721.1776234386133,3.7713884269074924,6.201302502759915,-2.4299140758524223,48.84260151590035,728.4143310546875,746.3340215332762,710.4946405760988,0.04920191631222399,-0.0030944410193446403,-0.0030992387019427663,0.16787816072976694,15.981080476983452
2022-05-04,723.8286237907864,724.6046276151784,699.529645107401,702.5366821289062,12212165,727.8323211669922,705.6620434570312,714.9708926391602,721.5009611368109,719.7968129712276,1.7041481655833195,5.301871635324597,-3.597723469741277,41.65273567401577,727.8323211669922,748.2772185893293,707.387423744655,0.05618024049703147,-0.022604471049450403,-0.022863868588150017,0.18463347367228014,16.815989431492945
2022-05-05,708.8902955029491,720.7245461912948,704.7192231601288,706.9502563476562,9121547,726.9690063476562,705.2439660644532,715.2899868774414,719.2623911692486,718.8452161842964,0.4171749849522257,4.3249323052501225,-3.907757320297897,44.06160962698059,726.9690063476562,749.4168466873926,704.5211660079198,0.06175735180930473,0.006282339884909005,0.006262688250247602,0.17831371137650281,16.822916285886006
2022-05-06,694.7765257261593,701.3241579057775,689.0048973712142,697.6865844726562,12455025,725.8753143310547,704.6687438964843,715.5656646728515,715.9430362928498,717.2779101315823,-1.3348738387325056,3.192971076453597,-4.527844915186103,40.30077380301215,725.8753143310547,751.7177567830614,700.032871879048,0.07120353025318774,-0.013103711034577303,-0.013190322105679877,0.1824625574156292,17.283677005501747
2022-05-09,684.1547579747249,698.4140568089666,683.3302650619983,689.0533447265625,13055889,724.3596588134766,703.8131872558594,715.7831845092774,711.8061606672671,715.1872015830623,-3.381040915795211,1.8781686780038354,-5.259209593799046,37.12084638198239,724.3596588134766,754.9322614961865,693.7870561307667,0.08441277012247962,-0.012374094526440005,-0.012451291120462418,0.1864144150623832,17.411856429584937
2022-05-10,683.8637425509091,698.4140349456094,683.8637425509091,689.974853515625,12797419,722.5529998779297,703.0371704101562,716.0398889160156,708.4474980285529,713.3196202447336,-4.872122216180742,0.5281104991669199,-5.400232715347662,37.68604295118751,722.5529998779297,756.7466492140188,688.3593505418405,0.09464675765477669,0.0013373547869914848,0.0013364613245737881,0.1819949842643506,17.00306080472021
2022-05-11,696.4740262598158,698.2200495820824,685.9493379852216,692.7879638671875,13516852,720.6081115722657,702.4473986816406,716.3319369506836,706.0383389268044,711.7987568093598,-5.76041788255543,-0.72959517717755,-5.03082270537788,39.474598684968086,720.6081115722657,756.9706882282096,684.2455349163217,0.1009219187849715,0.0040771201113039,0.0040688311794452375,0.1797601012242463,16.757088172435267
2022-05-12,686.3373046400917,689.392889832937,672.5145263772744,674.9395751953125,16685166,717.5137512207032,702.2223522949218,716.6024462890625,701.2539137373442,709.0684470601711,-7.8145333228269465,-2.1465828063074293,-5.667950516519517,33.002303321954784,717.5137512207032,758.3257573936712,676.7017450477351,0.11375950942691967,-0.025763133314620768,-0.026100815290024077,0.19346843515714385,17.30445840551293
2022-05-13,681.3417619266664,681.3417619266664,654.7632023278333,657.042724609375,15717043,713.3184173583984,701.199951171875,716.7155264282227,694.4521923330412,705.2146898415937,-10.762497508552428,-3.8697657467564293,-6.892731761795999,28.03808149933947,713.3184173583984,760.707496917158,665.9293377996388,0.13286935653295914,-0.02651622640553941,-0.026874122419263954,0.20491169273349116,18.06315469975569
2022-05-16,656.4122649212347,670.2350440056038,655.4907344745508,662.5233764648438,9025623,709.4747131347656,700.0417492675781,716.755905456543,689.540066814857,702.0523703322048,-12.512303517347732,-5.59827330087469,-6.914030216473042,31.439209901911212,709.4747131347656,760.3030755321049,658.6463507374262,0.14328449331973422,0.008341393413536569,0.00830679625071765,0.21075497301503848,17.855293467186634
2022-05-17,665.5303767085076,690.65390625,664.6089055180549,688.7138671875,12765052,707.1563659667969,699.9476574707031,716.9267541503906,689.4129591798791,701.0643330622266,-11.65137388234757,-6.808893417169267,-4.842480465178303,44.85267167853907,707.1563659667969,757.2921339361621,657.0205979974317,0.14179542285763505,0.03953142130985032,0.038770055189397364,0.2642227350977615,18.693667412201446
2022-05-18,690.9933468694189,695.503961094196,684.9307251722937,686.1432495117188,11835013,704.297232055664,700.1232287597657,717.0813644409179,688.9099269232389,699.9590676140409,-11.049140690802005,-7.656942871895816,-3.3921978189061894,43.94392580442718,704.297232055664,752.2212910002307,656.3731731110973,0.13609043671714735,-0.0037324900778880066,-0.0037394732006853296,0.2587351820982467,17.980006849242766
2022-05-19,672.3205351215821,677.7526801950419,665.0453884024539,669.6044921875,16661023,701.1325439453125,700.1668811035156,717.1165277099609,685.9398600408175,697.7105805454083,-11.770720504590827,-8.479698398434818,-3.2910221061560083,38.53446981684491,701.1325439453125,749.4618114780607,652.8032764125643,0.13786057415277478,-0.024103942341469176,-0.024399196541076883,0.2663426138694446,18.291794181843265
2022-05-20,673.9695557224218,690.5569251623157,672.9025579245164,688.27734375,11695528,698.5716918945312,701.249423828125,717.223472290039,686.2994729191533,697.011822264267,-10.712349345113694,-8.926228587770593,-1.7861207573431006,46.53657041638911,698.5716918945312,743.6613734136772,653.4820103753852,0.1290910640735025,0.02788638932438836,0.027504644704193688,0.28658698673385874,18.413044767653105
2022-05-23,688.2773924810416,704.1857375371053,686.240375011619,689.732421875,17438451,696.7965576171875,702.1428137207031,717.3619430541992,686.8276189123605,696.4726074206176,-9.644988508257029,-9.06998057186788,-0.5750079363891487,47.1143610282811,696.7965576171875,740.2314453299782,653.3616699043969,0.12467021324365762,0.002114086913092672,0.0021118553759101907,0.2808950219538141,18.81490930154015
2022-05-24,689.7323324639221,695.8434432852948,684.8822351127866,686.9193115234375,13779981,694.6600891113281,702.9324084472656,717.4916830444336,686.8417254679108,695.7649558726782,-8.923230404767423,-9.04063053844779,0.11740013368036628,46.07757666796214,694.6600891113281,735.4117322024456,653.9084460202107,0.11732829834300866,-0.00407855316401573,-0.004086893146403441,0.27915424444866005,17.806782563306644
2022-05-25,690.7023654114074,699.2385250749088,690.2658448002296,691.96337890625,10457589,692.7006469726563,703.6453735351563,717.6029922485352,687.6296721507322,695.4833575788688,-7.8536854281366,-8.803241516385553,0.9495560882489524,48.27548877549005,692.7006469726563,729.6561428423189,655.7451511029936,0.10669975849213091,0.007343027482552333,0.007316198712457765,0.281014359135881,17.387593241098266
2022-05-26,701.3240726342656,711.0242672765099,694.000437520429,706.6591796875,14028733,692.3029388427734,704.6270324707032,717.6701657104492,690.5572886948503,696.3111962535822,-5.753907558731953,-8.193374724854834,2.4394671661228813,54.140481408483055,692.3029388427734,728.4273647261925,656.1785129593543,0.10436016910112589,0.02123783025118886,0.02101545059836958,0.2826955874899781,17.467273912085254
2022-05-27,711.5578609393312,718.9785345113963,709.3268277154395,717.6204833984375,8110620,691.9464538574218,705.4738598632813,717.8513168334961,694.7208571107867,697.889661968016,-3.1688048572292473,-7.188460751329718,4.01965589410047,57.96870653296443,691.9464538574218,726.842509921323,657.0503977935207,0.10086345805911624,0.015511443176588813,0.01539237048942541,0.28364141177451735,17.26981413186582
2022-05-30,726.3021362345459,729.4062106277925,721.9855374068509,726.0596313476562,7628515,692.1986572265625,706.46619140625,718.0979440307617,699.542206993382,699.9763263665078,-0.43411937312578175,-5.837592475688931,5.403473102563149,60.689511966502614,692.1986572265625,728.0394265648913,656.3578878882338,0.10355630992389447,0.011759903938713512,0.011691293644842993,0.2861795422498678,17.072345191484015
2022-05-31,718.7844070554162,734.0137241471757,718.2993973340563,730.2791137695312,20272212,692.7733917236328,707.3362976074219,718.3404486083984,704.2709618820204,702.2209772852502,2.049984596770173,-4.26007706119711,6.3100616579672835,62.01354482650557,692.7733917236328,730.716216680225,654.8305667670406,0.10953892112452453,0.005811481922005646,0.005794660401451129,0.286440821801353,17.31831770693106
2022-06-01,725.574590691841,732.9467152573952,721.8885284090638,730.085205078125,10102092,694.1508178710938,707.9677819824219,718.5914410400391,708.2423839121903,704.2849941587965,3.9573897533938407,-2.6165836982789203,6.573973451672761,61.91034562582214,694.1508178710938,735.4387130193913,652.8629227227962,0.11895943672565089,-0.0002655268208415773,-0.0002655620793293913,0.27272642203842246,16.660085518246653
2022-06-02,728.5331693324507,729.2121948567817,720.9185395664465,727.2721557617188,10949759,695.1669128417968,708.7243969726562,718.8640167236329,711.1700411198101,705.987746870124,5.182294249686038,-1.0568081086859287,6.239102358371967,60.34153372665335,695.1669128417968,738.7192462157474,651.6145794678463,0.12530036332112374,-0.003853042489890268,-0.0038604845807168535,0.273020413446372,15.416378797735604
2022-06-03,733.4802397792098,734.3047326396882,718.9784369831145,721.9854736328125,8563791,696.3818572998047,709.2307446289062,719.0723281860352,712.8339538141181,707.1727636673602,5.661190146757917,0.28679154240284044,5.374398604355077,57.397832849728566,696.3818572998047,741.5556548588528,651.2080597407565,0.12973858260526167,-0.007269193639579341,-0.007295742967376378,0.2696291846093684,15.457949235272793
2022-06-06,718.0084446723899,728.4361542818696,717.4263974500811,724.362060546875,9107831,698.1472930908203,709.782685546875,719.2757897949218,714.6075086960807,708.4460449176946,6.161463778386064,1.4617259895994854,4.699737788786579,58.38077179191835,698.1472930908203,744.8491274729604,651.4454587086802,0.13378791221944836,0.003291737854647092,0.003286331945570414,0.2643508030626705,14.235036881460806
2022-06-07,718.784460353754,720.6760102483751,710.3937678699366,713.2068481445312,9938912,699.3088928222656,710.3850659179687,719.4339025878907,714.3920224573808,708.7986970085714,5.5933254488094235,2.288045881441473,3.3052795673679505,52.2830879216841,699.3088928222656,746.3095792466005,652.3082063979308,0.13442038820541755,-0.015400050623747275,-0.015519863073584854,0.272004388187137,14.477540935391955
2022-06-08,714.5163876883088,718.7844974551812,704.6707246296103,707.6292724609375,9369224,700.0509582519531,710.9719274902344,719.5711605834961,713.3515993810049,708.7120729680059,4.6395264129989755,2.7583419877529733,1.8811844252460022,49.49923751962507,700.0509582519531,747.0867776856779,653.0151388182284,0.1343782731222154,-0.00782041801491995,-0.00785115785436327,0.2739526900980337,13.978677486556673
2022-06-09,703.2641480783276,712.0913019789867,700.4996161438609,710.7817993164062,7444368,701.8430694580078,711.4064965820312,719.7867477416992,712.9562455249128,708.8653860308505,4.090859494062329,3.0248454890148446,1.0660140050474842,51.08459895124763,701.8430694580078,747.5632380145768,656.1229009014388,0.13028601562419354,0.0044550543316348445,0.004445159952865182,0.25483631199799245,13.310052690864543
2022-06-10,703.0216552734374,706.4652127683163,696.4740234375,698.4140625,7990818,703.9116363525391,711.4976782226563,719.9773565673828,710.7189865980031,708.0912139174542,2.627772680548901,2.945430927321656,-0.3176582467727549,45.10257905610526,703.9116363525391,744.5595298597223,663.2637428453559,0.11549146628064995,-0.017400187833032432,-0.017553350406810015,0.24273598752837397,13.050225073251681
2022-06-13,681.19625319991,681.2447423380745,661.6503348905528,667.3734741210938,16622521,704.1541412353515,710.6654016113281,720.0030621337891,704.0504462169401,705.0750850436497,-1.02463882670952,2.1514169765154207,-3.1760558032249406,34.25929794343239,704.1541412353515,743.8080824121984,664.5002000585047,0.11262858188202628,-0.044444392009798994,-0.04546231920329267,0.2945926148280119,14.893262175890177
2022-06-14,661.9413275034606,673.8240663249896,660.2437933860992,664.9483642578125,13348598,702.9658660888672,709.7962634277344,719.9596533203126,698.0347413001514,702.1027353558098,-4.06799405565846,0.9075347700806448,-4.975528825739104,33.58005229423374,702.9658660888672,745.8599030215954,660.071829156139,0.12203732500236554,-0.0036338121866096307,-0.0036404305201653913,0.25613072246783586,14.983337846420113
2022-06-15,666.8884399458468,675.4730892724864,665.530388895112,666.6459350585938,9199591,701.991000366211,708.84564453125,719.9412228393554,693.2056941860656,699.4763057041642,-6.27061151809869,-0.5280944875552221,-5.742517030543468,34.55815642638922,701.991000366211,747.3124188390017,656.6695818934203,0.1291225056992117,0.002552936276000839,0.002549683069828551,0.25641783390720047,14.373611892449683
2022-06-16,679.0136844688421,679.0621736052452,656.0242093107667,658.1582641601562,13237239,701.4186889648438,707.5244787597657,719.8427658081055,687.8137818743871,696.4157100342377,-8.601928159850559,-2.1428612220142895,-6.459066937836269,32.01926980702338,701.4186889648438,748.7084322910547,654.1289456386329,0.13484027178118468,-0.012731902276868268,-0.012813647534289357,0.24597801470357927,15.139226854634128
2022-06-17,651.125652583453,671.8840955807092,649.8646389520976,666.2579345703125,16335613,700.3177185058594,706.4584289550781,719.7801995849609,684.4974976737602,694.1818007406137,-9.684303066853431,-3.6511495909821177,-6.0331534758713135,36.79160563838371,700.3177185058594,749.8669712801616,650.7684657315572,0.14150506681457792,0.012306569485216245,0.012231459263880308,0.22744287654928624,15.8702075260096
2022-06-20,665.4333768292418,667.1794000877353,657.285189349216,665.3848876953125,10981042,699.100341796875,705.3787976074219,719.6458514404297,681.5570961386144,692.0486960705914,-10.49159993197702,-5.019239659181098,-5.472360272795923,36.494217170754,699.100341796875,750.8903513648237,647.3103322289263,0.14816187740613743,-0.0013103737001842752,-0.001311232990544363,0.22704051132741254,15.454484949252446
2022-06-21,669.8469335645228,686.773785167115,667.9553837558436,675.2305297851562,13319648,698.515902709961,704.3612475585937,719.5345413208008,680.5837782380823,690.802905975374,-10.219127737291615,-6.059217274803202,-4.159910462488413,42.17111842497846,698.515902709961,751.141758329469,645.890047090453,0.15067904800832976,0.014796912692060182,0.014688506456198213,0.23418809398251766,16.19239285092895
2022-06-22,673.4360538929959,677.9466683573997,664.5603515747664,666.015380859375,6838249,697.2185028076171,703.0478405761719,719.3730325317383,678.3424863336659,688.9667930038185,-10.624306670152578,-6.972235153873077,-3.6520715162795003,38.68543053133919,697.2185028076171,751.7687532305754,642.6682523846589,0.15647964075333853,-0.013647411542119237,-0.013741393516409513,0.23640577189537432,16.493796513140012
2022-06-23,669.5075219542216,684.8338193855298,666.4034474757209,678.189208984375,14960412,695.7950042724609,701.8750891113282,719.2469302368164,678.3189052030058,688.1684534468227,-9.849548243816912,-7.547697771861845,-2.301850471955067,45.13696070614728,695.7950042724609,750.7919943003459,640.7980142445759,0.1580838887608602,0.018278599075732815,0.018113553649126285,0.2327861892044436,16.743235289538664
2022-06-24,689.5868869182846,693.8064480653665,685.3672665659108,692.0604248046875,10856736,694.5170013427735,700.8973095703125,719.194306640625,680.432985141726,688.4567476214794,-8.023762479753373,-7.642910713440151,-0.3808517663132216,51.41051156118534,694.5170013427735,748.5581300223294,640.4758726632176,0.15562219088970664,0.0204533124923727,0.02024695258120858,0.2382985897150631,17.072341164481738
2022-06-27,706.9987927837507,706.9987927837507,694.6310423413553,695.8435668945312,8285225,693.0061981201172,700.0262316894531,719.1758764648438,682.8038438729268,689.0039194194833,-6.200075546556491,-7.35434368006342,1.1542681335069291,52.98940252195251,693.0061981201172,744.9844907320548,641.0279055081796,0.15000816083012383,0.00546649100894836,0.005451603975552945,0.234601094156144,17.14163225749065
2022-06-28,689.7323974837518,695.7950197441837,685.8038301000511,689.0048828125,8339931,690.9424865722656,699.1047131347656,719.1438653564453,683.7578498636303,689.003990781929,-5.246140918298693,-6.932703127710474,1.6865622094117816,49.836831995207426,690.9424865722656,739.8781929734653,642.0067801710659,0.14164914548522706,-0.00982790444201631,-0.009876517063909329,0.23424633124396152,16.850629683841312
2022-06-29,683.8152681505,685.5128022997893,679.9351900949814,681.6812133789062,9570557,688.5222869873047,697.8718188476563,719.0555935668946,683.4383673275189,688.4615628261496,-5.023195498630685,-6.550801601894516,1.5276061032638317,46.63686146047906,688.5222869873047,733.9704932820316,643.0740806925778,0.13201665989227418,-0.010629343298263372,-0.010686238297886926,0.23564357751099943,16.670487318297937
2022-06-30,681.6812647663088,690.5569676695045,680.1777462475137,685.9978637695312,11970404,686.4585723876953,696.9338110351563,718.9923001098633,683.8321360109054,688.2790665997335,-4.4469305888280815,-6.13002739928123,1.683096810453149,48.72659326278113,686.4585723876953,728.0858772848763,644.8312674905143,0.12128133166839071,0.0063323593285320445,0.006312394181196915,0.23809783344089142,16.38987628566112
2022-07-01,682.3602323115849,685.5612848355172,673.2905144209359,682.7967529296875,9884899,684.499136352539,695.7998583984376,718.9753244018555,683.6728463061027,687.8729692908412,-4.2001229847385275,-5.7440465163726895,1.543923531634162,47.248916115230394,684.499136352539,722.6274925772954,646.3707801277827,0.11140512587913329,-0.0046663568633490415,-0.004677278295314587,0.23762995524166353,14.671563552743132
2022-07-04,683.7181896295328,699.4810057837703,683.7181896295328,698.510986328125,8303732,683.2065826416016,695.2653759765625,719.0366778564453,685.9556370787215,688.6609705528622,-2.7053334741407298,-5.1363039079262975,2.4309704337855678,54.53751210022147,683.2065826416016,717.170278948443,649.2428863347602,0.09942438252137901,0.02301451102544383,0.022753671644491366,0.25395456282492007,14.893276403828306
2022-07-05,701.3726007825674,710.1998139212261,696.5709923264933,697.8805541992188,11460367,682.4402679443359,694.6300134277344,719.061413269043,687.7902397126442,689.3439026748146,-1.5536629621703923,-4.419775718775116,2.866112756604724,54.213879103197925,682.4402679443359,714.1721875012262,650.7083483874457,0.09299544897159708,-0.0009025371701313345,-0.0009029447020299779,0.2487364322680883,15.114997588118229
2022-07-06,701.3241603619987,709.9573583556275,700.3541407764358,704.1857299804688,12163533,682.2680908203125,694.09068359375,719.0553509521484,690.312622830771,690.4432972900481,-0.13067445927708832,-3.561955466875511,3.4312810075984226,56.96448292504943,682.2680908203125,713.4572629816499,651.0789186589751,0.09142790812285441,0.009034749203586712,0.008994180028788247,0.24977115503351882,14.332057578256101
2022-07-07,713.8859100794957,721.6945557298686,711.024340524185,719.7545166015625,10374018,682.7167266845703,694.1935070800781,719.1613256835938,694.8421449493543,692.6144987205306,2.227646228823687,-2.4040351277356713,4.631681356559358,62.89236691953583,682.7167266845703,715.8315389162091,649.6019144529315,0.09700893778434853,0.022108920925627995,0.02186806235083613,0.26164365114321786,14.00986965831241
2022-07-08,728.7756526421427,734.7897854998337,722.2280208901641,733.0437622070312,9797700,684.4482116699219,694.3593786621094,719.3829751586914,700.7193168351507,695.6092589787899,5.110057856360868,-0.9012165309163636,6.011274387277231,67.06287190247491,684.4482116699219,724.0122825479186,644.8841407919251,0.11560866170274019,0.018463580705566196,0.018295198269813486,0.2595950137708668,14.377088098294687
2022-07-11,732.3647700477684,748.4185819739815,732.3647700477684,746.4300537109375,12440573,688.4010406494141,694.8676684570313,719.662583618164,707.751737892964,699.3737622922822,8.377975600681793,0.9546218954032679,7.423353705278526,70.6421413951261,688.4010406494141,735.8029161124213,640.9991651864069,0.13771587392805176,0.018261244681494926,0.01809651062952467,0.1968842107138722,13.99601055932402
2022-07-12,742.4044179205171,744.4414944411,734.9838040959955,737.1178588867188,10219829,692.0095153808594,695.2343371582032,719.9368566894532,712.269602661234,702.1696212992775,10.099981361956452,2.783693788713905,7.316287573242548,65.32402243263527,692.0095153808594,742.7634793726652,641.2555513890536,0.14668574019209105,-0.012475642932545994,-0.012554117126282169,0.20477871261787836,13.85743433306035
2022-07-13,741.8224269796456,741.8224269796456,727.4176608080226,730.6187133789062,8674121,695.208154296875,695.7959777832032,720.1124301147461,715.0925427716452,704.2769614533241,10.815581318321051,4.390071294635335,6.4255100236857166,61.825758780044325,695.208154296875,747.2780794161938,643.1382291775562,0.14979664665176912,-0.008816969266798536,-0.00885606873586503,0.2106532531002156,13.542172022022369
2022-07-14,727.5145810257897,736.729765718783,726.3505458550908,729.8426513671875,7044542,698.7923736572266,696.2538256835937,720.2552648925781,717.3617902478825,706.1707162617585,11.191073986124024,5.750271832933073,5.440802153190951,61.40290193685088,698.7923736572266,749.985481116568,647.5992661978851,0.14651879267489792,-0.001062198377221546,-0.0010627629097169048,0.20174778602489354,13.168027792215282
2022-07-15,730.6672392097897,736.2448517228415,721.8885739650891,728.6787109375,6358018,701.9134124755859,696.8736682128906,720.3580871582031,719.1028549693622,707.8379751266283,11.264879842733876,6.853193434893234,4.411686407840642,60.731997772625796,701.9134124755859,752.360619809691,651.4662051414808,0.14374196713575338,-0.0015947826939233245,-0.0015960557134834781,0.20134114950260437,13.126449919264514
2022-07-18,736.4874131395409,749.9707098445647,735.129361958711,748.8551635742188,8045363,706.0869262695312,698.0697045898437,720.6241152954102,723.6801332162631,710.8762853820054,12.803847834257681,8.043324314766124,4.7605235194915565,67.38461889396584,706.0869262695312,757.6094384322867,654.5644141067758,0.14593815646740357,0.027689093058256287,0.027312682629894922,0.2159067433490916,13.930182927306264
2022-07-19,744.7810017811212,758.555291290108,744.1505245941465,757.2457885742188,12825591,710.1876892089844,699.4151232910157,720.9692001342773,728.8440801944101,714.3110633962434,14.533016798166727,9.341262811446246,5.191753986720482,69.68473389779844,710.1876892089844,764.3569965751403,656.0183818428284,0.15254927166222892,0.0112046032505837,0.011142296665307708,0.21433939117817288,14.311259640052185
2022-07-20,765.8304019544345,765.8788910888006,756.9062106352496,759.6222534179688,8152179,714.868032836914,700.7518090820313,721.3681204223633,733.5791837672652,717.6674478422972,15.91173592496807,10.655357434150611,5.256378490817459,70.32309651016935,714.868032836914,769.1430863709895,660.5929793028386,0.15184635776393007,0.0031383005090388494,0.003133386322774135,0.20203242915932876,14.21079242802077
2022-07-21,761.3683659501904,765.2969332735929,756.712224761408,762.4353637695312,8312338,719.0803405761719,702.5017248535156,721.8223321533203,738.0185960753062,720.983589762833,17.035006312473115,11.931287209815112,5.103719102658003,71.09891524064126,719.0803405761719,774.4354733570485,663.7252077952953,0.15396091273062096,0.003703301659350622,0.003696461320451334,0.19750182518914347,13.91631808256288
2022-07-22,765.4423615783869,779.7986975015549,765.4423615783869,776.0640869140625,12267898,723.2805236816406,704.8821520996094,722.306614074707,743.8717485120378,725.06362658885,18.808121923187855,13.306654152489662,5.501467770698193,74.56772140537193,723.2805236816406,782.60859759124,663.9524497720412,0.1640527346363699,0.017875250535533738,0.017717366940983366,0.19518843491119628,13.964823859558651
2022-07-25,778.9256892232296,793.281966548427,773.2025502653746,776.888671875,21034148,727.3327789306641,707.1694580078125,722.8100546264649,748.9512751832627,728.9025188322685,20.048756350994267,14.655074592190584,5.393681758803684,74.76506949447634,727.3327789306641,789.7604687782027,664.9050890831254,0.1716619727748853,0.0010625217360802353,0.0010619576593875531,0.19591761535528032,14.42558062301005
2022-07-26,777.5676051652617,778.7316404027981,767.9159585336972,772.426513671875,7374145,731.5038604736328,708.8437109375,723.3280447387696,752.562850335357,732.1265184500171,20.436331885339882,15.811326050820444,4.625005834519438,71.53038124806085,731.5038604736328,794.295474145794,668.7122468014717,0.17167814707499954,-0.005743626293785109,-0.0057601843479096445,0.19215331724358542,14.335500459630916
2022-07-27,771.165563713231,779.7017241497522,770.8260805434004,776.5006713867188,9536564,736.2448333740234,710.650859375,723.8048092651367,756.2455920355665,735.4134927416246,20.832099293941837,16.815480699444723,4.016618594497114,72.69209627921566,736.2448333740234,797.4968879455508,674.992778802496,0.1663904500105618,0.005274492320928248,0.005260630906226352,0.1821506362722244,13.718844592270338
2022-07-28,782.7573032983998,791.0509587749691,781.1567473269146,790.1779174804688,11124518,741.4538360595703,713.0623278808594,724.3441400146485,761.4659497963207,739.4701167963539,21.995832999966865,17.851551159549153,4.144281840417712,76.20276580567923,741.4538360595703,802.4326293121961,680.4750428069445,0.16448439616064403,0.01761395269539734,0.017460624884914528,0.18628983138483748,13.68420305584028
2022-07-29,796.0465096608059,798.7140632298565,783.7757395610569,794.0579223632812,11095993,747.01689453125,715.177939453125,724.8548550415039,766.480099422007,743.5136579494596,22.966441472547444,18.874529222148812,4.091912250398632,77.10208889919411,747.01689453125,805.722308841671,688.3114802208291,0.1571729227014559,0.004910292728989685,0.004898276560862535,0.18126061626021553,13.604525323167886
2022-08-01,796.0950467342799,800.2661189069178,792.7969566227277,798.714111328125,7974903,752.02705078125,717.3575732421875,725.4116467285156,771.4391781767945,747.6025804219532,23.83659775484125,19.8669429286873,3.969654826153949,78.1683389141939,752.02705078125,810.4047550876318,693.6493464748681,0.1552542671057793,0.00586379007590021,0.0058466649716066325,0.17194816398992258,13.320447656685603
2022-08-02,795.4160033843817,797.3560424170265,787.8498629981253,793.2334594726562,11106772,756.7946960449219,719.4838562011719,725.9344873046875,774.792144530004,750.9826455368201,23.809498993183865,20.655454141586613,3.154044851597252,73.8114809108834,756.7946960449219,812.0440045108523,701.5453875789915,0.14600870950779213,-0.006861844279119289,-0.0068854949863149115,0.17671487984536519,13.06755352514108
2022-08-03,793.2334567936133,803.1761568023379,787.2193239716678,800.0720825195312,11073975,761.589013671875,721.6460302734375,726.4073715209961,778.681365759162,754.618900128132,24.06246563102991,21.336856439475273,2.7256091915546357,75.63624951128725,761.589013671875,814.1944529501098,708.9835743936402,0.13814652872841857,0.008621198419216158,0.00858424810689737,0.1766417419892972,13.465954451353785
2022-08-04,799.2961428013563,805.0677712075469,784.1153125235562,795.6585693359375,11113742,765.3842163085938,723.4260180664063,726.770158996582,781.2932432325119,757.6588756250065,23.634367607505396,21.7963586730813,1.8380089344240957,72.14252510381621,765.3842163085938,816.2035378824155,714.564894734772,0.13279427636728797,-0.0055163944349801985,-0.005531665927037924,0.1713239649129261,13.937110231799377
2022-08-05,798.4230432594383,815.6894380803118,798.4230432594383,813.0703735351562,16056522,769.385546875,725.3350158691406,727.2103051757813,786.1820325098419,761.7634310257585,24.41860148408341,22.320807235281723,2.097794248801687,76.71260328503597,769.385546875,822.0517610691203,716.7193326808798,0.13690461019974626,0.02188351243894826,0.021647505284269643,0.1752522690649654,13.84702950589292
2022-08-08,816.3882174189047,821.9505207188839,811.069933828099,816.7297973632812,12142951,772.9005340576172,727.1484191894531,727.6765087890625,790.8816886411402,765.8350137174268,25.04667492371334,22.865980772968047,2.1806941507452926,77.54632837102181,772.9005340576172,828.4222486305886,717.3788194846458,0.14367104724715443,0.004500746733907102,0.004490648661233879,0.1683758591638646,13.595302376951736
2022-08-10,821.8042265163255,832.3920737355025,821.8042265163255,828.2447509765625,23658553,777.4568786621094,729.1077319335938,728.153483581543,796.629852077359,770.4579572181035,26.17189485925553,23.527163590225545,2.644731269029986,79.9756974051066,777.4568786621094,835.5131412631764,719.4006160610423,0.1493491515593082,0.014098853317775273,0.014000388896366784,0.15886258439575618,14.073130656856758
2022-08-11,839.2716961670366,845.5658799495219,837.3687950848084,838.93017578125,22787391,782.8724517822266,731.2846313476563,728.6654553222656,803.13759418565,775.5299734079662,27.607620777683792,24.343255027717195,3.264365749966597,81.92954017147997,782.8724517822266,842.711885385713,723.0330181787401,0.15287147597864925,0.012901288890860618,0.012818776185726069,0.15068672481247425,14.697160689769223
2022-08-12,843.0774784715667,856.0561462344785,837.7591354144198,853.2750244140625,10792853,789.0440704345704,733.8046887207031,728.8495031738281,810.8510449900211,781.2888660750845,29.56217891493668,25.387039805161095,4.175139109775586,84.16352217295305,789.0440704345704,851.2680877671194,726.8200531020213,0.15772000491247287,0.017098978016202526,0.016954435847220062,0.15162094503625276,14.76385191034316
2022-08-16,860.1547348322915,863.1310368403135,855.2267515651621,858.0078735351562,13804836,795.5105285644531,736.52513671875,729.1168716430664,818.1059416892726,786.9717555165713,31.134186172701334,26.536469078669143,4.597717094032191,84.82988492670418,795.5105285644531,858.1992541145978,732.8218030143084,0.15760627496224414,0.005546686573117299,0.005531360354183813,0.14776831565329682,14.03360877771449
2022-08-17,860.4962130919745,864.106835156637,857.1783908503086,861.9111938476562,9058040,801.163330078125,739.2761193847656,729.376596069336,824.845211252101,792.5228250225775,32.32238622952343,27.69365250884,4.628733720683432,85.37640059084464,801.163330078125,866.4725612243892,735.8540989318608,0.1630359970167272,0.0045492826265307595,0.004538965917572739,0.1290194804426493,13.755948951802168
2022-08-18,859.276428878953,866.2049328790207,853.909305576073,863.7164916992188,13137856,806.486865234375,742.2863122558593,729.8214056396484,830.8254082439653,797.7964299615879,33.02897828237735,28.760717663547474,4.268260618829878,85.63417725518119,806.486865234375,874.0419133408947,738.9318171278554,0.16752919611874223,0.0020945288382943072,0.002092338370898561,0.12921500858017362,14.000233501559014
2022-08-19,863.6189534069804,865.4730744193198,843.4190405507679,849.3717041015625,10787199,810.9743377685547,745.1211608886719,730.1782431030274,833.6786845297494,801.616820638623,32.061863891126336,29.42094690906325,2.640916982063086,74.41008879691142,810.9743377685547,877.3347109492953,744.6139645878142,0.16365591385625142,-0.016608213152715545,-0.01674767583164502,0.15309776887198914,14.536215393009124
2022-08-22,844.6387624066966,846.4441031311904,829.0740939751595,831.6600952148438,13848023,814.4355743408203,747.5387268066406,730.4375500488281,833.3681323274561,803.8422483850098,29.525883942446285,29.441934315739857,0.0839496267064277,63.36645629375165,814.4355743408203,877.263386240243,751.6077624413975,0.15428552946075244,-0.020852600576626856,-0.021073086576070873,0.17972308256706535,14.919021568552223
2022-08-23,824.926856148958,847.0296703338628,822.4384744443109,843.0287475585938,13254855,817.7838073730469,750.4310205078125,730.7680081176758,834.8543808245543,806.7449520274974,28.109428797056808,29.17543321200325,-1.0660044149464412,66.77508472013915,817.7838073730469,879.1212201372622,756.4463946088316,0.1500088708316405,0.013669830269796845,0.013577240972392613,0.17612991333929834,16.14202396893521
2022-08-24,836.3441890909899,854.202060474313,836.3441890909899,852.2015991210938,10494109,821.5494537353516,754.1275830078125,731.2170816040039,837.5231836394065,810.1121110714676,27.41107256793896,28.822561083190394,-1.4114885152514347,69.26038684319184,821.5494537353516,881.5483868886319,761.5505205820713,0.14606286421464276,0.010880828903005346,0.010822058612852613,0.1772507909228199,16.641568472744034
2022-08-25,852.2015966285933,860.1547214600488,845.7610723978989,851.2745361328125,9827829,825.4918548583985,757.8541064453125,731.6801928710937,839.6387763306997,813.1611795945302,26.477596736169517,28.353568213786218,-1.8759714776167016,68.70105662160867,825.4918548583985,882.170187585672,768.813522131125,0.13732015014732252,-0.0010878446945387088,-0.0010884368270495193,0.17436062718016218,16.5299124892783
2022-08-26,853.0310514850003,856.3000935449566,846.3465078959074,849.8107299804688,5976725,829.157357788086,761.51740234375,732.1454425048828,841.203692276818,815.8759611045997,25.32773117221825,27.748400805472627,-2.420669633254377,67.7704148843056,829.157357788086,881.8363500020561,776.4783655741159,0.12706633238954787,-0.0017195465037560531,-0.0017210266208421438,0.17593718208211098,15.744278701068188
2022-08-29,829.5132931497114,840.198759670883,826.53699122095,835.1731567382812,7755134,831.4071197509766,765.0577001953125,732.5064642333984,840.2759175785816,817.3053830033908,22.970534575190754,26.792827559416253,-3.8222929842254985,59.14279243891793,831.4071197509766,880.8187666642688,781.9954728376844,0.11886269852510284,-0.017224509794697362,-0.01737457738713188,0.18493516026144308,15.97591227357851
2022-08-30,839.7108264248318,869.2300042276803,838.3446257766652,865.8633422851562,12544701,834.9973907470703,769.0498083496094,733.0483395385742,844.2124444565162,820.9022688761141,23.310175580402074,26.096297163613418,-2.7861215832113437,68.26507597121699,834.9973907470703,883.4071425920952,786.5876389020455,0.11595186375783224,0.03674709286243538,0.03608801605306783,0.22073217505863993,17.631359459193806
2022-09-01,842.1503691707358,864.3019608976554,842.1503691707358,853.2261352539062,15877583,837.7229919433594,772.8066333007813,733.5728625488281,845.5991661176531,823.2966293485432,22.302536769109906,25.337545084712715,-3.035008315602809,62.115165389178244,837.7229919433594,883.6035624747042,791.8424214120146,0.10953637651727936,-0.014594920946645384,-0.014702474579332225,0.23069034681064768,18.206409226493747
2022-09-02,852.9822456312818,860.0083098715986,846.053801187429,851.3233642578125,8401284,840.6274871826172,776.3284899902344,734.0628936767578,846.47981198537,825.3726837862669,21.10712819910316,24.49146170759081,-3.38433350848765,61.220852069669625,840.6274871826172,881.758361356778,799.4966130084564,0.09785755236724863,-0.0022300899110732075,-0.002232580264742896,0.22853175057971484,17.965936348723044
2022-09-05,850.4938677754845,864.4972162001684,850.4938677754845,861.1305541992188,8744999,843.6804107666015,780.2307934570313,734.6179656982422,848.733772325962,828.021414927967,20.712357397994992,23.735640845671647,-3.023283447676654,64.09059508985256,843.6804107666015,881.0266849007189,806.3341366324842,0.08853180341163325,0.011519935142337179,0.011454085926101993,0.22959924172015836,17.65924617762484
2022-09-06,861.1792732309683,868.4492971380652,856.8855510472846,862.301513671875,9879326,847.0125579833984,783.9130395507813,735.2237561035156,850.8211171484102,830.5606815015898,20.260435646820383,23.040599805901394,-2.7801641590810107,64.42906648362438,847.0125579833984,877.5984819151569,816.42663405164,0.07222070946522594,0.0013597932008639901,0.0013588695193385218,0.22719018224853205,17.781227153662662
2022-09-07,857.324756787144,861.3257390281522,851.4209330033636,855.0315551757812,8814960,849.1106170654297,787.1724621582031,735.8065347290039,851.4688768449288,832.373338810789,19.095538034139736,22.251587451549064,-3.156049417409328,60.60937473881179,849.1106170654297,875.3396264001167,822.8816077307426,0.061779958482525724,-0.008430877576842688,-0.00846661845160116,0.22116853093973862,18.063522608104304
2022-09-08,864.1068423208869,879.0371914336259,864.1068423208869,877.0855102539062,12163106,852.1284027099609,790.7973010253907,736.4918225097656,855.409897369387,835.6853515102792,19.724545859107707,21.746179133060796,-2.021633273953089,67.00069411128129,852.1284027099609,876.4929627408637,827.7638426790581,0.05718518465859836,0.02579314756821005,0.025466115865137216,0.23599852148516484,18.899951819168376
2022-09-09,888.1613233024965,889.9178244256609,876.0120962296875,879.476318359375,9936230,854.6899810791016,794.6067297363281,737.241930847168,859.1124236755389,838.9291268324345,20.183296843104472,21.433602675069533,-1.2503058319650613,67.6141673601611,854.6899810791016,879.2535269252387,830.1264352329645,0.057479428541151366,0.0027258552074092,0.002722146801626212,0.23276709132879683,18.317929985412775
2022-09-12,883.1845116863607,886.9415336840817,880.98887036478,885.2825927734375,6016978,857.007601928711,798.6787573242187,738.0217980957032,863.1386035367541,842.3627169021383,20.775886634615745,21.302059466978776,-0.5261728323630308,69.11580330554455,857.007601928711,883.9426351744022,830.0725686830198,0.06285832980961532,0.006601967890271121,0.0065802703455661625,0.23031259144961325,17.401330356720184
2022-09-13,891.8695359284446,891.8695359284446,883.4284908418431,888.0149536132812,10400475,858.7445983886719,802.7190991210938,738.7748284912109,866.9657343177582,845.7443640659267,21.22137025183156,21.28592162394933,-0.06455137211777284,69.8248649430742,858.7445983886719,888.9484206120967,828.540776165247,0.07034413323844729,0.0030864278391420363,0.003081674598583514,0.22405352961136396,16.24774815650945
2022-09-14,876.5488379819374,899.9690128904444,876.3536579455829,895.9192504882812,14712947,860.6401672363281,806.9815490722656,739.6117590332032,871.4201214209156,849.4610223194344,21.95909910148123,21.42055711945571,0.5385419820255173,71.83907374417956,860.6401672363281,895.1070393109457,826.1732951617106,0.08009589462991697,0.008901085328392178,0.00886170418579791,0.2250538058382322,16.658996982333615
2022-09-15,897.7733155832948,914.0210847384641,893.6259932015241,895.4312744140625,16253099,862.3161712646485,810.9199548339843,740.5861749267578,875.1141449583229,852.8662261782957,22.247918780027135,21.58602945157,0.6618893284571357,71.52166939138323,862.3161712646485,900.1397530910147,824.4925894382823,0.0877255537743081,-0.0005446652407041785,-0.0005448136246985765,0.2250926491296496,17.087671444818625
2022-09-16,892.7965807927752,895.4313027407838,883.330915145174,887.1366577148438,11966860,863.4871795654296,814.7050769042969,741.5375479125977,876.9637623054799,855.4047766624846,21.558985642995367,21.580620689855074,-0.021635046859707074,66.16992602326937,863.4871795654296,902.9096719879835,824.0646871428758,0.0913099658118704,-0.00926326445839909,-0.009306435301392467,0.22861524066176606,17.241014441001532
2022-09-19,883.0869132125273,890.4544974160177,873.71880824309,877.475830078125,11235656,864.8923858642578,818.17087890625,742.4602597045898,877.04254196281,857.0396695080875,20.00287245472248,21.26507104282856,-1.2621985881060809,60.49237593194062,864.8923858642578,904.1997440011389,825.5850277273767,0.09089537329572538,-0.010889897912238045,-0.010949626874524273,0.22347217770025965,16.774010899102166
2022-09-20,887.2342830774511,900.2129511108898,885.4289422358922,894.6018676757812,12090663,868.0394744873047,821.6678259277344,743.4038528442383,879.7439766878824,859.8220545575464,19.921922130336043,20.996441260330055,-1.0745191299940124,66.05305977757514,868.0394744873047,906.2060339733416,829.8729150012678,0.0879373821301836,0.019517389551495068,0.01932936782804763,0.215173597644501,15.965459009342576
2022-09-21,889.9665797425566,894.8457824823732,883.7700160872216,893.1380615234375,8917640,870.5449401855469,824.8697119140625,744.3658325195313,881.8046051241216,862.2899069253903,19.514698198731367,20.70009264801032,-1.1853944492789523,65.20824565386008,870.5449401855469,908.3759082621513,832.7139721089426,0.08691330299051785,-0.0016362654776775898,-0.0016376056221218795,0.21265057855320346,15.062801386537656
2022-09-22,884.1116247444652,889.6739283354383,873.6701179264254,881.574462890625,11125669,872.0135833740235,827.5726000976563,745.299580078125,881.7691986266606,863.7183925524446,18.050806074215984,20.170235333251455,-2.1194292590354706,58.809300820470774,872.0135833740235,909.1198295358528,834.9073372121942,0.08510474347946873,-0.012947156918929559,-0.013031701892590916,0.21766384239728015,15.456618166026406
2022-09-23,879.9154752286213,883.0381770404971,857.5199216916697,860.9353637695312,15927517,872.4966247558593,830.0489501953125,746.1628701782226,878.5639932640254,863.5122422722287,15.051750991796666,19.146538464960496,-4.09478747316383,49.47694775323189,872.4966247558593,908.7068339433439,836.2864155683748,0.08300366593994986,-0.0234116345128913,-0.02369004070927149,0.23528174770879456,16.27911151775095
2022-09-26,848.981282433677,856.6904466386289,838.4422163569614,840.2474975585938,14208640,872.0184631347656,832.2415258789063,746.8009832763672,872.6691477708821,861.7889278489965,10.880219921885555,17.493274756345507,-6.613054834459952,42.24109162183295,872.0184631347656,909.7122014034244,834.3247248661069,0.0864516976696935,-0.02402952309957096,-0.024322942103986396,0.2510814849549538,17.0597830407359
2022-09-27,844.0533279671298,853.71411404585,828.0982986271043,831.952880859375,12493809,871.8574493408203,834.28373046875,747.3066836547852,866.4051067075734,859.5788502942097,6.826256413363694,15.359871087749145,-8.53361467438545,39.732129136007615,871.8574493408203,910.2351863574065,833.479712324234,0.08803672445673834,-0.009871635111463495,-0.00992068275525541,0.24586757164931203,18.11229980860978
2022-09-28,823.6094393761035,842.394370309741,823.6094393761035,828.9765625,11411458,870.0131103515625,836.2896875,747.7897424316407,860.6468691371774,857.3120141613053,3.3348549758720765,12.954867865373732,-9.620012889501655,38.84064581522123,870.0131103515625,912.8858724779861,827.140348225139,0.098556588668185,-0.0035775083275155772,-0.0035839229138259557,0.20383069858845346,17.739392285452123
2022-09-29,837.2711683643056,840.784170421323,820.779439708656,823.5118408203125,13803629,868.5273956298828,837.7828210449219,748.2309274291993,854.9337878576598,854.8082976175281,0.12549024013173948,10.388992340325334,-10.263502100193595,37.19066579539951,868.5273956298828,915.6939957641251,821.3607954956404,0.10861280915620554,-0.006592130497884208,-0.006613954554361349,0.19925011437749449,18.175035322358806
2022-09-30,823.511870280738,846.1025434500277,817.2664668886401,841.174560546875,13175031,868.0199554443359,839.461396484375,748.7798269653321,852.8169836560006,853.79839116785,-0.9814075118493975,8.114912369890387,-9.096319881739785,45.281619086779145,868.0199554443359,916.173914192568,819.8659966961038,0.11095127121491638,0.02144804585805149,0.02122127334386694,0.21547473512893406,19.701525410693154
2022-10-03,838.9301969435782,840.1499977244196,825.2684281981548,827.8543701171875,8232026,866.3561462402344,840.8260388183594,749.2395721435547,848.9765815731063,851.876611830764,-2.900030257657704,5.91192384438077,-8.811954102038474,40.99295286845795,866.3561462402344,917.705851212797,815.0064412676717,0.11854179183793491,-0.015835227376619243,-0.015961944095351017,0.21708803985764893,20.234745929415915
2022-10-04,844.1020481193237,851.5672519066914,839.3204057566129,846.6880493164062,8975095,865.575473022461,842.5110925292969,749.8245266723633,848.62449968746,851.4922738667375,-2.8677741792774896,4.155984239649118,-7.023758418926607,48.43009452396297,865.575473022461,917.6542957343861,813.4966503105359,0.12033340669895277,0.022749990673544218,0.022495068708372288,0.23394526151646147,20.24171213260465
2022-10-06,851.9576577243595,870.1571094607641,851.9576577243595,864.05810546875,12116698,866.0268005371094,844.2709729003906,750.5501672363281,850.9989005768892,852.4230762076273,-1.424175630738091,3.0399522655716757,-4.464127896309767,54.16762812341858,866.0268005371094,917.8768316526896,814.1767694215291,0.11974232456414254,0.020515296237342495,0.02030769211901796,0.24379567704390318,20.461281318848787
2022-10-07,856.0073651218893,863.130989414095,851.7136427635446,861.2280883789062,9705750,865.2339294433593,845.9577612304688,751.3239819335937,852.5726217771996,853.0752993314258,-0.5026775542261248,2.3314263016121157,-2.8341038558382405,53.130469742203736,865.2339294433593,916.8564090186117,813.611449868107,0.11932606389687746,-0.0032752624759054827,-0.003280637888515821,0.22513473542818446,20.478715255248467
2022-10-10,850.933002884002,868.3029536454349,849.6644220165898,860.4474487304688,7357588,864.2824859619141,847.7181799316406,752.1828924560547,853.7841336161641,853.6213844720957,0.16274914406847074,1.8976908701033868,-1.734941726034916,52.829978426190344,864.2824859619141,915.4995508600914,813.0654210637367,0.11851927056273659,-0.0009064261360853809,-0.0009068371886667772,0.22474560344184036,20.61463257352828
2022-10-11,861.9111794381765,861.9111794381765,844.5412292851928,849.5667724609375,11130051,862.496694946289,849.179501953125,752.9369586181641,853.1353088230524,853.3210428416395,-0.18573401858714078,1.4810058923652814,-1.6667399109524221,48.69597086893797,862.496694946289,913.1179064280641,811.875483464514,0.11738296918326725,-0.01264536990095666,-0.012726003069604766,0.2264908948527383,20.23126322497249
2022-10-12,846.9808542844545,850.6402565068132,840.6866705498809,847.3711547851562,14557532,860.4645050048828,850.3233666992187,753.6196630859375,852.2485158941453,852.8803103930111,-0.6317944988658155,1.058445814119062,-1.6902403129848775,47.88174238458615,860.4645050048828,910.0244910230064,810.9045189867592,0.11519356284857413,-0.0025843968325423017,-0.002587742151033036,0.22570810107187683,20.1511074793854
2022-10-13,841.5160829256583,844.5412243974098,829.9523961161733,832.9774780273438,11563124,857.317416381836,851.1017578125,754.2376739501954,849.2837408377143,851.4060265140728,-2.1222856763585014,0.42229951602354937,-2.544585192382051,42.82625457970456,857.317416381836,905.3685456325987,809.2662871310732,0.11209647286428513,-0.016986271808440145,-0.01713219332561192,0.22745299483222348,20.00473712738332
2022-10-14,862.4479709434735,862.4479709434735,847.5664007482395,849.225341796875,8199540,855.0071197509766,852.111982421875,754.9572946166992,849.2747563698929,851.2444943127989,-1.969737942906022,-0.056107975762364926,-1.913629967143657,49.32986329549134,855.0071197509766,899.6658100524078,810.3484294495454,0.1044639027437296,0.01950576599983167,0.019317966729799307,0.2416454401089635,20.287039810762053
2022-10-17,850.9329794415917,866.0585083192806,847.5663175534736,863.8140869140625,8936947,853.8409912109375,853.5235949707031,755.7066931152344,851.5115764536113,852.1755752462259,-0.6639987926146205,-0.17768613913281606,-0.4863126534818044,54.35093057353583,853.8409912109375,896.1218859575777,811.5600964642974,0.09903692884708275,0.017178885743469596,0.01703299711825556,0.24996705940778519,20.00125719313613
2022-10-18,874.4020060554508,878.9396889205306,869.6204225874716,875.2315063476562,8097552,853.7287750244141,855.0267834472656,756.5141488647461,855.1607964373105,853.8834219944799,1.2773744428305918,0.11332597725986554,1.1640484655707262,57.86956845994456,853.7287750244141,895.7567067586514,811.7008432901767,0.09845733906072322,0.01321744991955609,0.013130861578556698,0.252226985206822,19.2519562351163
2022-10-19,878.3053078550508,878.8908479432257,864.1556193526078,870.54736328125,5529462,852.5260498046875,856.5245593261719,757.2986688232422,857.5279605671474,855.1177880157222,2.4101725514251484,0.5726952920929221,1.8374772593322262,55.963687177036306,852.5260498046875,890.8418366206685,814.2102629887066,0.08988766225913919,-0.005351890365502432,-0.005366263034312632,0.24193057850757602,18.96269178204347
2022-10-20,868.2054068661961,871.7184092551068,858.8373012281268,867.1807861328125,8107159,851.2281860351562,857.606767578125,758.0663558959961,859.0130106541728,856.011343431803,3.0016672223698606,1.05848967814831,1.9431775442215506,54.572571880088965,851.2281860351562,885.2721499039519,817.1842221663605,0.07998786794729011,-0.003867195847619631,-0.003874692783803543,0.24210714542393488,18.453861590208696
2022-10-21,866.546454336231,888.0149475742908,864.3020328643687,885.2338256835938,17022807,851.4111541748047,858.9768481445312,758.9027252197266,863.0469821971607,858.1759717467504,4.871010450410267,1.8209938326007014,3.050016617809566,60.27508425526959,851.4111541748047,886.1735869303026,816.6487214193068,0.0816583916831345,0.020818080658000504,0.020604345694867503,0.2502114027966179,18.08792145796116
2022-10-24,902.6525007513261,910.9471453528248,895.4312569210836,903.9210815429688,4390050,853.5604400634766,860.4903747558594,759.7134609985352,869.3353051734389,861.5644983983221,7.770806775116739,3.0109564211039093,4.75985035401283,65.15161162785624,853.5604400634766,895.3977698560335,811.7231102709196,0.09803015188812085,0.021109965883809645,0.02089023748061535,0.24402532140400918,18.788434837997645
2022-10-25,919.2906455454911,920.4616662033744,900.6521134996117,902.7013549804688,15838120,856.6831329345703,861.7657983398437,760.4785696411133,874.4685436052896,864.6116729599626,9.856870645327035,4.380139265948535,5.4767313793785,64.59424222702056,856.6831329345703,903.3776409971051,809.9886248720354,0.10901232034902496,-0.0013493728461537735,-0.0013502840695050154,0.22369230193296466,18.509625617587567
2022-10-27,903.6771788960313,911.1423833365191,898.0173153082427,902.0670776367188,16080842,860.1888427734375,862.7416394042968,761.1667852783203,878.7144719178171,867.3861473804631,11.328324537354092,5.769776320229647,5.558548217124446,64.28625162571015,860.1888427734375,909.5193248301439,810.8583607167311,0.11469686562698045,-0.0007026436154665694,-0.0007028905851863217,0.21863276176953997,17.77076903786746
2022-10-28,895.8216143723628,905.0920994884167,879.232325217319,885.9168090820312,9854094,863.035855102539,863.2998181152344,761.7888003540039,879.8225237892347,868.7587889879866,11.063734801248074,6.828568016433333,4.235166784814742,56.852947918441714,863.035855102539,911.343466818806,814.7282433862721,0.11194809909844919,-0.017903622640789374,-0.018065831493157245,0.23091211248516416,18.736148435431193
2022-10-31,890.5520803773597,894.8945828260715,882.7453558171879,886.746337890625,9000840,866.1975799560547,863.7965209960937,762.3751919555664,880.8877259586793,870.0912000178116,10.796525940867696,7.622159601320206,3.1743663395474897,57.12715739596967,866.1975799560547,911.8157425884542,820.5794173236552,0.10532969310469298,0.0009363506822421819,0.0009359125793993826,0.22810887991740122,18.27262667686252
2022-11-01,898.7491899037128,898.7491899037128,877.8173971843925,886.6487426757812,9823761,868.4712890625,864.255166015625,762.8762191772461,881.7740362228488,871.3176846591426,10.456351563706221,8.18899799379741,2.2673535699088117,57.08119463373194,868.4712890625,913.3653939703432,823.5771841546567,0.1033865033265652,-0.00011005990177070935,-0.00011006595880612679,0.21863082505891773,18.52704400302942
2022-11-02,898.3588476426912,898.5052475593865,880.549756393211,882.843017578125,7690974,871.2207214355469,864.9245922851562,763.3587023925782,881.9384948928913,872.1714130235117,9.767081869379581,8.504614768913845,1.2624671004657362,55.215593387084496,871.2207214355469,912.2063621096083,830.2350807614855,0.09408784631873231,-0.0042922579308815045,-0.004301496114542736,0.20927266160063374,19.098608660832497
2022-11-03,879.2811466233138,891.7718941909748,875.3777842858833,886.6975708007812,9022366,873.2211975097656,866.025341796875,763.7969223022461,882.670660417182,873.2474247107168,9.42323570646522,8.68833895642412,0.7348967500411003,56.75715656646726,873.2211975097656,913.05453661805,833.3878584014813,0.09123310158269234,0.004366068650834887,0.0043565650253824945,0.19639221774440752,19.025419463411676
2022-11-04,884.4042462761049,891.332749664594,878.4516429625804,883.4284057617188,7099336,874.1897125244141,866.8333349609375,764.2141885375977,882.7872366240338,874.0015714552354,8.785665168798346,8.707804198898966,0.07786096989937974,55.02710653018088,874.1897125244141,914.0269212998227,834.3525037490055,0.09114087755704642,-0.0036868997352841326,-0.0036937131020687375,0.1852292674722076,17.84046330526052
2022-11-07,888.258895965493,897.8709019410512,881.6231918736927,895.333740234375,11100219,875.8949951171875,867.6959777832031,764.7137771606446,884.7174679487016,875.5817321055421,9.135735843159523,8.793390527751077,0.3423453154084459,59.829272537118484,875.8949951171875,916.3116973634759,835.478292870899,0.09228663817374823,0.013476286697382323,0.013386289198978099,0.1893905087261959,17.680143255371345
2022-11-09,897.7733543768877,899.62747534603,883.8676257900718,888.5028686523438,11590409,877.2977661132812,868.4405444335938,765.1826065063476,885.2998372877234,876.538853331231,8.760983956492396,8.78690921349934,-0.02592525700694459,56.126128310446,877.2977661132812,917.4032798530426,837.1922523735199,0.09142964974695429,-0.0076294137873583745,-0.007658666647829743,0.19224612059937202,17.725446651763498
2022-11-10,885.6240764996556,890.8936392775802,882.1110743547595,888.697998046875,10009741,879.2543273925781,869.2182897949219,765.6339813232422,885.8226312506698,877.439530717575,8.383100533094762,8.706147477418426,-0.3230469443236643,56.209509478385634,879.2543273925781,917.4354545628627,841.0732002222936,0.08684888087730057,0.00021961594207020596,0.00021959183001939617,0.18481612492652308,17.300256389777985
2022-11-11,903.5308051085799,905.5800464757256,881.6719525763125,884.6482543945312,17921457,881.1181823730469,870.2077917480469,766.1354336547852,885.641957888187,877.9735102492015,7.668447638985526,8.498607509731848,-0.8301598707463214,53.91919593991663,881.1181823730469,916.264856655162,845.9715080909318,0.07977743504840021,-0.004556940221812189,-0.004567354724793772,0.18564092187092765,18.08789823780891
2022-11-14,883.135738311916,884.6482793217701,869.7179301331439,873.3285522460938,12641308,883.1357360839844,870.3570959472656,766.5722848510742,883.7475877894034,877.6294392860083,6.118148503395105,8.0225157084645,-1.904367205069395,48.02838266663308,883.1357360839844,910.3941943570884,855.8772778108804,0.061731072946892444,-0.012795709585370685,-0.012878279796465287,0.180413110780819,17.460572129144925
2022-11-15,878.7931823299733,891.5767290813355,877.0854613928531,889.673828125,15176911,885.1581604003907,871.0860498046875,767.1187506103515,884.6593170718028,878.5216162370447,6.137700834758107,7.645552733723222,-1.5078518989651153,55.575726307783704,885.1581604003907,907.3553136308285,862.9610071699528,0.05015409499336755,0.018716067208461418,0.018543076756569982,0.17944088195324848,16.927347641002832
2022-11-16,890.5033333770526,895.9192368299623,886.1608307668516,891.5279541015625,13008311,886.5438537597656,871.8901416015625,767.7038296508789,885.7160304609965,879.4850486714533,6.230981789543193,7.362638544887217,-1.1316567553440233,56.35008637317128,886.5438537597656,906.4752705466278,866.6124369729034,0.04496431102045221,0.0020840513882149914,0.002081882765611903,0.17072850716661134,16.20940859524197
2022-11-17,890.942481763275,900.0177875733908,888.3564803085126,897.5781860351562,12584194,887.6611877441406,872.6190942382813,768.3036395263672,887.5409774724058,880.8252810687646,6.715696403641118,7.233250116637997,-0.5175537129968788,58.869525118575716,887.6611877441406,907.4272411106354,867.895134377646,0.04453513038398625,0.006786362565255555,0.006763438860760906,0.16641346684744474,16.10485425499925
2022-11-18,897.578167748702,899.7250289707271,888.5516422411323,898.1148681640625,10874061,889.0395629882812,873.335361328125,768.9400839233399,889.1677298865068,882.105991223972,7.061738662534822,7.198947825817362,-0.13720916328253985,59.09506632635619,889.0395629882812,907.587981518205,870.4911444583574,0.041726868639181715,0.0005979224286598583,0.0005977437442672339,0.16458291012191653,15.05582657346333
2022-11-21,891.9670624306098,902.4573485738014,891.9670624306098,899.1395263671875,9245704,890.6375,874.2175207519531,769.6471276855468,890.7018524219961,883.3677345679139,7.334117854082251,7.225981831470341,0.10813602261191058,59.551119263887536,890.6375,906.5804461259793,874.6945538740208,0.035801201108148335,0.0011408988309253854,0.0011402485004480367,0.16332733762916068,14.937330797342472
2022-11-22,901.4327522857458,904.1163139298982,898.1637101071026,901.3839721679688,11256509,891.4450073242188,874.7034899902344,770.3282907104492,892.3452554598381,884.7022706864365,7.642984773401622,7.309382419856597,0.3336023535450252,60.587660454299524,891.4450073242188,907.8644366331755,875.025578015262,0.036837783989035235,0.0024962152535430437,0.002493104883274215,0.147282983635962,13.86738873330499
2022-11-23,904.6042558044601,909.3370589927953,901.3839936667877,905.0433959960938,10959704,891.501123046875,875.2148315429688,770.9234735107422,894.298815542339,886.209020709374,8.089794832964913,7.46546490247826,0.6243299304866525,62.28467731229323,891.501123046875,908.1067000841821,874.895546009568,0.03725307037315743,0.004059783556305652,0.004051564871588421,0.12741699814202956,13.152931280351497
2022-11-24,905.1409813373169,917.9245295652515,905.1409813373169,916.16796875,10844395,892.1744537353516,875.8325390625,771.5575463867187,897.66330065121,888.4282020457167,9.23509860549325,7.819391643081258,1.4157069624119911,66.94434570615323,892.1744537353516,911.5528478015534,872.7960596691497,0.043440818071103664,0.012291756177793545,0.012216825934162312,0.13437974351848464,12.902004399213379
2022-11-25,917.582868510347,920.1200897078235,905.0921212292191,907.824462890625,9815055,892.4623229980468,876.2287292480469,772.173182067871,899.2265563803508,889.8649621083025,9.36159427204825,8.127832168874656,1.2337621031735946,60.87011575431786,892.4623229980468,912.6150642165089,872.3095817795847,0.04516211093542422,-0.009106960889233795,-0.009148682757008276,0.13884248685935502,13.055351668969868
2022-11-28,901.6767030234083,920.9983347475077,901.6279229061405,914.7529907226562,9381474,893.9041320800782,876.6054040527343,772.842375793457,901.6152385868593,891.7085197834399,9.90671880341938,8.483609495783602,1.4231093076357784,63.806950930351924,893.9041320800782,916.1069554901076,871.7013086700488,0.04967607288796023,0.007632012702070146,0.007603036232264171,0.12298731802431632,13.278401795684772
2022-11-29,910.9959675424216,926.9509968667758,910.9959675424216,923.8770751953125,13096845,895.7606689453125,877.1743200683594,773.6476440429688,905.0401365266214,894.0913757398749,10.948760786746448,8.976639753976173,1.972121032770275,67.28873159797266,895.7606689453125,921.388754746601,870.1325831440241,0.057220832951872,0.00997436965518772,0.009924953952155195,0.1264457220906729,13.292343207713056
2022-11-30,925.1456773495776,935.0504833540824,918.2660129689936,929.8785400390625,20858573,897.9221588134766,878.0291577148438,774.4533340454102,908.8614293746892,896.7422767990739,12.119152575615317,9.605142318304003,2.5140102573113143,69.37560636837684,897.9221588134766,927.3280492808685,868.5162683460846,0.06549763847291436,0.006495956015015514,0.006474948220800421,0.127098594984888,13.863907883589352
2022-12-01,932.9036212569308,933.8794618649401,913.6307692487462,917.4853515625,15920653,899.6542755126953,878.8293481445312,775.1471026611329,910.1881866343524,898.278800855624,11.909385778728392,10.065991010388881,1.843394768339511,60.75580505291688,899.6542755126953,929.3994699668611,869.9090810585295,0.06612583358694007,-0.013327749746802287,-0.013417361307749908,0.1370763773153936,13.602522077645128
2022-12-02,905.8239860431103,911.9229894503491,903.7259050467881,908.1171875,14228874,900.7252563476562,879.0996545410156,775.780934753418,909.8695713829136,899.0075702366888,10.86200114622477,10.22519303755606,0.6368081086687098,55.17509254301647,900.7252563476562,930.0456049513054,871.404907744007,0.06510386690507619,-0.0102106960580306,-0.010263182804847755,0.1433091388175365,13.518886172436964
2022-12-05,914.3626205552238,914.3626205552238,905.9704154181173,911.0447387695312,10984608,902.1060729980469,879.4577880859375,776.5007012939453,910.0503663654702,899.8992123502327,10.151154015237466,10.210385233092342,-0.05923121785487595,56.5192003334921,902.1060729980469,930.5856911410401,873.6264548550537,0.06314028692511613,0.0032237593449702118,0.003218574173654112,0.14225818132917836,12.814888193998724
2022-12-06,902.6525766407452,907.2878196018734,897.9685535605643,900.359375,18220912,902.3573547363281,879.833486328125,777.3469793701172,908.5594446169363,899.9332984724377,8.626146144498534,9.893537415373581,-1.2673912708750468,50.55995995967994,902.3573547363281,930.6735940720333,874.041115400623,0.06276058855635809,-0.011728692691824416,-0.01179801639200624,0.14243304512537128,13.051872418702747
2022-12-07,899.7250600423364,910.6544870005209,898.4076990172678,899.8714599609375,15675663,902.9257843017579,880.6122082519531,778.0824185180664,907.2228315929365,899.9287178419562,7.294113750980273,9.37365268249492,-2.079538931514646,50.29916735783145,902.9257843017579,930.5181758648847,875.333392738631,0.06111773978071596,-0.0005419114329348051,-0.0005420583200042966,0.13937691200252517,13.093692470015242
2022-12-08,902.6525404024692,910.9959654854242,901.48151978929,909.3858642578125,10136870,903.9601776123047,881.9949755859375,778.9236306762696,907.5556058490712,900.6292472060936,6.926358642977561,8.884193874591448,-1.9578352316138865,55.15662394481085,903.9601776123047,930.848910074365,877.0714451502445,0.059490966810249124,0.010573070399730211,0.01051756638005015,0.14370868832077424,13.090200955364667
2022-12-09,909.4833843786498,912.2157259818345,902.7012807053411,907.4341430664062,9575331,905.0994720458984,883.5046008300782,779.8215307617188,907.5369192671227,901.1333135661167,6.403605701005972,8.388076239874353,-1.984470538868381,53.990923720469446,905.0994720458984,930.4285770239809,879.770367067816,0.05596977074979001,-0.0021461969754710264,-0.002148503356756354,0.1426811017187403,13.020498036314791
2022-12-12,902.7012999402709,911.3375246500736,902.7012999402709,907.824462890625,8493863,906.824267578125,885.0815588378906,780.7284146118164,907.5811567476616,901.628954256821,5.952202490840591,7.900901490067601,-1.9486989992270098,54.19939581347517,906.824267578125,927.2716982123627,886.3768369438874,0.04509678747095521,0.00043013570428351855,0.0004300432224403469,0.13271370579200983,13.212185242529586
2022-12-13,907.0438603945855,913.2892642150814,905.3849194209615,910.4105224609375,10415140,907.8611022949219,886.8195324707032,781.621311340332,908.0164437804733,902.2794407904593,5.737002990014048,7.468121790056891,-1.731118800042843,55.6337606468404,907.8611022949219,926.6854195405227,889.0367850493211,0.041469597492427124,0.002848633933126399,0.0028445842643436345,0.11720771074736319,13.208703668907683
2022-12-14,913.3868077451181,913.4355878633295,897.7733580400733,899.4810791015625,12319827,908.2587585449219,887.9856628417969,782.4748382568359,906.7033107529486,902.0721547394298,4.631156013518762,6.900728634749266,-2.2695726212305036,48.693110659920535,908.2587585449219,925.9310759864137,890.58644110343,0.03891471956693004,-0.012004961596699837,-0.012077603105886745,0.1260966714021122,13.407353401343284
2022-12-15,893.8699973988869,897.6757995963253,883.1357507052321,886.8439331054688,8929748,907.7220458984375,889.1654541015625,783.2976751708984,903.6480218841056,900.9441383220994,2.7038835620061263,6.061359620200638,-3.3574760581945116,42.145947155582384,907.7220458984375,927.3084817419334,888.1356100549416,0.043155139686201646,-0.014049373899800321,-0.014149000582381301,0.13372236694698225,13.501450538323711
2022-12-16,883.6236941724553,891.6255992841462,877.9150502872375,880.208251953125,9157260,906.8267150878906,889.8358581542968,784.2677569580078,900.0419034331854,899.4081467392125,0.6337566939729413,4.975839034955099,-4.342082340982158,39.16786447393108,906.8267150878906,929.63444173818,884.0189884376013,0.050302282168823945,-0.0074823550171985165,-0.007510488258621029,0.13584740768340034,13.097174620862395
2022-12-19,886.0632612266272,888.6004229521618,879.3787769678182,884.5507202148438,7015083,906.0972747802734,890.2457104492188,785.1496966552735,897.6586444765175,898.3075966262962,-0.6489521497787791,3.8508807980083235,-4.499832947787103,42.05351577686707,906.0972747802734,930.795023622678,881.3995259378689,0.05451456378873594,0.004933455522693642,0.004921325908579372,0.13728901786740236,12.616218668004494
2022-12-20,884.1116067771366,890.4057907242563,874.0604602457607,887.7222290039062,6384331,905.4141876220704,890.7755932617188,785.9861404418946,896.1299651730388,897.523495320934,-1.3935301478951487,2.8019986088276294,-4.195528756722778,44.13773444960415,905.4141876220704,931.3837820472772,879.4445931968635,0.05736511483967792,0.0035854459406150507,0.0035790335522621133,0.13768784036295686,12.584851531819263
2022-12-21,888.2589176484736,893.7236012549803,865.5706234047746,870.6937866210938,11341147,903.6967071533203,890.9805200195312,786.8725170898438,892.216706934278,895.5361094913162,-3.319402557038188,1.5777183756544657,-4.897120932692654,36.53863397956084,903.6967071533203,933.9582623727707,873.4351519338699,0.06697281284730029,-0.0191821741378716,-0.019368539146703702,0.15103916327753578,13.149443334248677
2022-12-22,878.7444522871822,882.0134944431401,864.9362840988583,869.1324462890625,9788367,901.3449310302734,891.3718334960937,787.8313558959961,888.6652822196295,893.5802825874455,-4.915000367815992,0.2791746269603742,-5.1941749947763665,35.92784574325604,901.3449310302734,934.6802511168228,868.009610943724,0.0739679537520575,-0.0017932140507058714,-0.001794823783706766,0.14147090344179844,13.386426464860806
2022-12-23,861.7160235243845,868.1566071729486,854.1532589304963,857.6663208007812,11059215,898.8370239257813,891.5777368164063,788.782578125,883.8962112321144,890.9199891217667,-7.023777889652251,-1.181415876362151,-5.8423620132901,31.732681867827935,898.8370239257813,937.27618058612,860.3978672654426,0.08553087075218799,-0.013192610098999524,-0.013280405602442062,0.14467277845998494,13.856925194965072
2022-12-26,859.8131424263865,875.3290320358716,854.1044986503864,871.620849609375,6943159,896.6804168701171,892.3506042480469,789.9699313354492,882.0076940593854,889.4904232319599,-7.482729172574523,-2.441678535604625,-5.0410506369698975,40.79355242749712,896.6804168701171,936.1848062280815,857.1760275121528,0.08811252842089554,0.01627034718533049,0.01613940351003263,0.15575762271941504,14.438950064716371
2022-12-27,876.0120665940304,880.9400494197373,866.7415814436704,878.8908081054688,4994381,894.431103515625,892.9439135742188,791.1390707397461,881.5281731433981,888.7052665559235,-7.177093412525323,-3.3887615109887648,-3.7883319015365586,44.896867019358254,894.431103515625,932.5126184199783,856.3495886112717,0.08515248352762153,0.00834073496446508,0.00830614324838057,0.15414049345311903,14.578355778488783
2022-12-28,874.3531310298059,882.1110752987155,874.157951008085,877.2318725585938,8980300,891.7987701416016,893.2122692871094,792.2880322265624,880.867203822659,887.8553855190843,-6.988181696425272,-4.108645548076066,-2.8795361483492057,44.145019470145634,891.7987701416016,926.7096873069273,856.8878529762759,0.07829326151634519,-0.0018875331629090164,-0.0018893167984304169,0.1505187346322679,14.351828547499053
2022-12-29,876.207314018528,901.0424100780956,867.8638290929013,886.112060546875,11994220,890.2301055908204,893.4298803710938,793.4370169067383,881.6741048571538,887.7262503359577,-6.052145478803936,-4.49734553422164,-1.554799944582296,49.06235604733556,890.2301055908204,923.0373309944604,857.4228801871803,0.07370504591476784,0.01012296550783165,0.01007207147003455,0.15191417657048356,16.04212395526341
2022-12-30,886.5511238731773,886.5511238731773,867.0830933355579,869.3275146484375,9688527,888.2906219482422,893.4054833984375,794.4957733154297,879.7746294404283,886.3633810257711,-6.588751585342834,-4.91562674444588,-1.6731248408969543,41.606444385740446,888.2906219482422,921.2314951563574,855.3497487401271,0.074166882761562,-0.0189417869880687,-0.019123480696279005,0.16127866674820002,16.815824371536028
2023-01-02,872.4015345595462,885.087462914439,872.4015345595462,880.6473999023438,4315403,886.7707550048829,893.6748156738281,795.5226147460937,879.9089018191845,885.9399750166284,-6.031073197443902,-5.138716035045484,-0.8923571623984179,47.41094465364671,886.7707550048829,918.0545138887815,855.4869961209843,0.07055658682322319,0.013021427555395038,0.012937377614793397,0.1691509583189493,17.37693890524186
2023-01-03,876.7927916486487,884.0628161348139,875.0850705742079,879.5739135742188,5846855,885.7314819335937,893.5616174316406,796.5382690429688,879.8573651661128,885.4684149097833,-5.611049743670492,-5.2331827767704855,-0.3778669669000063,46.93447955045023,885.7314819335937,916.4911329477162,854.9718309194712,0.06945592799066531,-0.0012189740505043067,-0.0012197176036816471,0.1648985900042623,16.89947574362399
2023-01-04,877.2807356586387,885.9657411818296,873.1821930571263,877.3782958984375,12454582,884.6068237304687,893.03076171875,797.4912915039063,879.4759698941627,884.8691468348688,-5.393176940706098,-5.265181609557608,-0.12799533114849027,45.91804192330852,884.6068237304687,914.8297889852911,854.3838584756463,0.0683308435884981,-0.0024962287329091115,-0.0024993495063773213,0.16495429950458199,16.6450628670792
2023-01-05,879.1348111478047,881.184052562088,850.9329942792257,857.9102783203125,16547196,882.0330444335938,892.1349401855468,798.2882879638672,876.1581711904935,882.8721936115684,-6.714022421074901,-5.554949771861067,-1.159072649213834,38.049603395139016,882.0330444335938,912.1381205111658,851.9279683560218,0.06826292114011276,-0.022188852481459742,-0.022438728290448823,0.17461652153117257,17.826527816075888
2023-01-06,857.7150822158359,857.7150822158359,839.7108117598847,849.078857421875,14804613,879.1152801513672,891.07517578125,799.0864752197266,871.9921229183983,880.3689835234429,-8.376860605044612,-6.119331938497776,-2.257528666546836,35.11036958858966,879.1152801513672,910.1517435570884,848.078816745646,0.07060840394078301,-0.010294107812449105,-0.010347458588523277,0.1765643566036314,18.46780071436762
2023-01-09,853.128646577258,857.5199292876928,841.467339467431,852.2503662109375,16811853,876.3365753173828,890.4018469238281,799.8643865966797,868.9549295787889,878.2861229817759,-9.331193402986969,-6.761704231395615,-2.5694891715913544,36.99269591689121,876.3365753173828,906.4890901112461,846.1840605235194,0.06881491801923942,0.003735234673835075,0.003728276007585393,0.17786523094889037,18.446890667350917
2023-01-10,854.2508913830072,857.1784132046618,835.9050403188388,840.540283203125,13470142,872.8430633544922,889.4777258300782,800.5832629394531,864.5834455209945,875.490134850024,-10.906689329029518,-7.590701250922397,-3.3159880781071216,33.16704661937129,872.8430633544922,902.5604172898353,843.1257094191491,0.06809323504533335,-0.013740191230277699,-0.01383546135087844,0.1802458260788928,17.955490312752147
2023-01-11,842.0528443311998,849.810729146555,834.1972801627661,845.3706665039062,15558460,870.1375427246094,888.6521643066407,801.3946771240235,861.6276333645194,873.2590631206818,-11.631429756162447,-8.398846951970407,-3.23258280419204,36.10252685566692,870.1375427246094,899.4940705974719,840.7810148517468,0.06747560341079004,0.005746760027221631,0.0057303103931276,0.18070274853472876,17.850935929859798
2023-01-12,844.5900418696975,848.3470043668949,834.294935420491,839.8572387695312,16659001,867.7882080078125,887.7924487304688,802.2025323486328,858.2783418883673,870.7848539094855,-12.50651202111817,-9.22037996579996,-3.286132055318209,34.253196941414075,867.7882080078125,898.9785677444754,836.5978482711496,0.07188472820636004,-0.0065219056596512726,-0.006543266211356129,0.1765452869309588,17.784713186133924
2023-01-13,843.8093564017448,853.7629421704522,837.5639529027883,852.3479614257812,11223103,866.3951934814453,887.1054565429688,803.0190054321289,857.365975663354,869.4191581699519,-12.053182506597864,-9.786940473959541,-2.2662420326383224,41.55716151503644,866.3951934814453,897.7381755747597,835.0522113881309,0.07235262228860836,0.014872435551725571,0.014762925336067087,0.18602371747532798,17.425745749146692
2023-01-16,856.05621828147,856.2513983254271,840.2475876903445,844.3461303710938,8319812,864.3849639892578,886.3238110351563,803.7714611816406,855.3629225414678,867.5618968515179,-12.198974310050062,-10.269347241177647,-1.9296270688724153,38.59884382899964,864.3849639892578,895.9812148719035,832.7887131066121,0.07310689611449174,-0.009387986382113578,-0.009432331284047848,0.18635812185712972,17.55469879621924
2023-01-17,846.0050363579256,846.9808769766993,837.3688111454281,844.24853515625,12624859,862.211279296875,885.3021069335938,804.4477673339844,853.6530167898958,865.834981170387,-12.181964380491195,-10.651870669040356,-1.5300937114508386,38.56278669748297,862.211279296875,893.0192902396241,831.4032683541259,0.07146278802539612,-0.00011558673787115392,-0.000115593418532942,0.18527900315587997,17.67319462055071
2023-01-18,843.5654250474721,850.9330097218229,837.9055614362097,848.493408203125,11313898,861.1012603759766,884.5019177246094,805.1482080078125,852.8592308534695,864.5504202098491,-11.691189356379596,-10.859734406508206,-0.8314549498713895,41.138338331427754,861.1012603759766,892.2206181133109,829.9819026386423,0.07227804479985757,0.005027989827769641,0.0050153916981141786,0.17596387679270212,16.23382799915206
2023-01-19,847.029646532359,849.5180281670827,841.1746028927344,845.224365234375,6694679,859.9058563232422,883.6324450683594,805.8034454345703,851.6846361428395,863.1188605820363,-11.434224439196782,-10.97463241304592,-0.4595920261508617,39.75609938310123,859.9058563232422,891.5584593046083,828.2532533418762,0.07361876360908907,-0.0038527617741579423,-0.003860202779230982,0.17620269359398788,15.439213337489841
2023-01-20,852.3967365563113,855.3242582617137,844.6387921248788,849.3228149414062,8127162,859.4886810302735,882.9259362792968,806.4289767456055,851.3212790349266,862.096931275323,-10.775652240396312,-10.934836378516,0.1591841381196879,42.37045830418386,859.4886810302735,891.4836447775093,827.4937172830377,0.07445115788816044,0.00484894884199738,0.004837230555209238,0.17167966834381704,15.076750328263651
2023-01-23,860.6914050079915,861.9599858696962,843.7117548264578,850.6402587890625,16882379,858.4396514892578,882.4721704101562,807.0843759155273,851.216506689409,861.2482888689333,-10.03178217952427,-10.754225538717654,0.7224433591933828,43.22339874407703,858.4396514892578,890.1341301776301,826.7451728008855,0.07384206597024588,0.0015511697372065925,0.0015499679160882926,0.16025611322087674,15.73892786273739
2023-01-24,857.7638806877826,860.3986621992815,847.0296341717808,849.7131958007812,11504090,856.9807708740234,881.6729577636719,807.7361096191406,850.9852280911585,860.3938375305518,-9.408609439393217,-10.485102318852768,1.0764928794595505,42.74398513013903,856.9807708740234,887.3708643802566,826.5906773677901,0.07092362988550793,-0.0010898414208622142,-0.0010904357298644784,0.15628081749168898,15.780747855794345
2023-01-25,852.2015435388557,855.616985476424,827.512789445121,834.6364135742188,14918485,854.8509979248047,880.535126953125,808.2787515258789,848.4700258577832,858.485880200453,-10.015854342669854,-10.391252723616185,0.37539838094633105,35.79129379558498,854.8509979248047,885.2357032121926,824.4662926374168,0.07108772256486412,-0.01774337776684043,-0.0179026786643758,0.16641922501990677,15.627400552111535
2023-01-27,818.876621159135,822.6335834514962,793.4559271893047,797.4569091796875,39718683,850.4182403564453,878.5327014160156,808.607607421875,840.621854061153,853.9652156803963,-13.343361619243296,-10.981674502741608,-2.361687116501688,24.99437494034433,850.4182403564453,886.863396244455,813.9730844684356,0.08571113402443965,-0.04454574925064081,-0.04556839635456777,0.21712689282131842,17.268901968146263
2023-01-30,780.6724821645415,806.2882979855656,776.7691197537189,803.604736328125,36301441,847.1321014404297,876.6424987792968,808.9414971923828,834.9269128714565,850.2348098024503,-15.30789693099382,-11.846918988392051,-3.460977942601769,28.818167630980852,847.1321014404297,887.9839619720065,806.2802409088529,0.09644743827347332,0.007709290718618922,0.007679725988441435,0.2153026423544859,18.230801140402328
2023-01-31,806.0442748819686,818.0471014456981,794.4317487924883,811.8017578125,27291226,843.6898193359375,874.8957434082031,809.295758972168,831.3691967085401,847.3879170624539,-16.01872035391375,-12.681279261496393,-3.3374410924173574,33.673372163998025,843.6898193359375,884.251989280416,803.127649391459,0.09615422401660521,0.010200315047705244,0.010148642918431776,0.2125891439434901,18.39808540950139
2023-02-01,823.0727675844201,854.0557066947356,803.2632152779729,827.4640502929688,39237711,841.084326171875,873.4173449707031,809.7360919189454,830.7684049522984,845.912075079529,-15.143670127230621,-13.173757434643239,-1.969912692587382,41.83676770351935,841.084326171875,878.51485470435,803.6537976394,0.08900541210377072,0.019293247803100044,0.019109492823286164,0.22802476671035832,20.910874154713806
2023-02-02,808.3863483354639,839.8083668980825,806.1418673862072,837.1736450195312,16798190,839.0740936279296,872.0599499511719,810.2465560913085,831.7538265011035,845.2647839639736,-13.510957462870124,-13.241197440288618,-0.2697600225815062,46.253147507419904,839.0740936279296,872.3897504671777,805.7584367886816,0.0794105242725351,0.01173415899231478,0.011665847613770554,0.2339187190734175,22.311904909390332
2023-02-03,843.7605304527782,851.5672546221281,831.5136842636476,842.9310302734375,14914366,838.3251312255859,870.5952111816406,810.7445816040039,833.4733963122319,845.0919133202302,-11.61851700799832,-12.916661353830559,1.2981443458322381,48.7386641347873,838.3251312255859,870.5122058409929,806.1380566101789,0.07678900086974912,0.006877169734329058,0.006853629866039089,0.2235632037200126,22.58723213016294
2023-02-06,840.6866790648273,846.8344629485416,829.1229917492834,833.0751342773438,8463833,837.5249450683593,869.100224609375,811.245466003418,833.4121252299414,844.2017815392757,-10.789656309334305,-12.491260344931309,1.7016040355970041,44.90987875209783,837.5249450683593,869.3803777258873,805.6695124108313,0.07607040923402694,-0.011692410935324804,-0.01176130472158391,0.22440557503825032,22.709207884746913
2023-02-07,834.3437126381102,835.3195532376869,826.7321678735284,832.1480712890625,9337066,836.5198303222656,867.4481262207031,811.7087344360351,833.217655392883,843.308914113334,-10.091258720451037,-12.011260020035255,1.920001299584218,44.555322775799006,836.5198303222656,867.6799209656642,805.3597396788671,0.07449934720948405,-0.0011128203809437354,-0.0011134400252884168,0.223749286982465,22.636016422810297
2023-02-08,831.9040805956793,839.9059851305341,831.3186000816627,838.3446044921875,8082983,836.4100463867187,865.7374768066406,812.2742819213868,834.006416792776,842.9411874747307,-8.93477068195466,-11.395962152419138,2.4611914704644775,47.536737835106486,836.4100463867187,867.5259355126158,805.2941572608216,0.07440343228854636,0.007446431010200039,0.007418843211914147,0.2204859703504561,22.31886904875731
2023-02-09,837.7591186687812,844.0045220614238,831.0257949973566,840.0035400390625,6299265,836.1416900634765,863.9399768066406,812.8260562133789,834.9290511383585,842.7235839609774,-7.794532822618862,-10.675676286459083,2.881143463840221,48.33768135190565,836.1416900634765,867.0238883860743,805.2594917408787,0.07386833760257387,0.0019788229541715108,0.0019768676630545876,0.2195786722178456,22.649962033737236
2023-02-10,834.8803764054466,841.076999677084,831.4161543411412,833.221435546875,8656405,835.8098999023438,862.2546984863282,813.3364022827149,834.6663410473611,842.0197211154883,-7.353380068127194,-10.011217042792707,2.6578369746655124,45.293292402822786,835.8098999023438,866.666594860971,804.9532049437165,0.07383663429263655,-0.008073899893174419,-0.008106670332273516,0.22023699021022677,22.576774833673515
2023-02-13,832.7823162892795,838.5397395704434,828.8301145694747,830.0987548828125,9394365,834.6974395751953,860.6943298339844,813.9138293457031,833.9636354835844,841.1366865797345,-7.173051096150061,-9.443583853464178,2.2705327573141165,43.92165046685741,834.6974395751953,864.6342240307179,804.7606551196727,0.07173086446930609,-0.0037477200307658443,-0.00375476032902945,0.21301880099201234,21.96687440208282
2023-02-14,833.2703498541101,846.3465787492145,831.5137890461918,844.3948974609375,13402934,834.6998779296875,859.3613330078125,814.5120529174804,835.5684450185619,841.3780355338977,-5.809590515335799,-8.716785185838502,2.9071946705027027,51.20685363269296,834.6998779296875,864.6399791433737,804.7597767160014,0.07173860211396414,0.017222219036026942,0.017075597658003688,0.22032694625286742,22.172502676290055
2023-02-15,845.4683000864001,852.1527842173793,839.8083770889955,849.761962890625,12070288,834.9755493164063,858.349384765625,815.1557849121094,837.7520631527254,841.9990671899516,-4.247004037226134,-7.8228289561160285,3.5758249188898947,53.64172708545673,834.9755493164063,865.3837045332259,804.5673940995866,0.07283603751442726,0.006356108315938469,0.006335993449329376,0.22143938595557008,21.046803468938688
2023-02-16,854.787605159296,856.5928864866202,843.9557385135968,848.4446411132812,10715685,834.973110961914,857.3208483886718,815.8040859985351,839.3970751466571,842.4765171101983,-3.0794419635411714,-6.874151557601058,3.7947095940598867,52.94338384910903,834.973110961914,865.3767096013007,804.5695123225273,0.07282533590659188,-0.0015502244568145196,-0.0015514272980244053,0.2208539212296123,19.007993582375068
2023-02-17,846.5904820244143,846.5904820244143,834.4900945865224,841.8088989257812,9990618,834.8023376464844,855.9693090820313,816.5004470825195,839.7681249588301,842.4270639113525,-2.658938952522476,-6.031109036585342,3.3721700840628657,49.45098796286292,834.8023376464844,865.001172970807,804.6035023221617,0.07234966641195734,-0.00782106676847294,-0.00785181172164382,0.22223850473286952,17.89623417486879
2023-02-20,841.8088986592531,845.6146411781135,829.7084516646102,831.5137329101562,9013430,833.9118835449219,854.4509008789063,817.123264465332,838.4982184898033,841.618669022375,-3.120450532571681,-5.44897733578261,2.328526803210929,44.54181620414105,833.9118835449219,863.348589421451,804.4751776683928,0.07059907996848541,-0.012229813712782645,-0.01230521326345368,0.22543183228705063,17.345579664889758
2023-02-21,833.7582903972411,838.6862738575413,826.3906457068396,833.5631103515625,11704445,833.0580261230468,852.965673828125,817.8026470947266,837.7389710839201,841.0219609726852,-3.282989888765087,-5.015779846379106,1.7327899576140187,45.697467001314074,833.0580261230468,861.4228301315172,804.6932221145764,0.06809802707376059,0.0024646345096837052,0.0024616022792551093,0.22559015601658713,14.595803717313979
2023-02-22,830.6842687366475,833.4653904817538,814.5828996510032,818.9741821289062,13880984,831.5210754394532,851.1369470214844,818.4522512817383,834.8520804754564,839.3887921694424,-4.536711693985922,-4.91996621590047,0.383254521914548,39.40278220102157,831.5210754394532,859.4132952268161,803.6288556520902,0.06708722270838917,-0.01750188802921382,-0.017656856898800033,0.23315312237001115,13.546783087934264
2023-02-23,816.3394563163132,824.048621015575,813.4119344650369,819.462158203125,11743574,830.7623626708985,849.5365686035157,819.0996878051758,832.4844001258671,837.9127452089745,-5.428345083107388,-5.021641989341854,-0.40670309376553426,39.70197063719659,830.7623626708985,859.1194276741055,802.4052976676915,0.0682675727196864,0.0005958381654356248,0.0005956607243565427,0.22541375596629587,12.8741485302241
2023-02-24,823.560652457791,825.1707536453126,815.3635679302187,819.413330078125,8246139,831.8601837158203,848.1879565429688,819.7328146362305,830.4734662723682,836.5424181622449,-6.068951889876644,-5.231103969448812,-0.8378479204278317,39.68085863695034,831.8601837158203,856.2043302366649,807.5160371949758,0.05852941875905674,-5.958557635787898e-05,-5.958735164885544e-05,0.15539657448986058,12.309556709926653
2023-02-27,813.4119068231814,837.5639612754622,813.4119068231814,835.7098999023438,14422574,833.4654418945313,847.2979895019531,820.5366662597656,831.2790714462105,836.480750142993,-5.201678696782437,-5.225218914915538,0.023540218133100588,49.35971971905652,833.4654418945313,853.8818486762618,813.0490351128008,0.04899160962288361,0.019888094598930817,0.019692910099949452,0.16749270395032717,13.421318787649673
2023-02-28,834.2461663394178,837.2712484244097,829.4645234973756,834.1973266601562,19600146,834.5852203369141,846.2909216308594,821.4224392700195,831.7280337868176,836.3116076627829,-4.583573875965271,-5.096889907125485,0.5133160311602136,48.580542297714835,834.5852203369141,852.2730590672827,816.8973816065454,0.042387136266870934,-0.001809926198510059,-0.0018115660939573082,0.16511526137764315,13.365557350375582
2023-03-01,843.1262893169088,843.1262893169088,831.269802049156,835.6123046875,11015843,834.9926330566407,845.2487231445313,822.2878839111328,832.3256139253842,836.2598074423915,-3.9341935170073157,-4.8643506291018515,0.9301571120945358,49.38546995324204,834.9926330566407,852.3623430624269,817.6229230508544,0.041604462885382144,0.0016962150106722973,0.001694778062676779,0.15105769300903016,13.285397364924547
2023-03-02,832.3920183025423,841.0281836482711,830.5378973683739,833.3678588867188,12327141,834.80234375,844.5022045898437,823.0111538696289,832.4859593040511,836.0455890308602,-3.559629726809135,-4.603406448643309,1.043776721834174,48.09926001217559,834.80234375,852.1548275674817,817.4498599325183,0.0415726763284658,-0.002685989409431433,-0.002689603151417518,0.1454437763962232,13.344643146635576
2023-03-03,836.0514379926584,851.9088478174389,829.3181139966719,847.5663452148438,12823098,835.0341094970703,844.0708825683594,823.8182693481446,834.8060186749423,836.8989783778219,-2.092959702879625,-4.101317099490572,2.008357396610947,55.92036734757099,835.0341094970703,852.958137363765,817.1100816303756,0.04293004959399826,0.017037477719734184,0.016893967635941844,0.1560730085505347,14.264722348049743
2023-03-06,850.6890680812614,855.6658314634678,844.443664233259,846.7857055664062,13904231,835.7196380615235,843.8532702636719,824.7041754150391,836.6490474274751,837.6313285399392,-0.9822811124640793,-3.4775099020852736,2.495228789621194,55.42582881796906,835.7196380615235,854.3625405862769,817.0767355367701,0.04461520748272981,-0.0009210366278047388,-0.0009214610426607147,0.14962759050399962,13.905746874035945
2023-03-08,845.7122342431666,852.5431180750855,840.686631599737,851.030517578125,16144568,836.6637603759766,843.4414636230468,825.5179412841796,838.8615812968059,838.6238610612863,0.23772023551953225,-2.734463874564313,2.972184110083845,57.62054336117419,836.6637603759766,856.4241099497498,816.9034108022034,0.047236059477210636,0.005012852701474779,0.005000330186949957,0.15013619994639602,13.870895398819139
2023-03-09,846.2489584201631,848.7861200905347,833.5142508305153,835.270751953125,10624440,836.5100677490234,842.5690625,826.2456329345703,838.3091460131627,838.37548260883,-0.06633659566728056,-2.2008384187849064,2.134501823117626,48.14285211397854,836.5100677490234,856.2631862483,816.7569492497468,0.047227449521153,-0.018518449455666275,-0.018692062646230096,0.16342902770505932,14.219403882718163
2023-03-10,824.2925755972103,824.9268362576815,816.0467105264111,822.2921142578125,17273189,835.6244964599609,841.4702673339843,826.9224969482422,835.8449872815704,837.1841219902361,-1.3391347086657106,-2.0284976767610674,0.6893629680953568,42.013949084606686,835.6244964599609,856.2853832412426,814.9636096786793,0.049450170187229824,-0.0155382403429839,-0.015660224057529176,0.17202868627720505,14.595796375572101
2023-03-13,821.1211220704034,834.6364911699224,804.0439107949028,808.3864135742188,16413159,834.3827453613281,839.9157543945313,827.504612121582,831.6205913265933,835.0509584038645,-3.430367077271171,-2.308871556863088,-1.1214955204080832,36.6328596730384,834.3827453613281,858.3693323764737,810.3961583461826,0.057495405192633076,-0.016910901177916382,-0.017055523245568176,0.1795379875484375,15.64482429425183
2023-03-14,807.0201425209714,814.2901665996912,798.4815376273094,810.2891845703125,15456802,833.3922668457031,838.7349877929687,828.0227621459961,828.3388364410116,833.2167529347124,-4.877916493700809,-2.822680544230632,-2.055235949470177,37.806672433493695,833.3922668457031,859.6519771795729,807.1325565118334,0.06301884809481093,0.002353788935764989,0.0023510231138450387,0.17980893441363027,15.895752924371834
2023-03-15,816.2418837869195,823.5606883048955,802.3361552027651,805.94677734375,12914488,831.4698608398437,837.2409753417969,828.4643936157227,824.8939042722021,831.1967547427893,-6.3028504705871455,-3.518714529501935,-2.7841359410852107,36.160418320018984,831.4698608398437,859.8794698662513,803.0602518134361,0.0683358720849168,-0.005359083286870292,-0.005373494684688845,0.16659425996003577,16.0560616673412
2023-03-16,809.6549809174596,811.2163020979362,790.7236489111071,803.9951171875,14987868,829.1815185546875,835.7293994140625,828.8540710449219,821.678706259171,829.1818186275826,-7.503112368411621,-4.315594097283872,-3.1875182711277485,35.41403460263378,829.1815185546875,858.737115716125,799.62592139325,0.07128860569144055,-0.0024215744899214187,-0.002424511243429427,0.1634465388619429,16.76005928421913
2023-03-17,811.7041893648593,818.1447729834259,798.8719213661859,816.0466918945312,11104490,827.56162109375,834.5027673339844,829.2829089355469,820.8122425107649,828.2088462769863,-7.396603766221347,-4.931796031071367,-2.4648077351499795,43.20928913136453,827.56162109375,856.2092359001654,798.9140062873346,0.06923379256895254,0.014989611814048676,0.014878377775414208,0.17513502310913975,17.436178277229562
2023-03-20,816.7785827424584,817.5592433108602,805.0684955346812,816.2418823242188,14838651,826.2832702636719,833.6693994140625,829.7136923217773,820.1091101743732,827.3224045027073,-7.2132943283340865,-5.388095690523911,-1.8251986378101757,43.328593279440625,826.2832702636719,854.5330048884216,798.0335356389221,0.06837784484184242,0.00023919027137320192,0.0002391616699409408,0.17384505519111626,16.603227800365143
2023-03-21,822.6335934511657,833.8557599098707,818.7790113206246,831.8065185546875,18755854,826.2979095458984,833.3239526367188,830.2363641357422,821.9087114636524,827.6545610991503,-5.745849635497962,-5.459646479518721,-0.2862031559792406,51.989774457116205,826.2979095458984,854.5593577200193,798.0364613717775,0.06840498529072238,0.019068656690525376,0.018889128507225898,0.18342139998014617,17.30373870455213
2023-03-22,836.9297092178792,841.7112923918411,830.4403454439372,839.4180908203125,17431520,826.5906585693359,833.0673071289062,830.8235272216797,824.6024621339078,828.5259336710882,-3.923471537180376,-5.152411491051053,1.2289399538706771,55.56618080686259,826.5906585693359,855.2869333152084,797.8943838234634,0.06943285518261258,0.00915065234022272,0.00910903878921211,0.18608981425904736,17.2619143959915
2023-03-23,836.2953779024698,846.4929238858591,832.1968355502246,834.7828369140625,17920621,827.3810913085938,832.952158203125,831.3756311035156,826.168673638547,828.9894079853825,-2.8207343468354793,-4.686076062207938,1.865341715372459,52.9780119620507,827.3810913085938,856.0649113204281,798.6972712967595,0.06933641658759136,-0.005521984761753473,-0.005537287279119149,0.1753396109795049,17.533757399972735
2023-03-24,831.9040787866177,839.2228829988167,828.6350367294012,831.8065185546875,17295696,827.9983093261719,832.6808752441407,831.9686294555664,827.0360343948763,829.1980828423681,-2.1620484474917703,-4.1812705392647045,2.019222091772934,51.32490575709648,827.9983093261719,856.49530090477,799.5013177475738,0.06883345354120124,-0.0035653803932739203,-0.003571751510092929,0.17609186778829441,16.67640828916191
2023-03-27,834.2949265553112,835.7099073266975,823.6582402717402,828.1959228515625,17047675,828.4374389648438,832.4476489257812,832.5714627075196,827.214478772828,829.123848768975,-1.9093699961470065,-3.7268904306411654,1.817520434494159,49.31458817625149,828.4374389648438,856.6466330559108,800.2282448737767,0.0681021710614992,-0.004340667718496172,-0.004350115767089708,0.17702428207465717,16.735658276643942
2023-03-28,834.8803919931624,838.1494936556207,827.7079875914543,834.0997314453125,24469018,828.3569305419921,832.0826843261718,833.1880523681641,828.2737484147488,829.4924326709258,-1.2186842561770845,-3.2252491957483493,2.006564939571265,52.58491484711864,828.3569305419921,856.487815365184,800.2260457188003,0.0679197186285045,0.007128516853140976,0.0071032290819605754,0.16388402503304236,16.634588247273793
2023-03-29,836.344192498566,841.2721757235752,827.5128467887045,830.4403686523438,34881515,828.1690826416016,831.8045690917969,833.8481838989258,828.607074605148,829.5626501510309,-0.9555755458828799,-2.771314465775256,1.8157389198923761,50.41364338554398,828.1690826416016,856.1856998359269,800.1524654472762,0.0676591719772032,-0.004387200540908798,-0.004396852545734243,0.16450614514043924,16.366235546363864
2023-03-31,841.1258033201476,859.7155545338773,837.7591413931142,856.05615234375,25739021,829.191275024414,832.0407214355469,834.791597290039,832.830009641856,831.525131794936,1.3048778469200215,-1.9560760032362003,3.2609538501562216,62.18453285315798,829.191275024414,859.7296410307891,798.6529090180389,0.07365819425795563,0.03084602417988913,0.030379847790303754,0.19802847861443157,17.084174435993834
2023-04-03,858.9349345674241,865.6681991790865,847.8591076789055,862.4479370117188,26416933,830.6452789306641,832.3198120117188,835.7790951538086,837.3866138526041,833.8157099591422,3.5709038934619457,-0.8506800238965712,4.421583917358517,64.45210023314591,830.6452789306641,864.5990872085146,796.6914706528136,0.08175284718781795,0.007466548368899595,0.0074388116759680385,0.19860809425704315,16.171068087791078
2023-04-05,865.1802578730985,866.3024983947739,852.8846900557955,863.2285766601562,21068934,831.4283905029297,832.6798962402344,836.7620083618164,841.3623004383815,835.994440825884,5.367859612497455,0.39302790338223415,4.974831709115221,64.73026751680547,831.4283905029297,867.6707726157215,795.1860083901379,0.08718100687148497,0.0009051440845719849,0.0009047346886879506,0.19026210044296354,16.00029518540512
2023-04-06,860.6914189453125,868.5957040705766,851.6161131746726,853.8605346679688,26042745,831.7821319580078,832.7706506347656,837.7405197143555,843.2851057044718,837.317855184557,5.967250519914842,1.5078724266887558,4.459378093226086,58.78537132541977,831.7821319580078,868.7857592234161,794.7785046925994,0.0889743259531246,-0.01085233070994085,-0.010911646786342391,0.19479278732868033,15.69708502781752
2023-04-10,858.7884767219354,861.4720382738286,843.5166076266008,847.46875,30906205,831.6040435791016,832.7072204589844,838.6465737915039,843.9287432883992,838.0697733190342,5.858969969365035,2.3780919352240115,3.480878034141023,55.069136647141,831.6040435791016,868.2501760625902,794.957911095613,0.08813360821520067,-0.007485747857469804,-0.007513906682552861,0.19599009028364497,15.515854846417426
2023-04-11,852.5919065557086,864.2043734475606,844.1020817977652,860.5938110351562,39504022,832.8701965332032,832.9248327636719,839.6226184082032,846.4925998648234,839.7382205572654,6.754379307557997,3.2533494096908084,3.5010298978671885,60.57994124935976,832.8701965332032,871.7325971803447,794.0077958860617,0.09332162636844267,0.015487368749769637,0.0153686635067537,0.19079396511175165,15.575100563028522
2023-04-12,862.1063873379366,870.4498125302297,859.0324656331312,868.64453125,22686032,835.1878173828125,833.6049951171875,840.5896884155273,849.9005893086968,841.8794287567273,8.021160551969501,4.206911638146547,3.8142489138229543,63.5343607776664,835.1878173828125,876.8236805830405,793.5519541825844,0.09970419188033743,0.009354843262421308,0.009311357706192949,0.18143333017046745,15.498429071665628
2023-04-13,869.571475609275,879.8666408865384,865.0826329792434,877.2806396484375,34439635,838.6325286865234,835.2014697265626,841.6460147094726,854.11290474558,844.5017406746317,9.611164070948234,5.287762124706885,4.32340194624135,66.44001967424305,838.6325286865234,882.283076321333,794.9819810517138,0.1040993430177951,0.0099420511932653,0.009892954150983617,0.16720712739447238,15.296295523211565
2023-04-17,895.1385344204618,895.1385344204618,871.5720206158405,879.5250854492188,29957514,842.0943237304688,836.7198767089844,842.6526940917969,858.0224710076783,847.0960625097863,10.926408497891998,6.415491399343908,4.51091709854809,67.17213444014713,842.0943237304688,887.236635569372,796.9520118915656,0.1072143833933549,0.002558412552772893,0.0025551453866971543,0.1671795495196315,16.17455029869138
2023-04-18,886.0144835702572,886.0144835702572,872.4990555408676,875.1826171875,26699379,845.5561157226563,837.9874938964844,843.5683050537109,860.6624934968817,849.1765480414688,11.485945455412889,7.4295822105577045,4.056363244855184,64.25165597760932,845.5561157226563,889.6330687395138,801.4791627057988,0.10425553596566924,-0.004937287558433701,-0.004949516230235097,0.16686741957947232,16.118788848245313
2023-04-19,874.2556575010774,875.2314981458779,865.8146120993179,870.352294921875,24377956,848.873974609375,838.8452587890625,844.4408486938477,862.1532321776498,850.7451218844619,11.40811029318786,8.225287827083736,3.182822466104124,61.070948976094,848.873974609375,889.6443576710651,808.1035915476848,0.0960575639757395,-0.005519216413538697,-0.005534503563120191,0.1688436691511652,16.035148832327074
2023-04-20,870.6937889701342,877.573453395635,867.717487005693,872.7918701171875,16999919,851.7112335205078,839.5576232910156,845.3597836303711,863.7899457068095,852.3782143461453,11.411731360664135,8.862576533799817,2.549154826864317,62.09164646753237,851.7112335205078,890.7227004278342,812.6997666131814,0.09160726164447627,0.002802974392721591,0.0027990533852785427,0.16381516927324077,15.87831307054027
2023-04-21,872.9381803026192,878.9396237033103,861.0817529732831,864.2532348632812,29578071,854.1118011474609,839.9840673828126,846.2726437377929,863.8612209616513,853.2578454955628,10.603375466088437,9.210736320257542,1.3926391458308949,56.507131860295694,854.1118011474609,889.6911314524112,818.5324708425106,0.08331305165705723,-0.009783128769015437,-0.009831297994565488,0.17013490275636892,16.40805340381604
2023-04-24,883.135744818471,884.5995057214851,873.3773387983774,882.8917846679688,30881665,856.666064453125,840.980400390625,847.2571133422852,866.7889999933924,855.4529521009263,11.336047892466127,9.63579863469926,1.7002492577668669,64.09782383671063,856.666064453125,892.8330692989508,820.4990596072993,0.08443664654538152,0.021566074679067793,0.02133681715725633,0.17347780325305054,16.878549255482692
2023-04-25,884.4043078093315,893.8699733695756,881.2816060339152,891.381591796875,41383839,859.2642395019532,842.1650708007812,848.3000375366211,870.5724756554666,858.1143328191447,12.45814283632194,10.200267475023796,2.2578753612981437,66.92908493137932,859.2642395019532,897.614187996641,820.9142910072653,0.08926229378966417,0.009615909080068041,0.009569970485797462,0.17370285231689503,15.686633645063191
2023-04-26,889.429955738027,894.7970792127569,883.8676522248263,892.8453979492188,30371555,862.167367553711,843.2550866699219,849.2717095947265,873.9990790852746,860.6870043102613,13.312074775013343,10.822628935021706,2.489445839991637,67.40635316645862,862.167367553711,901.4924772250046,822.8422578824174,0.09122384156773074,0.0016421767801968468,0.0016408298822695245,0.1708440793539997,15.195229037045303
2023-04-27,887.5270423599347,897.6758086146725,886.599981860416,896.1632080078125,25835108,865.3852020263672,844.3782800292969,850.2631228637696,877.4089450733574,863.3148712508206,14.094073822536757,11.476917912524717,2.6171559100120394,68.51544254586071,865.3852020263672,904.7821082180236,825.9882958347108,0.09105056592002142,0.0037159961469415137,0.003709108889999892,0.1688374471110873,15.027944638136594
2023-04-28,892.9917223591818,898.2125053822566,888.2589192038619,895.4801635742188,20381002,868.7494140625,845.6234545898437,851.2195950317383,880.1891325350284,865.6974854969983,14.491647038030123,12.0798637376258,2.4117833004043234,68.00241574628151,868.7494140625,906.2190025887367,831.2798255362634,0.08626098140548727,-0.000762187542950099,-0.0007624781555523331,0.16702091930326526,14.526087158314501
2023-05-02,901.6766917183744,903.433192842073,896.504748580591,899.8225708007812,17515017,872.0355560302735,847.0179309082031,852.1199353027343,883.2096614989904,868.2252695935748,14.984391905415578,12.660769371183756,2.3236225342318217,69.56276924038298,872.0355560302735,908.2158757434711,835.8552363170759,0.08297900117261175,0.004849250048410081,0.004837530308090408,0.16664390828845166,13.81162991693068
2023-05-03,897.3342422175527,901.5303450275906,889.5275171530784,900.5545043945312,18715142,875.5412628173829,848.141123046875,852.9574890136719,885.8780988675351,870.6200277269791,15.258071140556012,13.180229725058208,2.0778414154978044,69.82982957274712,875.5412628173829,908.1641317427013,842.9183938920644,0.07452046022443794,0.0008134199091034411,0.0008130892624200927,0.1642390068966968,13.233096790124737
2023-05-04,897.773371044411,901.5791732893766,889.7714660425504,899.4323120117188,20485002,877.7100708007813,849.1345300292969,853.7225003051758,887.9633624281787,872.7542710073301,15.209091420848608,13.586002064216288,1.6230893566323203,68.83263713525321,877.7100708007813,910.644561217915,844.7755803836476,0.07504639974584278,-0.0012461126753976481,-0.001246889719387529,0.13111967607688169,13.26097967224815
2023-05-05,902.6525189158281,919.6809486172212,901.1399779584096,904.555419921875,19002035,879.8154449462891,850.2567456054687,854.5596881103515,890.5159866579781,875.1099116676668,15.406074990311367,13.950016649435305,1.4560583408760621,70.87729468497788,879.8154449462891,914.0016876893295,845.6292022032486,0.07771230418699333,0.005695934915544321,0.005679774415328269,0.13037989994604496,13.65131029354868
2023-05-08,904.6042195927597,918.9490880615251,904.6042195927597,915.2409057617188,18623913,882.4160614013672,851.7253857421875,855.4827990722656,894.319820366246,878.0825778968558,16.23724246939014,14.407461813426274,1.8297806559638659,74.61753698867679,882.4160614013672,919.1108082553627,845.7213145473717,0.08316880995053627,0.011812969779968485,0.011743741314957902,0.13438856698736035,12.996107031765023
2023-05-09,918.2660247654843,922.1693872512037,909.2882791362127,911.8255004882812,21507610,885.3143096923828,853.33162109375,856.3927133178711,897.0130019234821,880.5820536443688,16.430948279113295,14.812159106563678,1.6187891725496169,71.4585009634244,885.3143096923828,921.667536607666,848.9610827770997,0.08212501823880981,-0.0037317008581417843,-0.003738681024461814,0.12684457432409038,12.950798466450838
2023-05-10,912.0205661468576,918.2659695728609,905.8240023974581,913.435546875,25910923,888.6126495361328,854.9290698242188,857.3164974975585,899.5395473006387,883.0156457355266,16.523901565112055,15.154507598273353,1.369393966838702,72.05903265898101,888.6126495361328,922.3869248191304,854.8383742531353,0.07601574274376618,0.0017657395914640883,0.0017641825059805261,0.12048345448897431,13.1668756899396
2023-05-11,917.3389010960858,924.1210048601322,911.2886777477154,916.5094604492188,20027372,891.4084320068359,856.879775390625,858.1547689819336,902.150303169651,885.496669047652,16.653634121999062,15.454332903018496,1.1993012189805654,73.21766472809286,891.4084320068359,924.6703327419738,858.1465312716981,0.07462774535406852,0.0033652221929998394,0.003359572504219612,0.11226715344649119,13.37947288440208
2023-05-12,917.0461850344827,925.0968698193026,912.5085025133513,921.095947265625,13873480,894.0310028076171,858.912451171875,858.9740197753906,905.0650176459548,888.1336526193537,16.931365026601043,15.749739327735007,1.1816256988660356,74.89072454421071,894.0310028076171,927.9993395343665,860.0626660808678,0.07598916954798018,0.0050042983889748704,0.004991818505847814,0.11013329166988624,13.003079782682367
2023-05-15,920.9495639221207,926.0727270591709,915.5336605179272,922.9012451171875,10453762,896.3120330810547,860.9822094726562,859.7904147338867,907.809052641529,890.7090298414155,17.100022800113493,16.019796022210706,1.0802267779027872,75.53846370512463,896.3120330810547,931.643938351819,860.9801278102904,0.07883840440992763,0.0019599454941927608,0.00195802730697532,0.10702092650512007,12.302565188613787
2023-05-16,927.048597490951,929.1954587867314,920.2177130883861,923.4867553710938,19612293,898.5101165771484,862.7377465820313,860.5956716918945,910.2210069076159,893.1370095102804,17.08399739733545,16.232636297235654,0.8513611000997976,75.75689982455647,898.5101165771484,934.898848978456,862.1213841758408,0.08099793587172856,0.0006344235171467094,0.0006342223556237257,0.10723885822220236,12.044663643091278
2023-05-17,924.4138288097396,925.4872892529361,913.1916614199989,916.6558837890625,19273344,900.5837799072266,864.3869177246094,861.2986306762696,911.2109879663001,894.8791483457458,16.33183962055432,16.252476961899387,0.07936265865493297,68.11486642092612,900.5837799072266,936.0914049303885,865.0761548840646,0.07885468473975793,-0.007396826800495138,-0.00742431897766551,0.10981449365660305,12.142249417734604
2023-05-18,925.0480984422347,929.2442010636689,919.3393952590775,923.6331176757812,21550141,903.2478210449219,866.147333984375,862.0323529052735,913.1220848446818,897.0090719998225,16.113012844859327,16.224584138491373,-0.11157129363204632,71.29955659624262,903.2478210449219,937.1645807545826,869.3310613352612,0.07509956607572907,0.007611617412935701,0.007582795216408458,0.10721075276305582,12.250284454902458
2023-05-19,928.4635071511756,932.9035697604087,918.8514419565217,931.24462890625,15427412,906.170458984375,868.1048693847656,862.8264434814453,915.9101685464615,899.5450391780764,16.365129368385055,16.25269318447011,0.11243618391494437,74.31363093870506,906.170458984375,939.0964249070562,873.2444930616939,0.07267057890980946,0.008240838364070635,0.008207068059161944,0.10880612789673452,12.543037428151901
2023-05-22,928.0731760048811,931.1958777874927,923.291592877035,927.3900756835938,15509525,909.3273010253906,869.7013439941406,863.5808905029297,917.6763081060203,901.6076344747814,16.06867363123888,16.215889273823866,-0.14721564258498532,70.28799631818042,909.3273010253906,937.0229087832912,881.63169326749,0.060914497401914576,-0.004139141427514481,-0.004147731384952822,0.10142040432052844,12.54303791110624
2023-05-23,929.0002544091722,935.6847387180298,922.1693701855753,930.366455078125,16579935,911.7010345458984,871.372958984375,864.281833190918,919.628638409421,903.7379174824365,15.8907209269845,16.150855604455995,-0.26013467747149477,71.56873628602904,911.7010345458984,937.9572179169625,885.4448511748344,0.05759823094670886,0.003209414757147755,0.0032042755785074077,0.07589247201802189,12.651076529530696
2023-05-24,923.828323327991,930.8055479979184,915.8264183625203,917.9244995117188,18049620,913.0281799316406,872.7108386230469,864.9011660766602,919.3664631943899,904.7887754105316,14.577687783858323,15.836222040336462,-1.2585342564781392,59.937795868821816,913.0281799316406,937.5883723696957,888.4679874935855,0.053799418195162235,-0.013373177309323192,-0.01346340355562991,0.09033543840248293,12.877606700142978
2023-05-25,914.3626159869317,918.8514587940115,910.4104735823489,917.1437377929688,19328582,914.2430969238281,874.3482983398437,865.4933142089844,919.0245054403251,905.7039578092307,13.320547631094428,15.333087158488055,-2.0125395273936277,59.28667276031815,914.2430969238281,936.93224184439,891.5539520032663,0.049634818128579686,-0.0008505729165800835,-0.0008509348589767808,0.09070997746232122,12.034203029154412
2023-05-26,917.0950028696642,929.439410538322,912.9476802341859,927.731689453125,10957182,915.8215209960938,876.45708984375,866.1658053588867,920.3640722115251,907.3356416347043,13.028430576820824,14.87215584215461,-1.8437252653337861,64.86141432976356,915.8215209960938,937.5883158716904,894.0547261204972,0.047535015014545455,0.011544484494475427,0.011478355397603904,0.09741640885445389,12.184064612331984
2023-05-29,930.8055912909057,934.4649937720943,923.9259265383885,925.2433471679688,12108079,917.3096801757813,878.794228515625,866.791661682129,921.1147298971318,908.662138340872,12.45259155625979,14.388242984975648,-1.9356514287158575,62.68890485233137,917.3096801757813,937.2106248122295,897.4087355393331,0.04338980622691057,-0.0026821788168334137,-0.0026857823033418758,0.09830753453904466,12.016775977954476
2023-05-30,922.5109142673763,929.2930185471208,921.8278734759396,926.9998168945312,18483624,918.6685424804688,881.1284411621094,867.4483679199219,922.0201278967318,910.0204849004024,11.999642996329385,13.910522987246395,-1.9108799909170102,63.615327093616685,918.6685424804688,937.2066722210981,900.1304127398395,0.04035869061234004,0.0018983867670476773,0.0018965871081614816,0.09759102342638093,11.661288684795798
2023-05-31,926.5606365918726,929.0002380573593,917.7780713161202,926.2191162109375,27254425,919.951773071289,883.5338879394532,868.0141116333008,922.6661260989173,911.2203835159976,11.445742582919706,13.417566906381058,-1.9718243234613517,62.86813863901329,919.951773071289,936.6746214859769,903.2289246566012,0.03635592409123379,-0.0008421799760534032,-0.0008425348088454721,0.09792342877792644,11.546277229711677
2023-06-01,931.1959059694744,931.1959059694744,910.2641128857094,913.484375,21650700,920.6543762207032,885.7236730957031,868.4978845214844,921.2535490067762,911.3880865888866,9.865462417889603,12.707146008682768,-2.8416835907931652,52.11528462421887,920.6543762207032,934.7163504225517,906.5924020188546,0.030547781154472153,-0.013749166895878795,-0.013844562103402269,0.1115540341793898,12.142236213841231
2023-06-02,920.2176662665535,921.827827046608,912.4597217491146,915.48486328125,12494376,921.2008483886718,887.7124365234375,868.9340850830079,920.3660588951568,911.6915515290617,8.6745073660951,11.900618280165235,-3.2261109140701354,53.46186624353068,921.2008483886718,933.347631771992,909.0540650053516,0.026371628737786958,0.002189953474847295,0.002187559021926063,0.11019870267476513,12.058596125001925
2023-06-05,920.2176729962289,928.8050582446286,920.2176729962289,923.8770751953125,10751684,921.6326568603515,889.8651403808594,869.3588195800781,920.9062152490269,912.594182911747,8.312032337279902,11.18290109158817,-2.870868754308267,58.707865434469326,921.6326568603515,933.4981109080072,909.7672028126958,0.02574877085644241,0.009166958680216108,0.009125197138031648,0.10698879740846745,12.368771072504305
2023-06-06,923.6330776996152,924.9016584985499,915.4359932809016,919.33935546875,11894330,922.008349609375,891.6157971191407,869.6891412353516,920.665159898215,913.0938253233768,7.571334574838261,10.460587788238188,-2.889253213399927,55.091676178656876,922.008349609375,933.0107776971724,911.0059215215776,0.023866222236401155,-0.00491160550293257,-0.00492370707894702,0.10768620336453952,12.166630885697957
2023-06-07,921.5350543493884,922.9988152614023,911.2399478470065,917.4853515625,16486469,922.21083984375,893.1771423339844,869.9865286254883,920.1759586157973,913.4191235633118,6.756835052485485,9.71983724108765,-2.9630021886021645,53.63794321677517,922.21083984375,932.6853530909576,911.7363265965424,0.022716092231104747,-0.0020166697914337783,-0.002018706008002477,0.10790178627891475,12.107384467111485
2023-06-08,913.9722653565424,927.5364732717563,912.6061242779729,915.2409057617188,17608140,922.147412109375,894.7863037109375,870.2531771850586,919.4167197151698,913.5540703928234,5.862649322346442,8.948399657339408,-3.085750334992966,51.85406731079159,922.147412109375,932.7814396619349,911.513384556815,0.023063617406321228,-0.0024463015098376006,-0.002449298594221885,0.10764320680532224,12.170114552104094
2023-06-09,918.6563698311431,921.1935315811797,913.581986770486,915.3872680664062,12253128,921.8619781494141,896.4579187011718,870.5115310668946,918.7968040768985,913.6898628130889,5.106941263809631,8.180107978633453,-3.073166714823822,51.96625463130027,921.8619781494141,932.9131185306736,910.8108377681546,0.02397569406961348,0.00015991669927140073,0.00015990391395908626,0.10598867388929174,12.14572232220972
2023-06-12,915.3385351627903,920.7056587698215,910.7520721683007,913.3380737304688,10520125,921.3838195800781,898.16076171875,870.8313629150391,917.956999408217,913.6638043625244,4.2931950456926415,7.402725392045291,-3.109530346352649,50.20246100351878,921.3838195800781,933.0557449709186,909.7118941892377,0.025335642199924756,-0.0022386091738703096,-0.0022411186051770923,0.1058544940229982,11.891309327143022
2023-06-13,913.2892496101983,923.3891760871558,911.5326888658717,920.75439453125,13528776,921.247201538086,899.8938549804687,871.276834411621,918.3873678886836,914.1890332639115,4.198334624772087,6.76184723859065,-2.5635126138185624,56.020382349517504,921.247201538086,932.8793828353356,909.6150202408363,0.025253116162152596,0.00812001712628696,0.008087227170960519,0.11016517513667962,11.668263440420585
2023-06-14,923.1940358059712,924.0723162159532,913.6308093399507,917.0950317382812,13489262,921.2691589355469,901.6269482421875,871.6471658325195,918.1885469424678,914.4042924101611,3.7842545323067043,6.166328697333861,-2.3820741650271566,52.745845603046774,921.2691589355469,932.8664541833305,909.6718636877633,0.025176779522682196,-0.003974309343189986,-0.003982227898055418,0.10781369925307749,11.811157845016291
2023-06-15,917.9732552476846,920.1688965759562,902.0182258592284,904.2138671875,19366819,920.2981964111328,902.5901025390625,871.9072271728515,916.0385962109344,913.6494460973714,2.389150113563005,5.41089298057969,-3.021742867016685,43.17824334050466,920.2981964111328,934.1036208390386,906.492771983227,0.03000206776834402,-0.014045615890390328,-0.014145189030211659,0.11483567203879283,11.929653588772835
2023-06-16,906.848667243868,915.0945323130579,904.6042457522844,911.6303100585938,11249387,919.31748046875,903.57375,872.2090060424805,915.3603983413436,913.4998804648694,1.860517876474205,4.700817959758593,-2.8403000832843883,48.92292637983697,919.31748046875,932.6265440723485,906.0084168651515,0.028954227209543167,0.008202089284653491,0.008168634956106459,0.11479422502649668,11.95405343819084
2023-06-19,910.9472166078564,911.386356797931,896.5047873782526,900.8472900390625,19351375,917.9903411865234,904.3261242675782,872.4641888427734,913.127612448685,912.5626515444393,0.5649609042457087,3.8736465486560165,-3.308685644410308,42.23683614152746,917.9903411865234,933.0839316284761,902.8967507445708,0.03288398529867718,-0.011828281596778178,-0.011898792284599653,0.12064409886018099,12.501223267416549
2023-06-20,898.7004270111945,906.1167918668598,892.6989833999372,903.1892700195312,15212286,916.6314819335937,905.3126989746094,872.8042694091797,911.5986366903537,911.8683269870387,-0.2696902966849848,3.0449791795878163,-3.314669476272801,44.02609375158073,916.6314819335937,931.9258000205364,901.337163846651,0.033370702159781766,0.0025997524845384756,0.002596378973645315,0.12035264845814754,12.658054819251081
2023-06-21,905.580003016445,905.9703630488731,897.7732788525101,902.3597412109375,9210553,915.8532440185547,906.4105187988281,872.9867514038086,910.1772681550589,911.1639872999201,-0.9867191448612402,2.238639514698005,-3.2253586595592454,43.51197473041317,915.8532440185547,932.4030056071449,899.3034824299646,0.03614064086506611,-0.0009184440472547184,-0.000918866075414642,0.1118096276957928,11.748432755865224
2023-06-22,902.0670994269971,912.9476866817438,898.4564771949641,903.3844604492188,27291569,915.1652801513671,907.2663317871094,873.2375430297851,909.1322208156989,910.58772605172,-1.4555052360210539,1.4998105645541935,-2.9553158005752476,44.376092845094675,915.1652801513671,932.6089560972713,897.721604205463,0.038121367416864824,0.0011355994638082567,0.0011349551584728856,0.1120271100555367,12.114368769385667
2023-06-23,903.6771633220311,909.3858664900742,896.797499098517,901.1887817382812,8767733,913.838134765625,907.917216796875,873.4868701171876,907.910153265327,909.8915079544282,-1.981354689101181,0.8035775138231185,-2.7849322029242995,42.863059604371294,913.838134765625,931.2950909273627,896.3811786038873,0.03820579487244741,-0.002430503077112567,-0.0024334615443979083,0.10227401368934344,12.062095371398422
2023-06-26,904.701816042341,909.2882788738549,900.8960733562135,905.0433959960938,11749040,912.8281372070312,908.4724719238282,873.7064343261719,907.469113685445,909.5323885501072,-2.063274864662162,0.23020703812606236,-2.2934819027882245,46.32311856654702,912.8281372070312,929.8383936874789,895.8178807265836,0.03726935178070588,0.0042772550390357544,0.0042681335843102585,0.1041113809526672,11.985419678540788
2023-06-27,907.5317710784503,917.2413971004926,899.920226200877,913.484375,13422726,912.1523651123047,909.1516577148437,873.9623486328124,908.3945385030689,909.8251282871363,-1.4305897840673651,-0.10195232631262313,-1.328637457754742,53.0308518065534,912.1523651123047,927.8123557398883,896.492374484721,0.034336348238609364,0.009326601399721968,0.009283377201615706,0.11009908185954463,12.3827270703422
2023-06-28,921.1935016587148,921.1935016587148,911.7278361808255,914.8017578125,25708001,911.5814971923828,909.9440405273438,874.261199645996,909.3802645506737,910.1937675112373,-0.8135029605635964,-0.2442624531628178,-0.5692405074007786,53.997075765763114,911.5814971923828,925.8532631896612,897.3097311951044,0.03131210109295681,0.0014421514462137353,0.001441112544532588,0.11036130964543965,11.992392533492616
2023-06-30,917.7781134297853,919.4370544145559,908.1661070389388,912.0206298828125,13843218,911.5083099365235,910.7774072265624,874.4358752441407,909.7864746017719,910.3290906498725,-0.5426160481005127,-0.30393317215035676,-0.23868287595015591,51.58451571158214,911.5083099365235,925.7539775203394,897.2626423527075,0.031257350983027204,-0.0030401427477990683,-0.003044773369311054,0.09944077201844707,12.253778430987138
2023-07-03,914.36260024857,922.9012051068142,913.874679970956,919.7785034179688,12350359,911.7229919433594,911.7171398925781,874.6373861694336,911.3237098042638,911.0290471512129,0.2946626530508638,-0.18421400711011265,0.47887666016097646,57.313816591702604,911.7229919433594,926.3454103461996,897.1005735405191,0.03207644982534052,0.00850624786431986,0.008470273598015915,0.10377080285252008,12.319991904021492
2023-07-04,924.3649684244667,928.3171107716475,919.2418054957484,921.8765869140625,14041699,911.6229675292968,912.8696069335938,874.8203561401367,912.9472293596175,911.8325686151277,1.114660744489811,0.07556094320987208,1.0390998012799388,58.73599310613358,911.6229675292968,925.9190507118162,897.3268843467774,0.031364025900455304,0.0022810747242918428,0.0022784770229601625,0.09868056463834593,12.121336050779714
2023-07-05,919.2906163148466,941.4422096300225,918.2659956069979,934.8552856445312,13817767,912.3987640380859,913.908876953125,875.054557800293,916.3176995572966,913.5379550617502,2.7797444955464243,0.6163976536771826,2.1633468418692416,66.23107636665569,912.3987640380859,929.8038826495838,894.993645426588,0.038152437941643975,0.01407856421857323,0.013980381673105847,0.1088710742951473,13.030957989852725
2023-07-06,931.6350338444386,940.6127792872743,930.9519335115064,936.2214965820312,16334427,913.3355712890625,914.8056750488281,875.2560690307618,919.3798221764865,915.2182173965857,4.161604779900813,1.3254390789219088,2.836165700978904,66.91238181142587,913.3355712890625,933.6647221898004,893.0064203883246,0.044516279754758165,0.0014614143584352757,0.0014603475317291838,0.10835116277429833,12.42454192264131
2023-07-07,929.9760462814668,931.9765075014357,920.998301288774,923.5355224609375,8593807,913.7503021240234,915.4194775390625,875.3965902709961,920.0191606817866,915.8343140680192,4.184846613767377,1.8973205858910025,2.2875260278763743,55.679079750153065,913.7503021240234,934.5754992042064,892.9251050438404,0.04558181164323464,-0.013550184617003413,-0.013642826194101666,0.11965969635320123,12.73472264890555
2023-07-10,923.1452024012996,929.8785263276142,918.6075198126201,925.4872436523438,12069184,914.2553009033203,916.0059582519531,875.5883432006835,920.8604042157185,916.5493458890803,4.311058326638204,2.380068134040443,1.9309901925977608,56.8785055635644,914.2553009033203,935.7274254146173,892.7831763920233,0.04697183486949806,0.002113314695471047,0.0021110847870827896,0.11979160114546972,12.459400065666468
2023-07-11,925.4872675187265,929.6833702711881,919.1443034908751,922.12060546875,16977595,914.6944274902344,916.5387670898438,875.8115670776367,921.0542813315694,916.9620317838707,4.092249547698771,2.722504416772108,1.3697451309266624,54.15596552313341,914.6944274902344,936.4449879883707,892.943866992098,0.04755809119295975,-0.003637692692886496,-0.0036443251864848344,0.12032931864765305,12.253775659480068
2023-07-12,925.4872246023599,928.1707861820097,918.5099406710377,921.5838623046875,21511161,914.7359008789062,916.9739929199219,875.9464770507813,921.1357553274338,917.3043896002274,3.8313657272063892,2.944276678858965,0.8870890483474243,53.71452459583339,914.7359008789062,936.5382155802822,892.9335861775303,0.047669091549654125,-0.0005820747968099393,-0.0005822442681109863,0.11694318126726916,12.358330039094994
2023-07-13,924.8041153240754,936.0750619372393,919.436992216799,932.61083984375,23222286,915.5116912841797,917.6151196289062,876.1438409423828,922.9011529453287,918.4382007293772,4.462952215951532,3.2480117862774787,1.2149404296740531,60.78644218318417,915.5116912841797,938.7259352311127,892.2974473372468,0.05071315673614287,0.011965245909890676,0.011894228289300254,0.12315283744575097,12.51167719864218
2023-07-14,936.5630336523335,941.6861968997155,928.3659486322887,936.8557739257812,12871569,917.1437866210938,918.3635888671874,876.4202474975586,925.0480177115521,919.8024654105923,5.245552300959844,3.6475198892139518,1.598032411745892,63.122345672421105,917.1437866210938,941.5717027497582,892.7158704924294,0.05326954504846133,0.004551667105587631,0.004541339595268915,0.11030588022706324,12.563954404061437
2023-07-17,939.636950320126,950.2735772681716,929.8297045085224,945.2968139648438,16290763,918.8271118164063,919.1784167480469,876.8420547485351,928.1632171351354,921.6909356738702,6.472281461265197,4.212472203624201,2.2598092576409963,67.29440431886744,918.8271118164063,946.1264563656891,891.5277672671234,0.05942215722240819,0.009009967461364177,0.008969619877054111,0.11096331580301598,13.42478777849057
2023-07-18,954.3721096526649,964.0817355638042,947.687625346918,951.8837280273438,29709508,921.3789337158203,919.9112731933594,877.4002359008789,931.8125265031674,923.9274388111645,7.885087692002912,4.9469953012999435,2.938092390702969,70.13387097374897,921.3789337158203,951.0408444146225,891.717023017018,0.06438591032069504,0.00696809083156924,0.0069439258774381075,0.09975197823894787,13.529341399872342
2023-07-19,956.3238120497173,956.3238120497173,944.1745843620706,949.9320678710938,15994261,923.7160736083985,920.6734045410157,877.9901318359375,934.6001482520792,925.8537076304185,8.746440621660668,5.706884365372089,3.039556256288579,68.24334818166923,923.7160736083985,954.6807755568664,892.7513716599306,0.06704376557508109,-0.0020503136032113956,-0.0020524183735988175,0.1012170052934166,13.721024414855012
2023-07-20,952.4692630685562,974.0353773634586,948.614680554345,971.5469360351562,26487838,927.1754333496094,921.8356323242188,878.7029837036133,940.2842694494757,929.2383912159546,11.04587823352108,6.774683139001887,4.271195094519193,75.96932170351506,927.1754333496094,963.1482760675094,891.2025906317094,0.0775966261054627,0.02275411989459819,0.0224991060711257,0.12300690265122052,14.731720802961904
2023-07-21,971.2541449921898,977.2555885541523,964.9111810417447,972.9130859375,16903003,930.6518646240235,922.9637048339844,879.4499899291992,945.3040873707101,932.4735537879209,12.830533582789258,7.985853227759361,4.8446803550298965,76.36077698209758,930.6518646240235,970.2044324355908,891.0992968124561,0.08499970679701215,0.001406159447034927,0.0014051717306557442,0.12293497296779925,14.836280252133747
2023-07-24,980.6709603529139,984.3303623695843,966.1796926305509,968.0338134765625,21687719,933.9941162109375,923.9024621582031,880.0842861938477,948.800968310072,935.1076470981907,13.693321211881312,9.127346824583752,4.56597438729756,71.85846624511865,933.9941162109375,974.3526426844768,893.6355897373982,0.08642137198308551,-0.005015116490324378,-0.0050277343915380735,0.12498161665081058,15.484520570929053
2023-07-25,974.8647427328618,974.8647427328618,964.3744564622128,970.6686401367188,29325327,937.2753784179688,924.8578100585937,880.7983575439453,952.1652255141715,937.7417947306742,14.423430783497338,10.18656361636647,4.2368671671308675,72.79140452468909,937.2753784179688,978.3872757908617,896.1634810450759,0.08772639998777283,0.0027218332908161003,0.002718135810348631,0.1249939772167575,14.578382874330796
2023-07-26,969.1073019747433,973.6449847104317,966.0822198580079,972.3764038085938,12780537,940.2199798583985,925.8356030273437,881.4267993164062,955.2746375594672,940.3073213290387,14.967316230428537,11.142714139178885,3.824602091249652,73.40677487157217,940.2199798583985,982.5744988830027,897.8654608337943,0.09009491381151673,0.0017593683377208347,0.001757822462157706,0.12321755215301516,14.428519951234787
2023-07-27,978.3289377697675,982.1835198791242,963.3498090553566,966.3261108398438,25932395,942.7961975097656,926.8290075683594,881.9381393432617,956.9748642179867,942.2346390705799,14.740225147406818,11.862216340824473,2.8780088065823453,67.57562962714516,942.7961975097656,984.9082190555073,900.684175964024,0.08933430503214441,-0.006222171727997772,-0.006241610113099415,0.12755935662541773,14.686413917699813
2023-07-28,964.1305412210621,974.5720478609782,953.4450744239546,972.1324462890625,12584130,945.8017883300781,927.798994140625,882.4926611328125,959.3067999212291,944.4492914571341,14.857508464094963,12.461274765478572,2.39623369861639,70.03562002781507,945.8017883300781,987.2405563715463,904.36302028861,0.08762674918310966,0.006008670762474244,0.005990690688588814,0.12612501518021774,15.390411554987638
2023-07-31,971.9372800941444,975.2551621034391,964.7160355141905,974.1817016601562,14303116,948.5219482421875,928.6577355957031,883.0613323974609,961.5952463426024,946.6516922129135,14.943554129688891,12.957730638320637,1.9858234913682544,70.87546570885716,948.5219482421875,989.9104473663881,907.1334491179869,0.08726946002863148,0.0021080001793134517,0.0021057814644225977,0.12460830002147665,15.390415827054474
2023-08-01,977.4507205075173,979.4511817429085,966.5212943260926,970.522216796875,15508569,950.9542297363281,929.5203784179688,883.6661096191406,962.9686264124905,948.4198792191329,14.548747193357599,13.27593394932803,1.2728132440295692,67.25054459677742,950.9542297363281,991.4576513063333,910.4508081663229,0.08518479713000625,-0.0037564705403980714,-0.00376354379506323,0.1268333031674075,15.623918820329038
2023-08-02,961.4469550572353,970.0831205780985,953.8841903765009,963.1058959960938,15787996,952.3667602539062,930.1751672363281,884.2447833251953,962.9897448099679,949.5077323137225,13.482012496245375,13.3171496587115,0.16486283753387454,60.49758840215338,952.3667602539062,992.4747359600831,912.2587845477294,0.08422800412623352,-0.007641577567650271,-0.007670924019228122,0.1241778795765774,15.623915727467168
2023-08-03,952.9571039838418,959.2512876204258,936.8557344561337,941.6861572265625,30994707,952.6399932861328,930.650400390625,884.7883267211914,959.7122697971363,948.9283563813402,10.783913415796064,12.810502410128413,-2.0265889943323483,46.099503736038606,952.6399932861328,992.3574129394785,912.9225736327871,0.08338390143865451,-0.022240273742045624,-0.022491317804116954,0.15011465467542387,16.54748096121954
2023-08-04,945.2480024411116,952.4204068859481,938.026758318768,947.0532836914062,20582882,953.8158813476563,931.2485913085937,885.277466430664,957.7647334731778,948.7894621080118,8.975271365166009,12.043456201135932,-3.068184835969923,49.35217239103499,953.8158813476563,991.2310080691656,916.400754626147,0.07845356206198847,0.005699485357893552,0.005683304742894344,0.14182382150947875,16.115322090328885
2023-08-07,947.492394919989,957.7875008210797,944.8088334046981,952.078857421875,16686062,955.1454620361328,931.7355346679688,885.7187902832031,956.8899833114389,949.0331210201498,7.856862291289076,11.206137419166563,-3.349275127877487,52.25740925802168,955.1454620361328,990.1330852713626,920.157838800903,0.0732613504976401,0.005306537464164762,0.005292507406366864,0.14251913417940298,15.70058964871611
2023-08-08,952.1764341081312,962.7642804453878,948.8097722368316,956.2261962890625,23784778,956.8507415771485,932.3551916503907,886.1237637329101,956.7878622310733,949.5659414104396,7.221920820633727,10.409294099459997,-3.1873732788262696,54.57321071594124,956.8507415771485,988.1960265320988,925.5054566221982,0.06551760602345322,0.004356087560244859,0.004346627274101913,0.14155149159421956,15.82953825735251
2023-08-09,959.2270199754856,959.5713515147028,948.0600250851338,957.0133056640625,19317331,958.6222137451172,932.9554614257812,886.5560934448242,956.8225458361486,950.117598021819,6.704947814329557,9.668424842433911,-2.9634770281043536,55.01914747169448,958.6222137451172,985.2206470307337,932.0237804595006,0.05549304596584008,0.0008231414053019304,0.0008228028102103889,0.14131825496619826,14.836011801670752
2023-08-10,955.8818683285078,957.9480378042437,943.9770282120568,948.552001953125,24858441,959.4192718505859,933.402119140625,886.9629495239258,955.5501544695296,950.0016279426566,5.548526526873047,8.844445179321738,-3.295918652448691,49.40459142223224,959.4192718505859,983.579376694222,935.2591670069498,0.05036401821913501,-0.008841364755181047,-0.008880681534760832,0.1410123487852762,14.952197664512132
2023-08-11,947.8633070091408,947.961670292414,934.679384304923,937.4833984375,17162177,959.4506530761719,933.882099609375,887.2241973876953,952.770653541525,949.0743516830153,3.6963018585097416,7.814816515159339,-4.118514656649597,43.1948468815817,959.4506530761719,983.4886802827699,935.4126258695738,0.050107896908564875,-0.011668947504020921,-0.011737563982319135,0.147044567523285,14.646622515167028
2023-08-14,933.6954693282672,947.3713279362361,930.7438503525193,944.0753173828125,19026691,959.3895782470703,934.4539086914062,887.4249685668946,951.4329095171078,948.7040528459632,2.728856671144513,6.797624546356374,-4.0687678752118615,47.432518536713424,959.3895782470703,983.5847158852887,935.1944406088519,0.05043860843772363,0.00703150472456282,0.007006898971528551,0.14561067091647972,15.084993323243298
2023-08-16,939.057657191525,944.3213540593632,931.3342176148141,941.0745849609375,17930805,958.84912109375,934.7978588867187,887.6168347167969,949.8393211238508,948.1389070767021,1.7004140471486835,5.778182446514836,-4.077768399366152,45.759053300302575,958.84912109375,984.2052438597335,933.4929983277665,0.05288866039124076,-0.003178488375475963,-0.003183550499099233,0.14358818629044653,15.472448436966536
2023-08-17,941.5173104722998,942.353578529597,931.1866436309263,936.3027954101562,27077611,958.1676574707031,935.1371276855468,887.7880133056641,947.7567787063595,947.2621580643654,0.49462064199406086,4.72147008561068,-4.2268494436166195,43.15182890242519,958.1676574707031,985.2094056174465,931.1259093239598,0.056444710768313824,-0.005070575305122449,-0.005083474294089424,0.14440964919596996,14.924821585173902
2023-08-18,932.6132578915899,939.5987322998694,930.7438751368339,935.3189086914062,13257508,956.3562561035156,935.493798828125,888.0350238037109,945.8432602425205,946.3774729256277,-0.534212683107171,3.67033353186711,-4.204546214974281,42.612704513421015,956.3562561035156,984.4572147163639,928.2552974906674,0.05876671676168045,-0.0010508210843469534,-0.0010513735839086458,0.11486822744308223,14.04824185131761
2023-08-21,935.368103582327,943.8293876376395,933.1052076187755,939.7955322265625,13358017,954.7003784179688,935.9848913574219,888.3002697753906,944.9128405477577,945.8899217627339,-0.9770812149762378,2.7408505824984406,-3.7179317974746784,45.92318502216501,954.7003784179688,982.5956477737581,926.8051090621794,0.058437746514805995,0.0047862001864362735,0.004774782746598968,0.11675912217952043,14.061459953432989
2023-08-22,940.9762212582668,941.5173394326239,933.9906864820573,936.6471557617188,16872719,953.1310455322266,936.4100891113281,888.5502618408203,943.6411967345209,945.2052724293254,-1.564075694804501,1.8798653270378525,-3.4439410218423534,44.000731110841784,953.1310455322266,981.3969855819204,924.8651054825328,0.05931176029191268,-0.003350065367287547,-0.0033556894003685736,0.11628151821496743,13.675514634415183
2023-08-23,938.6148847885249,952.4382890585223,934.5317876320523,951.2576293945312,14707331,952.1604949951172,937.1684802246094,888.8923348999024,944.8129556052918,945.6535951674888,-0.8406395621969978,1.3357643491908826,-2.1764039113878804,53.689447052183546,952.1604949951172,979.1972305865813,925.1237594036531,0.05679029057302517,0.01559869534961722,0.015478286237101594,0.13074420695416922,13.76611999199346
2023-08-24,956.8165287761593,966.5568958657866,951.159258811673,953.3237915039062,28389740,951.2078643798828,937.8198681640625,889.225466003418,946.1223149743095,946.2217578590753,-0.09944288476583552,1.048722902399539,-1.1481657871653745,54.878369247855666,951.2078643798828,976.5339452875952,925.8817834721705,0.05325036063326305,0.0021720321031117873,0.002169676651511003,0.1308669114722217,12.990939671575859
2023-08-25,947.4205610479281,956.9148999052287,944.7149101731643,954.7504272460938,10275758,950.6290802001953,938.5729760742188,889.5820761108398,947.4497168622763,946.8535111470026,0.5962057152737543,0.9582194649743822,-0.36201374970062783,55.723607394322016,950.6290802001953,975.0119379848111,926.2462224155795,0.05129836293137792,0.0014964860364357069,0.001495367417066865,0.12960979113507515,12.834249754781881
2023-08-28,954.3076494260563,959.2761961755662,949.4866475992981,954.89794921875,10481574,949.7673553466797,939.5866577148438,889.8798971557617,948.5955987632723,947.4493954486135,1.1462033146588055,0.9958162349112669,0.15038707974753862,55.8157774423154,949.7673553466797,972.0807448854638,927.4539658078955,0.04698706354387047,0.00015451364927043798,0.00015450171326603378,0.12731389038682173,12.606455551916635
2023-08-29,957.6036107629861,961.4899212525077,950.0770180929742,952.1431274414062,13209913,948.6654266357422,940.3969140625,890.198098449707,949.1413724060621,947.7970792999315,1.3442931061306354,1.0655116091551406,0.2787814969754947,53.57300569460112,948.6654266357422,967.8611716402572,929.4696816312271,0.04046894609111886,-0.0028849384162963343,-0.0028891078721423272,0.12700160064523808,12.424912334129292
2023-08-30,954.7996350612804,960.1617553156957,939.992357332752,943.4359130859375,13936165,947.3111114501953,941.2486865234375,890.4717880249024,948.2636094337354,947.4740299507467,0.7895794829886427,1.0103251839218412,-0.22074570093319856,47.1272922021935,947.3111114501953,963.6187403927357,931.0034825076549,0.034429299404238625,-0.009144858692481161,-0.009186929597476157,0.12989647596655185,13.043346016513201
2023-08-31,944.5181103324641,950.6181351385301,938.6640537842972,943.2882690429688,36675400,946.3202301025391,942.0506665039062,890.7649880981445,947.4981724505406,947.1639735872077,0.3341988633328583,0.8750999198040448,-0.5409010564711865,47.023976646987656,946.3202301025391,960.9041451316347,931.7363150734435,0.03082236766198125,-0.00015649610208900988,-0.00015650834888172795,0.12781334068790162,12.899279713802205
2023-09-01,941.4681903275599,957.3577048100217,937.4342746002596,953.077880859375,16268147,946.8898162841797,943.065029296875,891.163734741211,948.3565891288229,947.6020407925535,0.7545483362694085,0.8509896030971176,-0.09644126682770904,54.19441756882667,946.8898162841797,961.6009498227482,932.1786827456111,0.031072535126206214,0.010378176150052765,0.01032469260279862,0.10663541880049585,13.331480611056495
2023-09-04,953.0778374045047,953.4221689523384,945.0592480110233,951.7495727539062,9512956,947.1246307373046,944.0323315429688,891.4741134643555,948.8785866096049,947.9092653822833,0.9693212273216432,0.8746559279420227,0.09466529937962043,53.14334327510685,947.1246307373046,961.995801308542,932.2534601660673,0.031402774436687736,-0.001393703633401966,-0.0013946757416363437,0.10511828426194168,12.741155136599234
2023-09-05,948.551951794262,954.3568266156637,946.7318107329097,952.7826538085938,16623486,947.1598205566406,945.064208984375,891.7803869628906,949.4792123325262,948.2702571175655,1.2089552149607243,0.9415157853457632,0.26743942961496114,53.892326903079955,947.1598205566406,962.0835899324766,932.2360511808047,0.03151267410618269,0.0010854547081100563,0.0010848660281001922,0.10349013588303481,12.358146525042441
2023-09-06,947.027018710753,953.8649486093547,935.466510050454,942.0584716796875,30802100,946.4514343261719,945.8045104980469,892.0027883911133,948.3375599243973,947.810124862908,0.5274350614893137,0.8586996405744733,-0.3312645790851596,45.72197957660762,946.4514343261719,960.900641984161,932.0022266681829,0.030533437076517733,-0.011255643756777123,-0.011319467888019956,0.10954841098507173,12.87468250077315
2023-09-07,941.9600737763301,953.8649135559165,939.3036045546078,950.0770263671875,13462347,946.1046203613281,946.5363635253906,892.262599182129,948.605170146365,947.9780434928546,0.6271266535104587,0.8123850431616705,-0.18525838965121177,51.627142985732284,946.1046203613281,959.7997159275521,932.4095247951041,0.02895048871232386,0.0085117377833277,0.008475717197475035,0.11428530911954193,13.28228620350695
2023-09-08,951.8971485126772,959.2761961755662,945.7479421269364,954.89794921875,13086915,946.4219177246093,947.3382873535156,892.5413912963867,949.5732900036551,948.4906291021802,1.0826609014749238,0.8664402148243212,0.21622068665060257,54.81035536795154,946.4219177246093,960.6398360384616,932.2039994107571,0.030045623516486184,0.005074244211541679,0.005061413619782564,0.1111871947682739,13.482577205633074
2023-09-11,959.226986017833,966.1632786045712,953.7172612295014,962.4737548828125,7894110,947.671435546875,948.3473498535157,892.846840209961,951.5579769081409,949.5264161970417,2.0315607110991323,1.0994643140792835,0.9320963970198488,59.33859672437103,947.671435546875,962.9357534773761,932.407117616374,0.032214367465222715,0.007933628583306263,0.007902322821903734,0.1046476076857908,13.833960378811875
2023-09-12,974.1326718812546,979.1012787688176,966.802865781473,974.5262451171875,20959591,949.1939819335937,949.4423046875,893.1942544555664,955.0915566326096,951.3782553763117,3.713301256297882,1.6222317025230033,2.0910695537748785,65.29653648359093,949.1939819335937,968.4901933979136,929.8977704692738,0.04065809904317291,0.012522409232698983,0.012444652329140486,0.11027446577803433,13.742604840207239
2023-09-13,973.8374633789062,978.8060099166414,964.7366383159148,973.8374633789062,21997553,950.8321258544922,950.4815222167969,893.4826019287109,957.9755422858859,953.0419004135409,4.933641872344992,2.2845137364874013,2.649128135857591,64.71296433251143,950.8321258544922,972.6270513894061,929.0372003195783,0.045843898081014585,-0.0007067862376537448,-0.0007070361287999663,0.10919425539844785,13.647728736393885
2023-09-14,976.2972153487822,976.887575209195,966.4093032080317,971.7714233398438,11464188,952.6055572509765,951.2198449707031,893.802336730957,960.0979855249564,954.429272482156,5.668713042800391,2.9613535977499996,2.7073594450503915,62.89712670138347,952.6055572509765,975.1807684267802,930.0303460751728,0.047396765647580545,-0.002121545038834327,-0.002123798703575236,0.10724078950970047,13.524748898472378
2023-09-15,974.3786547753372,981.4133711300916,972.6568769312493,976.44482421875,13307980,954.6618530273438,952.0243115234375,894.1107958984375,962.61288378554,956.060054092274,6.552829693266062,3.6796488168532124,2.87318087641285,65.27099716659504,954.6618530273438,978.0834181824383,931.2402878722493,0.0490677721767598,0.004809156522471492,0.004797629471398146,0.10713219171221554,13.514205985185217
2023-09-18,974.132655768785,980.1834988788135,971.3778233153545,974.2310791015625,16713222,956.3836303710938,953.03822265625,894.3625659179687,964.4002984495435,957.4060559448138,6.994242504729641,4.3425675544284985,2.6516749503011425,63.20799008718954,956.3836303710938,980.2621074165802,932.5051533256074,0.04993493465843021,-0.0022671481913570934,-0.0022697220627857177,0.10777606658951086,13.327975442608468
2023-09-20,965.7205606456862,979.9375379402288,964.8351109491382,971.2302856445312,25741856,958.1127868652344,953.9530834960938,894.5693246459961,965.4510657103108,958.4300729596077,7.020992750703044,4.878252593683408,2.1427401570196363,60.42022619446659,958.1127868652344,980.9599127364557,935.265660994013,0.047691933944380115,-0.00308016601133132,-0.0030849194861639916,0.10760838174481137,12.966048943190392
2023-09-21,964.1464092816628,966.6552735540002,942.0092656124872,943.8294067382812,19742813,957.7413757324218,954.3872595214843,894.701044921875,962.1246566376908,957.3485421283984,4.77611450929237,4.8578249768052,-0.0817104675128304,42.142640638017184,957.7413757324218,981.2885103309006,934.194241133943,0.049172219547205846,-0.028212545789864985,-0.028618166941233588,0.14060687836677657,14.199401705891189
2023-09-22,941.0745732661131,945.4036387107805,932.1213525224977,934.9745483398438,12701888,956.8239135742188,954.6550732421875,894.8353317260742,957.9477168995604,955.6912092551722,2.2565076443881935,4.337561510321799,-2.0810538659336055,38.12853825630709,956.8239135742188,982.4351754676143,931.2126516808232,0.053533908444500664,-0.009381842031218834,-0.009426128722646473,0.14379853634466727,13.725034275785529
2023-09-25,934.9745211428321,945.6987611069428,926.3164505561931,940.9269409179688,8997098,956.1327392578125,954.8213952636719,894.9847427368164,955.3291359793154,954.5975597487128,0.7315762306026272,3.6163644543779645,-2.8847882237753373,42.119637885677236,956.1327392578125,982.7075965888547,929.5578819267704,0.05558821749304514,0.0063663685698120975,0.006346188847842133,0.1459128118028346,14.512133533602285
2023-09-26,943.4850895612307,943.4850895612307,931.8261576873732,933.400390625,10521409,955.057861328125,954.7522875976563,895.1499478149414,951.9554828478822,953.0273990728822,-1.0719162249999954,2.678708318502373,-3.750624543502368,38.71860393610368,955.057861328125,983.5153537905534,926.6003688656966,0.059593232231719966,-0.00799908044467923,-0.00803124472660441,0.1481414175214582,14.800270390109672
2023-09-27,931.0390306872603,931.2358173022473,919.3309777310822,927.890625,15152973,953.8452362060547,954.4041638183594,895.2900436401367,948.2531970251312,951.1654158082242,-2.912218783093067,1.5605228981832848,-4.472741681276352,36.40138992551333,953.8452362060547,984.7843649975106,922.9061074145988,0.06487242923079878,-0.005902896206536501,-0.005920387163851917,0.14900953304176276,14.491054271182325
2023-09-28,930.2519986326986,931.9737765254613,919.6753630057271,927.3987426757812,25991282,953.0433776855468,953.9144641113281,895.3801080322265,945.0448194329234,949.4049215021174,-4.360102069193999,0.3763979047078281,-4.736499973901827,36.193139695503625,953.0433776855468,985.8908545565815,920.1959008145121,0.0689317561826081,-0.0005301080870590003,-0.0005302486440267681,0.1460621590637626,14.329418879641285
2023-09-29,931.4326152919225,940.5826225175415,928.4809961836039,936.5487670898438,10447334,952.7064025878906,953.6467980957032,895.5256811523437,943.737734457065,948.4526137678749,-4.71487931080992,-0.6418575383957216,-4.073021772414198,42.753967447296056,952.7064025878906,986.108840221957,919.3039649538241,0.07012115703921698,0.009866332563339908,0.009817978098235449,0.15091502696137415,14.30482072200775
2023-10-03,936.2535565130627,936.2535565130627,923.8567802867412,925.1358032226562,11131636,951.3092987060547,952.7185754394532,895.6122378540039,940.8758988825406,946.7254426163772,-5.84954373383664,-1.6833947774839055,-4.1661489563527345,37.56547679068033,951.3092987060547,986.9113254302483,915.7072719818611,0.07484847835003507,-0.012186192826510456,-0.012261053271852548,0.15096400329432005,14.322389966867231
2023-10-04,919.9212698646451,920.4132063725941,910.0825397056649,915.0510864257812,17334739,949.4743743896485,951.5613354492187,895.6354406738282,936.9028508122699,944.3791940096664,-7.476343197396545,-2.8419844614664336,-4.634358735930112,33.67645053216076,949.4743743896485,988.590317105789,910.3584316735079,0.0823949413933062,-0.01090079614446382,-0.01096064515473673,0.1546494161830953,14.209942797651966
2023-10-05,920.118033512241,928.7269221864746,919.4784920475328,925.6768798828125,10478856,948.1190856933594,950.7141967773438,895.7664196777343,935.1757783615842,942.9938374076772,-7.818059046093026,-3.837199378391752,-3.980859667701274,40.6485798224636,948.1190856933594,988.6066679671802,907.6315034195385,0.0854061117105607,0.011612240687605802,0.011545336064313854,0.161714498538259,14.181833094792442
2023-10-06,930.743934599139,931.2850527835039,922.8729499513662,929.9568481445312,6355755,947.5140045166015,949.8999609375,895.9819842529297,934.3728660204991,942.028134499296,-7.65526847879687,-4.6008131984727765,-3.0544552803240936,43.236954953980266,947.5140045166015,988.7379727064283,906.2900363267747,0.08701500556893246,0.004623609333594514,0.004612953285603718,0.15866352540925632,14.034249582719188
2023-10-09,925.0866714522842,926.8576310013959,921.2003607425811,923.4632568359375,6725306,946.183316040039,948.9216979980469,896.1982592773437,932.6944646074896,940.6529583760844,-7.958493768594735,-5.272349312497169,-2.6861444560975665,40.36096891653819,946.183316040039,988.7550601280694,903.6115719520086,0.0899862497390071,-0.006982680241077732,-0.007007173237186324,0.1563799855411852,13.971002412126495
2023-10-10,925.2342295793238,942.0584345201288,925.184987886715,935.8600463867188,11452715,945.2314208984375,948.3123767089844,896.4548059082031,933.1814771889094,940.2979278583535,-7.116450669444134,-5.641169583886562,-1.4752810855575724,47.53568384057503,945.2314208984375,987.8340687096345,902.6287730872405,0.09014225906858539,0.013424236924440613,0.013334930217768558,0.1635887322373968,14.670252563607376
2023-10-11,939.5003896293223,946.5350458326664,935.4172924942318,937.7293701171875,12233117,943.9942016601562,947.6243151855468,896.7048416137695,933.8811530240291,940.1076643219708,-6.22651129794167,-5.758237926697584,-0.4682733712440861,48.540983478981,943.9942016601562,985.9203273132305,902.068076007082,0.08882708300398626,0.001997439400993839,0.0019954471713776903,0.1606409592892516,14.385633016989086
2023-10-12,937.4833935799946,944.6164730548359,933.105206632664,938.86083984375,7836818,942.2109313964844,946.9178979492187,897.0456768798828,934.6472586886016,940.0153069532138,-5.3680482646121845,-5.680199994280504,0.3121517296683196,49.17579558692787,942.2109313964844,981.6279854868618,902.793877306107,0.08366927781649908,0.0012066058317241612,0.0012058784679430455,0.15259144110027884,13.120650616283926
2023-10-13,934.6301694921657,941.9600353612119,929.317231265394,935.9583740234375,6650442,940.3169769287109,946.22662109375,897.3798065185547,934.8489687401147,939.71479340286,-4.86582466274524,-5.517324927973452,0.6515002652282122,47.55514248042969,940.3169769287109,976.8717963401847,903.7621575172371,0.07774999347745508,-0.0030914760709324085,-0.0030962645546161443,0.15259584026690698,13.07497332396501
2023-10-16,933.2035679262765,939.4511376395518,930.8914903286628,936.0568237304688,5763024,938.5312469482421,945.6856396484375,897.7717590332031,935.0347925847846,939.4438326863866,-4.409040101602045,-5.295667962699171,0.8866278610971259,47.61820205978861,938.5312469482421,971.9731068828394,905.0893870136449,0.07126424409062104,0.00010518598878284102,0.00010518045712462147,0.1527648385407839,12.301925949689243
2023-10-17,939.9922889934013,945.4527721377236,936.1551602699086,938.5164794921875,7747527,936.6348297119141,945.62224609375,898.1062371826172,935.570436724385,939.3751398571866,-3.804703132801592,-4.997474996719655,1.192771863918063,49.2597198937183,936.6348297119141,964.9296437816746,908.3400156421536,0.06041802668914903,0.0026276778282714464,0.002624231518760778,0.15170066785386757,12.140284273503344
2023-10-18,933.892332658969,935.3189606246175,923.9551785937446,928.5302124023438,12000153,934.3497863769531,945.2517846679688,898.3544342041016,934.4873252902248,938.5718118975686,-4.08448660734382,-4.814877318844488,0.730390711500668,43.32359268527688,934.3497863769531,956.5953620842782,912.1042106696281,0.04761723292854771,-0.010640481342690022,-0.010697496067708673,0.15482321940994728,12.175419130969422
2023-10-19,920.9051479428266,929.7600051345846,918.9374019002138,920.6591796875,8612676,931.8212310791016,944.6233911132813,898.5715707397461,932.3599182744209,937.2449502523784,-4.88503197795751,-4.828908250667093,-0.05612372729041759,39.303335026618406,931.8212310791016,946.6890800406256,916.9533821175776,0.03191137627183322,-0.008476873029773957,-0.008513006059594269,0.15633669327033703,12.070004110586328
2023-10-20,916.9696757843909,924.8406601258879,915.0019296990167,917.7075805664062,6586576,930.5151397705079,943.8530187988281,898.7295483398437,930.1057124731879,935.7977376830472,-5.692025209859366,-5.001531642505547,-0.6904935673538191,37.883651336499526,930.5151397705079,945.5300992480488,915.5001802929669,0.03227235933258237,-0.0032059628429443876,-0.0032111129521378394,0.12388074222649441,11.831064866665681
2023-10-23,926.8084170823352,929.5632496240031,910.4761484024964,914.9527587890625,11856890,929.5140502929687,943.0118078613282,898.9576745605468,927.7744888294762,934.2536651723817,-6.479176342905475,-5.297060582585534,-1.1821157603199417,36.55641988352693,929.5140502929687,945.885659625916,913.1424409600214,0.0352261686152828,-0.00300185139109721,-0.0030063659840060372,0.12043250477101752,12.287858753694552
2023-10-25,911.1155983660612,918.7406142727789,896.7018946503207,901.3260498046875,12593434,927.5340057373047,942.0672888183594,899.0610678100586,923.7054982102779,931.8145825525526,-8.109084342274627,-5.859465334523353,-2.2496190077512743,30.806973523657803,927.5340057373047,947.3172433680097,907.7507681065997,0.04265770852245819,-0.014893347064617757,-0.015005366579830738,0.12654634441035517,12.78681990408504
2023-10-26,899.5551235944749,901.8180196143733,884.5018778394127,893.9962768554688,21693345,925.5638000488282,941.1975463867187,899.1331796264649,919.1348487710766,929.0132265749908,-9.87837780391419,-6.663247828401522,-3.215129975512669,28.234631472829093,925.5638000488282,950.1520681575246,900.9755319401318,0.05313143860509509,-0.008132210259325201,-0.008165457050456277,0.12662926734712565,13.046841762246986
2023-10-27,901.227738868632,903.3430900053108,896.6035233948352,898.0301513671875,8645505,924.0707763671875,940.2766430664062,899.2364389038086,915.8879722474013,926.7181839670053,-10.830211719603994,-7.496640606642016,-3.3335711129619785,31.618658654225214,924.0707763671875,951.5236037045494,896.6179490298256,0.05941715297022504,0.004512182674750509,0.004502033297615385,0.12789743518653313,13.113606784940155
2023-10-30,894.4389499383923,911.3615781096987,893.553500239537,909.9841918945312,7687791,923.200048828125,939.6548352050781,899.4968084716797,914.9796983469597,925.4786289986739,-10.498930651714204,-8.097098615656455,-2.4018320360577494,40.563079889220596,923.200048828125,951.305367243272,895.0947304129779,0.060886735114069536,0.01331140219417426,0.013223583944278248,0.13844060666899644,13.760148961240978
2023-10-31,914.3131752513102,915.9857713767747,899.3582935043779,900.588134765625,17211107,921.4020172119141,938.9405419921875,899.7543548583984,912.765611642139,923.6348886851147,-10.869277042975682,-8.6515343011203,-2.217742741855382,36.519591942351354,921.4020172119141,950.4954037266717,892.3086306971564,0.06315025574350663,-0.010325516874468144,-0.010379194845397812,0.1361261167401289,13.619598974684225
2023-11-01,899.0631137871601,902.801819087158,894.6356853935422,899.30908203125,12927203,920.1106811523438,938.2203454589844,899.9896484375,910.6953763173868,921.8329770811247,-11.13760076373785,-9.148747593643812,-1.988853170094039,35.993601301210134,920.1106811523438,950.7574807974318,889.4638815072558,0.06661546327601811,-0.0014202416010153929,-0.001421251100052917,0.13061064927350852,13.408769000054317
2023-11-02,905.2123769553756,909.8857738877014,898.0792974270889,905.114013671875,9747311,919.6138275146484,937.5267150878906,900.3125170898437,909.8367051411542,920.5945353471062,-10.757830205952018,-9.470564116105454,-1.2872660898465647,40.20304325621173,919.6138275146484,950.9210936168982,888.3065614123985,0.06808785419606181,0.006454879369741873,0.006434135852651855,0.12834513358368954,13.429855431371502
2023-11-03,913.5753279987291,919.4293847809116,911.8535501246075,918.7406616210938,7146961,919.2670166015625,937.1685852050781,900.6793670654297,911.2065445996064,920.4572113674016,-9.25066676779511,-9.426584646443386,0.17591787864827602,48.727424680583816,919.2670166015625,950.4448919714497,888.0891412316754,0.0678320331456003,0.01505517287699254,0.014942968530712876,0.13315167785331652,13.549324503744263
2023-11-06,925.8245118398002,932.4656547249422,922.2825929880618,930.2027587890625,10338367,919.2793121337891,936.7474877929687,901.1310946655274,914.129039090292,921.1791037690061,-7.0500646787140795,-8.951280652897525,1.9012159741834456,54.59127448871343,919.2793121337891,950.4751266976159,888.0834975699622,0.06787015470067861,0.01247587882715906,0.01239869633419227,0.13978800020153045,13.918277774669937
2023-11-07,928.3825689148798,935.122135214151,915.4446745754223,932.8099975585938,15704942,919.7466491699219,936.3372119140626,901.5334048461914,917.0030327008001,922.0406514571237,-5.037618756323582,-8.168548273582736,3.1309295172591547,55.82875605787533,919.7466491699219,951.4817550726275,888.0115432672162,0.06900836427367647,0.0028028714652763576,0.0027989507455246287,0.13755623504624398,14.652671505489495
2023-11-08,933.1543790682605,933.1543790682605,919.035765182007,920.6591796875,17606074,918.986605834961,935.6553869628906,901.9149700927734,917.5655168526,921.9383202149294,-4.372803362329364,-7.409399291332062,3.036595929002698,49.11149848919128,918.986605834961,949.8118973007777,888.1613143691443,0.06708539878622027,-0.01302603735261798,-0.013111620193093728,0.13673492743789525,14.621051004618819
2023-11-09,918.9373868552664,927.1527024283356,917.953513850068,922.2333374023438,9406117,918.2118041992187,935.0020947265625,902.3048941040039,918.2836430910221,921.960173339923,-3.6765302489009173,-6.662825482845834,2.986295233944917,49.95163785366178,918.2118041992187,947.8079882445388,888.6156201538986,0.06446483024933715,0.0017098159118753564,0.0017083558407141198,0.13666114054392955,14.505092814897157
2023-11-10,919.8229744492044,926.2673311686412,917.3632917279805,923.4632568359375,9560455,917.4419250488281,934.4284973144531,902.6797433471679,919.0805067440859,922.0715128581462,-2.9910061140602693,-5.928461609088721,2.937455495028452,50.63735218067307,917.4419250488281,945.5396036430828,889.3442464545734,0.06125222278840004,0.0013336315048619873,0.0013327430082302775,0.13668659010655304,14.438329173024986
2023-11-13,925.7261812013599,925.7261812013599,916.9696869940611,919.3801879882812,11470096,916.6130157470703,933.9473828125,903.0505224609375,919.1266115508852,921.8721554603785,-2.7455439094933354,-5.291878069169644,2.5463341596763085,48.27279136148312,916.6130157470703,943.3561761882435,889.8698553058972,0.05835212893933556,-0.004421474073203591,-0.0044312776980149115,0.1370644494904602,13.70042867201013
2023-11-15,929.169741735814,929.169741735814,923.6108349273643,925.9229125976562,19492138,916.1063201904296,933.6000756835938,903.4335229492187,920.1721963273114,922.1722115446213,-2.0000152173098513,-4.633505498797685,2.633490281487834,52.13021714680823,916.1063201904296,941.6557014664769,890.5569389143824,0.05577820109512255,0.007116451599518792,0.00709124915517779,0.1399469352953825,12.825488252372597
2023-11-16,923.8567704420823,930.9406682319986,918.9374053172576,920.9051513671875,19706373,915.2257537841797,932.95662109375,903.7848474121093,920.2849586411385,922.0783552351818,-1.7933965940433154,-4.065483717846812,2.2720871238034963,49.10576280877408,915.2257537841797,938.6484925959616,891.8030149723978,0.05118461475747591,-0.005419199765120286,-0.005433936894580391,0.14047017587499916,12.445996905214063
2023-11-17,911.6075526979567,923.2664842460193,905.3108012759441,906.9833374023438,10956653,914.1484100341797,932.0612963867187,904.0711981201172,918.2385553736316,920.9602057660827,-2.7216503924511244,-3.7967170527676743,1.07506666031655,41.85084855345836,914.1484100341797,936.9689119495945,891.327908118765,0.049927345855278575,-0.015117532944815437,-0.015232967716192885,0.14539624298464487,13.060916178087862
2023-11-20,907.1309619231906,911.8043589612981,902.7035331502466,906.58984375,10562301,913.4449432373046,931.1374401855469,904.4309652709961,916.4464458930729,919.8957345056322,-3.4492886125592577,-3.7272313647259914,0.2779427521667337,41.66348633559237,913.4449432373046,936.2877802053072,890.6021062693021,0.05001469905136509,-0.0004338488218215142,-0.0004339429614508416,0.14278802775480243,12.438969602437137
2023-11-21,909.4922588007951,913.0833593528811,907.1309394932731,911.164794921875,8989572,913.1178039550781,930.5195666503906,904.999504699707,915.6338842051963,919.2489982401687,-3.6151140349724074,-3.7048078987752744,0.08969386380286704,44.75994487690353,913.1178039550781,935.8908988869603,890.344709023196,0.049879861794924554,0.005046329609155187,0.0050336395620948415,0.14389149553154798,11.715115154614589
2023-11-22,908.3607719626023,910.2793363749666,899.9978512350831,907.8688354492188,12197979,912.7636077880859,929.6754028320313,905.5208251953125,914.4392613196613,918.4060232186168,-3.9667618989554967,-3.7571986988113193,-0.2095632001441774,42.98955925348782,912.7636077880859,935.6366731400484,889.8905424361234,0.050118267548793186,-0.0036173033583226655,-0.0036238616203746305,0.1440601974457482,11.929458725555735
2023-11-23,908.1148071289062,910.4268847301861,903.6873784917665,908.1148071289062,5534614,913.1030456542969,928.7397399902344,906.0023904418945,913.4662683672375,917.6437109156753,-4.177442548437853,-3.841247468736626,-0.33619507970122653,43.17021105698663,913.1030456542969,935.4570424332637,890.7490488753301,0.04896270335611186,0.0002709330578196667,0.0002708963620866654,0.13341829534272406,11.56753228111339
2023-11-24,906.639000110985,915.3954941269687,905.3599771779697,914.41162109375,7452002,914.123812866211,927.7784973144531,906.4371282958984,913.6117072482394,917.404296854792,-3.7925896065526103,-3.831515896299823,0.03892628974721246,47.73595315934253,914.123812866211,934.5888537058695,893.6587720265525,0.044775205615727086,0.0069339404174586505,0.006910011204744041,0.13132816803144098,11.261828412539282
2023-11-28,913.9197163754527,916.0350074399643,906.8358182796372,910.5745239257812,14231987,914.7510314941406,926.499462890625,906.8041326904297,913.1444482755536,916.8983877489394,-3.753939473385799,-3.816000611717018,0.06206113833121929,45.345207662232724,914.7510314941406,933.8634879233101,895.6385750649712,0.041787231216239173,-0.004196247159872213,-0.0042050761126204775,0.13201801757093679,10.938556702287753
2023-11-29,915.8874351292822,925.9228920765872,911.0664332225615,924.4470825195312,11680078,915.4741760253906,925.5116552734376,907.2117129516602,914.8833150823193,917.4575503245387,-2.5742352422194017,-3.5676475378174954,0.9934122955980937,54.26362758841554,915.4741760253906,934.9187820508337,896.0295699999476,0.04247985696300783,0.015234951373272354,0.015120064892067703,0.134601292868975,10.629335810293274
2023-11-30,923.8076235957443,925.6769463830785,913.2309881790077,919.8721313476562,23950292,916.4383758544922,924.4736694335937,907.6456979370117,915.6508252769866,917.636408178103,-1.9855829011164587,-3.251234610477288,1.2656517093608293,51.2911623225914,916.4383758544922,934.6482314969887,898.2285202119956,0.039740491280753264,-0.004948851327872927,-0.004961137444141808,0.12996821670885597,10.509860404423089
2023-12-01,920.8559820278334,936.6471322793062,917.9535445552444,931.4326171875,16986046,918.0445526123046,923.5734252929688,908.142120666504,918.0787932632195,918.6583495862064,-0.5795563229869458,-2.7168989529792196,2.1373426299922738,57.61010748610036,918.0445526123046,935.5459089067865,900.5431963178228,0.03812746613371124,0.012567492204494934,0.012489176744349316,0.1357386130016338,11.188031771979817
2023-12-04,948.1584573156929,978.8060663731462,945.8955613418391,975.2149658203125,33131257,921.5496002197266,923.5931030273438,908.8264724731446,926.8689736566184,922.8477285665106,4.021245090107868,-1.3692701443618023,5.390515234469671,72.27802899659042,921.5496002197266,951.6737752542446,891.4254251852086,0.06537721903918231,0.04700538485007666,0.04593407499845638,0.21014358655678003,13.935846753764492
2023-12-05,986.3327787602838,999.3690972825519,979.0029121847634,997.106201171875,31378461,925.4678771972656,924.1106213378906,909.6119857788086,937.6747009666578,928.3483561669079,9.326344799749904,0.769852844460539,8.556491955289365,76.63198455301888,925.4678771972656,970.6675862068337,880.2681681876975,0.09767969288454012,0.022447599881886937,0.022199360562365072,0.21691544627941867,15.035677986260257
2023-12-06,997.6472527517989,999.8609670700351,984.1189985847997,987.0706176757812,18786590,928.3112701416015,924.9754455566406,910.3812316894531,945.2740727680614,932.6981533157133,12.575919452348103,3.131066166038052,9.444853286310051,71.11763568346065,928.3112701416015,981.2563179417652,875.3662223414378,0.11406744591625531,-0.010064708738446448,-0.010115700351780834,0.220224339532162,15.460850467524738
2023-12-07,980.2818725979603,986.037565872625,972.2141617664823,982.88916015625,11841945,930.8152282714843,925.9337377929687,911.1451837158203,951.0610092893212,936.4160056742716,14.645003615049632,5.433853655840368,9.211149959209264,68.89314832726942,930.8152282714843,989.1215108884991,872.5089456544696,0.12528003592139117,-0.004236229348389631,-0.004245227589335351,0.2217460567628923,15.664649967136013
2023-12-08,978.4617345457,996.5157807404588,977.2318932503937,994.5480346679688,16116363,934.5096710205078,927.0061596679687,911.8959494018554,957.7513208860362,940.7220818960269,17.029238990009276,7.75293072267415,9.276308267335125,71.56391561436565,934.5096710205078,999.1283166248082,869.8910254162073,0.13829422553484183,0.0118618405658939,0.011792040365462527,0.21584172810667787,15.75952171856386
2023-12-11,990.8585350218602,1003.5505215202488,988.4480940647678,1000.697265625,11714606,938.4328674316406,928.3520971679687,912.6506259155274,964.3583893074151,945.164688098173,19.193701209242136,10.041084819987748,9.152616389254387,72.88618365235328,938.4328674316406,1009.1527959407061,867.7129389225751,0.15071920637779043,0.006182940132282377,0.006163904183069449,0.2158089892872268,16.18820755030882
2023-12-12,1000.6972103966642,1004.5343391404565,992.3342898455438,999.31982421875,12380856,942.2256958007813,929.7806811523437,913.4050018310547,969.7370716014666,949.1761796626602,20.560891938806435,12.145046243751487,8.415845695054948,72.0776698165595,942.2256958007813,1017.5518437654932,866.8995478360694,0.15988981896889057,-0.0013764816329239205,-0.001377429854005962,0.21649594219665808,16.59581709973965
2023-12-13,998.43433885667,1004.2392137541405,992.9246739088817,997.5488891601562,15887040,946.134130859375,931.1836840820313,914.1837017822265,974.015812764342,952.7593433291413,21.256469435200643,13.967330882041319,7.289138553159324,70.98739082423164,946.134130859375,1024.5189533676169,867.7493083511331,0.1656949473687094,-0.0017721404255922613,-0.0017737125240302792,0.21532338009034374,16.606359682487284
2023-12-14,1005.7641705011573,1023.2279161860637,1004.7802975048245,1016.9803466796875,16317672,950.6870025634765,932.7923156738282,915.1110348510742,980.6257410590105,957.5164546884411,23.109286370569407,15.795721979746936,7.313564390822471,75.38678329149317,950.6870025634765,1034.517630097666,866.8563750292872,0.17635799649757403,0.0194792032056601,0.019291911810734926,0.22193415086535465,17.95918259587927
2023-12-15,1026.819128412104,1026.8682500033867,1009.1585351765273,1020.669921875,14306067,955.6752410888672,934.702998046875,916.0465689086914,986.7863842614704,962.1944892948528,24.591894966617588,17.554956577121068,7.03693838949652,76.12701604401182,955.6752410888672,1043.80669422164,867.5437879560942,0.18443807968145887,0.003627970990155882,0.0036214057775456796,0.21871312331554088,18.50733958715501
2023-12-18,1013.3399724649145,1013.3399724649145,1001.582737875324,1004.9771118164062,8592711,960.5749298095703,936.5015185546876,916.976583557129,989.5849577314606,965.3635724445975,24.221385286863097,18.888242319069473,5.3331429677936235,66.90982011090722,960.5749298095703,1048.2028644087593,872.9469952103814,0.18244893111370458,-0.01537500980705453,-0.015494430918841198,0.21903273343004287,19.213624932822793
2023-12-19,1008.9618258446333,1008.9618258446333,996.2698393148889,999.0739135742188,10094256,965.1991333007812,937.9694592285156,917.8746423339844,991.0447970918849,967.8606347504954,23.184162341389538,19.74742632353349,3.436736017856049,63.78139777270708,965.1991333007812,1050.5636494783046,879.8346171232579,0.17688477586090318,-0.005873962872167349,-0.005891282448414607,0.2217337011051169,19.023883388461247
2023-12-20,1005.5182598581188,1005.5182598581188,985.8407988041439,990.4158325195312,16490281,969.1616851806641,939.1786389160156,918.7296548461914,990.9480333115227,969.5313901407943,21.416643170728435,20.08126969297248,1.3353734777559545,59.395034302335525,969.1616851806641,1051.2602957246922,887.0630746366361,0.16942190719956876,-0.008666106618391178,-0.008703875685845127,0.2269440004932102,19.54041930631153
2023-12-21,980.4786481484716,994.5972620458951,973.2472054564856,988.2020874023438,18064916,973.1783477783204,940.4734155273437,919.4921157836914,990.5255800947259,970.914404752761,19.611175341964895,19.987250822770964,-0.3760754808060689,58.291199137135955,973.1783477783204,1050.3642692149174,895.9924263417233,0.15862646679882597,-0.002235167335275623,-0.0022376690503136446,0.2263588321860737,19.7301670824078
2023-12-22,986.775479446596,993.2690175032114,975.6084843898132,978.2649536132812,20881976,976.6858551025391,941.321513671875,920.2124539184571,988.6393298668113,971.4588898535403,17.18044001327098,19.425888660870967,-2.2454486475999857,53.48598962861699,976.6858551025391,1047.5385158742854,905.8331943307928,0.1450879223889399,-0.010055770895185945,-0.010106671677895758,0.23172732846088473,17.60781593439009
2023-12-26,978.8553364159527,981.4133823646852,973.9359710908165,979.0520629882812,14339699,979.9178771972656,942.1479675292969,920.9296527099609,987.1643657316528,972.0213471227804,15.143018608872353,18.569314650471245,-3.426296041598892,53.81078404913019,979.9178771972656,1044.422584801126,915.4131695934051,0.13165329280113774,0.0008045973354076086,0.0008042738204927314,0.23165874361260394,16.416621635220753
2023-12-27,981.856149768816,988.6940796680807,976.002092947119,986.0867919921875,12996468,983.693490600586,943.0924865722657,921.6932473754882,986.9985851563504,973.0632319279216,13.935353228428767,17.64252236606275,-3.707169137633983,56.719579714171985,983.693490600586,1039.3399723542598,928.0470088469123,0.11313784687077527,0.007185245064940338,0.0071595541817408015,0.23014817259074136,16.198765794915484
2023-12-28,991.7440268494004,995.3843691168538,982.9875327507294,989.6779174804688,24915990,986.9550323486328,944.1668774414062,922.4038052368164,987.4107901292916,974.2939493762584,13.116840753033216,16.737386043456844,-3.620545290423628,58.16785348940514,986.9550323486328,1035.124569190714,938.7854955065517,0.09761242460551281,0.003641794533142617,0.00363517925555485,0.22634970656613246,16.02307868468873
2023-12-29,987.8576980727095,992.2851266822139,977.6746362911867,980.52783203125,12280140,989.9878173828125,945.0562976074219,923.0725158691406,986.3518734988237,974.7557184618133,11.596155037010362,15.709139842167549,-4.112984805157186,53.27603489242302,989.9878173828125,1026.6331529054735,953.3424818601515,0.07403189186618211,-0.009245518453632973,-0.009288523534119865,0.22897793792520302,15.689264606186018
2024-01-01,975.5592756483813,988.6447747328209,975.0181575005023,983.28271484375,7683792,992.580322265625,945.9516223144532,923.7337768554687,985.8796952441969,975.3873478234383,10.49234742075862,14.665781357885765,-4.173433937127145,54.516275618417694,992.580322265625,1017.1203356604996,968.0403088707504,0.049446906903937986,0.00280959165309258,0.002805652127710696,0.22634169174342228,15.583849590245848
2024-01-02,980.9214292212157,981.5609707229919,964.4415556610799,966.4093017578125,16263825,992.1400390625,946.7092041015625,924.3894696044922,982.8842500924454,974.7223073741327,8.16194271831273,13.365013629971159,-5.203070911658429,46.39344475247381,992.1400390625,1018.2571757908566,966.0229023341434,0.052648085351006325,-0.017160286488529186,-0.017309230613185903,0.166970048539252,16.058214582228523
2024-01-03,968.8197783020528,972.0665472696064,959.3745612454451,968.1802368164062,16826752,990.6937408447266,947.6596252441407,925.1189102172851,980.622094203824,974.2377095550419,6.384384648782088,11.968887833733346,-5.584503184951258,47.28127615286429,990.6937408447266,1018.7822165995798,962.6052650898733,0.05670465976882675,0.0018324896659962508,0.0018308127051713046,0.14401100116432777,16.15660359500728
2024-01-04,970.4923808719859,973.1980317046522,966.0649522367138,971.2302856445312,22789140,989.901724243164,948.7300793457031,925.9331295776367,979.1772005793174,974.0149374135226,5.162263165794798,10.607562900145636,-5.445299734350838,48.852457140416156,989.901724243164,1019.2838706105606,960.5195778757675,0.05936376439764437,0.0031502903200690824,0.0031453385524635048,0.1411146854004592,14.831893055152348
2024-01-05,972.0665334175308,982.2004134055409,967.9342547673281,977.6746215820312,14875499,989.6409973144531,949.9845166015625,926.7700567626953,978.9460345797349,974.2860251297084,4.660009450026564,9.418052210121823,-4.758042760095259,52.10068643747875,989.6409973144531,1019.3755825585139,959.9064120703923,0.0600916601570676,0.006635229597709014,0.006613313354589065,0.14283990794707885,14.585924755963301
2024-01-08,977.9698066167579,982.1020854154484,964.4907338916496,966.163330078125,8393164,988.2217620849609,951.2812622070312,927.5711395263672,976.9794646564103,973.6843440147762,3.295120641634071,8.193465896424273,-4.898345254790202,46.42865568592416,988.2217620849609,1019.6325503048029,956.810973865119,0.06357032282626751,-0.011774153946308985,-0.011844018233613004,0.14093493930942874,14.480508150543503
2024-01-09,970.3447595485834,978.9536484165683,959.6697613726194,963.9495849609375,14660414,986.3843780517578,952.6803283691406,928.3709118652343,974.9748677801837,972.9632507515289,2.0116170286547685,6.9570961228703725,-4.945479094215604,45.404923569165625,986.3843780517578,1018.9985805468735,953.7701755566421,0.06612878958917244,-0.002291274206203342,-0.0022939031915325805,0.1380610133586606,14.951358187272401
2024-01-10,958.5874760008375,978.9044779822007,958.5874760008375,977.0350952148438,9409181,985.2701416015625,954.2604272460937,929.1758538818359,975.2918258470544,973.2648688599226,2.0269569871318254,5.971068295722664,-3.9441113085908386,52.124762857035556,985.2701416015625,1017.5444994713232,952.9957837318018,0.06551372361147277,0.013574890697667152,0.013483577320227529,0.14852117232801684,14.997039682085854
2024-01-11,979.2488085023233,982.3972141884088,970.9350694416869,975.165771484375,6451345,984.1509857177734,955.5640588378906,929.9704733276367,975.2724328681807,973.4056764617338,1.8667564064468252,5.150205917867496,-3.283449511420671,51.15608089181076,984.1509857177734,1016.1840041816668,952.1179672538801,0.06509777245313754,-0.0019132616009639447,-0.0019150942238385284,0.14853067126270217,14.290760264751027
2024-01-12,978.7568819517846,992.432741141072,975.7560812090544,987.3165893554688,12255743,982.6677978515625,957.2986279296875,930.7480236816406,977.1253800200711,974.4361144538623,2.68926556620886,4.658017847535769,-1.9687522813269087,56.7787224380089,982.6677978515625,1010.8114143919079,954.524181311217,0.05728002200108052,0.012460258785127465,0.012383268645642721,0.13730235142799915,14.262648589272365
2024-01-15,987.3165782754367,995.3351674307465,983.1351179289786,993.5641479492188,12388044,981.3125091552735,959.1837292480469,931.5187539672852,979.6544212399399,975.8530058238887,3.8014154160512135,4.486697361238858,-0.6852819451876444,59.36861097485345,981.3125091552735,1003.7911906956024,958.8338276149445,0.045813502488985615,0.006327816893898719,0.00630788031970455,0.13894954469889276,14.599979891265166
2024-01-16,989.8746620709588,999.4182427672283,988.3988524803248,992.777099609375,11505126,980.7025085449219,960.9369909667969,932.3087252807617,981.6732948352376,977.1066424005913,4.566652434646244,4.502688375920336,0.06396405872590805,58.8898708507681,980.7025085449219,1001.0371522441966,960.3678648456472,0.041469545600419454,-0.0007921464773746889,-0.0007924603911835907,0.12862781628670641,14.480508717403868
2024-01-17,971.9682016234104,991.5472391168444,960.9979931914172,965.9173583984375,41914771,979.0446807861329,961.8805249023437,932.9792794799805,979.2493046141914,976.2778065485799,2.971498065611513,4.196450313858572,-1.2249522482470585,45.42689436551026,979.0446807861329,998.4583955413507,959.630966030915,0.03965848573862718,-0.027055157921658246,-0.02742788691445426,0.15865965833156132,15.864956578249112
2024-01-18,958.2431259931632,978.2649176405237,954.5044205813539,970.443115234375,17902484,978.046044921875,962.68533203125,933.6905154418945,977.8945062480658,975.8456071919721,2.04889905609366,3.7669400623055895,-1.7180410062119296,47.6006006910836,978.046044921875,997.0473018844257,959.0447879593244,0.03885554685529852,0.004685449326059965,0.0046745067755643195,0.1578923815706604,16.518528483116445
2024-01-19,975.3133165907817,994.5972638899035,971.6237927511231,983.0859375,23271148,977.7902374267578,963.6908508300781,934.435446472168,978.6931879791325,976.3819279555297,2.311260023602813,3.4758040545650344,-1.1645440309622215,53.20765209105344,977.7902374267578,996.3483876186502,959.2320872348654,0.03795936895572152,0.013027885990588572,0.01294375301261849,0.16538858481860005,17.27049501334572
2024-01-23,1042.0199023424595,1042.3151122922168,1004.7311505255955,1012.45458984375,50797448,979.4997192382813,965.5267590332031,935.345517578125,983.8872498044583,979.0539769842867,4.833272820171601,3.747297807686348,1.0859750124852527,63.088506779872645,979.4997192382813,1003.6870098105982,955.3124286659644,0.049387029107321054,0.029873942066992454,0.02943640840899908,0.19238381515953185,20.15535327117048
2024-01-24,1012.8480364224022,1019.2432110778104,980.5770732992008,983.0859375,34578943,979.7014129638671,966.7438110351562,935.9806665039063,983.7639709883878,979.3526407261913,4.411330262196429,3.8801042985883645,0.531225963608065,51.39981483669948,979.7014129638671,1003.9402066978132,955.4626192299211,0.04948200219619369,-0.029007377356333963,-0.0294364084089991,0.2213327957825753,22.01064982505964
2024-01-25,982.2988759526587,998.7295078271164,972.214177202352,993.66259765625,28315035,980.0802032470704,968.1477978515625,936.636739807129,985.2868366295972,980.4126375358253,4.874199093771949,4.078923257625082,0.7952758361468675,54.65792854209803,980.0802032470704,1004.9672651957225,955.1931412984183,0.0507857660346564,0.01075863233599561,0.010701170027621238,0.22316340143934527,23.395096336261506
2024-01-29,1003.5504637146486,1015.3569397583503,993.7117336782304,1000.008544921875,14078922,980.5967346191406,969.7603649902344,937.3206396484375,987.5517148284091,981.8641862310883,5.6875285973208065,4.400644325564227,1.2868842717565796,56.54047573815892,980.5967346191406,1006.720627249638,954.4728419886433,0.05328162272668342,0.006386420582392027,0.006366113810995744,0.22389112258366775,23.92568086939633
2024-01-30,998.5819848189448,1007.338419115052,991.7440549694523,1000.5005493164062,16085742,981.5953704833985,971.2519177246094,938.0538397216797,989.543843211178,983.2446575707415,6.299185640436463,4.780352588538674,1.5188330518977882,56.690611369786076,981.5953704833985,1009.1935626799333,953.9971782868637,0.0562313006487464,0.0004920001904280547,0.0004918791980182631,0.22085106069479388,23.781610342382105
2024-01-31,1000.4020967435955,1022.2440902784828,987.070629039353,1011.569091796875,25627447,983.0096893310547,973.0651965332031,938.8743414306641,992.9323429935929,985.3427638097144,7.589579183878527,5.342197907606645,2.2473812762718826,60.03548341750843,983.0096893310547,1013.6981301234886,952.3212485386208,0.062437717807883646,0.011063004900928153,0.011002257484225848,0.22362365972281903,24.91657992775217
2024-02-01,1017.2755035530364,1017.2755035530364,1000.9924764517363,1008.6174926757812,13058880,985.1200988769531,975.0978796386719,939.6144598388672,995.3454429446988,987.0668177997934,8.27862514490539,5.929483355066394,2.3491417898389964,58.73282671357027,985.1200988769531,1016.7913278837938,953.4488698701124,0.0642992241107378,-0.0029178423352682614,-0.002922107536024432,0.21332693142761128,24.628438864890523
2024-02-02,1020.3746743205556,1033.0666601657867,1005.1738843616477,1007.4859619140625,14774650,987.0853851318359,977.1158020019532,940.3086669921875,997.2132150938316,988.579346993443,8.633868100388668,6.47036030413085,2.163507796257818,58.21136381142117,987.0853851318359,1019.2055311261607,954.965239137511,0.06508078526567355,-0.0011218631145458735,-0.0011224928740164366,0.213656692567275,25.80205536899175
2024-02-05,1006.0102065272255,1009.8964570838909,995.7779026556566,1006.9940795898438,12948430,988.8735748291016,979.0323876953125,940.9572341918945,998.7179634778336,989.9434012598431,8.774562217990479,6.931200686902776,1.8433615310877025,57.97041297232576,988.8735748291016,1021.2581469721234,956.4890026860797,0.06549790178915153,-0.0004882274719583135,-0.0004883466937969981,0.2138048429607428,25.5771685669587
2024-02-06,1007.0432159063025,1018.2102106949073,1000.3037097510473,1009.8472900390625,12886927,990.4822082519531,981.0719567871093,941.6088452148438,1000.4301675641765,991.4177633916372,9.012404172539277,7.347441384030077,1.6649627885092002,59.02977949090314,990.4822082519531,1023.709776331573,957.2546401723332,0.06709372021585606,0.002833393469781731,0.002829386976701091,0.21311195857254642,25.98477224139385
2024-02-07,1011.4214656725248,1014.9142629380416,996.6633703562916,1005.6658325195312,16410895,992.4573333740234,983.0229772949219,942.261261291504,1001.2356544803849,992.4731759196293,8.762478560755653,7.630448819375193,1.1320297413804603,56.7713881487794,992.4573333740234,1024.2641542499769,960.6505124980699,0.0640971048454464,-0.004140683012943014,-0.0041492793789405825,0.20837781939944136,26.501308119597166
2024-02-08,1007.5843506463148,1011.6674477599702,969.3609072749921,973.3455810546875,20565502,992.927133178711,984.2016564941406,942.776227722168,996.9448739533545,991.0563170407447,5.888556912609829,7.28207043802212,-1.393513525412291,43.0587460034858,992.927133178711,1023.2016801660412,962.6525861913807,0.060980400224154886,-0.03213816202134523,-0.032665931253258416,0.24106614913193763,27.2532676958129
2024-02-09,972.9028503266528,997.401313514954,969.6068995994941,994.4005126953125,12799837,993.7954040527344,985.8781762695312,943.3842709350586,996.5534337598096,991.3040352373794,5.249398522430283,6.875536054903753,-1.6261375324734697,51.309597680681705,993.7954040527344,1023.132429403178,964.4583787022908,0.05904037235593183,0.021631506887626273,0.021400865988530568,0.24840412528634528,27.54140461411934
2024-02-12,994.105320862232,995.876280283492,969.360890452768,980.035888671875,8050066,994.0389099121094,986.9899523925782,943.9631842041016,994.0122729770504,990.4693577140088,3.542915263041664,6.209011896531336,-2.666096633489672,46.372647393840595,994.0389099121094,1022.8000502517475,965.2777695724712,0.057867232465137856,-0.014445511481588347,-0.014550863691111618,0.25426645030236206,27.710064698061874
2024-02-13,989.7762629977263,1010.4868382114652,984.1681747459204,1003.3536987304688,18706292,994.8407653808594,988.6595837402343,944.5654937744141,995.4494154006533,991.4237533448577,4.0256620557955785,5.772341928384185,-1.7466798725886061,54.09421903499412,994.8407653808594,1023.7068132680876,965.9747174936311,0.05803149386661349,0.023792812414444864,0.02351417451899237,0.2643928279685285,25.654477180017118
2024-02-14,993.2690157159769,1018.997259686499,991.3012696355923,1006.2069702148438,17878720,995.4729064941406,990.1550708007812,945.1396206665039,997.1044238336057,992.5188064463382,4.585617387267462,5.534997020160841,-0.949379632893379,54.94901730607368,995.4729064941406,1024.7717307403584,966.1740822479228,0.05886413192178678,0.0028437344557410427,0.0028396986921964944,0.2637392989264311,24.870895199466904
2024-02-15,1006.3544812043777,1010.0932466717068,990.3665448403932,1000.2545166015625,10069878,995.84677734375,990.6558618164063,945.6766662597656,997.5890534902144,993.0918220133918,4.497231476822549,5.327443911493183,-0.8302124346706341,52.74256224784074,995.84677734375,1025.1915556570405,966.5019990304594,0.058934323996233,-0.005915734823433327,-0.005933302099176611,0.2647653497718481,24.38599314279184
2024-02-16,1006.6989262673613,1009.650485394361,1000.5005380040549,1006.7481079101562,7159395,997.888314819336,990.8486999511719,946.2295907592774,998.9981387855901,994.1033987464855,4.89474003910459,5.240903137015464,-0.34616309791087385,54.871484582635276,997.888314819336,1023.9651747051522,971.8114549335197,0.052264085065546376,0.0064919390023412404,0.006470957126085721,0.24444422525104637,23.507537906413138
2024-02-19,1006.8464465307476,1029.1311947979043,1006.8464465307476,1026.91748046875,9388255,1000.7120330810546,991.6456372070312,946.88677734375,1003.2934221214608,996.5340714666532,6.759350654807577,5.544592640573887,1.2147580142336896,60.781312349016545,1000.7120330810546,1026.5047216972937,974.9193444648156,0.05154867287210869,0.020034179751737602,0.019836136295273993,0.25246637300434577,23.99244667370945
2024-02-20,1024.2610180558977,1035.6739206502066,1016.5867607398595,1031.8367919921875,11293528,1003.1495758056641,992.62458984375,947.546848449707,1007.6847097938803,999.149087801878,8.535621992002348,6.1427985108595795,2.392823481142768,62.08545833416267,1003.1495758056641,1031.0563277331116,975.2428238782165,0.055638266915548795,0.004790366915550015,0.004778929619310324,0.24978535873010538,22.843425150224967
2024-02-21,1039.7569873370444,1046.8408245754547,1031.0988572886058,1034.985107421875,15946325,1004.2761016845703,993.4333312988281,948.2190014648437,1011.884770967418,1001.8036077737296,10.08116319368844,6.930471447425352,3.150691746263088,62.934944674277446,1004.2761016845703,1035.3981835079023,973.1540198612383,0.06197913456494263,0.003051175781015658,0.0030465303910611656,0.22805738118856314,22.804778020621306
2024-02-22,1038.969987954932,1048.808718901475,1023.5232284095382,1045.5618896484375,13432573,1007.3998992919921,994.3306237792968,948.9496493530273,1017.0658661491134,1005.0449619866708,12.020904162442548,7.948557990428792,4.072346172013756,65.71417891587325,1007.3998992919921,1041.9225231192797,972.8772754647046,0.06853807281805435,0.01021926030695175,0.01016739670549478,0.1999163594894699,22.618543355464
2024-02-23,1052.744218252001,1052.744218252001,1040.5934094728898,1044.1845703125,13142759,1009.9259979248047,995.2279187011719,949.6477951049804,1021.237974481942,1007.9441922330286,13.29378224891343,9.01760284212572,4.27617940678771,65.0303579545971,1009.9259979248047,1047.4770297851064,972.3749660645032,0.0743639275302576,-0.0013173006299996848,-0.0013181690331904071,0.1984193598618659,22.47799009481235
2024-02-26,1036.1166162761153,1045.1683197973161,1033.558570535963,1037.1988525390625,7875941,1011.785513305664,996.02091796875,950.2575848388672,1023.6934941830375,1010.1112041075496,13.58229007548789,9.930540288798154,3.651749786689736,61.53290549086621,1011.785513305664,1050.918691438361,972.652335172967,0.07735469151923853,-0.006690117793396233,-0.006712596946323875,0.20049076641656013,22.028222117490422
2024-02-27,1033.8046204513494,1049.0054112267308,1029.6231599356051,1043.1021728515625,10580973,1013.9155944824219,996.5433544921875,950.9139682006836,1026.679444747426,1012.5549795700691,14.12446517735691,10.769325266509906,3.3551399108470044,63.32781460716778,1013.9155944824219,1055.0490475925349,972.7821413723087,0.08113782514827705,0.005691599347655174,0.005675463393394108,0.20085450042654282,22.109033453874392
2024-02-28,1045.8569952406344,1047.6771362637548,1025.3432672847086,1029.327880859375,7730332,1014.8035339355469,996.716513671875,951.4934298706055,1027.0868964569568,1013.7974167026103,13.289479754346416,11.273356164077208,2.016123590269208,56.681895322167136,1014.8035339355469,1056.4867461303925,973.1203217407012,0.08215030949526245,-0.013205122518853751,-0.01329308538099845,0.20502223581293136,20.682414060593544
2024-02-29,1026.22885861961,1043.5941223069317,1021.7521880889905,1035.231201171875,20944844,1016.1342193603516,997.3215954589843,952.0870385742187,1028.339866413098,1015.3851044410744,12.954761972023562,11.60963732566648,1.3451246463570818,58.68313748070732,1016.1342193603516,1058.6763009612112,973.5921377594922,0.08373319349020525,0.00573512135663834,0.005718738158059377,0.20515784895539055,20.25723693934221
2024-03-01,1037.986009477885,1072.3723226042753,1037.0021364831193,1069.37158203125,14909562,1019.2285003662109,998.727548828125,952.8284167480468,1034.6524380466599,1019.3841027810874,15.268335265572432,12.34137691364767,2.926958351924762,67.91499353817602,1019.2285003662109,1067.7099005682599,970.7471001641619,0.09513352537655591,0.03297850839573635,0.032446384883064346,0.23340098852588123,21.016217768033375
2024-03-04,1063.5667080999103,1077.3409300364494,1062.6811983836533,1074.733642578125,11424581,1022.615478515625,1000.4139050292969,953.5875787353516,1040.8187772053468,1023.4840686919791,17.334708513367673,13.340043233591672,3.994665279776001,69.08341944707209,1022.615478515625,1076.6453467210572,968.5856103101928,0.10566995970735572,0.005014216421096451,0.005001687103622992,0.2330999327230018,19.888273633262372
2024-03-05,1068.6829125129027,1081.7684727754213,1059.1393914895327,1070.503173828125,9222544,1025.6482727050782,1002.0599267578125,954.3226608276367,1045.385607455005,1026.9669653687306,18.418642086274303,14.355763004128198,4.062879082146106,67.01003260665594,1025.6482727050782,1083.3454395430579,967.9511058670984,0.1125086803603878,-0.003936295080380736,-0.0039440626802712386,0.23453801572934763,19.526351578618225
2024-03-06,1062.878109231162,1095.5918883060335,1062.878109231162,1079.4071044921875,21796484,1029.3353363037108,1004.0827697753906,955.1364169311523,1050.619683922264,1030.8514201186163,19.768263803647642,15.438263164032088,4.3300006396155535,69.11131260649854,1029.3353363037108,1090.9477066612503,967.7229659461714,0.11971292189149216,0.008317519164583231,0.008283119218567546,0.2336576159283972,20.453999953158082
2024-03-07,1077.2917746056637,1077.3410163000535,1065.2393294461426,1070.4046630859375,9963926,1034.1882904052734,1005.9098217773437,955.8702746582031,1053.6635268705213,1033.7812899680475,19.882236902473778,16.327057911720427,3.555178990753351,64.62909118536206,1034.1882904052734,1092.4295553918369,975.9470254187099,0.11263183992102661,-0.008340172460218565,-0.008375146292837983,0.19784210119210555,20.794843256961396
2024-03-11,1070.404535791999,1070.404535791999,1059.3852067115477,1061.3037109375,13310362,1037.5334503173829,1007.41416015625,956.5205700683593,1054.8389398039026,1035.8199878176365,19.018951986266075,16.865436726629557,2.1535152596365172,60.36670452270935,1037.5334503173829,1093.8045803896682,981.2623202450976,0.10847097036740722,-0.008502347254541798,-0.008538698402337036,0.19276529904367987,19.983155363150097
2024-03-12,1059.6804892440682,1077.1442354316735,1038.625582496139,1059.483642578125,21785435,1041.5058380126952,1008.8102746582031,957.181037902832,1055.5535094614752,1037.5728511332281,17.980658328247046,17.088481046953056,0.8921772812939892,59.52126508864231,1041.5058380126952,1091.5601967654802,991.4514792599103,0.09611920917945889,-0.0017149363943778084,-0.0017164085811747607,0.18220228712762404,21.37111915066348
2024-03-13,1059.77885170946,1072.0772645081547,1055.8433596138777,1066.4691162109375,24855870,1044.6616088867188,1010.5291003417968,957.861551208496,1057.232833576777,1039.7133152130584,17.51951836371859,17.17468851030616,0.34482985341242767,61.73622412260274,1044.6616088867188,1092.4973721510382,996.8258456223994,0.09158135583310531,0.006593281247659677,0.006571640638521883,0.16697210948800809,21.406257551194056
2024-03-14,1062.5828370894137,1079.4070413229927,1057.7127137934276,1066.124755859375,14231421,1047.6574981689453,1012.1859411621094,958.6025524902344,1058.6008216202536,1041.6697182238968,16.931103396356775,17.125971487516285,-0.19486809115950976,61.55740209350657,1047.6574981689453,1092.7810398468257,1002.5339564910649,0.08614178155885018,-0.00032289763137816063,-0.00032294977404313287,0.16741607428061123,21.149745911024645
2024-03-15,1054.7119299877845,1068.7321212212976,1052.7441838497475,1062.92724609375,66192734,1050.7911346435546,1014.1163000488282,959.3314700317383,1059.2664253854068,1043.2443499179599,16.02207546744694,16.905192283502416,-0.8831168160554768,59.82461855594764,1050.7911346435546,1090.4246280643513,1011.1576412227581,0.07543553064756471,-0.002999189117457113,-0.00300369569811905,0.1656789921813115,21.423826524770277
2024-03-18,1057.7128263089558,1067.3055890531218,1042.9547297794695,1063.7635498046875,8769440,1053.6419067382812,1016.0279663085937,960.0116293334961,1059.9582906806806,1044.7642906503102,15.19400003037049,16.562953832876033,-1.368953802505544,60.14065055922731,1053.6419067382812,1087.7541760977454,1019.5296373788173,0.06475116287859903,0.0007867929945448715,0.000786483635193951,0.16536467654332812,22.33390581136308
2024-03-19,1061.0578145795118,1071.1917547663113,1057.9094689437209,1066.4691162109375,16708715,1055.6194885253906,1017.9327429199219,960.7177581787109,1060.959956146874,1046.372055506653,14.58790064022105,16.16794319434504,-1.5800425541239882,61.20390671912664,1055.6194885253906,1087.7358841512212,1023.5030928995601,0.06084843255536021,0.0025433907814822465,0.00254016183696821,0.1523428656368768,21.898193992181998
2024-03-20,1062.5829470306016,1072.4216780216257,1050.2845332918216,1067.0103759765625,18725251,1057.3781677246093,1019.7194580078125,961.417810974121,1061.890789966826,1047.9008199859056,13.989969980920478,15.732348551660127,-1.7423785707396497,61.42559318926107,1057.3781677246093,1087.8195703999309,1026.9367650492877,0.05757902632097835,0.000507525025710942,0.0005073962784448784,0.15203629172828803,21.884142260093274
2024-03-21,1074.3893386064215,1082.2603227720363,1061.7465943107402,1064.3538818359375,19992607,1058.8466064453125,1021.6832690429687,962.108484802246,1062.2697271774587,1049.1195653081302,13.150161869328485,15.2159112151938,-2.0657493458653153,59.62479158878303,1058.8466064453125,1087.5219596147322,1030.171253275893,0.054163375497205506,-0.002489661019644429,-0.00249276537924662,0.15266396115613606,21.789270420332905
2024-03-22,1063.7143347625467,1076.061869046459,1061.303773813482,1072.716796875,17214415,1060.2043518066407,1023.85861328125,962.9046469116211,1063.8769686693881,1050.8675083871576,13.00946028223052,14.774621028601146,-1.7651607463706256,63.27495533399474,1060.2043518066407,1088.8026199174913,1031.6060836957902,0.05394859597042339,0.007857269261457578,0.007826561668336814,0.15108518560748005,20.19048283465981
2024-03-26,1063.5667354159368,1071.585324555275,1059.58200164128,1066.22314453125,13367635,1061.3062805175782,1025.6423742675781,963.6583383178711,1064.2379188019822,1052.0049629163495,12.232955885632691,14.266288000007457,-2.0333321143747654,58.82766756547561,1061.3062805175782,1088.9892488290166,1033.6233122061399,0.05216772729911276,-0.006053463843082474,-0.006071860334569254,0.1531057547547615,20.081558804725805
2024-03-27,1066.223219242338,1074.8813504721743,1062.1402420015347,1066.2724609375,26907245,1062.7599609375,1027.4645080566406,964.370315246582,1064.5509252843697,1053.06181462162,11.489110662749681,13.7108525325559,-2.2217418698062197,58.851321661010246,1062.7599609375,1088.0639157687576,1037.4560061062423,0.047619322822316554,4.6253363100268174e-05,4.6252293446452396e-05,0.15040998888151252,19.37527503220802
2024-03-28,1067.5022626495677,1087.2289654055658,1067.5022626495677,1075.66845703125,22070566,1064.3882751464844,1029.2315454101563,965.1519607543945,1066.2613147838897,1054.736380726037,11.52493405785276,13.273668837615274,-1.748734779762513,63.190405114837965,1064.3882751464844,1088.5306188764853,1040.2459314164835,0.045363791191101496,0.008812002971068766,0.008773403864114047,0.15198347858948238,18.53546970315046
2024-04-01,1078.3740966909645,1085.162724605495,1076.7998037410023,1081.916015625,10848191,1067.0176818847656,1030.998582763672,965.974114074707,1068.6697302979067,1056.749687014849,11.920043283057566,13.002943726703734,-1.0829004436461673,65.77469724322214,1067.0176818847656,1085.9817224074934,1048.0536413620378,0.03554587865728711,0.00580807083531365,0.00579126901793895,0.14211375684102817,18.201647740879043
2024-04-02,1076.7998684057336,1076.7998684057336,1061.845045296533,1063.7635498046875,14380396,1068.4442993164062,1032.4183117675782,966.7167272949218,1067.9149332989498,1057.269232406689,10.64570089226072,12.531495159815133,-1.885794267554413,53.92783081744127,1068.4442993164062,1080.3010737962225,1056.5875248365899,0.022194464395387376,-0.016778072935565325,-0.016920419245433492,0.15706592246217396,18.84818445188455
2024-04-03,1057.6634084362693,1066.1739333709988,1054.9577578565486,1059.827880859375,15477184,1067.9671142578125,1034.2965222167968,967.4389303588868,1066.670771385169,1057.4587619217027,9.212009463466302,11.867598020545367,-2.6555885570790654,51.75145056311317,1067.9671142578125,1080.4199594812128,1055.514269034412,0.023320652962342373,-0.0036997591673780805,-0.0037066202043438278,0.10441584957560995,16.898007493235678
2024-04-04,1067.2562910312008,1068.2894057744195,1046.2997470246664,1061.451416015625,21419689,1067.3030029296874,1036.116688232422,968.1794970703126,1065.8677936360084,1057.7545140768082,8.113279559200237,11.11673432827634,-3.0034547690761038,52.6012501840377,1067.3030029296874,1079.6526969229226,1054.9533089364522,0.023141870601574164,0.0015318856821671112,0.0015307135421990985,0.10272678856812364,17.309132768626828
2024-04-05,1052.7441775200211,1068.4861465296663,1050.235253168432,1065.9281005859375,15340637,1067.0742492675781,1037.7735314941406,968.9053656005859,1065.8770716283052,1058.3599649293362,7.517106698968973,10.396808802414867,-2.8797021034458936,54.95705100693226,1067.0742492675781,1079.3435834932266,1054.8049150419297,0.02299621461968537,0.00421751245772195,0.004208643679433999,0.10329203588019588,17.063173185174623
2024-04-08,1060.9594232885527,1074.1433454810406,1058.9425557038237,1069.6175537109375,8023461,1066.5847717285155,1038.9167907714843,969.6679782104492,1066.4525304102485,1059.19386039464,7.258670015608459,9.769181045053585,-2.5105110294451265,56.86006236615271,1066.5847717285155,1077.4874607777333,1055.6820826792978,0.020444111594709508,0.003461258900081532,0.0034552825300337964,0.09934765970572516,17.006948357007964
2024-04-09,1074.340076856861,1097.2643658518941,1070.7490364796934,1089.1966552734375,12298463,1067.5243713378907,1041.039005126953,970.5928921508789,1069.9516265430468,1061.4162896449213,8.535336898125479,9.522412215667964,-0.9870753175424856,65.2504059480344,1067.5243713378907,1082.3473602000852,1052.7013824756962,0.027770773689442568,0.018304768367508606,0.01813925285908309,0.1150186769925085,17.242373561815416
2024-04-10,1093.0337202336968,1098.5435054120717,1087.3273285870816,1091.5087890625,10598000,1069.0346252441407,1042.9959289550782,971.4922845458984,1073.2681130845012,1063.645363675853,9.622749408648133,9.542479654263998,0.08026975438413508,66.08917702572194,1069.0346252441407,1087.0089524616865,1051.0602980265949,0.03362721242717638,0.0021227881832615036,0.002120538251948451,0.10955827592242733,17.094794347701104
2024-04-12,1085.7038457563601,1093.9191612122947,1078.1280717650227,1086.58935546875,12216657,1070.389910888672,1044.7275451660157,972.4209948730469,1075.3175349897704,1065.344918623475,9.97261636629537,9.628506996670271,0.3441093696250981,62.625542668518925,1070.389910888672,1089.390322987765,1051.3894987895787,0.03550185199955488,-0.0045070031895715346,-0.004517190349010964,0.11105819948658184,16.6415046846631
2024-04-15,1082.4570746408115,1088.3111913118553,1059.2376948297706,1060.95947265625,10526597,1070.1144287109375,1045.9367236328126,973.2098458862305,1073.1086023230748,1065.020070774051,8.088531549023855,9.32051190714099,-1.2319803581171342,48.39507776712577,1070.1144287109375,1089.50985470693,1050.7190027149452,0.036249256108724995,-0.023587459865593297,-0.023870097311058956,0.1398676610100311,17.252916686148005
2024-04-16,1053.2853525855292,1057.2699664181264,1045.561852981989,1049.841796875,11278092,1069.3002807617188,1046.702177734375,973.9472561645508,1069.5290937926018,1063.895754188936,5.633339603665718,8.583077446445936,-2.949737842780218,43.75092116903058,1069.3002807617188,1090.6676069489868,1047.9329545744508,0.0399650623341217,-0.01047888827781085,-0.010534178419582155,0.14453299921790563,17.29859700338258
2024-04-18,1056.67972736376,1060.66446152718,1033.5094674241823,1038.4288330078125,16564216,1068.0753601074218,1047.2984045410155,974.6224780273437,1064.7444382872495,1062.0093155829268,2.735122704322748,7.413486498021299,-4.6783637936985505,39.55457325660165,1068.0753601074218,1093.4197027263174,1042.7310174885263,0.04745796704147644,-0.010871127346196108,-0.010930649828492761,0.14881020623848448,18.300039779759555
2024-04-19,1035.9691407376135,1054.7119714804403,1031.1973801854901,1050.03857421875,11284433,1067.389111328125,1048.1494567871093,975.3667269897461,1062.4819976613264,1061.122594000395,1.3594036609313207,6.202669930603303,-4.843266269671982,45.301893044769464,1067.389111328125,1093.9395985972749,1040.838624058975,0.049748469395783576,0.011180102903450617,0.011118067499551333,0.155023046605556,19.06957426721031
2024-04-22,1061.4023525762484,1071.1426002239434,1053.088552786897,1069.125732421875,10346714,1067.5219421386719,1049.39208984375,976.187138671875,1063.5041107014108,1061.7154190686529,1.7886916327579456,5.319874271034232,-3.5311826382762863,53.18333692266183,1067.5219421386719,1094.0796305245717,1040.964253752772,0.049755770514082746,0.018177578111667314,0.018014341139394905,0.16857360356087048,19.08011151986229
2024-04-23,1082.2603648639933,1082.2603648639933,1065.239312903183,1072.6676025390625,9848215,1067.8048034667968,1050.64849609375,976.9830548095703,1064.913878676434,1062.526691918313,2.387186758121061,4.733336768451598,-2.346150010330537,54.4936689453712,1067.8048034667968,1094.4598800813678,1041.1497268522257,0.04992499851664112,0.0033128658396091026,0.003307390389195923,0.16894003926414802,19.61773897604553
2024-04-24,1074.6353155118281,1080.686158658188,1071.4377281688085,1079.062744140625,5461309,1068.5402465820312,1052.1164343261719,977.804359741211,1067.0906272093866,1063.7515846755211,3.339042533865495,4.4544779215343775,-1.1154353876688825,56.84243647724867,1068.5402465820312,1095.602969461762,1041.4775237023002,0.05065363324647283,0.00596190430886967,0.005944202480269627,0.16973867480791213,18.844700416110722
2024-04-25,1072.4215900322672,1107.4966871577883,1072.3723483406734,1095.78857421875,19905338,1069.6938354492188,1054.5652941894532,978.7231994628906,1071.505695980058,1066.1246950120567,5.381000968001217,4.639782530827746,0.7412184371734716,62.32015287715245,1069.6938354492188,1099.3489390201673,1040.0387318782703,0.0554459651690801,0.01550033134676121,0.0153814283275265,0.17603990549604975,20.552426366301056
2024-04-26,1094.2144193811591,1101.9377986819404,1084.9659888361693,1090.032958984375,14190059,1070.884326171875,1056.4779431152344,979.5744717407226,1074.3560441345683,1067.8956775285246,6.460366606043635,5.0038993458709236,1.4564672601727118,59.52053838780392,1070.884326171875,1101.8360999823938,1039.9325523613563,0.05780600771544211,-0.005252486994106964,-0.005266329797959914,0.17562930368317084,20.1940085874452
2024-04-29,1090.1313056288498,1144.6870165205935,1090.032942347235,1141.4403076171875,28578063,1074.6427185058594,1059.7060314941407,980.6722903442383,1084.6767000549712,1073.3434279054625,11.33327214950873,6.269773906598485,5.063498242910245,71.73426394307991,1074.6427185058594,1118.7118636795908,1030.573573332128,0.08201636583925005,0.047161279123808075,0.046082959303322124,0.23962387425423418,22.79423578831123
2024-04-30,1141.2434493596547,1150.6887263324581,1128.2563736745785,1131.8475341796875,29568491,1077.4516723632812,1062.275908203125,981.6572515869141,1091.9337514587737,1077.677065407257,14.256686051516681,7.867156335582125,6.389529715934556,67.63337369630793,1077.4516723632812,1128.4180384737865,1026.485306252776,0.09460538679886354,-0.008404095574235826,-0.008439609098122348,0.2423569751098591,23.310775994072856
2024-05-02,1124.5668940413143,1136.8653071432534,1114.9741318218018,1121.0740966796875,25118334,1079.4095764160156,1064.573250732422,982.5815145874024,1096.4168814927605,1080.8916603163261,15.525221176434343,9.39876930375257,6.126451872681773,63.25944527473368,1079.4095764160156,1133.9792374120607,1024.8399154199706,0.10111020355634374,-0.009518452949414336,-0.009564042950856099,0.2457967075244647,22.89965907839392
2024-05-03,1122.8944193922243,1138.7347523146345,1117.1386656639672,1123.63232421875,19933604,1082.4030151367188,1067.0408068847655,983.5819985961914,1100.6038726813742,1084.0576354202094,16.546237261164833,10.828262895235023,5.717974365929811,63.85717150375572,1082.4030151367188,1139.85123859479,1024.9547916786476,0.1061494150601842,0.0022819433136840317,0.0022793436351687814,0.23569915376887107,23.64108120879944
2024-05-06,1123.1403237344898,1139.767682131019,1119.7458896646774,1127.813720703125,14970524,1085.8023071289062,1069.462119140625,984.5936309814454,1104.7900031462589,1087.2988269226475,17.49117622361132,12.160845560910282,5.330330662701037,64.86336979574565,1085.8023071289062,1145.6227561396195,1025.981858118193,0.11018663087738557,0.00372132092878541,0.0037144139441588585,0.23443483528848322,23.943274281590124
2024-05-07,1129.4369636309043,1134.1596020771042,1108.1362092373274,1113.6458740234375,15097728,1088.4120300292968,1071.1966870117187,985.5512573242188,1106.152444819671,1089.2504600412246,16.901984778446376,13.1090734044175,3.7929113740288756,58.88186846590504,1088.4120300292968,1148.3135181336813,1028.5105419249123,0.11007134513713915,-0.012562222306405912,-0.012641794122606817,0.2410231556886626,23.725409735710986
2024-05-08,1108.3823240237211,1113.7443845482246,1098.0516561458446,1104.8895263671875,19913090,1090.3601013183593,1072.6577416992188,986.4677856445312,1105.958149673135,1090.4089093987034,15.549240274431668,13.597106778420335,1.9521334960113332,55.476799402951926,1090.3601013183593,1149.71447948122,1031.0057231554986,0.1088711483318127,-0.007862775645739672,-0.007893850261836548,0.24368854782421925,23.746488930576625
2024-05-09,1102.4790338657724,1110.6451084134283,1092.0991247743116,1097.7071533203125,12229853,1091.764581298828,1073.9121826171875,987.2932672119141,1104.6887656188546,1090.9495200595634,13.739245559291248,13.625534534594518,0.11371102469673033,52.78062184051463,1091.764581298828,1150.3770464636032,1033.152116134053,0.10737198507584164,-0.006500535008681085,-0.006521755499400026,0.24540539498817876,23.131559611727976
2024-05-10,1099.9700317150034,1110.6942716080541,1094.1160353113987,1099.035400390625,8573656,1092.2565185546875,1074.9816528320312,988.1041653442383,1103.8190171222038,1091.5484741581606,12.270542964043216,13.354536220484258,-1.0839932564410422,53.233279218236,1092.2565185546875,1150.943342353752,1033.569694755623,0.1074597822070607,0.001210019508659288,0.001209288025067103,0.23715889318779634,22.636105683278352
2024-05-13,1094.4604418124766,1112.4161255815404,1088.8522931770124,1109.808837890625,9707983,1093.1715209960937,1076.2941381835938,988.9267254638672,1104.7405280096532,1092.9010936938987,11.839434315754488,13.051515839538304,-1.2120815237838158,56.84673783008191,1093.1715209960937,1152.3776032610422,1033.9654387311452,0.1083198402589195,0.009802630102880183,0.009754896017301994,0.23938886086763395,22.811806140373683
2024-05-14,1107.7427007496667,1109.7104468669584,1100.5112577889583,1102.47900390625,8944262,1093.9660034179688,1077.5997412109375,989.6797018432617,1104.3926012245142,1093.6105685244434,10.782032700070886,12.597619211644822,-1.8155865115739367,53.800943440073645,1093.9660034179688,1153.2266074084398,1034.7053994274977,0.10834085118791303,-0.00660459147028114,-0.00662649829488652,0.24013630683494092,22.260129579006275
2024-05-15,1104.003936981434,1109.612085486358,1095.5426526828924,1106.2176513671875,10743423,1096.2289123535156,1078.86205078125,990.4611297607422,1104.673378169541,1094.5444265127946,10.128951656746267,12.103885700665113,-1.9749340439188465,55.12174051994776,1096.2289123535156,1153.6092643874085,1038.8485603196227,0.10468680653697025,0.003391128037532498,0.0033853911289182426,0.22217043057564467,22.60448688715527
2024-05-16,1114.7281968433215,1118.2209943092364,1094.8540087178606,1112.8096923828125,14265565,1099.3773071289063,1080.5316870117188,991.1674435424804,1105.9251188177366,1095.897409169833,10.02770964790352,11.688650490112796,-1.6609408422092748,57.43258309053319,1099.3773071289063,1152.8155307609659,1045.9390834968467,0.09721543874980812,0.005959081386450293,0.0059413962841620765,0.21735578907384306,21.764675942459625
2024-05-17,1112.8096108108375,1125.5507181902365,1102.528065843281,1112.2684326171875,8641784,1103.069287109375,1082.072431640625,991.8642202758789,1106.9010132484213,1097.1100775733407,9.790935675080618,11.30910752710636,-1.5181718520257412,57.172273395269784,1103.069287109375,1148.3593652226448,1057.7792089961051,0.08211647018466771,-0.0004863902330559666,-0.0004865085591553677,0.2116131831798665,22.196878978258514
2024-05-21,1104.1022778238569,1115.5153011731006,1098.2482812745363,1102.8724365234375,10452900,1105.7109802246093,1082.7424487304688,992.5384133911133,1106.2812322138084,1097.5369189770515,8.744313236756852,10.796148669036459,-2.0518354322796064,52.70629850148213,1105.7109802246093,1143.5231739521348,1067.8987864970838,0.0683943533234055,-0.008447597556680675,-0.008483480736265744,0.21365344950696452,19.526375101487492
2024-05-22,1106.857133236162,1107.742642963088,1080.3909253188892,1093.1812744140625,17527411,1106.9137573242188,1083.1114013671875,993.1509765625,1104.2658540907705,1097.2142786390523,7.051575451718236,10.047234025572815,-2.9956585738545787,48.49830473647954,1106.9137573242188,1141.191106572902,1072.6364080755354,0.06193318860096771,-0.008787201301289405,-0.008826036423377873,0.20886723941952615,19.877758314796
2024-05-23,1097.5596331640875,1118.6636621265907,1093.4765359706398,1116.2039794921875,13787687,1109.090576171875,1084.0254174804688,993.870114440918,1106.1024887679116,1098.620923146692,7.4815656212197155,9.534100344702196,-2.0525347234824807,57.23364760146362,1109.090576171875,1139.5249317387188,1078.6562206050312,0.05488164126665055,0.021060281233288514,0.020841578804286994,0.22043536849867443,20.134273485587187
2024-05-24,1111.7765639224867,1116.6959292495774,1106.0209305101291,1113.695068359375,6312670,1110.8221923828125,1084.7111767578126,994.6069592285156,1107.2705779358291,1099.7375264957795,7.533051440049576,9.133890563771672,-1.6008391237220962,56.11662089999417,1110.8221923828125,1137.8085368903253,1083.8358478752998,0.04858805431249916,-0.002247717423435436,-0.0022502473319671807,0.22044467668075055,19.354195777642968
2024-05-27,1113.6459433951586,1129.2895491082788,1103.4628812192523,1111.579833984375,11599857,1111.6117553710938,1085.5346801757812,995.3041961669921,1107.933540404836,1100.6147344578978,7.318805946938255,8.77087364040499,-1.4520676934667343,55.13953415320124,1111.6117553710938,1137.6536018710942,1085.5699088710933,0.046854212136874754,-0.0018992940124230584,-0.0019010999583396727,0.21454003804735294,19.768829736406182
2024-05-28,1114.2361779831701,1116.8925870555686,1106.8571304468578,1108.775634765625,9311718,1112.5488891601562,1086.4841186523438,995.9771658325195,1108.063093383419,1101.2192455918037,6.843847791615417,8.385468470647076,-1.5416206790316593,53.8020895415841,1112.5488891601562,1136.5934930418582,1088.5042852784543,0.043224354661578625,-0.00252271508803692,-0.0025259024954869956,0.21373582185030493,18.626834291330038
2024-05-29,1097.067741329381,1105.4306626270395,1080.7845935856149,1084.2281494140625,19268547,1109.68828125,1086.9790087890624,996.5456954956055,1104.396178926595,1099.960645874934,4.435533051660968,7.595481386849856,-3.1599483351888873,43.789141314389674,1109.68828125,1132.8575341156613,1086.5190283843388,0.04175812839901753,-0.022139271987836717,-0.02238802398339814,0.14567828508350128,19.505285204017905
2024-05-30,1079.308747806472,1102.9217012680538,1079.2103845207203,1095.7393798828125,15255387,1107.8828735351562,1087.5644140625,997.208862915039,1103.06436368909,1099.6479595051471,3.416404183942859,6.7596659462684565,-3.3432617623255974,48.61829230799427,1107.8828735351562,1129.3462682771467,1086.4194787931658,0.038746685691606816,0.010616981744083098,0.010561017360143013,0.15104943972141027,19.87423756889054
2024-05-31,1099.970086377496,1112.366862972861,1093.328943190512,1102.970947265625,26197718,1106.977716064453,1088.301337890625,998.0152868652344,1103.049991931634,1099.894106746664,3.155885184969975,6.038909794008761,-2.8830246090387863,51.44069144518741,1106.977716064453,1127.609575390737,1086.345856738169,0.037276015635860825,0.00659971478216459,0.0065780320123421,0.1506447572293979,20.049929246440083
2024-06-03,1151.1314549939386,1154.0830741093077,1117.974981638635,1141.292724609375,25699977,1107.8607360839844,1089.8686474609376,998.9864840698242,1108.9334892666711,1102.9606710327907,5.972818233880389,6.025691481983087,-0.052873248102698334,63.02999412359767,1107.8607360839844,1132.5972381685344,1083.1242339994344,0.04465633861524413,0.03474414030465045,0.03415418872141739,0.19646991430402785,22.017664563522562
2024-06-04,1139.2265453107807,1140.702354777864,1036.5594240710273,1054.170654296875,43476837,1104.1785827636718,1089.6767895507812,999.4969430541992,1100.5084377328562,1099.3465957190192,1.1618420138370311,5.052921588353876,-3.891079574516845,39.783582372599625,1104.1785827636718,1137.009368279898,1071.3477972474457,0.05946644144111771,-0.07633630569433347,-0.07940724079425066,0.3365468564863689,28.83450173757121
2024-06-05,1067.5022525173526,1105.1353964425034,1034.0998107211954,1090.7708740234375,42172104,1103.0348327636718,1090.1628247070312,1000.1696664428711,1099.0103510083304,1098.711357074902,0.29899393342839176,4.10213605736878,-3.803142123940388,48.39442189901148,1103.0348327636718,1136.0700963380143,1069.9995691893293,0.05989885830091528,0.034719444690835655,0.03413032204022037,0.36003846569335834,32.903512660274245
2024-06-06,1099.970087057546,1099.970087057546,1078.9151794387894,1092.49267578125,18574162,1102.414990234375,1090.672470703125,1000.847063293457,1098.0076317426258,1098.2507140161129,-0.24308227348706168,3.2330923911976117,-3.4761746646846734,48.76559493206933,1102.414990234375,1135.7674118383413,1069.0625686304086,0.0605079246915458,0.0015785182743845994,0.0015772737239382615,0.3591359718407694,32.73836423365857
2024-06-07,1092.4926581643756,1110.104009770429,1085.8022733872265,1103.6103515625,17197635,1102.7101501464845,1091.4576000976563,1001.6223550415039,1098.869588637991,1098.6477242047342,0.2218644332567692,2.630846799609443,-2.408982366352674,51.205999000386285,1102.7101501464845,1135.9915560516076,1069.4287442413613,0.06036292655998868,0.01017643049487682,0.010124999256048282,0.36020327238094263,32.82972737910479
2024-06-10,1098.0022563128857,1114.9248236920885,1097.1167466019742,1105.676513671875,10851455,1103.0422058105469,1092.1167944335937,1002.4633206176758,1099.916807873973,1099.1683752763743,0.7484325975988213,2.2543639592073186,-1.5059313616084973,51.666765581822375,1103.0422058105469,1136.3017504093482,1069.7826612117456,0.06030511692770858,0.0018721844231071039,0.0018704340701652165,0.3602277797139208,32.86837432135836
2024-06-11,1101.6919214874545,1110.8419895056586,1093.0830317236544,1100.1668701171875,12250002,1102.560107421875,1092.7956689453124,1003.2437783813476,1099.9552789883137,1099.2423378571752,0.7129411311384501,1.946079393593545,-1.2331382624550948,50.30265602171108,1102.560107421875,1135.6859252314691,1069.434289612281,0.0600889105031243,-0.004983051992657694,-0.0049955087953987825,0.3590133961087287,32.183177188344466
2024-06-12,1102.9216850641683,1115.1217348604168,1094.0668276461688,1101.4951171875,16096514,1102.5109130859375,1093.5001220703125,1004.0458810424805,1100.192177172804,1099.4092104001622,0.7829667726416574,1.7134568694031675,-0.9304900967615102,50.64098910987868,1102.5109130859375,1135.6401601460227,1069.3816660258524,0.06009781248759909,0.0012073141869568538,0.0012065859692499542,0.3582312734651448,31.866928581324455
2024-06-13,1104.1021886675976,1105.0860616284854,1087.1796217809997,1089.49169921875,12494254,1101.6746154785155,1093.7765869140626,1004.8118255615234,1098.5459497952572,1098.67457994228,-0.12863014702270448,1.3450394661179932,-1.4736696131406977,47.4942341292703,1101.6746154785155,1135.2513005235664,1068.0979304334646,0.060955720633477206,-0.010897386453603941,-0.010957197891843845,0.36013054512994824,32.383460089041414
2024-06-14,1096.0345294527124,1096.0345294527124,1081.719129164698,1087.8192138671875,11377979,1100.4250915527343,1093.8946508789063,1005.5743270874024,1096.8956827294003,1097.8704787515323,-0.9747960221320682,0.8810723684679809,-1.855868390600049,47.05548819064786,1100.4250915527343,1134.1168099283816,1066.733373177087,0.0612340060841528,-0.0015351060983409548,-0.001536285580949377,0.35932648731113415,31.561226688969118
2024-06-18,1095.9853271941342,1116.7451444635597,1083.4409459075023,1104.7418212890625,18306176,1100.048760986328,1094.7142163085937,1006.3990585327149,1098.1027809693483,1098.3794670876457,-0.27668611829744805,0.6495206711148952,-0.9262067894123432,51.89753712191194,1100.048760986328,1133.3493486147356,1066.7481733579205,0.06054383916318317,0.01555645203371192,0.015436690875993104,0.3640442315471286,33.22327968520816
2024-06-19,1109.75950368303,1146.75322461017,1107.9886043418487,1125.993408203125,34309514,1101.2048095703126,1096.0375268554687,1007.3457897949219,1102.3936466976215,1100.4249442073108,1.9687024903107613,0.9133570349540685,1.0553454553566928,57.19221726263759,1101.2048095703126,1136.4657496628092,1065.943869477816,0.06404065762527023,0.019236699928011358,0.019054013751059508,0.36883953996852376,34.22473412385797
2024-06-20,1135.4386364718932,1141.2926325377728,1117.1877450402078,1138.144287109375,15475933,1103.4529602050782,1097.5713842773437,1008.2802230834961,1107.8937452225068,1103.2189696074636,4.674775615043245,1.665640750971904,3.009134864071341,59.90938321612816,1103.4529602050782,1142.128126358989,1064.7777940511673,0.07009844107305307,0.01079125225576627,0.010733442216422633,0.36828403944507654,34.25284632030308
2024-06-21,1144.7854792681483,1151.033048809149,1132.0934935247788,1139.9644775390625,69259425,1104.6409851074218,1099.0521118164063,1009.2134265136718,1112.8277040404384,1105.9408590838784,6.886844956560026,2.7098815920895287,4.176963364470497,60.31573816566681,1104.6409851074218,1146.3092858386988,1062.9726843761448,0.07544225009399758,0.0015992615789606202,0.00159798412197221,0.36153863170693895,34.24582028473316
2024-06-24,1136.0289470067053,1156.6902793435293,1134.0612010698649,1151.229736328125,12210295,1106.5177185058594,1100.68435546875,1010.195823059082,1118.7357090077749,1109.2955907316004,9.440118276174417,4.055928928906506,5.3841893472679105,62.82704041373815,1106.5177185058594,1153.005447185469,1060.02998982625,0.08402527659906306,0.009882113882514698,0.009833605112780634,0.36251942035331397,32.21131681544614
2024-06-25,1151.3773811074136,1186.5508409447048,1148.8193353214021,1178.630615234375,27309845,1109.8702575683594,1102.4730346679687,1011.3144863891602,1127.9503099657134,1114.4315184725467,13.518791493166646,5.948501441758534,7.5702900514081115,68.11277559561975,1109.8702575683594,1166.4669319315942,1053.2735832051246,0.10198791070811064,0.023801399530944956,0.02352256203684141,0.37032916513352576,27.425474321514344
2024-06-26,1182.6154524579229,1203.1291823342124,1174.59686276576,1198.357421875,25403461,1114.349346923828,1104.6100073242187,1012.5455578613281,1138.7821733363728,1120.6482520579136,18.133921278459184,8.385585409098665,9.748335869360519,71.27908605019182,1114.349346923828,1183.3919075223614,1045.3067863252948,0.12391546832082052,0.016737056025565966,0.016598534989531375,0.3726857288846105,24.389526739167504
2024-06-27,1208.5403632954783,1215.083142699582,1189.6008082372055,1200.2266845703125,20516632,1120.1492736816406,1106.88275390625,1013.82951171875,1148.2351750646712,1126.5429507625358,21.6922243021354,11.046913187706014,10.645311114429386,71.567193665822,1120.1492736816406,1197.5239664713258,1042.7745808919553,0.1381506815343899,0.00155985406456427,0.001558638755851582,0.3597742332338488,24.705771513711788
2024-06-28,1207.2122974343558,1207.2122974343558,1177.0565628057336,1180.254150390625,12507092,1124.3750122070312,1109.2686474609375,1015.0143411254883,1153.161171268664,1130.5215581423943,22.63961312626975,13.365453175418763,9.274159950850988,64.16130485161375,1124.3750122070312,1205.2870770385168,1043.4629473755456,0.14392362682031443,-0.016640635003743243,-0.01678064578923243,0.3674072902728582,25.12391424552748
2024-07-01,1180.25407382428,1195.7500741919466,1172.8259044392062,1192.3065185546875,8636894,1128.8417907714843,1112.1179418945312,1016.2104843139648,1159.1835323895907,1135.0982218766383,24.085310512952447,15.509424642925502,8.575885870026944,66.41956230524497,1128.8417907714843,1214.5028535485003,1043.1807279944683,0.15176805727306159,0.010211671918352039,0.010159885051937398,0.3679716934174465,25.489349435715067
2024-07-02,1197.3734411453652,1197.3734411453652,1166.4306833322826,1171.399169921875,16153925,1130.3471130371095,1114.7773486328124,1017.3087322998047,1161.0628612407113,1137.7871809911003,23.275680249611014,17.062675764262604,6.21300448534841,59.424406801396486,1130.3471130371095,1217.9652063688366,1042.7290197053824,0.1550286497327491,-0.01753521288985016,-0.01769077597244272,0.3569773388358151,26.43104943793495
2024-07-03,1177.54840489326,1196.24199235147,1160.428990253299,1182.2218017578125,22330897,1136.7496704101563,1117.4210131835937,1018.4559280395508,1164.318082858727,1141.0786343812272,23.239448477499764,18.298030306910036,4.941418170589728,61.674535693156756,1136.7496704101563,1219.5095570461708,1053.9897837741419,0.14560793601313024,0.009239063944922687,0.00919664486849717,0.20712883375733016,27.485199072500873
2024-07-04,1209.179986290108,1215.033982934888,1194.7171004020095,1213.115478515625,15275791,1142.8669006347657,1120.3008081054688,1019.8112130737304,1171.8253744982496,1146.414696909701,25.41067758854865,19.72055976323776,5.690117825310892,67.25652152037941,1142.8669006347657,1229.320991024181,1056.4128102453503,0.1512933664303296,0.026131878731958436,0.02579627526422219,0.19300358740848336,28.549894881757286
2024-07-05,1205.2444756355717,1222.5606171427328,1201.1613784936928,1213.509033203125,9535575,1148.9177185058593,1123.11763671875,1021.1283731079102,1178.2382450682305,1151.384647746251,26.853597321979578,21.147167274986124,5.706430046993454,67.32181643933475,1148.9177185058593,1237.4418415518828,1060.3935954598358,0.15410002234302225,0.00032441650813130885,0.00032436389647435394,0.19338384813585846,29.05588333611625
2024-07-08,1209.0816030717467,1219.5106332770943,1197.2751265898385,1215.1324462890625,6617190,1154.4938232421875,1125.8390307617187,1022.4295455932618,1183.9142760252817,1156.1067068975703,27.807569127711304,22.47924764553116,5.328321482180144,67.608756266883,1154.4938232421875,1245.028196488252,1063.959449996123,0.15683821155805752,0.0013377840967960797,0.0013368900609137561,0.19299470931899548,28.26526248834471
2024-07-09,1215.0339475267522,1230.038011199292,1209.4751610015549,1228.1195068359375,13366874,1160.6159729003907,1128.4856494140624,1023.7577743530273,1190.7150807653825,1161.4409883744866,29.27409239089593,23.838216594604116,5.435875796291814,69.88677211900811,1160.6159729003907,1253.7725956869517,1067.4593501138297,0.16052962385785832,0.010687773655075006,0.010631063117302351,0.19369906113565472,26.73322297953254
2024-07-10,1232.5469141994527,1232.5469141994527,1216.4113728030459,1223.15087890625,18226503,1166.7651733398438,1131.1480078125,1025.0008975219725,1195.7052035562851,1166.0120913768394,29.693112179445734,25.009195711572442,4.683916467873292,67.91875386913466,1166.7651733398438,1259.3553966201546,1074.174950059533,0.15871269625793324,-0.004045720226762306,-0.004053926293283252,0.19306432412410549,26.163983972306955
2024-07-11,1226.2501602309792,1237.5155787915146,1205.2937361837155,1218.4775390625,11307116,1172.6142944335938,1132.6887524414062,1026.2240979003907,1199.2086397880105,1169.8984208350364,29.310218952974083,25.869400359852772,3.4408185931213104,66.03516979726803,1172.6142944335938,1262.586517118775,1082.6420717484127,0.15345578356375106,-0.0038207386548493316,-0.0038280563219929096,0.19531831908724534,27.1127187811233
2024-07-12,1215.9687089511149,1232.6945505595163,1210.2621973028672,1213.01708984375,12208290,1178.7905639648438,1134.3121435546875,1027.4303262329101,1201.3330167196627,1173.0923963171633,28.240620402499417,26.3436443683821,1.8969760341173156,63.80848162364368,1178.7905639648438,1261.394690274525,1096.1864376551628,0.1401506405545755,-0.004481370434576304,-0.004491441875564523,0.18957844978453633,27.098666994193632
2024-07-15,1213.213848187686,1218.4775450466864,1204.309869041595,1210.1146240234375,15612671,1184.9053344726562,1136.0929541015626,1028.5986752319336,1202.6840332279357,1175.8347835546651,26.849249673270606,26.444765429359805,0.40448424391080096,62.600158841955185,1184.9053344726562,1256.5314835183224,1113.2791854269901,0.12089767336146467,-0.002392765810650177,-0.0023956330494295927,0.1900216173532069,25.415536307178545
2024-07-16,1210.1638079399554,1224.9219031587354,1209.1799349253702,1219.9041748046875,12320605,1190.6634521484375,1138.0183911132813,1029.8270407104492,1205.3332857782052,1179.0991829065185,26.234102871686673,26.40263291782518,-0.16853004613850686,65.00709662178087,1190.6634521484375,1253.0789721888043,1128.2479321080707,0.1048415821074276,0.008089771486854191,0.008057224698394563,0.18654984286038276,24.501939783243756
2024-07-18,1214.9849267751276,1236.1873202209238,1211.8364607641408,1230.1365966796875,10999632,1195.8706115722657,1140.0648486328125,1031.121572265625,1209.1491797630486,1182.8797320749015,26.26944768814701,26.375995871889547,-0.10654818374253594,67.37084523575209,1195.8706115722657,1252.6957094262816,1139.0455137182498,0.09503552860004703,0.008387889873922472,0.008352907011125064,0.17943541070378197,24.421120139987075
2024-07-19,1223.9380279933182,1230.3332025768846,1220.2485041951068,1228.5130615234375,7958817,1200.3890502929687,1142.3621923828125,1032.5449905395508,1212.128238495416,1186.2599787007189,25.868259794697224,26.274448656451085,-0.4061888617538614,66.60210920710932,1200.3890502929687,1252.0214779399582,1148.7566226459792,0.08602615566076355,-0.001319800712077157,-0.0013206724161051028,0.17894662316343493,22.987474693783902
2024-07-22,1220.0026771573469,1225.2172527697476,1213.0172019778342,1221.1341552734375,9958965,1204.4475341796874,1144.6870849609375,1033.9757885742188,1213.5137641535732,1188.8432510394389,24.670513114134337,25.953661547987736,-1.2831484338533983,63.079162012418514,1204.4475341796874,1248.2481964828055,1160.6468718765693,0.07273154049495296,-0.006006371833645496,-0.006024482641527052,0.1822427976540789,22.456881107559816
2024-07-23,1221.1341050565184,1228.5131532036169,1192.9461171142627,1206.96630859375,19369832,1207.2343627929688,1146.8722680664061,1035.3059854125977,1212.506463298216,1190.1856997471657,22.320763551050277,25.227081948600244,-2.906318397549967,56.860133281890256,1207.2343627929688,1243.1633791516726,1171.305346434265,0.059522852340917656,-0.01160220326202821,-0.011670033989984636,0.18813651170246576,22.78718669872207
2024-07-24,1205.2444794873966,1213.7550053424823,1182.6646411572679,1203.2767333984375,20122521,1208.4666687011718,1148.9570947265624,1036.6553671264649,1211.0865048520964,1191.1554059435562,19.931098908540207,24.16788534058824,-4.2367864320480315,55.33025623021061,1208.4666687011718,1241.8665250746255,1175.066812327718,0.05527642133374029,-0.0030568999060224256,-0.0030615817682975877,0.1710577883867775,22.449855419225173
2024-07-25,1186.0589540798987,1198.6033353860112,1171.3992217096722,1178.58154296875,14154461,1207.4778747558594,1150.332548828125,1037.9088217163087,1206.0857414854277,1190.2240086861632,15.861732799264473,22.506654832323488,-6.644922033059014,46.34254285509487,1207.4778747558594,1243.2262174534605,1171.7295320582582,0.05921159044811343,-0.020523284248952778,-0.02073681344614671,0.17688640681069526,22.383093312917303
2024-07-26,1170.808877642708,1200.3250678353813,1166.824143926023,1187.7314453125,19309265,1206.8531127929687,1152.03759765625,1039.2104852294922,1203.2620036126696,1190.0393743621883,13.222629250481305,20.649849715955053,-7.427220465473749,49.60865608178939,1206.8531127929687,1243.5589683223081,1170.1472572636292,0.06082903568006332,0.007763486878219927,0.007733506084324138,0.17932530231499252,23.247499402940043
2024-07-29,1195.5533833447412,1222.7082560181059,1184.7307795900044,1193.142822265625,28458261,1207.4975463867188,1153.7761010742188,1040.493455505371,1201.7052064823552,1190.2692593920724,11.435947090282752,18.80706919082059,-7.371122100537839,51.489333886867705,1207.4975463867188,1242.6571241504737,1172.337968622964,0.0582354438217542,0.0045560610308681415,0.0045457136019177195,0.16947653114555522,24.37192581300045
2024-07-30,1193.4379877337221,1211.0000973333736,1184.976703679443,1189.9451904296875,23972277,1207.3794799804687,1155.3188110351562,1041.8175024414063,1199.8959732434832,1190.2452542837477,9.650718959735514,16.975799144603577,-7.325080184868064,50.294831100472095,1207.3794799804687,1242.7689510433333,1171.990008917604,0.058621952169399416,-0.002680007603671153,-0.002683605253305543,0.1659172445948598,24.761964631299975
2024-07-31,1199.3412284660044,1204.9001351285349,1191.4702441938732,1195.307373046875,22297629,1208.5748901367188,1156.97958984375,1043.2187838745117,1199.1900347516973,1190.6202260439793,8.569808707718039,15.29460105722647,-6.724792349508432,52.29351952060545,1208.5748901367188,1240.2692947237138,1176.8804855497237,0.052449219068931026,0.004506243363403328,0.004496120647666315,0.1530527210229564,24.677636295760017
2024-08-01,1192.946036063854,1202.9323712314479,1187.4363711753606,1190.584716796875,8725046,1208.9930358886718,1158.7338354492188,1044.543323059082,1197.8661396817247,1190.617595729379,7.248543952345699,13.685389636250317,-6.436845683904618,50.37235219348738,1208.9930358886718,1239.4188100815923,1178.5672616957513,0.05033242258596795,-0.003950997338836637,-0.0039588231487931455,0.15084329605202243,23.48293325635203
2024-08-02,1177.6959907114142,1182.2710242194773,1170.9072429350965,1177.2532958984375,10735395,1207.1999267578126,1160.4152758789062,1045.7798052978515,1194.6949329458344,1189.6276475937536,5.067285352080717,11.961768779416397,-6.894483427335681,45.31174220191234,1207.1999267578126,1240.676763987267,1173.7230895283583,0.055461960338853464,-0.011197372778565584,-0.011260535302634487,0.12176561113134696,23.286156156718416
2024-08-05,1162.937883324056,1169.7266310287719,1148.1797883580148,1153.689453125,14306771,1204.2089477539062,1161.1649853515626,1046.930936279297,1188.386397588783,1186.9655591145868,1.4208384741962163,9.853582718372362,-8.432744244176146,38.037651780911986,1204.2089477539062,1245.1658322801302,1163.2520632276821,0.06802288689619343,-0.02001594971577836,-0.02021898267014428,0.13809790602348232,24.350858409242083
2024-08-06,1156.0508158159441,1168.5459553164283,1142.768529846995,1148.0322265625,13575619,1200.853936767578,1161.851728515625,1047.9917971801758,1182.1780635847394,1184.0816085551728,-1.9035449704333587,7.502157180611218,-9.405702151044576,36.52178153780264,1200.853936767578,1248.4914818060752,1153.216391729081,0.07933944933673853,-0.00490359563154219,-0.0049156577044417085,0.13758061439917313,25.067676783246934
2024-08-07,1159.9370447242293,1160.7734328695763,1142.8668719088475,1153.5418701171875,15753644,1197.1250549316405,1162.6909692382812,1049.0708596801758,1177.7724953589623,1181.8194057079147,-4.046910348952451,5.192343674698485,-9.239254023650936,39.06857811181739,1197.1250549316405,1247.379719458379,1146.870390404902,0.08395892195173903,0.004799206352581908,0.004787726875376472,0.1313714977618902,24.60736974781449
2024-08-08,1148.1305589944793,1155.4604849673224,1140.2104533386794,1145.8184814453125,10806438,1193.2584350585937,1163.431826171875,1050.1056478881835,1172.8564932184008,1179.1526705773515,-6.296177358950672,2.894639467968654,-9.190816826919326,36.8374323219041,1193.2584350585937,1246.86966658275,1139.6472035344375,0.08985686578703915,-0.006695369168602805,-0.006717883704446419,0.13196125139377968,24.976322122590577
2024-08-09,1157.5758097480823,1161.9047548052447,1150.1475206629223,1152.70556640625,8687307,1189.9698364257813,1164.8013745117187,1051.1893838500976,1169.7563506319161,1177.1936258239366,-7.437275192020479,0.8282565359708272,-8.265531727991306,40.12129491673898,1189.9698364257813,1245.114648695256,1134.8250241563067,0.09268270603414415,0.0060106247826010595,0.005992633035892484,0.1359295619385591,25.018494537899787
2024-08-12,1162.0336803927066,1169.228167312303,1147.1485350418181,1163.8199462890625,10860455,1187.5099792480469,1166.1629858398437,1052.3281994628906,1168.8430576560925,1176.2029828954273,-7.359925239334871,-0.8093798190903125,-6.550545420244558,45.08337237612839,1187.5099792480469,1242.7151219117563,1132.3048365843374,0.09297630104745119,0.009641993763822354,0.009595806396821038,0.14260482736933439,24.055108550837694
2024-08-13,1174.1402001247322,1180.143923785119,1154.6903013699869,1159.4039306640625,13117927,1184.9744445800782,1167.2916455078125,1053.43263671875,1167.3908842727033,1174.9586086560669,-7.567724383363611,-2.1610487319449723,-5.406675651418639,43.539523247686716,1184.9744445800782,1240.465625897486,1129.4832632626703,0.09365802202944952,-0.0037944147967912123,-0.0038016318507314915,0.14273891782010328,23.65248413868895
2024-08-14,1158.0642597488902,1161.090954297597,1144.1714580038308,1152.7552490234375,13431801,1181.6169982910155,1167.5208959960937,1054.5537619018555,1165.1392480805084,1173.3139153499462,-8.174667269437805,-3.363772439443539,-4.810894829994266,41.24921583489128,1181.6169982910155,1236.3297983253406,1126.9041982566905,0.09260665700215331,-0.005734568828671183,-0.0057510746010697835,0.13800688707559502,22.584054467617584
2024-08-16,1161.0412636212889,1183.8651517095705,1156.7245959708455,1178.1591796875,10961370,1179.0181274414062,1170.0006665039064,1055.8412619018554,1167.142314481584,1173.6728238193946,-6.530509337810599,-3.9971198191169512,-2.533389518693648,51.70313454565526,1179.0181274414062,1228.7369204654976,1129.2993344173149,0.08433931907728409,0.02203757535312345,0.02179825759597791,0.1595022817773625,22.4132672373872
2024-08-19,1181.8804727263328,1186.5941018157116,1164.3160506791048,1166.8961181640625,6686394,1175.9372802734374,1171.5231713867188,1057.0872045898439,1167.1044381250422,1173.1708456227034,-6.066407497661203,-4.4109773548258016,-1.6554301428354012,47.654491297221234,1175.9372802734374,1220.0642848412504,1131.8102757056245,0.0750499287811544,-0.00955988097162297,-0.009605869967970488,0.16162969665985807,21.29187971656615
2024-08-20,1165.2091443736933,1180.6897926432184,1161.041352076898,1170.4189453125,10427061,1173.4015197753906,1173.0816967773437,1058.364535522461,1167.614362307728,1172.967001155281,-5.352638847552953,-4.5993096533712325,-0.7533291941817204,48.99968569732418,1173.4015197753906,1212.0858220792925,1134.7172174714888,0.06593531992579438,0.0030189723777469535,0.00301442443175458,0.16222180580487525,20.836525924594007
2024-08-21,1167.9876876109618,1169.625077755297,1156.178781920312,1165.8541259765625,17234142,1171.3459106445312,1174.326572265625,1059.6871759033204,1167.343556718318,1172.440121512413,-5.096564794095002,-4.698760681515987,-0.39780411257901527,47.30333994818556,1171.3459106445312,1206.7506826668375,1135.9411386222248,0.06045143744570712,-0.0039001584468701944,-0.003907783898262114,0.15847924168340424,20.78547011697547
2024-08-22,1172.9494391539793,1183.468250844818,1167.5907626667606,1181.979736328125,8564142,1170.2810607910155,1175.85263671875,1061.1270932006837,1169.5952766582882,1173.1467596469104,-3.5514829886221833,-4.469305142937227,0.9178221543150435,53.43599651572422,1170.2810607910155,1202.8061527791913,1137.7559688028398,0.05558509503040476,0.013831584923246876,0.013736801555266794,0.16761375811181153,20.936764746416056
2024-08-23,1183.8651886303296,1195.7733045260243,1179.449310773257,1194.2847900390625,7518309,1171.0662231445312,1177.7349951171875,1062.608366394043,1173.3936633322535,1174.7125396759586,-1.318876343705142,-3.83921938309081,2.520343039385668,57.50044798311305,1171.0662231445312,1205.1555456185065,1136.976900670556,0.05821929076297505,0.010410545403395588,0.010356728859731714,0.15491801755624696,20.69723045291526
2024-08-26,1196.3191076607097,1205.647034605679,1191.8535643266057,1204.009765625,10920226,1171.8801391601562,1179.7852880859375,1064.0784942626954,1178.103832915753,1176.8827045610728,1.2211283546801042,-2.827149835536628,4.048278190216732,60.439473655165436,1171.8801391601562,1208.3397411230342,1135.4205371972782,0.06222411447130973,0.008142928443072073,0.008109953687694306,0.15515292171228728,19.60579921996173
2024-08-27,1204.0098351320562,1223.0627726699063,1199.6435016150756,1216.9598388671875,16295325,1173.0709899902345,1182.3346508789064,1065.660352783203,1184.0816799852043,1179.8513811763405,4.230298808863836,-1.4156601066565353,5.645958915520371,64.00878119607674,1173.0709899902345,1213.7647173006717,1132.3772626797972,0.06937982041611308,0.010755787545847051,0.010698355513788853,0.1587027989923984,19.437359618918695
2024-08-28,1213.2882407138438,1217.009527109644,1207.9792296829603,1214.47900390625,12291305,1174.2976806640625,1184.8678466796875,1067.2362023925782,1188.7581913576728,1182.416390267445,6.341801090227818,0.13583213272033556,6.205968957507483,62.839114043391966,1174.2976806640625,1218.464093068656,1130.131268259469,0.07522183366591942,-0.0020385512173078935,-0.0020406318910282093,0.1585198112939968,18.803340795058343
2024-08-29,1209.6164607584685,1225.5436144859966,1207.681440347739,1212.5439453125,10806748,1175.1595092773437,1187.0238891601562,1068.7733520507813,1192.4175381199539,1184.648061011523,7.7694771084309195,1.6625611278624524,6.106915980568467,61.88912626629692,1175.1595092773437,1221.6629478409923,1128.656070713695,0.0791440450364829,-0.0015933240406182936,-0.0015945947312948697,0.15824361852539376,18.98992240288796
2024-08-30,1220.5818867193016,1226.0894388087463,1209.5669036760319,1219.7879638671875,21211148,1176.6196716308593,1188.8997802734375,1070.2785885620117,1196.6283728502976,1187.251016778609,9.37735607168861,3.205520116627684,6.171835955060926,64.0784650358743,1176.6196716308593,1226.847210715224,1126.3921325464946,0.08537599752135129,0.005974231765118132,0.005956456801893047,0.1582438137553224,19.021083958086688
2024-09-02,1229.5129791826912,1229.7113993287953,1213.1393196536237,1220.5322265625,12516759,1178.7836181640625,1190.5475390625,1071.7302359008788,1200.3058888060211,1189.7162915774159,10.589597228605271,4.682335539023201,5.90726168958207,64.30534629093881,1178.7836181640625,1232.7184417953963,1124.8487945327288,0.09150928601355424,0.0006101574350290129,0.0006099713646655489,0.1513147176861462,18.627687344135747
2024-09-03,1217.8033299887798,1241.371477184039,1211.055469999512,1238.1463623046875,19114907,1183.0064636230468,1192.5111767578126,1073.2569177246094,1206.1275001135082,1193.3037042238805,12.823795889627718,6.310627609144104,6.5131682804836135,69.2546385863015,1183.0064636230468,1241.6851686246648,1124.3277586214288,0.09920267860905857,0.014431520412857779,0.014328377180272005,0.13366911327587191,18.97500054194966
2024-09-04,1230.3565014424944,1234.176997942738,1223.3605556490777,1226.88330078125,13505843,1186.9490173339843,1194.024248046875,1074.788038330078,1209.3207002162376,1195.7910817466486,13.529618469588968,7.754425781233078,5.77519268835589,63.21844017045024,1186.9490173339843,1246.325176795568,1127.5728578724006,0.10004837376241985,-0.009096712526354689,-0.009138340258395555,0.13795550109817523,18.82259413922421
2024-09-05,1228.5206798050983,1235.3182053814185,1221.8720299114532,1226.486328125,9142811,1190.596240234375,1194.9813623046875,1076.3093032836914,1211.961566048355,1198.0648037006006,13.896762347754475,8.982893094537358,4.913869253217117,63.00998492124272,1190.596240234375,1250.2926233490964,1130.8998571196537,0.10027981123637651,-0.000323561870959721,-0.00032361422839610846,0.13844552066293342,17.56089933806938
2024-09-06,1216.5628019074484,1224.4520011114125,1195.7732653744783,1198.899169921875,10170479,1193.2502746582031,1194.992197265625,1077.6864828491211,1209.9519666442811,1198.1266086058802,11.825358038400964,9.55138608331008,2.273971955090884,50.53840102623738,1193.2502746582031,1249.164474399592,1137.3360749168141,0.09371747223340075,-0.022492837931017973,-0.0227496602246682,0.16253942735717478,18.163400167634727
2024-09-09,1193.6893937018356,1228.8183593866072,1191.2580807218426,1225.5435791015625,13863250,1196.8921752929687,1195.49853515625,1079.2172998046874,1212.3506762530938,1200.157495309264,12.193180943829702,10.079745055414005,2.1134358884156974,58.982692214909285,1196.8921752929687,1251.15101802683,1142.6333325591074,0.09066621681369093,0.02222406174609648,0.0219807062513809,0.17697467463206001,19.44281717466645
2024-09-10,1227.4786328440832,1231.844966297702,1217.6048683884173,1227.8260498046875,15545130,1200.09248046875,1196.4499731445312,1080.7268154907226,1214.731502953339,1202.2070178644806,12.524485088858455,10.568693062102895,1.9557920267555602,59.618695262479,1200.09248046875,1253.684305782224,1146.5006551552758,0.08931282577912905,0.0018624149659356437,0.0018606828214973378,0.17532315471561843,19.442812497316222
2024-09-11,1222.0704612349368,1229.8107854485313,1217.009535927106,1226.88330078125,11993242,1203.4664489746094,1197.1415087890625,1082.256706237793,1216.6010103114793,1204.0348906731301,12.566119638349164,10.96817837735215,1.5979412609970147,59.21031478009332,1203.4664489746094,1254.7179741694335,1152.2149237797853,0.08517316828980485,-0.0007678196952959349,-0.0007681146198137428,0.1741526738344859,19.09903568682835
2024-09-12,1228.520699503871,1247.3752175091806,1216.9598787103319,1242.5623779296875,15376442,1207.956805419922,1198.5647729492186,1083.9346014404298,1220.5950668681269,1206.8887786180603,13.706288250066564,11.515800351895033,2.190487898171531,63.66773951616055,1207.956805419922,1256.1461562975476,1159.7674545422963,0.07978654644173902,0.012779599443935252,0.012698629475775337,0.17439227049027095,20.105560332977024
2024-09-13,1242.4133910945052,1246.333097348584,1232.5396270556282,1240.7760009765625,9877288,1211.087646484375,1199.7358569335938,1085.6055322265624,1223.6998259617324,1209.3989432372086,14.300882724523717,12.07281682642077,2.2280658981029475,62.825363547535815,1211.087646484375,1259.262049138877,1162.913243829873,0.07955560077645227,-0.001437655754636169,-0.0014386901732146714,0.16127353074225032,20.105560333968633
2024-09-16,1241.4210578615323,1255.9092410243197,1235.169248684242,1253.1802978515625,8973335,1215.40185546875,1200.5371533203124,1087.315609741211,1228.2352831755525,1212.6420065419757,15.593276633576806,12.776908787851978,2.8163678457248285,66.1722668289361,1215.40185546875,1262.3516029114385,1168.4521080260615,0.07725798217509078,0.009997208896075582,0.009947567380117598,0.15652016019213796,19.914183282914856
2024-09-17,1250.302517024621,1262.508384404533,1248.7644580527592,1258.39013671875,11513121,1219.8004150390625,1201.434775390625,1089.0682162475587,1232.8744914129675,1216.0307569254405,16.843734487526945,13.590273927786972,3.253460559739972,67.4959110066464,1219.8004150390625,1265.4717991957923,1174.1290308823327,0.07488337205602154,0.004157293947342655,0.0041486762767307854,0.1565143972092136,20.250871063278428
2024-09-18,1252.3368930345305,1285.4315085718288,1252.3368930345305,1278.485107421875,12466597,1225.4319641113282,1202.7018286132814,1090.9200677490235,1239.8915092604918,1220.6570051103615,19.234504150130306,14.71911997225564,4.515384177874665,72.04032821483634,1225.4319641113282,1270.8709039123485,1179.9930243103079,0.07415987363112761,0.015968792282115674,0.01584263242677608,0.15961745644339062,21.338902591781334
2024-09-19,1278.4851014958492,1290.0459218689532,1275.5080724453824,1282.107177734375,13172268,1230.4383361816406,1203.78158203125,1092.7585455322267,1246.386227487243,1225.2088697491772,21.177357738065893,16.01076752541769,5.166590212648202,72.77907774087737,1230.4383361816406,1277.7447738261367,1183.1318985371445,0.07689363416829138,0.00283309542791943,0.002829089776878537,0.15597744553052878,21.197139326842507
2024-09-20,1285.0841618950908,1351.9184375163336,1281.6606270608918,1328.201416015625,73257767,1237.1341674804687,1205.8825927734374,1094.8466799926757,1258.9731795685327,1232.8379472503957,26.135232318137014,18.035660483961557,8.099571834175457,80.01560987189518,1237.1341674804687,1298.6652947280568,1175.6030402328806,0.09947365268053596,0.03595193840401367,0.035320751259255004,0.19186139356749762,25.03183438257609
2024-09-23,1320.80849505564,1321.60241788708,1298.4807781970735,1311.7781982421875,11380409,1242.5225891113282,1207.7486059570313,1096.7833355712892,1267.0970285952487,1238.6853732497877,28.411655345460986,20.110859456261444,8.300795889199541,72.60907833925476,1242.5225891113282,1310.388838026056,1174.6563401966005,0.10923946093127652,-0.012365005469354484,-0.012442088227735116,0.201534661909201,24.98930799929214
2024-09-24,1310.8850653274296,1321.2054564579635,1305.377513381459,1308.50341796875,13886037,1247.0997680664063,1209.6583325195313,1098.7264920043945,1273.4672423450183,1243.8570802660072,29.61016207901116,22.010719980811388,7.5994420981997735,71.19396273265707,1247.0997680664063,1319.877274721997,1174.3222614108156,0.11671481066575812,-0.002496443589187436,-0.002499564900351412,0.20145663731411467,25.063746315070325
2024-09-25,1300.7135877579847,1317.583418764573,1300.0685405806087,1313.7132568359375,8728019,1252.0614807128907,1211.7303051757813,1100.6378952026366,1279.658936882083,1249.0316118637797,30.62732501830328,23.73404098830977,6.893284029993513,72.12474200069408,1252.0614807128907,1328.8928843666758,1175.2300770591055,0.12272784497777123,0.003981524844065776,0.003973619550491576,0.20030876435091163,25.354367937498832
2024-09-26,1309.892782398436,1323.1405374478413,1306.8165432729581,1318.87353515625,11100869,1257.3779602050781,1213.7096923828126,1102.3561880493164,1285.6919520011857,1254.205087663222,31.486864337963652,25.284605658240547,6.202258679723105,73.05349275984938,1257.3779602050781,1337.346997267399,1177.4089231427572,0.12719967995824896,0.003928009627261364,0.003920315140209792,0.1992161097142005,24.326577324953227
2024-09-27,1322.793216287465,1322.793216287465,1293.8663936696585,1296.5953369140625,17117379,1261.218328857422,1215.0388671875,1103.8536337280273,1287.3693958339359,1257.3451061262472,30.024289707688695,26.23254246813018,3.7917472395585143,63.2548536443703,1261.218328857422,1340.9633157049568,1181.4733420098871,0.12645706936368167,-0.016891838109063362,-0.01703613244563724,0.21272294525405827,23.709901893027645
2024-09-30,1282.2064133181361,1286.870498271365,1261.168789397214,1263.252685546875,12622212,1263.3543518066406,1215.7336596679688,1105.2345440673828,1283.6591327128494,1257.7827046018492,25.876428111000223,26.16131959670419,-0.28489148570396594,52.01079672925122,1263.3543518066406,1340.7651176989134,1185.9435859143678,0.12254798628994745,-0.025715541632707173,-0.026051966266601896,0.23611842758849264,25.22321972213935
2024-10-01,1260.0772141126831,1270.4471502080723,1257.8939867892805,1264.6419677734375,10972413,1264.679132080078,1216.6038159179689,1106.6433081054688,1280.733415029863,1258.290798170115,22.442616859747886,25.417579049312927,-2.9749621895650407,52.3905464025248,1264.679132080078,1341.1749401190932,1188.1833240410629,0.12097267377725901,0.0010997658999323257,0.0010991616004330726,0.2313734600308014,25.205499286236968
2024-10-03,1244.0011592918727,1256.0581509565811,1238.5929384016897,1246.7301025390625,17648551,1265.6714721679687,1217.399091796875,1107.9042184448242,1275.5021361851243,1257.4344503455927,18.067685839531578,23.94760040735666,-5.879914567825082,47.204113843982135,1265.6714721679687,1340.6017402376428,1190.7412040982945,0.11840397720480518,-0.01416358597201317,-0.014264846837596728,0.23502275185951044,24.89362004144404
2024-10-04,1237.5508987809962,1254.7184806872842,1226.734336136113,1230.2572021484375,13488887,1265.8600158691406,1217.938701171875,1109.0520181274414,1268.5413771025571,1255.4213208495073,13.120056253049825,21.782091576495294,-8.662035323445469,42.989196365398875,1265.8600158691406,1340.3930507625719,1191.3269809757094,0.11775873154861724,-0.01321288413352395,-0.01330095089121936,0.24031135228417372,25.907239631316575
2024-10-07,1232.0434743858432,1253.2795172340534,1215.6201496244253,1224.4520263671875,20667247,1267.1376586914062,1218.8561108398437,1110.1776791381835,1261.7584000663464,1253.1272990360021,8.631101030344325,19.1518934672651,-10.520792436920775,41.58015006077342,1267.1376586914062,1337.6027189553643,1196.672598427448,0.11121926616359665,-0.00471866839804902,-0.004729836459877666,0.22583539394207802,27.115766436284453
2024-10-08,1231.4976811477177,1238.245662101406,1220.3338222332038,1227.13134765625,12219259,1267.2170471191407,1219.6441088867186,1111.325591430664,1256.4311612340239,1251.2016730078724,5.229488226151489,16.36741241904238,-11.137924192890893,42.516638030170654,1267.2170471191407,1337.4881070091076,1196.9459872291739,0.11090611517532742,0.0021881798807681374,0.0021857893018820823,0.2118010905043024,27.413474544600767
2024-10-09,1233.5319821121263,1255.4130720043904,1223.2115909568488,1234.62353515625,14765997,1267.5569213867188,1220.4737231445313,1112.413807373047,1253.0761418374432,1249.9736627966413,3.1024790408018816,13.714425743394282,-10.6119467025924,45.163783302189074,1267.5569213867188,1337.087648994733,1198.0261937787047,0.10970825283640415,0.006105448707108385,0.006086885972715424,0.2127895708152197,27.34967922390386
2024-10-10,1237.2036303622588,1245.0927087268437,1228.520629146562,1233.978515625,9118195,1267.9116821289062,1221.3543896484375,1113.4803503417968,1250.1380454970674,1248.7888370802234,1.3492084168440215,11.241382278084231,-9.89217386124021,44.9717729977792,1267.9116821289062,1336.6363482053002,1199.1870160525123,0.10840607756054554,-0.0005224422772471815,-0.0005225787977651734,0.21277408722243452,27.49498137795464
2024-10-11,1227.528300150437,1231.299252032795,1212.6431550394777,1213.635498046875,8472512,1266.4653381347657,1221.7209521484374,1114.5236422729492,1244.5222689662685,1246.184886040716,-1.662617074447553,8.660582407577873,-10.323199482025426,39.297316073548316,1266.4653381347657,1338.5706812769763,1194.3599949925551,0.1138686404926114,-0.01648571455704917,-0.01662311615129168,0.2154836401254946,24.000520672960388
2024-10-14,1211.6507942721546,1228.4214150784755,1208.0783837250117,1222.3184814453125,11833929,1265.542462158203,1222.3556274414063,1115.6398651123047,1241.1063016553521,1244.4170042188343,-3.3107025634822094,6.266325413365857,-9.577027976848067,42.62502319684039,1265.542462158203,1339.4813790977742,1191.603545218632,0.11684936562852066,0.007154523258763534,0.0071290510792728886,0.21744918216363646,23.330691639739843
2024-10-15,1229.4632721003522,1248.6652054451272,1225.9405272443164,1245.8865966796875,11657338,1265.1777770996093,1223.7282934570312,1116.9172189331055,1241.841731659096,1244.5258629196383,-2.6841312605422445,4.476234078584237,-7.160365339126481,50.54915177567576,1265.1777770996093,1339.4446449251968,1190.9109092740218,0.11740147380053191,0.01928148481114933,0.019097952415409375,0.22582061276462093,24.082033134262
2024-10-16,1238.9402364127245,1245.340800313192,1232.0930454805564,1233.6312255859375,7869727,1263.9398315429687,1225.32712890625,1118.1443646240234,1240.5785768786102,1243.7188527467715,-3.140275868161325,2.9529320892351247,-6.09320795739645,46.920246960744166,1263.9398315429687,1339.4972813277468,1188.3823817581906,0.119558618059438,-0.009836666616697576,-0.009885366246278405,0.22769805015885977,23.81622406391677
2024-10-17,1239.8829828601924,1247.3255557801638,1215.024861988864,1221.8223876953125,8459497,1261.1066955566407,1226.8029321289061,1119.3621517944337,1237.693009311949,1242.0968923725893,-4.403883060640283,1.481569059260043,-5.885452119900325,43.66725510726122,1261.1066955566407,1338.5924360049771,1183.6209551083043,0.12288530498069383,-0.009572421357132987,-0.009618531475374469,0.22054490242438068,24.95741689366082
2024-10-18,1218.547563181441,1259.1840825393742,1215.8682854811916,1254.8177490234375,11018126,1259.7422241210938,1228.8284497070313,1120.7409802246093,1240.327584652178,1243.0391780504299,-2.7115933982518072,0.6429365677576729,-3.3545299660094803,53.39080227382427,1259.7422241210938,1336.6296809336802,1182.8547673085075,0.12206855551933218,0.027005039079667892,0.02664683753581315,0.24333475085114176,25.985200782259117
2024-10-21,1254.8177669815936,1262.607635574402,1240.9746301061532,1249.4095458984375,7742775,1255.8026306152344,1230.9002709960937,1122.0575939941407,1241.7248094592949,1243.5110571502823,-1.7862476909874658,0.15709971600864525,-1.9433474069961112,51.81217209598793,1255.8026306152344,1325.6749655763053,1185.9302956541635,0.11127916641939113,-0.004309951089876529,-0.0043192657023926745,0.2005247107229042,24.999947778787696
2024-10-22,1256.9016668439735,1275.0615928812024,1250.1041412654479,1257.7947998046875,20090801,1253.1034606933595,1233.0020556640625,1123.3981784057617,1244.1971156662785,1244.5691121617199,-0.3719964954414081,0.051280473718634575,-0.4232769691600427,54.079271831258986,1253.1034606933595,1317.854277583812,1188.3526438029069,0.10334472598874649,0.00671137333132843,0.006688952326582207,0.20011249291327496,25.935582319071482
2024-10-23,1251.3445279562577,1258.2412633793258,1233.5320194899548,1242.0164794921875,14055447,1249.7791137695312,1234.565986328125,1124.7056216430665,1243.861633177957,1244.380028260273,-0.5183950823161467,-0.0626546374883217,-0.45574044482782505,49.3722577527359,1249.7791137695312,1309.1582073871732,1190.4000201518893,0.09502334126635423,-0.012544431186191973,-0.012623776825373136,0.20357597469710006,25.83988335604457
2024-10-24,1240.6768573006573,1250.7987076222266,1231.547349996325,1243.15771484375,12223031,1246.2513366699218,1236.2410620117187,1126.0049966430663,1243.7533380496172,1244.2894865257158,-0.5361484760985604,-0.15735340521036945,-0.378795070888191,49.71318984293584,1246.2513366699218,1297.4584057817428,1195.0442675581007,0.08217775597119957,0.0009188568512625839,0.0009184349607242562,0.20256527289177098,25.21611286138245
2024-10-25,1237.6998715609657,1259.184122863092,1224.7497462785968,1245.8370361328125,13546055,1242.59951171875,1238.1026977539063,1127.4021353149415,1244.0739069854935,1244.404119829945,-0.33021284445158017,-0.1919252930586116,-0.13828755139296856,50.55504155418042,1242.59951171875,1280.7536315234136,1204.4453919140863,0.06141016384577408,0.0021552545240803855,0.0021529352948037096,0.20189500110598452,24.985756359587235
2024-10-28,1275.6569864282283,1297.7862848220739,1270.794481272672,1282.95068359375,24096412,1241.9172790527343,1240.1985278320312,1128.975987548828,1250.0549495406099,1247.259420849486,2.7955286911237636,0.40556550377786343,2.3899631873459,60.43556596225783,1241.9172790527343,1276.3085545093395,1207.5260035961292,0.055384164527990026,0.02979013015710419,0.029355024351215304,0.22523248770039997,27.416999846805748
2024-10-29,1291.3855165608227,1325.1251779791885,1289.3016205238707,1321.6519775390625,20656117,1244.8372436523437,1243.2936450195311,1130.7280960083008,1261.0698769249873,1252.7699806042694,8.299896320717835,1.984431667165858,6.315464653551977,67.68683485621668,1244.8372436523437,1293.7195036740763,1195.954983630611,0.07853598576198201,0.030165846934119056,0.029719805720680923,0.22934683585323654,28.12935794236981
2024-10-30,1313.8621457191011,1320.7093367177222,1295.6030101013187,1302.1029052734375,15055031,1246.7102905273437,1245.92732421875,1132.3502374267578,1267.3826505170566,1256.4242713205042,10.958379196552414,3.7792211730431693,7.179158023509245,61.550282384160354,1246.7102905273437,1301.3227446678327,1192.0978363868546,0.08761049709052873,-0.014791391832232326,-0.014901875291416978,0.23730414899846283,28.806278503617104
2024-10-31,1297.2403694104125,1308.8507339009743,1278.6836040126998,1282.355224609375,23497314,1248.4915466308594,1248.2573461914062,1133.931196899414,1269.6861234543364,1258.3450826752353,11.34104077910115,5.291585094254765,6.049455684846384,56.0247422228267,1248.4915466308594,1305.3830854828363,1191.6000077788824,0.09113644222181995,-0.015165990786200956,-0.015282170575567938,0.23821034505071123,29.437119168099407
2024-11-01,1280.0727600114117,1286.2749035463628,1276.4011394929669,1281.90869140625,1007022,1251.07412109375,1250.2559252929686,1135.5209924316407,1271.5665185238615,1260.0905351738288,11.47598335003272,6.528464745410357,4.947518604622363,55.902534533168236,1251.07412109375,1309.1573546480786,1192.9908875394212,0.09285338506330781,-0.0003482133456905734,-0.00034827398603522533,0.23195532977979297,28.6893143609517
2024-11-04,1280.221658871375,1281.908714624808,1260.3252547322475,1267.42041015625,14309121,1253.2225402832032,1251.7186376953125,1136.9729190063476,1270.928655698075,1260.6334888762303,10.29516682184476,7.281805160697237,3.0133616611475222,51.94342901553155,1253.2225402832032,1310.330094827818,1196.1149857385885,0.09113713280597319,-0.011302116404333318,-0.011366470674375464,0.23569145656793156,28.349081210433546
2024-11-05,1263.2526375453915,1291.3359928673021,1253.4284176295798,1286.7711181640625,16431920,1256.2045288085938,1253.3738647460937,1138.5309457397461,1273.3659576159193,1262.569609564218,10.796348051701443,7.984713738898079,2.8116343128033643,56.38620235837079,1256.2045288085938,1313.8019654614136,1198.607092155774,0.09170073078377812,0.015267789482281469,0.015152409698456038,0.24047941719745863,30.071511498904346
2024-11-06,1290.2940335374446,1304.9310933295442,1282.8017951557133,1292.3779296875,12037405,1259.0922485351562,1254.8822265625,1140.0562524414063,1276.2908763961625,1264.7776332770536,11.513243119108893,8.690419614940243,2.8228235041686496,57.60906630673371,1259.0922485351562,1317.9121422471417,1200.2723548231706,0.09343222274685167,0.004357271813371977,0.004347806390197886,0.24021014254718223,29.344983240513702
2024-11-07,1287.2177364325325,1292.824498565034,1265.4854006783698,1268.908935546875,9909035,1260.83876953125,1255.9708251953125,1141.4329763793946,1275.1551931885797,1265.0836556674108,10.07153752116892,8.966643196185979,1.1048943249829417,51.14480416184531,1260.83876953125,1318.5834262606486,1203.0941128018512,0.09159720992854112,-0.01815954420260013,-0.018326452465215703,0.25096999691854266,28.203790442548097
2024-11-08,1260.2755859661174,1265.2373008714958,1243.108003939261,1249.2109375,11195808,1262.6175415039063,1256.7041650390624,1142.7151455688477,1271.1637692364905,1263.907898766121,7.255870470369473,8.624488651022679,-1.3686181806532058,46.43516717170637,1262.6175415039063,1316.2878657614785,1208.947217246334,0.08501438082928171,-0.015523571073589704,-0.015645323366913773,0.2500763849627684,28.501499452502767
2024-11-11,1252.3369021242906,1266.1304944492979,1237.1044608620273,1259.5810546875,8387780,1264.4806701660157,1257.5000268554688,1144.183464050293,1269.3818131520304,1263.5873917973342,5.794421354696169,8.058475191757378,-2.2640538370612084,49.09289539356539,1264.4806701660157,1314.7393141367377,1214.2220261952937,0.07949294150004439,0.008301333967066782,0.008267067402438124,0.25044935135915847,28.742498495681748
2024-11-12,1266.3785236970411,1285.084164724792,1254.817703702316,1260.8709716796875,13486168,1265.2298889160156,1258.3068017578125,1145.6356033325196,1268.072452925516,1263.3861754923232,4.686277433192799,7.384035640044463,-2.6977582068516632,49.42901589463672,1265.2298889160156,1314.762945236385,1215.6968325956464,0.0782989032337936,0.0010240841487629826,0.0010235601323185506,0.2416017103480132,29.139442576617803
2024-11-13,1260.8709623351128,1266.477724382224,1240.4287212362626,1244.100341796875,12260404,1265.7533447265625,1258.4258813476563,1146.9406753540038,1264.384435828802,1261.9575952185864,2.4268406102155495,6.39259663407868,-3.965756023863131,45.24618006877529,1265.7533447265625,1314.0871392514478,1217.4195502016773,0.07637158491621704,-0.01330082955313916,-0.013390077854283,0.24390874779448643,29.624988685193507
2024-11-14,1244.149990424334,1257.993126310203,1233.5319691696748,1247.325439453125,9506892,1267.028497314453,1258.8347241210938,1148.1150296020508,1261.7599748479286,1260.8737318285523,0.886243019376252,5.291325911138196,-4.405082891761944,46.18923331319715,1267.028497314453,1311.6883296548947,1222.3686649740114,0.0704953873335935,0.002592313134157642,0.002588958886055279,0.24102875815106187,28.912615867767304
2024-11-18,1250.3521900785158,1252.9322576721884,1239.8333784208526,1243.852294921875,6195554,1266.480224609375,1259.1820434570313,1149.4188613891602,1259.0049471669972,1259.61288465028,-0.6079374832827398,4.111473232254009,-4.719410715536749,45.28467265938645,1266.480224609375,1312.0315834580076,1220.9288657607424,0.0719337861950149,-0.002784473419200628,-0.0027883572766523868,0.22099613445890876,26.13758947934405
2024-11-19,1247.4248442373848,1251.3445507199667,1231.3488145998942,1239.53564453125,11537317,1265.9865295410157,1259.9947729492187,1150.6482266235353,1256.0096698384207,1258.1256816785,-2.116011840079409,2.865976217787326,-4.981988057866735,44.12797555962617,1265.9865295410157,1312.520337328177,1219.4527217538543,0.0735139066669725,-0.003470388251280321,-0.003476424016933727,0.22081649119929533,24.553392460389336
2024-11-21,1238.9899233393824,1247.2759633109613,1223.1124350544421,1240.974609375,9593870,1265.1455200195312,1260.3033935546875,1151.8530569458007,1253.696583613279,1256.8552318782408,-3.158648264961812,1.6610513212374984,-4.81969958619931,44.635651518980474,1265.1455200195312,1312.894806689503,1217.3962333495595,0.07548425997546053,0.0011608902495854334,0.0011602169375435185,0.21935132728704984,24.418718233159
2024-11-22,1248.3675121917486,1271.588362957257,1246.3828261628269,1268.2640380859375,11604338,1266.4578979492187,1261.1121533203125,1153.1918743896485,1255.9377304552265,1257.7003286343665,-1.7625981791400136,0.9763214211619962,-2.73891960030201,53.30171836125328,1266.4578979492187,1312.9570189724702,1219.9587769259672,0.07343176760719447,0.02199031995076961,0.02175202006421934,0.2284395520707946,24.45061992558632
2024-11-25,1286.0765977985961,1301.160163762971,1280.1225394754547,1290.9886474609375,22717581,1268.8494445800782,1262.3942602539062,1154.5889721679687,1261.330179225336,1260.1661300289275,1.1640491964085413,1.0138669762113053,0.15018222019723604,59.04993470820612,1268.8494445800782,1315.2226865216114,1222.476202638545,0.07309494777275224,0.017917885150552593,0.017759251957960517,0.2360596227915831,26.09507432727472
2024-11-26,1300.5647702425501,1304.1868465830694,1292.4771502005863,1294.9580078125,7646955,1271.3054931640625,1263.4421728515624,1156.0206747436523,1266.503691315669,1262.7433061610438,3.7603851546250553,1.5631706118940554,2.197214542731,59.97666688641903,1271.3054931640625,1317.7500522751882,1224.8609340529367,0.07306593003941664,0.0030746671238117695,0.003069950001431341,0.2360905196330475,25.49612712938696
2024-11-27,1288.5573723920809,1300.812784090288,1287.9123252215186,1290.740478515625,21938082,1271.6949829101563,1264.4414624023439,1157.4369473266602,1270.2324278079698,1264.8171707799017,5.415257028068027,2.33358789512885,3.0816691329391768,58.46275300592383,1271.6949829101563,1318.678261542818,1224.7117042774946,0.07389079813013784,-0.0032568849888804374,-0.0032622001825832235,0.21253914577398972,23.70990453160461
2024-11-28,1291.0878806767676,1300.4654733696732,1272.4814498292426,1276.5003662109375,22803745,1269.43740234375,1264.9078637695313,1158.7844787597655,1271.196726023811,1265.6825926636823,5.514133360128653,2.9696969881288107,2.5444363719998426,53.54799594229402,1269.43740234375,1310.2469529123214,1228.6278517751784,0.06429549104701845,-0.011032513926474086,-0.011093823457445697,0.1844339598516358,24.128099200647448
2024-11-29,1273.275310189296,1293.2710463550777,1273.275310189296,1290.1451416015625,11397228,1268.8395141601563,1265.5429638671876,1160.185968017578,1274.1118668819265,1267.4946333257474,6.617233556179144,3.699204301738878,2.9180292544402664,57.255963967590986,1268.8395141601563,1307.9489913036025,1229.7300370167102,0.061646058003375914,0.010689206013412278,0.01063248032779963,0.18256343603458802,23.60357336344155
2024-12-02,1289.946649219065,1300.5151260626694,1279.2789623057151,1294.6602783203125,9626400,1269.454766845703,1265.8664672851562,1161.630940246582,1277.2731609493705,1269.5069033253449,7.766257624025684,4.51261496619624,3.2536426578294444,58.438228796649135,1269.454766845703,1309.8262912738157,1229.0832424175903,0.06360451034963059,0.0034997122208630937,0.003493602478791734,0.17437735561098958,23.277518516965852
2024-12-03,1293.9655928118616,1302.747925178162,1286.1757245707627,1298.381591796875,11509276,1270.2784118652344,1266.1919555664062,1163.2561203002929,1280.5206118489866,1271.6457691380508,8.874842710935809,5.385060515144154,3.489782195791655,59.43411615451249,1270.2784118652344,1312.355854426898,1228.2009693035707,0.06624916580276066,0.00287435517940704,0.0028702321194279817,0.17453603057401187,22.387959018403617
2024-12-04,1292.625936747851,1309.8927287632168,1291.7328038420255,1305.9730224609375,11570281,1272.2060424804688,1265.7473876953125,1164.8139828491212,1284.4363673277483,1274.18852864345,10.247838684298358,6.357616148974995,3.890222535323363,61.462773443245425,1272.2060424804688,1317.1657903856258,1227.2462945753118,0.07067997856305923,0.005846840953402932,0.005829814513855652,0.16944144428173025,21.523206439740438
2024-12-05,1306.171532833215,1332.6174992065928,1298.5800843127004,1326.2664794921875,19210697,1274.180810546875,1266.0371533203124,1166.5451358032226,1290.8717691992003,1278.0461546322451,12.82561456695521,7.651215832571038,5.174398734384171,66.31265973074579,1274.180810546875,1324.9308588589279,1223.430762234822,0.07965910001465362,0.015538955768787277,0.015419462473173754,0.1697350215866447,22.093807278878362
2024-12-06,1332.2205223736623,1336.7852761002946,1316.5414539912906,1318.5758056640625,8942672,1275.490704345703,1266.2386010742186,1168.1212463378906,1295.133928655333,1281.0483510049723,14.08557765036062,8.938088196128955,5.147489454231664,63.07308350656901,1275.490704345703,1329.4681054231569,1221.5133032682493,0.08463785881551046,-0.005798739504499606,-0.0058156174733438055,0.1713414442392677,21.792569062340913
2024-12-09,1311.9766296210685,1318.8734860133875,1310.1408193352056,1312.1751708984375,8000764,1277.6540161132812,1266.2078393554686,1169.6510873413085,1297.7556582311952,1283.3540413674514,14.401616863743811,10.030793929651928,4.370822934091883,60.42721841987994,1277.6540161132812,1333.9394563700653,1221.368575856497,0.08810748378971738,-0.004854203101657517,-0.004866023011876779,0.15749732016845358,21.480696735687065
2024-12-10,1308.9004164217674,1321.8008754160685,1305.1791301734115,1320.2626953125,8218214,1281.2066040039062,1266.2356225585938,1171.2511282348632,1301.2182793206266,1286.0880157337513,15.130263586875344,11.050687861096613,4.0795757257787315,62.56414048382473,1281.2066040039062,1338.885049190563,1223.5281588172495,0.09003769572589698,0.006163448747871891,0.006144532384537347,0.1442537340263246,21.239697387300243
2024-12-11,1314.5567183054773,1321.0566133833202,1305.9233826947975,1317.3353271484375,8138066,1284.0943176269532,1266.6504223632812,1172.8040643310546,1303.6978251402898,1288.4026313940985,15.295193746191217,11.899589038115534,3.395604708075682,61.274355602199044,1284.0943176269532,1342.9843255175006,1225.2043097364058,0.09172224669505273,-0.0022172618937548183,-0.002219723658498838,0.14377304933806756,20.594676132443347
2024-12-12,1311.4309069614158,1328.4991576758143,1311.4309069614158,1319.0718994140625,9076896,1287.0043640136719,1267.766806640625,1174.2648364257811,1306.0630673362548,1290.6744290252068,15.388638311047998,12.597398892702028,2.7912394183459703,61.77774984992666,1287.0043640136719,1346.8073685511783,1227.2013594761654,0.09293364686193276,0.0013182461821501512,0.0013173780585018122,0.1437426786537957,19.627140213310604
2024-12-13,1315.201818050664,1336.8349446817394,1303.4425773055236,1334.6021728515625,13536684,1291.5294555664063,1269.1660107421876,1175.7786633300782,1310.4536989539943,1293.9283359753072,16.5253629786871,13.382991709899043,3.1423712687880556,66.03049831387665,1291.5294555664063,1351.3593268827406,1231.6995842500721,0.09264964272935695,0.011773636785378017,0.011704866779548536,0.13494044193965327,19.66258604896648
2024-12-16,1334.6020835708346,1340.1095143687996,1329.7892443970975,1335.7928466796875,9071006,1295.9528259277345,1270.947265625,1177.2827020263671,1314.3520293733316,1297.0294108422981,17.322618531033413,14.170917074125917,3.151701456907496,66.33971972833982,1295.9528259277345,1355.0995529866213,1236.8060988688476,0.0912791358999437,0.0008921563686510314,0.0008917586337015688,0.13523532402123542,19.45701968107864
2024-12-17,1331.7243053318298,1337.7775734016686,1315.8964829440192,1323.5374755859375,9879257,1299.9370849609375,1272.81287109375,1178.6725799560547,1315.7651749445017,1298.9929711936788,16.772203750822882,14.69117440946531,2.0810293413575724,60.25943669413903,1299.9370849609375,1354.8936303653659,1244.980539556509,0.08455262341573992,-0.009174604523607521,-0.009216950411201127,0.14093489554869781,20.098493365998642
2024-12-18,1315.1026301384318,1324.728309292061,1297.4388753521955,1304.087646484375,8510595,1303.1646850585937,1274.4055834960936,1179.972095336914,1313.9686321044821,1299.3703545485453,14.598277555936875,14.672595038759624,-0.07431748282274953,52.098347594544116,1303.1646850585937,1350.1956917410137,1256.1336783761737,0.07217968261671444,-0.014695336898527867,-0.014804382993160422,0.15303772430195864,20.048879823101142
2024-12-19,1276.1531316977298,1293.0229631431896,1274.614951552865,1277.0462646484375,11517304,1304.9682678222657,1275.4038818359375,1181.171332397461,1308.2882678804751,1297.7167182596486,10.571549620826545,13.852385955173009,-3.280836334346464,43.31501555640071,1304.9682678222657,1344.052811020719,1265.8837246238124,0.059901139609590134,-0.020735862277997175,-0.020953869244520522,0.17403830636582288,20.725805449224595
2024-12-20,1274.1187908536028,1287.8131731856893,1262.657301485049,1278.5347900390625,58491181,1305.4818054199218,1276.2821069335937,1182.3484954833984,1303.710809751027,1296.2958346877533,7.414975063273687,12.564903776793145,-5.149928713519458,43.875929918097064,1305.4818054199218,1342.7641168904886,1268.199493949355,0.05711655469388111,0.0011656002071582794,0.0011649214226465252,0.156299418036865,21.00578458805931
2024-12-23,1284.736921667357,1296.992333800165,1277.1951389037538,1286.8704833984375,6827512,1305.275897216797,1277.3399462890625,1183.6362084960938,1301.1199903121671,1295.5976605181745,5.52232979399264,11.156388980233045,-5.634059186240405,47.03656831135662,1305.275897216797,1342.9387863135576,1267.6130081200363,0.05770870231660319,0.006519723533780608,0.006498562064455654,0.14416961416344076,21.236141322988733
2024-12-24,1286.8705106850512,1294.5115036860577,1280.3706152786017,1287.3170166015625,7138516,1304.89384765625,1278.8135766601563,1184.8966375732423,1298.996455895151,1294.9842794873143,4.012176407836705,9.727546465753777,-5.715370057917072,47.208078464099174,1304.89384765625,1343.1478081272485,1266.6398871852516,0.05863152859477,0.00034699156510753504,0.000346931377457076,0.14369217644843993,20.949067286293353
2024-12-26,1296.9922716557783,1302.6982437766815,1279.3285182011693,1287.4161376953125,7338444,1304.7276306152344,1280.1155297851562,1185.9868603515624,1297.2148684797912,1294.4236763916103,2.7911920881808783,8.340275590239198,-5.54908350205832,47.24891436397853,1304.7276306152344,1343.2683432271363,1266.1869180033325,0.05907855663902557,7.699820049889006e-05,7.699523628960823e-05,0.14325563057945429,20.187089477837617
2024-12-27,1288.6071205266592,1305.8737927483876,1288.6071205266592,1297.5382080078125,4756066,1305.779522705078,1281.1485620117187,1187.100883178711,1297.2646130225637,1294.654382437255,2.6102305853087273,7.194266589253105,-4.5840360039443775,51.38450304118036,1305.779522705078,1342.1644988217818,1269.3945465883744,0.055729126524097825,0.007862314302367057,0.00783156736550881,0.13977169191210823,20.05950611669984
2024-12-30,1294.957999087405,1316.343040012265,1279.576681997175,1284.7369384765625,14207425,1305.5091125488282,1282.1706762695312,1188.172052001953,1295.337278477025,1293.9197569586852,1.417521518339754,6.038917575070435,-4.621396056730681,46.427186230682025,1305.5091125488282,1342.459320464444,1268.5589046332123,0.056606587515081665,-0.009865813162376558,-0.009914802778297932,0.1396332100641812,22.0619126407647
2024-12-31,1277.0462265132433,1280.0727999714104,1270.2982456823183,1271.83642578125,8449607,1304.367919921875,1283.17095703125,1189.1341986083985,1291.7217626776749,1292.2839546492455,-0.5621919715706554,4.718695665742218,-5.2808876373128735,42.026904080317436,1304.367919921875,1344.038580103923,1264.697259739827,0.06082740854961254,-0.010041365130055269,-0.010092119686085402,0.14313807537371828,21.90598032302093
2025-01-01,1271.8364809130148,1283.0995501851953,1257.3978412327829,1273.8211669921875,4705399,1303.1398986816407,1283.551025390625,1190.1512811279297,1288.9678248799075,1290.9163407487229,-1.9485158688153206,3.3852533588307105,-5.333769227646031,42.923195852214604,1303.1398986816407,1345.0482531894568,1261.2315441738247,0.0643190413404023,0.00156053181895488,0.0015593154544617969,0.14276012730798007,22.660871627584488
2025-01-02,1275.26000882058,1283.4965044573805,1268.6113589467466,1280.7178955078125,7433222,1301.8771423339845,1284.1771923828126,1191.2483520507812,1287.6986049765082,1290.1609003605074,-2.4622953839991624,2.2157436102647363,-4.678038994263899,46.04481576541357,1301.8771423339845,1344.9323135680706,1258.8219710998983,0.06614321710403111,0.005414204673572787,0.005399600556852255,0.14249632138604704,22.5049355416013
2025-01-03,1276.3514823434055,1278.1377481475479,1252.5849166143184,1255.363525390625,11194997,1298.3319946289062,1284.1285668945313,1192.2277514648438,1282.723977347911,1287.583317029405,-4.859339681494021,0.800726951912985,-5.6600666334070056,37.84935716573099,1298.3319946289062,1344.4955876127697,1252.1684016450426,0.07111215494163055,-0.019796998391386045,-0.01999558427039311,0.14350608741584772,22.1292649356926
2025-01-06,1258.3406039432266,1267.9662826986646,1247.3751652140256,1254.4207763671875,7504047,1295.1242431640626,1284.3766528320311,1193.167509765625,1278.369638735492,1285.1268325359074,-6.757193800415507,-0.7108571985527135,-6.0463366018627935,37.58150532106939,1295.1242431640626,1344.189628264272,1246.0588580638532,0.07576938715986016,-0.0007509769117627352,-0.0007512590361785268,0.14318067340317567,22.862896900902374
2025-01-07,1256.8024602237333,1279.0805130186131,1256.8024602237333,1269.454833984375,7539758,1292.9882263183595,1284.9025952148438,1194.18416015625,1276.9981303122431,1283.9659437543123,-6.9678134420692,-1.9622484472560109,-5.00556499481319,44.345471732273246,1292.9882263183595,1342.644179781597,1243.332272855122,0.07680805200311415,0.011984860184416135,0.011913610461288597,0.15165896720508698,23.06137162902925
2025-01-08,1270.7448974492877,1275.1607754157394,1242.7607517198803,1254.073486328125,7566309,1289.6787658691405,1285.06732421875,1195.139891357422,1273.4712620069943,1281.7516876486688,-8.280425641674583,-3.2258838861397257,-5.054541755534857,39.6155232595012,1289.6787658691405,1340.4901817091736,1238.8673500291075,0.07879701082895668,-0.012116498550778121,-0.012190501699547347,0.1531061175956201,23.426413754457354
2025-01-09,1248.3675530849682,1255.0658686519982,1238.543332692866,1252.73388671875,8684920,1286.4486938476562,1284.46298828125,1196.0847430419922,1270.2808965780337,1279.6022209131193,-9.321324335085592,-4.444971975928899,-4.876352359156693,39.223136130833105,1286.4486938476562,1338.0645243686947,1234.8328633266176,0.08024545520997048,-0.0010681986534116783,-0.0010687695842078048,0.15319095365363078,22.501402399287517
2025-01-10,1249.359870144571,1255.264262696962,1233.5815917988612,1240.2799072265625,7854524,1282.5090942382812,1282.835546875,1196.9537969970704,1265.6653597547304,1276.6894569363374,-11.024097181606976,-5.760797017064515,-5.263300164542461,35.68441933117374,1282.5090942382812,1335.6460488224525,1229.37213965411,0.08286405893399265,-0.009941440575865546,-0.009991186669379776,0.15470771435149014,22.25331662767756
2025-01-13,1225.4444532249365,1234.4250851207983,1215.5210227528514,1220.3338623046875,9669336,1276.7956787109374,1281.200166015625,1197.720414428711,1258.6912832239545,1272.514968445104,-13.82368522114939,-7.37337465788149,-6.4503105632679,30.879299120607968,1276.7956787109374,1330.9125191944427,1222.6788382274322,0.08476977387351754,-0.01608188990699455,-0.01621260684317837,0.1509075620997735,22.607723026056128
2025-01-14,1223.9062438907645,1235.3181886617992,1218.0513958245872,1230.8031005859375,10342698,1271.54619140625,1280.1691235351564,1198.5526605224609,1254.4007935873367,1269.425200455536,-15.024406868199321,-8.903581099945058,-6.120825768254264,35.768278021255014,1271.54619140625,1321.7971680160144,1221.2952147964857,0.07903916813936579,0.008578995146031776,0.008542404691132125,0.15684778278375536,22.831001913895843
2025-01-15,1224.551219155373,1234.8716102214069,1220.5818472942535,1228.7686767578125,5355382,1266.8077514648437,1279.1063232421875,1199.332919921875,1250.457390998179,1266.4136061075565,-15.956215109377354,-10.314107901831518,-5.642107207545836,35.24655767849859,1266.8077514648437,1314.2081266707646,1219.4073762589228,0.0748343624375689,-0.0016529238731658458,-0.0016542914590490876,0.15584992832504688,22.182433153298785
2025-01-16,1235.56627244332,1245.8866640990627,1230.1580514277643,1239.53564453125,11895924,1263.5801513671875,1278.5486279296874,1200.199482421875,1248.7771223109592,1264.4226459907932,-15.645523679834014,-11.380391057432018,-4.265132622401996,40.216567507955084,1263.5801513671875,1309.043631568374,1218.116671166001,0.07195978846612179,0.008762404166947624,0.008724237098362403,0.1560672627362632,22.086742602454155
2025-01-17,1233.8296138721637,1239.4363759086416,1208.6737436803246,1216.066650390625,9790533,1260.5311706542968,1277.1345385742188,1200.9484533691407,1243.7447420155231,1260.8407203907807,-17.095978375257573,-12.52350852099713,-4.572469854260444,34.076955571147096,1260.5311706542968,1310.1787264904897,1210.883614818104,0.07877243656009326,-0.018933698473431293,-0.019115236046586777,0.1533806511705227,21.664995662156684
2025-01-20,1214.5286456993424,1232.2419443689244,1205.944854354206,1223.50927734375,7676418,1257.7798950195313,1275.7571655273437,1201.687657470703,1240.6315936044812,1258.075428313223,-17.44383470874186,-13.507573758546076,-3.936260950195784,37.3437140509043,1257.7798950195313,1309.2903006589227,1206.26948938014,0.08190686755824077,0.00612024591804583,0.00610159328012854,0.15589550008139033,22.5120240350477
2025-01-21,1227.4786100806577,1229.4632960558952,1183.567432878532,1186.9910888671875,20520898,1252.7859252929688,1274.11880859375,1202.213032836914,1232.3792082602822,1252.8099216875908,-20.430713427308547,-14.89220169229857,-5.538511735009976,29.59448898467876,1252.7859252929688,1311.3103728072324,1194.2614777787053,0.09343088285506941,-0.029847087515220028,-0.03030157817197489,0.1805627287367222,23.954463622544186
2025-01-22,1191.8038937223043,1198.2541229556057,1182.6743869540314,1191.258056640625,10377123,1247.982977294922,1272.9597509765624,1202.8505053710937,1226.0528772418734,1248.2505242767045,-22.197647034831107,-16.35329076080508,-5.844356274026026,31.38611595063827,1247.982977294922,1310.2239237251765,1185.7420308646674,0.0997464669993585,0.0035947765854835723,0.0035883308189089977,0.18195514759473433,24.004077229039922
2025-01-23,1188.0826742078204,1198.6511515402387,1176.9188152937772,1192.5482177734375,8770650,1243.2395812988282,1271.6190942382811,1203.514107055664,1220.8983142467293,1244.1244274986846,-23.226113251955212,-17.72785525903511,-5.498257992920102,31.949985229937354,1243.2395812988282,1307.261346548604,1179.2178160490523,0.10299183876190864,0.0010830240564758675,0.00108243800901991,0.18227473528355723,23.546888468537595
2025-01-24,1193.8878937592276,1208.6738293636251,1192.7963406363526,1199.941162109375,9216792,1238.3597290039063,1270.400498046875,1204.2065557861329,1217.6741369948286,1240.8515930254025,-23.17745603057392,-18.817775413342872,-4.359680617231049,35.234479116386325,1238.3597290039063,1299.780432860234,1176.9390251475786,0.09919686891906987,0.00619928337131781,0.006180146861865665,0.18095955635265865,23.22792376179107
2025-01-27,1185.8499521739243,1225.1963785798748,1183.9644761399952,1218.547607421875,16164687,1235.0502624511719,1269.889443359375,1204.9696533203125,1217.8085170605282,1239.1994459436598,-21.390928883131664,-19.33240610730063,-2.058522775831033,42.72689110441197,1235.0502624511719,1292.9830943775899,1177.117430524754,0.09381453320197707,0.01550613138380208,0.015387139818008995,0.1918381160598975,24.411649889537784
2025-01-28,1237.7990449684048,1254.3215805212242,1226.535975889425,1237.3525390625,18066499,1233.3260681152344,1269.6899853515624,1205.8083282470702,1220.8152896762163,1239.062638026537,-18.247348350320635,-19.115394555904633,0.8680462055839975,49.131855438692284,1233.3260681152344,1288.642637564381,1178.009498666088,0.08970307346812374,0.015432250267522374,0.015314384172658273,0.19982594087679048,24.65264627550136
2025-01-29,1242.4134579383835,1246.1844098592185,1233.5320363858045,1242.066162109375,7666777,1231.7383178710938,1269.6542626953126,1206.57267578125,1224.084654665933,1239.2851212919322,-15.200466625999297,-18.332408969923566,3.131942343924269,50.62246244623893,1231.7383178710938,1283.8934523661198,1179.5831833760678,0.08468541367645305,0.003809442255192863,0.003802204704908436,0.20041117263677544,24.376206097950053
2025-01-30,1240.428743300886,1250.203297570973,1230.0091418571585,1245.98583984375,11921041,1230.0017150878907,1269.7832666015624,1207.3450610351563,1227.4540677702123,1239.781470814289,-12.327403044076618,-17.131407784754177,4.804004740677559,51.88509530813398,1230.0017150878907,1277.3846519006966,1182.6187782750849,0.07704531828139777,0.0031557720948764967,0.003150803097390244,0.1995834359594813,24.269883584786744
2025-01-31,1244.8943321590757,1246.3828467053002,1229.6122252573796,1243.2073974609375,10195417,1229.3939086914063,1269.8279223632812,1208.1281512451171,1229.8776569534007,1240.035243158485,-10.157586205084272,-15.736643468820198,5.579057263735926,50.89168153322789,1229.3939086914063,1275.7068212538395,1183.080996128973,0.07534267452444056,-0.0022299148946676173,-0.0022324048571780147,0.1873543407049844,23.69929336865885
2025-02-01,1241.5699459496786,1251.6917959101459,1224.3528194419691,1245.936279296875,3011914,1228.9696838378907,1269.3813671875,1209.0530352783203,1232.3482142370121,1240.4723569465139,-8.124142709501712,-14.214143316956502,6.09000060745479,51.866454398950395,1228.9696838378907,1274.4655817851603,1183.473785890621,0.07403908907694566,0.002195033460636431,0.00219262789424576,0.1875769748756365,24.418735056584897
2025-02-03,1237.3028281264465,1250.3521626222068,1228.3221967826344,1243.40576171875,6176831,1227.6672302246093,1268.4297094726562,1210.0208551025391,1234.0493753880487,1240.6896461889019,-6.640270800853159,-12.699368813735834,6.059098012882675,50.85831714235078,1227.6672302246093,1269.6379962949884,1185.6964641542302,0.06837482509441961,-0.0020310168506796344,-0.002033082162332503,0.18194278724122093,24.971606693186263
2025-02-04,1253.1308244391428,1270.6952475836679,1250.3522155059911,1258.4893798828125,14839077,1227.8880249023437,1267.7003369140625,1211.121157836914,1237.8093760795507,1242.0081449810434,-4.198768901492713,-10.99924883128721,6.800479929794497,56.30961408842089,1227.8880249023437,1270.485477912175,1185.2905718925124,0.06938328600968176,0.012130889713115378,0.012057900163060832,0.1826031492632964,25.69814230201967
2025-02-05,1260.4740215455731,1267.966259598702,1255.462762111137,1257.9931640625,6840709,1228.1509887695313,1267.045390625,1212.160930786133,1240.9145742307737,1243.1922204685586,-2.277646237784893,-9.254928312586745,6.9772820748018525,56.0891800455092,1228.1509887695313,1271.453349999513,1184.8486275395496,0.07051634795061436,-0.0003942948015649428,-0.0003943725561997173,0.1825548213050402,24.386827776065356
2025-02-06,1265.2372940723083,1269.2066659752802,1253.5275985042942,1262.6572265625,8396554,1229.2698547363282,1266.7685278320312,1213.1285882568359,1244.259597666424,1244.6340727718136,-0.3744751053895925,-7.478837671147315,7.1043625657577225,57.76284755261163,1229.2698547363282,1274.9811487020327,1183.5585607706237,0.0743714552009564,0.0037075420067769205,0.0037006860136073803,0.1788167695945577,23.62839759437018
2025-02-07,1262.2603567708522,1265.2373859141799,1239.9823038025354,1247.2760009765625,7382039,1230.616961669922,1265.9111450195312,1214.0016302490235,1244.7236597141375,1244.8297711573507,-0.10611144321319443,-6.004292425560491,5.898180982347297,50.875980577500535,1230.616961669922,1276.8049226918297,1184.4290006480142,0.07506472356635106,-0.012181631928573244,-0.01225643611892867,0.17436873309754372,22.154056089675983
2025-02-10,1247.5735745348811,1255.3138984101563,1239.7837061908433,1252.9322509765625,5740361,1231.7234191894531,1265.0765844726564,1214.8709777832032,1245.9865199083567,1245.4299548476629,0.5565650606938561,-4.692120928309622,5.248685989003478,53.09087373624754,1231.7234191894531,1278.978069320438,1184.4687690584683,0.07672931990215982,0.004534882412209784,0.00452463081447272,0.17266616826521497,22.150517248085894
2025-02-11,1246.2339539700604,1252.188012073483,1238.8410469458931,1243.15771484375,6586627,1232.44287109375,1263.9721069335938,1215.607823486328,1245.5513191291864,1245.261640773299,0.28967835588741764,-3.6957610714702143,3.985439427357632,48.98091008698063,1232.44287109375,1279.9456016494582,1184.9401405380418,0.07708711157305202,-0.007801328543657449,-0.007831918103846971,0.17525446481773274,21.604722089815027
2025-02-12,1247.5735208959845,1260.0274734986122,1235.119689428972,1242.2149658203125,8809352,1232.576837158203,1262.6969458007814,1216.3687335205077,1245.038034004744,1245.0359611471517,0.0020728575923385506,-2.9561942856577037,2.9582671432500423,48.59020286544055,1232.576837158203,1280.178798994952,1184.974875321454,0.07723974749760658,-0.0007583502979394696,-0.0007586379909839281,0.17264151980128778,22.23202012406164
2025-02-13,1242.9592342670746,1256.3061987457909,1236.3601292961446,1239.337158203125,7263785,1233.7403625488282,1260.958359375,1216.8582177734374,1244.1609761891104,1244.6138275957424,-0.4528514066319076,-2.4555257098525445,2.002674303220637,47.348601743086974,1233.7403625488282,1280.777384938693,1186.7033401589633,0.0762510878588578,-0.002316674405292707,-0.0023193620471725655,0.15768946590186977,20.71160348190212
2025-02-14,1242.5126718509223,1253.8254065127483,1234.9212235163006,1250.451416015625,10368438,1235.087469482422,1259.5958715820314,1217.4512371826172,1245.1287361624204,1245.0462415527707,0.08249460964975697,-1.9479216459520843,2.0304162556018412,52.40665087440363,1235.087469482422,1282.4329572780603,1187.7419816867837,0.07666742472171462,0.00896790493122479,0.00892793207589343,0.15923334928960625,19.506618474552006
2025-02-17,1241.5699462890625,1248.5163471638045,1223.8069826822411,1241.5699462890625,8386151,1237.8164123535157,1258.1837670898437,1218.053716430664,1244.5812300280577,1244.7887381999035,-0.20750817184580228,-1.599838951130828,1.3923307792850257,48.40488749278345,1237.8164123535157,1279.4347164307817,1196.1981082762497,0.0672447119975332,-0.007102610795437392,-0.007127954410681989,0.11480129464489358,20.506051321692716
2025-02-18,1243.3065364897366,1247.9705000138076,1227.5779245772142,1233.531982421875,8135042,1239.930108642578,1256.4491528320314,1218.6032147216797,1242.8813457809526,1243.954904438568,-1.073558657615422,-1.494582892427747,0.421024234812325,45.05195697749688,1239.930108642578,1275.4376081495388,1204.4226091356172,0.05727338865225701,-0.006474032245394001,-0.0064950796825212955,0.11876133435493441,20.520224159034065
2025-02-19,1225.3947820253827,1254.7681118615644,1220.8300282561831,1251.9896240234375,10683412,1242.9021789550782,1255.1422387695313,1219.2240942382812,1244.2826193567196,1244.5500688522623,-0.26744949554267805,-1.249156213050733,0.9817067175080549,53.08787166924797,1242.9021789550782,1270.8586912965209,1214.9456666136355,0.04498586101916091,0.014963245270157799,0.014852400281601636,0.12758622281939916,21.746471455995543
2025-02-20,1245.7378271028595,1254.3216187366877,1237.203701075922,1240.379150390625,8398849,1244.9240783691407,1253.5683837890624,1219.8577606201172,1243.6820856696281,1244.241111929178,-0.5590262595499098,-1.1111302223505684,0.5521039628006585,48.302545774698665,1244.9240783691407,1264.3440703785718,1225.5040863597096,0.03119867684601526,-0.009273618095572256,-0.009316885798383403,0.13327557918526434,21.016395826894755
2025-02-21,1231.5968971791747,1235.1693078219741,1215.173692889092,1223.50927734375,7786428,1245.1721618652343,1251.3465258789063,1220.450859375,1240.5785766964161,1242.7054204784056,-2.1268437819894643,-1.3142729342783477,-0.8125708477111167,42.33178888945888,1245.1721618652343,1263.25408654577,1227.0902371846987,0.02904325238599839,-0.013600577727836072,-0.013693912825438496,0.13330899166935667,21.24321665989193
2025-02-24,1217.3071583182455,1222.467414805944,1200.9831637697991,1209.0211181640625,11522480,1243.7555908203126,1248.8110913085939,1221.0074291992187,1235.7235830760542,1240.2102869736393,-4.48670389758513,-1.9487591269397042,-2.537944770645426,37.988689597686324,1243.7555908203126,1267.854767439248,1219.6564142013772,0.03875227061780028,-0.011841478808514938,-0.011912147554354229,0.12708378708278145,20.902975781965715
2025-02-25,1217.2079253456668,1222.2193060560244,1211.6508286551266,1214.7767333984375,11059417,1242.3911193847657,1246.6358764648437,1221.5861358642578,1232.5009908179593,1238.326320042143,-5.825329224183633,-2.7240731463884904,-3.101256077795143,40.5961110951325,1242.3911193847657,1269.7612658269454,1215.020972942586,0.04406043477795213,0.004760558064622611,0.0047492624428690155,0.1276175248686786,20.95259652513692
2025-02-27,1215.769120615194,1225.3947998146707,1209.1203494513463,1213.0897216796875,12008162,1240.7463134765626,1244.81591796875,1222.102540283203,1229.5146417197636,1236.456942385665,-6.942300665901257,-3.567718650291044,-3.3745820156102133,40.06435857539628,1240.7463134765626,1271.007928958695,1210.4846979944302,0.04877969840158464,-0.0013887422045287812,-0.0013897074006933596,0.12663292853115465,20.995123874589662
2025-02-28,1206.6891556122284,1215.620243112648,1190.9108768010287,1194.8802490234375,20215075,1238.3299560546875,1243.17259765625,1222.5645465087891,1224.1862736126366,1233.3771873217963,-9.190913709159759,-4.692357662064787,-4.498556047094971,34.77020719133314,1238.3299560546875,1274.8373418547383,1201.8225702546367,0.058962291304593975,-0.015010820989428963,-0.015124623646462264,0.13567285087577938,20.956144174587866
2025-03-03,1201.2312348006667,1207.6814644794808,1194.929880803104,1196.964111328125,8158881,1235.88134765625,1241.5411840820314,1223.0182788085938,1219.9982486457884,1230.6799224333763,-10.681673787587897,-5.890220887169409,-4.791452900418488,35.815468488943424,1235.88134765625,1276.5704437778866,1195.1922515346134,0.06584628241020091,0.0017439925937270395,0.001742473604457813,0.13549960701808908,20.761217262925747
2025-03-04,1197.9068433475454,1207.334101585249,1197.0137104452713,1201.1319580078125,9574490,1233.7676574707032,1239.8264135742188,1223.4598901367187,1217.095742393792,1228.491184327779,-11.395441933986831,-6.991265096532894,-4.404176837453937,37.95687888828378,1233.7676574707032,1277.1160906485447,1190.4192242928616,0.07027001058968985,0.0034820147406615654,0.003475966563163563,0.13687195210001912,20.495416279101082
2025-03-05,1207.6814517983407,1216.5628733470458,1202.0251450551775,1206.391357421875,9052846,1231.1627563476563,1238.207900390625,1223.9305047607422,1215.4489139365742,1226.8541601125266,-11.40524617595247,-7.87406131241681,-3.5311848635356604,40.64788588821469,1231.1627563476563,1274.5174736366746,1187.808039058638,0.07042889669215388,0.004378702422326519,0.00436914379763244,0.1290291202259516,19.818497084072014
2025-03-06,1218.5476101118768,1218.5476101118768,1199.7427576093883,1208.7235107421875,11949475,1228.6992736816405,1236.6340478515624,1224.459760131836,1214.414236522053,1225.5111490480572,-11.09691252600419,-8.518631555134286,-2.578280970869903,41.85225523631857,1228.6992736816405,1271.226104114188,1186.172443249093,0.06922252066629989,0.0019331648108755761,0.0019312986524567142,0.12969525425713846,19.736981587846458
2025-03-07,1201.8265880949464,1208.5249033729367,1197.0634143564148,1205.250244140625,6620284,1225.828924560547,1234.7882885742188,1225.0201049804687,1213.0043915402948,1224.0103412771361,-11.00594973684133,-9.016095191475696,-1.9898545453656347,40.53309082019103,1225.828924560547,1266.4101233380761,1185.2477257830178,0.0662102157396511,-0.0028734996636491372,-0.002877636089720634,0.12797069773794667,19.219546829941105
2025-03-10,1198.7503263397664,1216.4140799337886,1198.7503263397664,1205.5478515625,7363437,1223.7425170898437,1233.2045068359375,1225.4668243408203,1211.857231543711,1222.6427494464224,-10.78551790271149,-9.369979733722854,-1.4155381689886362,40.70554925251167,1223.7425170898437,1263.9701403827555,1183.5148937969318,0.06574524090014675,0.0002469258341342151,0.00024689535296805535,0.12273006613783809,18.578069705700987
2025-03-11,1207.8798680000234,1238.4440812807522,1207.8798680000234,1235.864013671875,10927950,1222.8891052246095,1232.48505859375,1226.0776690673829,1215.5505826403516,1223.6221023520116,-8.071519711659903,-9.110287729310263,1.0387680176503604,55.01672424670339,1222.8891052246095,1261.1872894300461,1184.5909210191728,0.06263558002408139,0.02514720761194389,0.02483621946079555,0.15430318361627127,19.471187868676616
2025-03-12,1237.4020778822246,1242.3637929723905,1225.8413786306357,1234.425048828125,11548372,1222.4524719238282,1231.6971362304687,1226.6918951416017,1218.4543466692398,1224.4223206095014,-5.967973940261572,-8.481824971500526,2.5138510312389535,54.34623571171933,1222.4524719238282,1259.968827164128,1184.9361166835283,0.06137883656328769,-0.0011643391407398784,-0.0011650175101763894,0.15199957098662278,18.227211492703287
2025-03-13,1241.4707365370484,1245.9858244254206,1235.7647643884725,1240.4783935546875,8132940,1222.3656433105468,1230.8923461914062,1227.350408935547,1221.8426615746935,1225.6116593461818,-3.76899777148833,-7.539259531498088,3.770261760009758,56.73494758598966,1222.3656433105468,1259.6969966533488,1185.0342899677448,0.061080501643840504,0.004903776646714375,0.0048917922970944374,0.15310238063192363,17.830272773883994
2025-03-17,1247.4248742515454,1264.1953748180651,1245.1424367918191,1259.2833251953125,11164812,1223.3629516601563,1230.9707421875,1228.2256848144532,1227.6027636701733,1228.1058568164879,-0.5030931463145407,-6.132026254461379,5.628933108146838,63.18006999763543,1223.3629516601563,1263.559135468379,1183.1667678519336,0.06571424082064077,0.015159418929287405,0.015045663145171077,0.16194636556585573,17.72395304258719
2025-03-18,1259.2833251953125,1259.2833251953125,1259.2833251953125,1259.2833251953125,0,1223.8045471191406,1231.0679931640625,1229.0434045410157,1232.4766962125025,1230.415298918623,2.0613972938795087,-4.493341544793202,6.55473883867271,63.18006999763543,1223.8045471191406,1265.4226627807652,1182.186431457516,0.06801431774313062,0.0,0.0,0.15908588332513335,16.114944930162128
2025-03-19,1295.6029599370165,1308.2057883620175,1292.1794251380722,1303.0455322265625,11278014,1226.8783264160156,1231.7398071289062,1230.0437774658203,1243.3334402146656,1235.7953162006927,7.538124013972947,-2.087048433039972,9.625172447012918,73.73868976285479,1226.8783264160156,1281.171648285334,1172.5850045466973,0.0885064487656591,0.03475167673205126,0.034161472067765625,0.19761492715085152,18.666678878358066
2025-03-20,1309.8927772461004,1314.1102350516276,1301.0113557334153,1311.5797119140625,10886735,1230.780712890625,1232.889931640625,1230.8952124023438,1253.8328666299574,1241.4089751424237,12.423891487533638,0.8151395510747499,11.608751936458887,75.2304193239787,1230.780712890625,1296.9978421123244,1164.5635836689255,0.10760183114371558,0.006549410190538341,0.006528055991179334,0.195169781127429,18.43985237513578
2025-03-21,1305.923445707521,1338.6707661545943,1301.5571120874529,1332.81591796875,60494318,1234.8220275878907,1234.491572265625,1232.2884387207032,1265.9841052974639,1248.1798597962256,17.804245501238256,4.212960741107452,13.591284760130804,78.50274516488413,1234.8220275878907,1314.903676232093,1154.7403789436885,0.1297055719043727,0.01619131941565044,0.016061637940311416,0.196202177813627,19.325872929101642
2025-03-24,1345.5675050388625,1362.4870024308004,1334.7510627437973,1347.750732421875,9352280,1240.190606689453,1236.6409887695313,1233.5733380126953,1278.5635863935272,1255.5554799907181,23.008106402809062,7.971989873447774,15.036116529361287,80.45804547792012,1240.190606689453,1334.9008713092983,1145.4803420696078,0.1527350136486898,0.011205459247430216,0.011143143176964654,0.1923563340681031,20.53086357238786
2025-03-25,1348.5941513991709,1353.3574463042776,1319.8658696966822,1333.4112548828125,16419207,1245.6857055664063,1238.9025366210938,1234.7779309082032,1287.0016892380327,1261.3225744271695,25.67911481086321,11.513414860930862,14.16569994993235,73.54161802660957,1245.6857055664063,1348.7090170144934,1142.6623941183193,0.16540819403758497,-0.010639562045197226,-0.010696566883677629,0.1889736299445642,22.182405454564382
2025-03-26,1333.7586400786652,1347.6017762925185,1321.304687138062,1325.6710205078125,10859639,1251.5182006835937,1240.7998950195313,1235.8882342529296,1292.950817125691,1266.0891259886987,26.86169113699225,14.58307011614314,12.278621020849108,70.04157243365879,1251.5182006835937,1358.9166829665742,1144.1197184006132,0.17162911769771813,-0.00580483653985675,-0.005821750088836077,0.18322981620865011,22.95856072708032
2025-03-27,1322.9420827344788,1341.1515523929718,1322.9420827344788,1326.415283203125,15109614,1257.1001281738281,1242.7528271484375,1236.991928100586,1298.0991965222192,1270.5577302268043,27.54146629541492,17.174749351997498,10.366716943417423,70.18849255601616,1257.1001281738281,1368.0055319108228,1146.1947244368334,0.1764464122648773,0.0005614233726158879,0.0005612658334755741,0.18381024970817142,22.916033381080638
2025-03-28,1325.7702231722565,1347.5521031600986,1317.0375564815454,1338.025634765625,8266544,1263.346923828125,1244.722626953125,1238.1812219238282,1304.2417254827433,1275.5553527852355,28.68637269750775,19.477074021099547,9.209298676408203,72.45766173856107,1263.346923828125,1377.8312260057742,1148.8626216504758,0.18123968961866005,0.008753179874754213,0.008715092889250525,0.1830476131820007,24.26277983056496
2025-04-01,1329.739654923708,1341.995067068455,1305.328040709696,1308.3546142578125,14288024,1269.0206420898437,1246.5683862304688,1239.2155194091797,1304.8744776019846,1277.98492770913,26.889549892854575,20.959569195450555,5.9299806974040195,59.907819915079315,1269.0206420898437,1380.4239382944816,1157.6173458852059,0.1755736550056067,-0.02217522574820463,-0.02242479243142349,0.1948114979402415,25.620156456617583
2025-04-02,1312.026343402594,1327.705290380845,1312.026343402594,1321.056640625,8042214,1275.2252685546875,1248.5193334960939,1240.373344116211,1307.364041143987,1281.1754249621574,26.188616181829502,22.00537859272635,4.183237589103154,62.87248114528274,1275.2252685546875,1383.509934477671,1166.940602631704,0.1698282940169638,0.009708397271479097,0.00966157359401026,0.1953040761219501,24.65261691410189
2025-04-03,1311.8278468858045,1322.7932860458366,1311.1332552048473,1319.3697509765625,4591008,1281.137158203125,1251.1669067382813,1241.5310968017577,1309.2110734259215,1284.004634296558,25.206439129363616,22.645590700053802,2.5608484293098144,62.2145121217232,1281.137158203125,1385.2184624830923,1177.0558539231577,0.16248268753042466,-0.0012769245440069632,-0.0012777405068417854,0.19652646789711,24.305303806904362
2025-04-04,1319.3697112264526,1328.3007984100484,1311.9766830431024,1325.07568359375,8648542,1287.0713745117187,1253.8432592773438,1242.6327661132811,1311.6517826825107,1287.046934244498,24.604848438012596,23.03744224764556,1.5674061903670342,63.60205484373289,1287.0713745117187,1386.6449081365772,1187.49784088686,0.15472884503026751,0.004324741122012421,0.004315416304407392,0.19652801458281113,24.645542361879393
2025-04-07,1285.3322768617725,1314.854481252151,1255.3139009690346,1277.6912841796875,19185012,1290.5197631835938,1255.5461206054688,1243.391255493164,1306.4270906051534,1286.353923128586,20.073167476567278,22.444587293429905,-2.371419816862627,47.87837597075231,1290.5197631835938,1383.2076849446364,1197.8318414225512,0.14364432751094028,-0.03575976829153704,-0.03641481240042783,0.24365202458552404,27.934456744832087
2025-04-08,1289.8969896705237,1300.0189606799747,1277.4927025037578,1289.9466552734375,13085762,1294.7545837402345,1257.34623046875,1244.1502673339844,1303.8916390156585,1286.6200514356121,17.271587580046344,21.409987350753195,-4.138399770706851,51.23618840108601,1294.7545837402345,1378.3302726804857,1211.1788947999833,0.12909888868486746,0.009591809262139872,0.00954609991744494,0.24375858952886595,29.54347518599044
2025-04-09,1294.9579703581671,1295.106846037701,1274.6646041339118,1290.83984375,13005622,1299.0191833496094,1258.7920751953125,1244.9046441650391,1301.8836705132494,1286.9326286440853,14.9510418691641,20.118198254435377,-5.1671563852712765,51.48151635747514,1299.0191833496094,1371.3808523107875,1226.6575143884313,0.11140970031649358,0.0006924228012925582,0.0006921831872277979,0.24368452115916692,27.50917366721074
2025-04-11,1295.1067945023049,1314.8544439632922,1295.1067945023049,1301.606689453125,13064247,1302.3063171386718,1260.077158203125,1245.656528930664,1301.841058042461,1288.0195961114216,13.821461931039494,18.858850989756203,-5.037389058716709,54.455993851113575,1302.3063171386718,1368.2792264917052,1236.3334077856384,0.10131703806518277,0.008340961704316863,0.008306368112673391,0.23088213608877584,28.2888680168593
2025-04-15,1340.655373037739,1343.9301533432258,1325.9686484021752,1339.8614501953125,15202603,1307.5781372070312,1262.0330639648437,1246.4626831054688,1307.6903491428998,1291.859733450969,15.830615691930689,18.253203930191102,-2.4225882382604134,63.109622449984776,1307.5781372070312,1367.2627421958377,1247.8935322182247,0.09129030731011155,0.02939041497878314,0.02896679692328464,0.24888004751252954,28.660997289927828
2025-04-16,1346.6094196449503,1349.2886972283168,1332.6174078978706,1346.0140380859375,14039073,1312.8549194335938,1264.0336279296876,1247.2009661865234,1313.5863012879825,1295.8711634239298,17.715137864052622,18.145590716963405,-0.4304528529107827,64.28499293950904,1312.8549194335938,1365.8469776469426,1259.862861220245,0.08072797295258073,0.004591958287722964,0.004581447411983955,0.24887120270015972,27.732440494813236
2025-04-17,1351.5711498907554,1398.112060263163,1349.6856739861041,1395.9288330078125,17490424,1319.6871948242188,1267.088056640625,1248.179476928711,1326.254383091033,1303.2828426523656,22.97154043866749,19.110780661304222,3.860759777363267,72.06200911116045,1319.6871948242188,1378.5116639131088,1260.8627257353287,0.0891491094550257,0.037083413329667136,0.03641236316743036,0.272694438790714,29.061472321215383
2025-04-21,1425.004587897116,1425.004587897116,1393.9442026732427,1399.0052490234375,16882426,1326.673291015625,1270.1494360351562,1249.273232421875,1337.4468240037108,1310.3733912724451,27.07343273126571,20.703311075296522,6.370121655969189,72.46004835356445,1326.673291015625,1388.4080832753916,1264.9384987558583,0.09306706131470552,0.002203848751369586,0.002201423838816916,0.2722377305635133,29.401707754745157
2025-04-22,1401.9823098324273,1407.9363681338637,1388.1887172069748,1405.6539306640625,16135274,1331.8037109375,1273.3943994140625,1250.3399694824218,1347.9402250283804,1317.4312090051574,30.509016023223012,22.66445206488182,7.84456395834119,73.34394552617835,1331.8037109375,1401.7756948277909,1261.8317270472091,0.10507852368279602,0.004752435092910456,0.004741177925137747,0.24921265692300953,29.511577845344863
2025-04-23,1418.0581618237188,1418.9512947601793,1400.4937389943566,1413.493408203125,13990764,1336.899395751953,1276.4944799804687,1251.5504406738282,1358.0253301321873,1324.546927464266,33.47840266792127,24.827242185489713,8.65116048243156,74.38775788658742,1336.899395751953,1415.0372623638307,1258.7615291400755,0.1168941610119109,0.005577103558739305,0.00556160909946103,0.24910017002871082,28.650364208721253
2025-04-24,1405.4554343163697,1410.3178180904442,1388.0894318786184,1391.95947265625,15678099,1339.8565734863282,1279.1738061523438,1252.5991290283202,1363.2459674435813,1329.5404493303388,33.70551811324253,26.602897371040278,7.102620742202255,66.66543020428563,1339.8565734863282,1421.7310457221024,1257.982101250554,0.12221378594685774,-0.01523454967805582,-0.015351787666038418,0.2534159002836928,27.845860634846094
2025-04-25,1399.2035920369979,1403.966886762009,1377.769008045682,1394.04345703125,11705093,1342.171209716797,1281.8015307617188,1253.5037689208984,1367.9840427647612,1334.3184499007766,33.66559286398456,28.015436469629137,5.65015639435542,67.02222933185197,1342.171209716797,1427.528709931617,1256.813709501977,0.1271931622387143,0.0014971588009118353,0.0014960391760391039,0.2512216972037114,28.33494653436711
2025-04-28,1394.8373106964493,1424.0122194189871,1393.0511659597357,1417.8597412109375,10948561,1346.3936340332032,1285.2132055664063,1254.5255224609375,1375.657227141096,1340.5066937015292,35.15053343956674,29.44245586361666,5.708077575950082,70.86080969753601,1346.3936340332032,1438.0491425566377,1254.7381255097687,0.13614964629456083,0.01708431976030833,0.016940023915010736,0.25227386732803503,29.713591007100117
2025-04-29,1417.8597077945897,1427.2869661678633,1411.7071085959242,1418.85205078125,10786910,1351.052685546875,1288.5316015625,1255.5441204833985,1382.3025846241967,1346.3100534852122,35.99253113898453,30.752470918690236,5.240060220294296,71.01220846271843,1351.052685546875,1447.6147881478698,1254.49058294588,0.14294350417860835,0.0006998644093421102,0.0006996196184533401,0.2502445227650932,29.660429736028195
2025-04-30,1422.0275444346203,1422.7221360927958,1389.2802248488963,1416.073486328125,14192027,1355.535595703125,1291.9899169921875,1256.4838903808593,1387.4981079632626,1351.4777151772796,36.02039278598295,31.806055292148777,4.214337493834172,69.91677942935854,1355.535595703125,1455.5449759469177,1255.5262154593322,0.1475569960107425,-0.001958318664440739,-0.00196023867751094,0.250798909240803,27.066153208827068
2025-05-02,1415.9742091510598,1435.5233172200462,1413.6917718641512,1419.149658203125,8842434,1359.591796875,1295.5286108398439,1257.4638842773438,1392.3675772309339,1356.4904516977126,35.87712553322126,32.62026934036328,3.256856192857981,70.46007408748324,1359.591796875,1463.1292363341404,1256.0543574158596,0.15230665512563335,0.002172325027408384,0.002169968940902848,0.250020604711632,27.01653086451836
2025-05-05,1428.9738894731652,1435.7218701832576,1415.081087769954,1418.455078125,4565705,1365.0968200683594,1299.1109692382813,1258.4637719726563,1396.381038906944,1361.0804240256598,35.30061488128422,33.156338448547466,2.1442764327367527,70.15200536600051,1365.0968200683594,1468.8714117219374,1261.3222284147814,0.15203989948256025,-0.0004894339889455201,-0.0004895538008552299,0.2321987801671763,27.03071232948368
2025-05-06,1418.0581160771362,1422.7220796211836,1409.5239906903596,1420.63818359375,6301690,1370.0758972167969,1302.5147045898439,1259.5018774414064,1400.1129073202987,1365.4921099195924,34.62079740070635,33.44923023897924,1.1715671617271113,70.58729325284637,1370.0758972167969,1474.5072086818448,1265.644585751749,0.15244602386946884,0.001539072687191334,0.0015378895286455342,0.2314142812950973,26.258104380735954
2025-05-07,1414.0887881642996,1430.9586193213472,1410.119416127347,1424.4091796875,10480453,1375.3278686523438,1306.1714892578125,1260.5733502197265,1403.8507953767912,1369.856337309808,33.99445806698327,33.55827580458005,0.43618226240322144,71.36414409450651,1375.3278686523438,1479.5870069430073,1271.0687303616803,0.15161350346637698,0.002654438080926802,0.00265092128220567,0.23070327984329406,24.723514331014485
2025-05-08,1427.5846620245352,1437.8058437113664,1415.1803741209164,1424.5084228515625,15306490,1380.2995056152345,1309.9910180664062,1261.596371459961,1407.0288919113716,1373.9046399425306,33.12425196884101,33.47147103743224,-0.34721906859122953,71.38556397488264,1380.2995056152345,1483.9501830524232,1276.6488281780457,0.15018577781926973,6.96732129206179e-05,6.96707858550522e-05,0.23110268134970408,25.148812921014756
2025-05-09,1404.3638078003796,1409.0278927234135,1376.379782804671,1378.2652587890625,13491197,1385.3282043457032,1312.5165307617187,1262.3370147705077,1402.6037175848626,1374.2276487459774,28.376068838885203,32.45239059772283,-4.076321758837629,51.90349428067638,1385.3282043457032,1477.0960851711748,1293.5603235202316,0.1324854002648621,-0.032462541688543345,-0.03300113822667964,0.2238123530938186,24.8652856259909
2025-05-12,1398.6082269981746,1441.8743569081432,1393.249550653154,1437.4088134765625,9925445,1392.7013122558594,1316.4571240234375,1263.3814935302735,1407.9583477220472,1378.907735022317,29.05061269973021,31.77203501812431,-2.721422318394101,65.04353630183215,1392.7013122558594,1475.4550742083309,1309.947550303388,0.11883921013677969,0.04291159071909223,0.042016408014704576,0.2629073950570963,27.19019368993429
2025-05-13,1429.0731325397105,1436.8134564073198,1416.4704248722041,1419.6458740234375,12475424,1399.1416137695312,1320.3798559570312,1264.3740521240234,1409.756428691492,1381.9253749483257,27.831053743166194,30.983838763132688,-3.152785019966494,59.76266839149791,1399.1416137695312,1467.2739621852525,1331.00926535381,0.09739164033890871,-0.012357611339645969,-0.01243460155293038,0.27009197661945356,27.275246381182114
2025-05-14,1418.9512828044426,1429.6685145448027,1406.4477852062123,1415.279541015625,8026837,1404.8252563476562,1324.5050244140625,1265.4156182861327,1410.60613827982,1384.396053916274,26.210084363546002,30.029087883215354,-3.8190035196693515,58.50524179772262,1404.8252563476562,1455.4027126390683,1354.2478000562442,0.07200533456083529,-0.00307564941913141,-0.0030803889493899827,0.27120266513209057,27.61547306495124
2025-05-15,1414.9819190581854,1445.3475908699352,1404.6615275498752,1439.6912841796875,18209264,1409.816748046875,1329.0033154296875,1266.597691040039,1415.0807761105689,1388.491996898749,26.588779211819883,29.341026148936262,-2.7522469371163787,63.17087584985742,1409.816748046875,1452.4854094239706,1367.1480866697796,0.06053079087932191,0.01724870773341669,0.017101637545861224,0.25949539694842844,28.70705070749076
2025-05-16,1442.172107583965,1447.5306627908633,1435.920298328426,1442.86669921875,6439208,1414.6593811035157,1333.5988549804688,1267.919116821289,1419.3555335118274,1392.5197526261563,26.835780885671056,28.839977096283224,-2.004196210612168,63.741970407474554,1414.6593811035157,1447.747497043949,1381.5712651630824,0.04677891566324976,0.002205622187170464,0.0022031933732624383,0.25952795346261415,27.665085403641505
2025-05-19,1435.4241717584057,1448.5230511072755,1432.7448940711074,1437.905029296875,6005334,1416.7581909179687,1338.4593505859375,1269.169984741211,1422.2093020941425,1395.8816249721356,26.32767712200689,28.33751710142796,-2.00983997942107,62.12102896267233,1416.7581909179687,1450.1674171997033,1383.348964636234,0.04716291953828419,-0.0034387583583165293,-0.003444684477401305,0.22816577146232703,26.580592801992697
2025-05-20,1439.0957378026826,1447.8284044606678,1424.5083444847762,1427.1876220703125,11352383,1418.1673095703125,1343.0638208007813,1270.3402087402344,1422.9751974750916,1398.2005877201489,24.77460975494273,27.624935632130914,-2.850325877188183,58.65152266130879,1418.1673095703125,1450.791910182533,1385.542708958092,0.04600952284269676,-0.007453487544864634,-0.007481403584226247,0.23037995774147416,27.133464402275017
2025-05-21,1431.8517946649677,1440.1875004165765,1427.485461067875,1433.637939453125,5510460,1419.5665100097656,1347.7139404296875,1271.5586724853515,1424.615619317866,1400.8255767374064,23.790042580459613,26.857957021796654,-3.0679144413370416,60.09603458202528,1419.5665100097656,1452.3314854824027,1386.8015345371284,0.04616194484950446,0.004519600144412328,0.0045094174213761795,0.23033243738937617,25.67331919530105
2025-05-22,1430.0655182967434,1434.2334317099203,1416.867428660744,1431.057861328125,7245933,1420.4447326660156,1352.2072705078126,1272.7374249267577,1425.6067334732907,1403.0650052256078,22.54172824768284,25.994711266973894,-3.452983019291054,59.20507702645058,1420.4447326660156,1453.4649028114886,1387.4245625205426,0.046492720745984734,-0.0017996720468936855,-0.0018012934021957657,0.2299125138354007,25.35435188767828
2025-05-23,1431.1570706662649,1440.6836606711147,1423.4168677068544,1438.698974609375,5203706,1422.7817077636719,1356.8067797851563,1273.9779962158202,1427.6209244173035,1405.7045585132944,21.916365904009126,25.179042194380944,-3.262676290371818,61.04695589983781,1422.7817077636719,1453.8729268050743,1391.6904887222695,0.043704833807951544,0.00533948590601252,0.005325281391909561,0.2224585954763452,25.113352641318038
2025-05-26,1446.8360701649403,1460.331910515487,1443.8590412139838,1449.4161376953125,5608725,1425.550341796875,1361.69009765625,1275.3388104248047,1430.9740341523818,1408.942453267518,22.031580884863843,24.549549932477525,-2.5179690476136827,63.533825639707125,1425.550341796875,1455.7142890691425,1395.3863945246076,0.04231902078497836,0.007449204646057028,0.007421596342952707,0.22337194089750773,25.715841710981458
2025-05-27,1441.3782192942826,1451.7978208795425,1424.7068083036186,1435.324951171875,14842959,1426.423602294922,1366.2856396484376,1276.746987915039,1431.6434060015345,1410.8967123715445,20.746693629989977,23.78897867198002,-3.0422850419900413,58.266580020861866,1426.423602294922,1456.6612526477065,1396.1859519421373,0.0423964526444127,-0.009721974357097762,-0.009769541297253478,0.21966697255187068,26.16239952397601
2025-05-28,1436.5157355383742,1446.836127202333,1431.454810349359,1442.6683349609375,8618343,1427.6144165039063,1370.4217260742187,1278.2201684570311,1433.3395489183656,1413.2501658966846,20.089383021680987,23.049059541920215,-2.9596765202392277,60.12201245184321,1427.6144165039063,1458.4661870648238,1396.762645942989,0.04322143318848029,0.005116182076446929,0.0051031388855712154,0.22022489916622817,25.64496004272774
2025-05-29,1445.4467442494526,1451.698553407669,1433.9355900375203,1445.3475341796875,15545514,1429.0781188964843,1374.64017578125,1279.6791967773438,1435.1869312662614,1415.6277487324626,19.559182533798776,22.351084140295928,-2.7919016064971522,60.80665976778498,1429.0781188964843,1460.3986105788906,1397.757627214078,0.04383314147527723,0.001857113761925433,0.0018553914581760562,0.21997902582479217,23.475983137246107
2025-05-30,1448.7216268807567,1449.7139699197687,1433.2410996992944,1434.7296142578125,11803975,1429.8571166992188,1378.5252001953124,1281.1237524414062,1435.1165748034232,1417.0427017343402,18.073873069082993,21.49564192605334,-3.421768856970349,56.655273556621346,1429.8571166992188,1460.9117409429864,1398.802492455451,0.043437381093652624,-0.007346274629998373,-0.00737339139187637,0.22195767149090237,20.109109715917075
2025-06-02,1430.9586389930196,1448.8208134048605,1421.8291316367724,1439.3935546875,9458990,1430.9040405273438,1382.1274047851562,1282.5571923828124,1435.774571708666,1418.6983204716114,17.07625123705452,20.611763788253576,-3.535512551199055,58.01131359205552,1430.9040405273438,1461.7512606143125,1400.056820440375,0.04311570757127825,0.003250745215920059,0.0032454729664273397,0.2221026475474355,20.541487799040624
2025-06-03,1443.7598455387374,1443.8590556109682,1421.035166759386,1426.8900146484375,11167345,1431.2166320800782,1385.4795385742189,1283.8725427246093,1434.407716776323,1419.3051126328578,15.102604143465214,19.509931859295907,-4.407327715830693,53.20559610485743,1431.2166320800782,1461.7509527331767,1400.6823114269796,0.0426690411062665,-0.008686672243559568,-0.008724621308112029,0.224618558559969,20.513142049968614
2025-06-04,1426.3938661679927,1429.0731438395549,1415.4780930628378,1420.0428466796875,8025388,1430.9983154296874,1387.8194848632813,1285.1757373046876,1432.197736761456,1419.3597595992896,12.837977162166453,18.175540919870016,-5.337563757703563,50.727317596566884,1430.9983154296874,1461.7988497148506,1400.1977811445242,0.04304761781066759,-0.0047986655582820115,-0.004810216120188968,0.22514594351133324,18.57806972544412
2025-06-05,1419.9436226094324,1447.8284366760695,1416.3712120373557,1443.66064453125,11385668,1431.9559265136718,1390.461103515625,1286.6302642822266,1433.9612610337322,1421.159825149805,12.80143588392707,17.100719912681427,-4.299284028754357,57.99515619708211,1431.9559265136718,1463.0959222072518,1400.8159308200918,0.04349295270476003,0.016631750166401726,0.01649495726281725,0.23281600195030497,19.99570259517816
2025-06-06,1437.5080878919146,1450.2101271201,1431.0578582020253,1448.5230712890625,11580994,1435.468817138672,1392.7752465820313,1287.9820837402344,1436.2015395345522,1423.1867322712317,13.014807263320563,16.283537382809257,-3.268730119488694,59.32536876711835,1435.468817138672,1454.668851680645,1416.2687825966989,0.02675089045855363,0.0033681230947397722,0.0033624636723429174,0.1969622181798587,20.23671058674292
2025-06-09,1453.7825541382838,1455.5688200651953,1422.4245382897982,1423.8138427734375,11022031,1434.7890686035157,1394.2965087890625,1289.2666723632813,1434.295740032842,1423.2331849010247,11.062555131817362,15.23934093261088,-4.1767858007935175,50.56259112384397,1434.7890686035157,1454.6511190658737,1414.9270181411578,0.02768636992988767,-0.017058222271624457,-0.017205389756558376,0.1411367891807988,20.938440715279025
2025-06-10,1427.9815809293386,1430.660858582463,1405.6538633679,1412.0048828125,12905272,1434.4070190429688,1395.8683813476562,1290.4746020507812,1430.8663773835588,1422.4014588203934,8.464918563165384,13.884456458721782,-5.419537895556399,46.99030102502611,1434.4070190429688,1455.735347244727,1413.0786908412106,0.02973818158808014,-0.008293893208633829,-0.008328478907065078,0.13726884437196624,21.796091920157533
2025-06-11,1410.9133394459884,1423.5160472131458,1407.737769134025,1420.0428466796875,7136877,1434.6451843261718,1397.7558178710938,1291.7455456542968,1429.2012188137326,1422.2267468099708,6.974472003761775,12.502459567729781,-5.527987563968006,49.60043768237264,1434.6451843261718,1455.165254611227,1414.1251140411166,0.028606474282619435,0.005692589285652527,0.005676447728463407,0.13838565926319668,21.682682993725003
2025-06-12,1419.5466979345517,1425.5007560873705,1409.127096167119,1414.2872314453125,7953247,1433.374981689453,1399.5132568359375,1292.9070831298827,1426.906759218591,1421.6386345607368,5.268124657854287,11.055592585754683,-5.787467927900396,47.786012408308046,1433.374981689453,1455.6498810791172,1411.100082299789,0.031080351860766738,-0.004053127867115203,-0.004061364052276305,0.12343760884773024,21.618887776295814
2025-06-13,1392.8526699787633,1410.6156346634868,1392.8526699787633,1405.2569580078125,7573103,1431.4944946289063,1400.8578833007812,1293.9619439697265,1423.576020570779,1420.425177038298,3.150843532481076,9.474642775099962,-6.323799242618886,45.004365195062924,1431.4944946289063,1456.5696190219492,1406.4193702358634,0.03503349050538015,-0.006385034975018189,-0.006405506498287373,0.1243699907638334,21.604718173469905
2025-06-16,1405.7530618658518,1418.0581392255135,1403.3714144517853,1415.9742431640625,5451137,1430.3979553222657,1403.0102758789062,1295.021766357422,1422.406516354361,1420.095478232799,2.311038121561978,8.041921844392366,-5.730883722830388,48.81267491488946,1430.3979553222657,1456.2002568621385,1404.595653782393,0.036077095110303915,0.007626566155874759,0.007597630924724444,0.12798480034391757,20.718697616170207
2025-06-17,1415.9742319665809,1418.8520508551696,1406.9439350146247,1412.302490234375,6970098,1429.6536987304687,1404.8351928710938,1295.9984796142578,1420.85205079744,1419.5182198625455,1.3338309348944222,6.700303662492778,-5.366472727598356,47.59661914066452,1429.6536987304687,1456.67577700285,1402.6316204580874,0.03780227099244654,-0.002593093022287496,-0.002596460911425023,0.12574519946790524,20.470611829568124
2025-06-18,1406.150024814166,1421.0351697486842,1399.402043989603,1401.78369140625,6751745,1428.060986328125,1406.4834716796875,1296.9350030517578,1417.9184570449493,1418.2045510880052,-0.2860940430559822,5.303024121383026,-5.589118164439008,44.19946478776619,1428.060986328125,1457.7206128667056,1398.4013597895444,0.041538319192995186,-0.0074479786737325915,-0.007475853359853694,0.12658903705941643,20.747052000206168
2025-06-19,1397.2189939427594,1403.8676438261634,1393.9442134714564,1400.4937744140625,8849883,1426.532781982422,1407.9918334960937,1297.8747521972657,1415.2377366401975,1416.89264170475,-1.6549050645526222,3.9114382841958966,-5.566343348748519,43.786738557636866,1426.532781982422,1458.5945828739673,1394.4709810908766,0.04495066821666688,-0.0009201968892172951,-0.0009206205302834908,0.12656237848393545,20.27923486693708
2025-06-20,1400.4937821267788,1422.3253290273638,1399.4021078732494,1416.1727294921875,12408178,1425.4064697265626,1410.7614624023438,1298.8566760253907,1415.3815816943497,1416.83931487419,-1.457733179840261,2.837603991388665,-4.295337171228926,49.909413616605505,1425.4064697265626,1457.2506577331797,1393.5622817199455,0.044680852350453784,0.011195305087796426,0.011133101488083852,0.1320696430881213,19.98863053736753
2025-06-23,1406.1500791810931,1412.3025575376569,1401.0891539348067,1409.226318359375,5514384,1423.3969787597657,1413.1470556640625,1299.800146484375,1414.4346181043536,1416.2753892064259,-1.8407711020722672,1.9019289726964788,-3.742700074768746,47.4438813496111,1423.3969787597657,1453.9060646710898,1392.8878928484417,0.04286799307092424,-0.004905059240410181,-0.004917128526703673,0.12913786564689952,19.435751016353134
2025-06-24,1416.7680893764307,1424.9053748687675,1405.6538959425357,1413.1956787109375,11188438,1422.2905151367188,1415.5941723632814,1300.6753930664063,1414.244012043828,1416.0472625030563,-1.8032504592283658,1.16089308631151,-2.9641435455398755,48.994447871865596,1422.2905151367188,1452.5825161541018,1391.9985141193358,0.04259608103267303,0.0028166947351533356,0.0028127352838390254,0.1260191509613321,19.839781598461336
2025-06-25,1411.1117385952273,1417.9589294864209,1404.463088984364,1414.8826904296875,7527388,1420.9012329101563,1417.8596923828125,1301.6153900146485,1414.3422702570372,1415.960997905029,-1.6187276479918182,0.6049689394508443,-2.2236965874426624,49.67402935039717,1420.9012329101563,1449.7735234716781,1392.0289423486345,0.040639405319380734,0.0011937566355204599,0.0011930446746170739,0.12435702210275444,18.55682558870012
2025-06-26,1413.8903780949927,1436.4165161110168,1410.814017835929,1428.080810546875,13617435,1420.0378967285155,1419.6240795898439,1302.623362426758,1416.455891840089,1416.858761804425,-0.4028699643361051,0.4034011586934544,-0.8062711230295595,54.753176939879665,1420.0378967285155,1446.7868710238845,1393.2889224331466,0.037673606256555914,0.009328066705784233,0.009284828966581171,0.12931671808465367,19.0175562570582
2025-06-27,1427.882386711014,1454.774858156496,1426.0961208320166,1451.00390625,22532899,1420.851611328125,1421.723876953125,1303.8838861083984,1421.7709709800752,1419.3880317633564,2.382939216718796,0.7993087702985228,1.5836304464202735,61.93827937751931,1420.851611328125,1450.3329730603664,1391.3702495958837,0.04149815715757111,0.016051679662544283,0.015924213672259553,0.13933633098491002,18.69858879627837
2025-06-30,1450.6071028820047,1450.706312958781,1431.2564136212704,1434.7296142578125,6325073,1420.6184143066407,1422.499892578125,1304.9298162841797,1423.7646084074195,1420.524445281464,3.240163125955405,1.2874796414298992,1.9526834845255059,55.23244722451533,1420.6184143066407,1449.5509072779737,1391.6859213353077,0.040732251081588323,-0.011215884341929216,-0.011279256669402167,0.14503318769471568,18.3229100401474
2025-07-01,1434.6302067068036,1436.5156826077227,1418.653508855977,1421.03515625,7761449,1420.3256713867188,1422.9404907226562,1305.8958618164063,1423.3446926908932,1420.5622757235778,2.7824169673153847,1.5864671066069964,1.1959498607083883,50.29765669407053,1420.3256713867188,1449.1090737493523,1391.5422690240853,0.040530707770044284,-0.009544974796450889,-0.009590820029344745,0.1457356842924388,18.471759731049183
2025-07-02,1421.2336440793872,1439.8897415628453,1411.707175185214,1416.867431640625,13372280,1420.1669006347656,1423.1647607421876,1306.8457824707032,1422.3481909908521,1420.288583569285,2.0596074215670797,1.6810951695990133,0.37851225196806637,48.86670061872554,1420.1669006347656,1448.9918732298026,1391.3419280397286,0.04059378173389797,-0.0029328793105818374,-0.002937188628976783,0.14509806884507495,19.31525304943344
2025-07-03,1421.1344118511029,1435.027214103107,1412.798706272776,1414.98193359375,10177738,1418.7329650878905,1423.19453125,1307.7078802490234,1421.2149206220672,1419.895498385912,1.3194222361551056,1.6087605829102318,-0.28933834675512626,48.19862601227061,1418.7329650878905,1445.410295981517,1392.055634194264,0.0376072616201934,-0.0013307512084540507,-0.0013316374441702046,0.13099516604766115,19.371963503989296
2025-07-04,1416.0734952431667,1433.3402880878325,1410.2186471744621,1431.7525634765625,5066503,1417.8944396972656,1423.9903930664063,1308.6627630615235,1422.836096445836,1420.773799503738,2.0622969420978734,1.6994678547477602,0.3628290873501132,54.19675945239175,1417.8944396972656,1441.5074465512012,1394.28143284333,0.03330714359663776,0.011852186578961366,0.011782499504646111,0.13799661371299976,19.974457513963735
2025-07-07,1425.9968814549877,1429.8670433562065,1418.6535190770169,1424.706787109375,5177477,1417.9390869140625,1424.6036596679687,1309.5203955078125,1423.1238950094573,1421.0651319189703,2.058763090486991,1.7713269018956066,0.28743618859138453,51.498795876026186,1417.9390869140625,1441.6025422708367,1394.2756315572883,0.033377252344844024,-0.004921085211874177,-0.004933233623672632,0.12483217846752816,20.05952383960664
2025-07-08,1421.035188079707,1433.935647189369,1419.050502062836,1430.9586181640625,5315847,1418.8867736816405,1424.8656372070313,1310.383237915039,1424.3292370332426,1421.79798275194,2.5312542813026084,1.9233123777770071,0.6079419035256013,53.70119297023549,1418.8867736816405,1443.0621723501717,1394.7113750131093,0.03407657202385835,0.004388152784315702,0.004378552915434993,0.12165135406789096,19.57752522299607
2025-07-09,1425.2030375827696,1427.683895203639,1415.6765685457565,1420.93603515625,8827347,1418.9314331054688,1424.9073168945313,1311.095492553711,1423.8072059752437,1421.734134781889,2.0730711933547354,1.9532641408925528,0.1198070524621826,49.79723239901316,1418.9314331054688,1443.1191207399845,1394.7437454709532,0.034092820935791905,-0.007004104018515589,-0.007028747894664825,0.12307311609994881,19.960283741824565
2025-07-10,1425.7985078190466,1427.981614021397,1411.2109926594833,1413.1956787109375,7795964,1418.87685546875,1424.8497607421875,1311.7509350585938,1422.1746633191965,1421.1016565544112,1.0730067647853048,1.7772126656711034,-0.7042059008857986,46.95802391621863,1418.87685546875,1443.1135427632057,1394.640168174294,0.03416320056394014,-0.005447364451181214,-0.0054622554433073275,0.12378853537830144,19.520812328095953
2025-07-11,1411.111783317687,1417.0658414751456,1403.7684206963636,1411.0125732421875,7158015,1419.1646362304687,1424.6870190429688,1312.1649908447266,1420.4574186919642,1420.3543170498021,0.1031016421620734,1.4423904609692975,-1.339288818807224,46.15866150090438,1419.1646362304687,1442.8508292997615,1395.4784431611758,0.03338047251826565,-0.0015448005549673072,-0.0015459949896119755,0.12165629184199415,19.393229843910326
2025-07-14,1413.9896019530586,1413.9896019530586,1405.2569348701418,1412.1041259765625,5846154,1418.9711303710938,1424.56,1312.6666204833984,1419.1722967357484,1419.7431917851177,-0.5708950493692555,1.039733358901587,-1.6106284082708424,46.64769854518217,1418.9711303710938,1442.8296743855453,1395.1125863566422,0.03362794845334453,0.000773595327975718,0.0007732962573398103,0.11852347433678602,18.6418861408164
2025-07-15,1410.218682168871,1422.8215115677394,1408.134785993891,1419.844482421875,6041457,1419.3482299804687,1424.5441259765626,1313.223325805664,1419.2757099182295,1419.7506947952477,-0.47498487701818703,0.7367897117176322,-1.2117745887358193,50.108326439492586,1419.3482299804687,1443.0004958429893,1395.695964117948,0.03332834798807067,0.005481434621515291,0.0054664662326773025,0.119739529196486,18.726949360230087
2025-07-16,1415.081187967311,1418.25663727007,1408.2339967016344,1415.4781494140625,5649093,1420.0329528808593,1424.3655053710938,1313.7321502685547,1418.6914698406654,1419.4342099521969,-0.7427401115314751,0.44088374706781075,-1.1836238585992858,48.20870194197768,1420.0329528808593,1442.2963454501953,1397.7695603115233,0.03135616328363321,-0.0030752191960944364,-0.0030799573991485917,0.11696386320075469,17.727519892026717
2025-07-17,1410.1194736013367,1412.3025798563917,1398.7075285299677,1407.8370361328125,12927394,1420.4001159667969,1424.0320776367187,1314.1769677734376,1417.021556962534,1418.5751600396497,-1.5536030771156675,0.041986382231115116,-1.5955894593467825,44.99402610356399,1420.4001159667969,1441.519542278992,1399.2806896546017,0.029737291731802222,-0.0053982559069619684,-0.005412879140762057,0.11875744263832956,16.876940146284955
2025-07-18,1404.9592604817603,1418.0581395587762,1397.7151081655259,1414.8826904296875,11297246,1420.3356140136718,1424.7644262695312,1314.7684045410156,1416.6925005728654,1418.3016437722451,-1.609143199379787,-0.2882395340910653,-1.3209036652887216,48.41008932340238,1420.3356140136718,1441.5171912868582,1399.1540367404855,0.029826158077287303,0.005004595074603824,0.0049921137141226805,0.11311527702309003,16.91947862946501
2025-07-21,1436.9126621837045,1456.4617708047458,1425.9968891975022,1454.576416015625,13867136,1422.6031188964844,1425.1077783203125,1315.7250231933594,1422.520795256367,1420.9886639384215,1.5321313179454137,0.07583463631623052,1.4562966816291831,62.528890198074485,1422.6031188964844,1448.0561335204845,1397.1501042724842,0.03578371829206182,0.028054428720081903,0.027668111857132034,0.14904073508158822,18.61354338827305
2025-07-22,1462.8128219007424,1470.6523559877205,1458.4464883845856,1462.316650390625,8930165,1425.0591674804687,1425.9611938476562,1316.7133966064453,1428.6432345077912,1424.0499962682143,4.593238239576976,0.9793153569683798,3.6139228826085965,64.56536008609297,1425.0591674804687,1455.6510031262192,1394.4673318347182,0.042934127008687574,0.00532129786360902,0.0053071897848609596,0.14957024245365325,17.74878435930621
2025-07-23,1471.5454755170424,1478.5910866693491,1461.3242940475627,1477.2017822265625,11974174,1428.1751220703125,1427.199638671875,1317.8657550048829,1436.1137803106792,1427.9871655984623,8.126614712216906,2.408775228018085,5.717839484198821,68.15021214888542,1428.1751220703125,1466.1957399287814,1390.1545042118435,0.053243635561097735,0.01017914405334941,0.01012768547475827,0.15249774459435744,17.394376130124442
2025-07-24,1476.3086281822896,1477.3009711792895,1466.782159638216,1472.0416259765625,6700578,1430.3731628417968,1427.8466455078126,1319.0746771240235,1441.6411411823535,1431.250458959803,10.390682222550595,4.005156626924587,6.3855255956260075,65.66991057172265,1430.3731628417968,1473.1555465054769,1387.5907791781167,0.05981989144522553,-0.0034931966046115592,-0.003499312061686873,0.15133696276677447,16.494174032103242
2025-07-25,1488.5144734435703,1488.5144734435703,1462.31659448384,1465.789794921875,8696077,1431.1124572753906,1428.305107421875,1320.2813659667968,1445.3563186807414,1433.8089282903268,11.547390390414648,5.5136033796226,6.033787010792048,62.6928717001185,1431.1124572753906,1475.8617184886386,1386.3631960621426,0.06253772858415817,-0.004247047735854603,-0.004256092059957762,0.1424480746017195,17.429805072116437
2025-07-28,1465.7898930637602,1482.3620946590604,1465.7898930637602,1477.00341796875,7507479,1433.2261474609375,1429.0870751953125,1321.5307263183595,1450.225103186589,1437.008520118358,13.216583068230875,7.054199317344255,6.16238375088662,65.69671450142093,1433.2261474609375,1482.4632762104127,1383.9890187114622,0.0687081083982487,0.007650225895775575,0.007621111312128516,0.13744262770547527,17.550316115734454
2025-07-29,1468.5685019046516,1478.3927223132807,1464.1029581857863,1474.8201904296875,9776027,1435.9153991699218,1430.0397265625,1322.7317095947265,1454.0089627624502,1439.8093845858639,14.199578176586328,8.48327508919267,5.7163030873936584,64.60603734815511,1435.9153991699218,1488.1339745587504,1383.6968237810931,0.07273210583160443,-0.0014781465719727604,-0.0014792401083544232,0.13171740794152736,17.479438580676483
2025-07-30,1476.308661728485,1477.1025845983731,1465.9883912336757,1471.04931640625,7238625,1438.624493408203,1430.7879541015625,1323.917063598633,1456.6305556307273,1442.1234536095963,14.507102021131004,9.688040475580337,4.819061545550667,62.67075127125933,1438.624493408203,1492.2842135083386,1384.9647733080676,0.07459864661835669,-0.0025568364522721154,-0.0025601107409986084,0.1315413731877251,17.07540800944675
2025-07-31,1458.6450618514623,1483.0566764606926,1452.7902136757805,1470.0570068359375,12406146,1441.3782470703125,1431.5679370117186,1325.199171142578,1458.696163508452,1444.1926057004362,14.503557808015785,10.651143942067428,3.852413865948357,62.14321102518235,1441.3782470703125,1495.579345324851,1387.177148815774,0.07520732099947455,-0.0006745590098479193,-0.0006747866271434239,0.1313474072896478,18.287482438456045
2025-08-01,1469.0645758820863,1473.7285394467383,1458.5457644921182,1460.3319091796875,4416771,1442.8072143554687,1432.000595703125,1326.38923828125,1458.947816688642,1445.3881096618622,13.559707026779733,11.23285655900989,2.3268504677698427,57.0727122396124,1442.8072143554687,1497.444976638497,1388.1694520724402,0.07573813291117518,-0.006615456142875509,-0.006637435261087961,0.12921002603735773,18.748204429291995
2025-08-04,1465.492177404952,1467.4768633867377,1450.1108610461113,1451.9962158203125,6140054,1444.1716857910155,1432.052197265625,1327.4197863769532,1457.878339631976,1445.8775990069328,12.000740625043136,11.38643337221654,0.6143072528265954,53.07527470531066,1444.1716857910155,1498.2664967205221,1390.076874861509,0.07491465379322579,-0.005708081366281648,-0.005724434723277274,0.1297191512603844,18.939581341204708
2025-08-05,1441.8743352750153,1450.3092505192255,1429.96621963613,1433.3402099609375,14799343,1444.2907653808593,1432.0125024414062,1328.4183312988282,1454.1032427595085,1444.9489035220442,9.154339237464228,10.940014545266077,-1.7856753078018492,45.409417460270134,1444.2907653808593,1498.273477659766,1390.3080531019525,0.0747532471616566,-0.012848522369485083,-0.012931778547786368,0.1378857697314722,19.683832088629124
2025-08-06,1431.2564134495642,1442.866778550362,1430.561700640964,1432.54638671875,7805252,1444.8712829589845,1431.8100634765624,1329.4719512939453,1450.7868033686227,1444.030198573652,6.756604794970826,10.103332595207027,-3.3467278002362004,45.11085215978123,1444.8712829589845,1498.0400902208087,1391.7024756971603,0.07359660045694674,-0.0005538275118990299,-0.0005539809310032603,0.13534401667195822,19.364864733293626
2025-08-07,1430.0655302659995,1436.8135113901221,1418.1574137897542,1429.271728515625,7432535,1445.6750854492188,1431.4885473632812,1330.3442211914062,1447.4767918527768,1442.9369785693536,4.5398132834232,8.990628732850261,-4.450815449427061,43.83059384205494,1445.6750854492188,1497.290994945379,1394.0591759530587,0.07140734459032529,-0.0022859002915959215,-0.002288516950041551,0.1339780345474937,19.244369462373452
2025-08-08,1434.8288259088201,1436.5157606227415,1421.0352334242946,1424.9053955078125,5415511,1446.3697265625,1431.2920629882813,1331.2217004394531,1444.004269338167,1441.6013057499802,2.4029635881868217,7.673095703917574,-5.270132115730752,42.114337671457506,1446.3697265625,1496.3701471492245,1396.3693059757757,0.06913919680213083,-0.0030549355456342964,-0.003059611386585056,0.1344051150053339,17.380187092615497
2025-08-11,1416.9666396615337,1427.3862414978396,1409.5240669213151,1425.5999755859375,8492484,1447.0445190429687,1431.01619140625,1332.0607263183595,1441.1728395301318,1440.416022034125,0.7568174960067608,6.289840062335411,-5.5330225663286505,42.5000489895162,1447.0445190429687,1495.4362191878092,1398.652818898128,0.06688349875627236,0.0004874569780666249,0.0004873382095086994,0.13440189764887983,17.507775278646136
2025-08-12,1431.0,1433.800048828125,1420.0999755859375,1422.0,5913947,1447.152294921875,1430.9183911132814,1332.9606439208985,1438.2231719101114,1439.0518722538195,-0.8287003437080784,4.866131981126714,-5.694832324834793,40.97605438482892,1447.152294921875,1495.2979023247635,1399.0066875189864,0.0665384114330382,-0.0025252354430336243,-0.002528429227893799,0.13347518082328264,17.253009608674784
2025-08-13,1424.5999755859375,1427.699951171875,1415.199951171875,1420.800048828125,9009465,1447.418389892578,1430.93353515625,1333.8488555908202,1435.5426914359596,1437.6998853333978,-2.157193897438219,3.461466805413728,-5.6186607028519475,40.45531753062358,1447.418389892578,1494.8808868499461,1399.95589293521,0.06558227709251448,-0.0008438475188994321,-0.0008442037586391213,0.13300330702183594,17.394523070026676
2025-08-14,1412.0,1431.0999755859375,1412.0,1427.300048828125,7577793,1448.3915405273438,1430.6063232421875,1334.756170654297,1434.2745925732156,1436.929527073748,-2.654934500532363,2.2381865442245097,-4.893121044756873,44.56498614645839,1448.3915405273438,1493.158526886196,1403.6245541684916,0.06181613894617606,0.00457488723016386,0.004564454241309656,0.13212354494234235,16.887529971898612
2025-08-18,1450.0,1452.4000244140625,1431.0,1434.5999755859375,6908844,1449.3774047851562,1430.327861328125,1335.5144171142579,1434.3246514982498,1436.7569677042807,-2.4323162060309187,1.304085994173424,-3.736402200204343,48.83588345509199,1449.3774047851562,1491.846762737806,1406.9080468325062,0.058603587736963864,0.005114500461067095,0.005101465828449521,0.1321713908010871,17.496649675380905
2025-08-19,1431.0999755859375,1438.5,1426.300048828125,1436.300048828125,6709554,1448.4635864257812,1430.5775854492188,1336.087657470703,1434.628558779769,1436.7231218616023,-2.0945630818332575,0.6243561789720877,-2.718919260805345,49.80577360025873,1448.4635864257812,1491.2472686926842,1405.6799041588781,0.05907457069386986,0.0011850503771917431,0.001184348759240542,0.0841840599351591,17.34737732140809
2025-08-20,1432.5999755859375,1435.9000244140625,1423.0,1430.5999755859375,5817858,1446.877752685547,1430.9494873046874,1336.7301428222656,1434.0087767499488,1436.2695554708123,-2.2607787208635273,0.04732919900496474,-2.308107919868492,46.61510828016241,1446.877752685547,1489.8502293420938,1403.905276029,0.059400286688748555,-0.003968581110080804,-0.003976476824874086,0.08191825042003827,17.503509854510053
2025-08-21,1440.0999755859375,1447.800048828125,1436.4000244140625,1446.0,6238645,1445.3176635742188,1431.4686303710937,1337.5483666992188,1435.8535803268799,1436.990329139641,-1.1367488127611978,-0.18948640334826777,-0.94726240941293,55.00231568981187,1445.3176635742188,1485.8510972956997,1404.784229852738,0.05608930789822786,0.010764731355286772,0.010707204110037227,0.08300519819090002,16.570196315744006
2025-08-22,1444.300048828125,1446.0,1429.4000244140625,1436.4000244140625,6657207,1443.5355834960938,1431.9108862304688,1338.3208233642579,1435.9376486479848,1436.9466028636723,-1.0089542156874813,-0.35337996581611053,-0.6555742498713708,49.75465071034534,1443.5355834960938,1482.2134552264909,1404.8577117656966,0.05358769423158007,-0.006638987265516927,-0.006661123370080526,0.08495943423401946,16.67142493226668
2025-08-25,1435.9000244140625,1435.9000244140625,1424.0,1433.199951171875,6738427,1441.9060913085937,1432.46974609375,1339.149721069336,1435.516464420891,1436.6690731087244,-1.1526086878334354,-0.5132257102195755,-0.6393829776138599,48.10699000518207,1441.9060913085937,1479.363055642115,1404.4491269750724,0.0519547903421746,-0.0022278426537154505,-0.00223032798713429,0.08430225012903694,16.3167122232264
2025-08-26,1427.9000244140625,1427.9000244140625,1413.0999755859375,1416.5999755859375,8720155,1438.885919189453,1432.4822607421875,1339.7988653564453,1432.6062353693596,1435.1824732922219,-2.5762379228622194,-0.9258281527481044,-1.650409770114115,40.59669501006473,1438.885919189453,1474.1010869826432,1403.6707513962629,0.04894782459616733,-0.011582456148121034,-0.011650055276239992,0.0854297159040421,16.178853609066046
2025-08-28,1408.0,1411.800048828125,1396.300048828125,1399.0999755859375,12990789,1435.0999084472655,1432.2182104492188,1340.3324755859376,1427.45142617191,1432.509695684349,-5.058269512438983,-1.7523164246862801,-3.3059530877527026,34.484609678481746,1435.0999084472655,1470.3299348598337,1399.8698820346974,0.049097663800544644,-0.012353522731610722,-0.012430461795848998,0.09282897452769291,16.749914241095667
2025-08-29,1392.0999755859375,1405.0,1392.0999755859375,1397.800048828125,8519507,1431.4374450683595,1432.1385375976563,1340.9769311523437,1422.8896758113278,1429.938610732036,-7.048934920708234,-2.8116401238906708,-4.237294796817563,34.07422584353081,1431.4374450683595,1466.1577771970872,1396.7171129396318,0.04851114136820643,-0.0009291164180516009,-0.0009295483142527051,0.09302225028666292,16.33876615635956
2025-09-01,1398.0999755859375,1412.4000244140625,1398.0999755859375,1411.0,4927348,1428.4845947265626,1432.348662109375,1341.7858764648438,1421.0604949172773,1428.5357506778112,-7.475255760533855,-3.7443632512193075,-3.7308925093145477,41.665714359814814,1428.4845947265626,1459.188491468268,1397.7806979848572,0.04298806841187208,0.009443375812542953,0.009399065877660394,0.10218683408456128,16.27586961260889
2025-09-02,1413.9000244140625,1413.9000244140625,1390.0,1394.199951171875,7163073,1425.177996826172,1431.9092065429688,1342.4589709472657,1416.928103571831,1425.9923581218159,-9.06425454998498,-4.808341510972442,-4.255913039012539,35.98598097550304,1425.177996826172,1455.684174316689,1394.6718193356548,0.04281034026409811,-0.011906483932051737,-0.011977933822840903,0.10695184755086637,16.707144601004465
2025-09-03,1389.0,1400.0,1384.199951171875,1397.0,9813382,1422.4281860351562,1431.6646801757813,1343.1396160888671,1413.862241483857,1423.8447760387185,-9.982534554861559,-5.843180119750265,-4.139354435111294,37.51483418160493,1422.4281860351562,1452.669430288779,1392.1869417815333,0.04252059197155905,0.0020083552762797385,0.0020063412269887074,0.10719089923035958,16.857142857142858
2025-09-04,1409.9000244140625,1415.0999755859375,1401.9000244140625,1405.5,10564859,1421.0361755371093,1431.5107666015624,1343.9466143798827,1412.5757427940327,1422.485903739554,-9.910160945521284,-6.656576284904469,-3.2535846606168146,42.04021821059744,1421.0361755371093,1451.72225469975,1390.3500963744686,0.04318831524615094,0.006084466714388004,0.006066031089624782,0.10252514387240996,17.25714111328125
2025-09-05,1411.0,1411.5,1387.699951171875,1402.800048828125,6621077,1419.5488586425781,1431.2691137695313,1344.7239874267577,1411.0717898762007,1421.0276922646335,-9.955902388432833,-7.316441505610142,-2.63946088282269,41.02388305944807,1419.5488586425781,1450.7649055728973,1388.332811712259,0.04398023603100079,-0.0019209898056741226,-0.0019228372729472132,0.10256808319142457,17.592860630580358
2025-09-08,1402.199951171875,1410.5999755859375,1397.5999755859375,1402.699951171875,5880943,1418.2202697753905,1430.7614965820312,1345.5182257080078,1409.7838146909198,1419.6700818133181,-9.886267122398294,-7.830406628967773,-2.0558604934305214,40.98432431979641,1418.2202697753905,1449.9515296409634,1386.4890099098177,0.04474799936486347,-7.135561217985753e-05,-7.135815811266409e-05,0.10250929351693645,16.72857666015625
2025-09-09,1399.0,1407.5,1395.199951171875,1403.699951171875,6470679,1417.1599975585937,1429.8154174804688,1346.339047241211,1408.8478356879898,1418.4871091732111,-9.639273485221338,-8.192180000218485,-1.4470934850028527,41.590294802470574,1417.1599975585937,1449.364316500505,1384.9556786166822,0.045449093958891414,0.0007129108396735084,0.0007126568394533508,0.10233990144507084,16.735726492745535
2025-09-10,1410.0,1413.699951171875,1402.0999755859375,1403.9000244140625,7452347,1416.075,1429.1988256835937,1347.1536743164063,1408.0866339535394,1417.4065843762373,-9.319950422697957,-8.417734084714379,-0.9022163379835781,41.719233427533624,1416.075,1448.5431561163593,1383.6068438836407,0.045856548722856195,0.00014253276992737263,0.00014252261309723033,0.10229280827626248,16.614292689732142
2025-09-11,1398.0,1408.0,1396.0,1401.5999755859375,10192026,1415.054998779297,1428.8101220703124,1347.8203540039062,1407.0886865123698,1416.2357244658447,-9.147037953474864,-8.563594858466477,-0.5834430950083878,40.609401190840536,1415.054998779297,1448.0174117420877,1382.0925858165062,0.04658817217878582,-0.00163832807758868,-0.001639671604659522,0.10213663191318632,16.24285888671875
2025-09-12,1405.0999755859375,1419.699951171875,1400.0999755859375,1417.699951171875,7770038,1414.8999938964844,1428.8267724609375,1348.453910522461,1408.7211887676783,1416.3441857033285,-7.622996935650235,-8.375475273903229,0.7524783382529936,50.52995973546686,1414.8999938964844,1447.77770292599,1382.0222848669787,0.04647354466228242,0.011486854927496015,0.011421381918377957,0.11091191256562764,16.457144601004465
2025-09-15,1422.0,1426.800048828125,1416.300048828125,1419.4000244140625,5845637,1414.5049926757813,1428.9151342773437,1349.0761206054688,1410.3640865594298,1416.5705441263458,-6.206457566916015,-7.941671732505786,1.7352141655897713,51.45213955263711,1414.5049926757813,1446.9423045588624,1382.0676807927002,0.04586383512400372,0.001199177047852995,0.0011984586093562238,0.10967075623919709,16.321428571428573
2025-09-16,1414.0,1424.9000244140625,1413.699951171875,1421.5999755859375,8213151,1413.8549926757812,1428.7120825195314,1349.7304180908204,1412.0926848712002,1416.943094604834,-4.850409733633796,-7.323419332731389,2.473009599097592,52.681376332736114,1413.8549926757812,1445.095761096775,1382.6142242547874,0.04419232323375589,0.0015499162561893876,0.0015487163756383673,0.10807441554105787,15.685721261160714
2025-09-17,1420.0999755859375,1426.0999755859375,1416.4000244140625,1419.199951171875,7484283,1412.9999877929688,1428.6019458007813,1350.443916015625,1413.1861104559193,1417.1102691653555,-3.924158709436142,-6.64356720807234,2.7194084986361977,51.159501086328284,1412.9999877929688,1442.5442419264327,1383.4557336595049,0.04181776983538478,-0.0016882558070341336,-0.0016896825168626769,0.10798507972510897,14.928580147879464
2025-09-18,1431.0999755859375,1432.800048828125,1415.300048828125,1421.699951171875,8130537,1412.5549865722655,1428.4167724609374,1351.1016900634766,1414.4959321045278,1417.450245610283,-2.954313505755181,-5.905716467608909,2.951402961853728,52.69256538752832,1412.5549865722655,1441.2386268543094,1383.8713462902217,0.04061242295657194,0.0017615558666950193,0.001760006146837769,0.10751243993122254,15.257149832589286
2025-09-19,1416.0999755859375,1418.0,1400.199951171875,1402.199951171875,13457344,1410.3649841308593,1428.04205078125,1351.6393884277343,1412.6042427302734,1416.320594170401,-3.7163514401274824,-5.467843462112624,1.7514920219851415,41.69806563573177,1410.3649841308593,1434.6475484421896,1386.082419819529,0.03443444014074775,-0.013715974305215761,-0.013810907346409657,0.10923049428963189,15.750008719308036
2025-09-22,1403.9000244140625,1409.9000244140625,1397.199951171875,1401.5,8847948,1408.6199829101563,1427.8081372070312,1352.15498046875,1410.8958976948466,1415.2227723800008,-4.32687468515428,-5.2396497067209555,0.9127750215666754,41.36443109721024,1408.6199829101563,1429.8489003834793,1387.3910654368333,0.030141440176739306,-0.0004991807133426507,-0.0004993053455126468,0.1075715175002031,14.95001220703125
2025-09-23,1391.0,1403.300048828125,1391.0,1394.300048828125,12827524,1406.6749877929688,1427.47388671875,1352.596615600586,1408.3426901768894,1413.6729410057878,-5.330250828898443,-5.257769931156453,-0.07248089774198974,37.99662836136594,1406.6749877929688,1425.4023587182535,1387.947616867684,0.026626436224145025,-0.005137317996343205,-0.005150559384055457,0.10842997919478685,14.70001220703125
2025-09-24,1386.4000244140625,1390.9000244140625,1376.5,1382.699951171875,9735678,1404.9799865722657,1426.8858032226562,1352.8787829589844,1404.397653406887,1411.3786454625351,-6.98099205564813,-5.602414356054789,-1.3785776995933414,33.29341470958735,1404.9799865722657,1425.9297003949632,1384.0302727495682,0.02982208148574214,-0.00831965663775136,-0.008354458139823258,0.1049085869455337,14.6785888671875
2025-09-25,1377.0,1391.5,1371.800048828125,1375.800048828125,21613389,1403.814990234375,1426.0049145507812,1353.1649041748046,1399.9980219332313,1408.7431938599864,-8.74517192675512,-6.230965870194855,-2.5142060565602646,30.847529781114673,1403.814990234375,1428.414861124743,1379.215119344007,0.03504716940835764,-0.004990166042822319,-0.005002658498336581,0.09751099462047796,14.385724748883929
2025-09-26,1368.0,1372.699951171875,1357.0,1359.5999755859375,18342280,1401.9049865722657,1424.8873510742187,1353.402028198242,1393.7829378798015,1405.102955469316,-11.320017589514464,-7.248776214058777,-4.071241375455687,26.015134295537493,1401.9049865722657,1433.428763889392,1370.3812092551393,0.04497277293264178,-0.011775020109925372,-0.011844894717464782,0.10498367773523895,14.800013950892858
2025-09-29,1359.5999755859375,1366.5,1346.199951171875,1348.0999755859375,20563163,1398.7599853515626,1423.6926098632812,1353.5412145996095,1386.7547898345917,1400.8805125149916,-14.125722680399804,-8.624165507326982,-5.501557173072822,23.23280075362824,1398.7599853515626,1438.055746022974,1359.4642246801511,0.05618656679192167,-0.00845837026074081,-0.008494345278123486,0.09963738491679841,15.371442522321429
2025-09-30,1353.699951171875,1356.5999755859375,1342.5999755859375,1348.0,20166871,1396.4499877929688,1422.3549560546876,1353.694537963867,1380.7925144754238,1396.9634375138812,-16.17092303845743,-10.133517013553071,-6.03740602490436,23.20956103599356,1396.4499877929688,1441.8344397069868,1351.0655358789509,0.06499975267391597,-7.416036477114751e-05,-7.41631147869613e-05,0.09307818251704453,15.542872837611608
2025-10-01,1348.0,1379.4000244140625,1347.0999755859375,1372.0,20952632,1395.1999877929688,1420.703427734375,1353.9591784667969,1379.4398199407433,1395.1142939943345,-15.674474053591211,-11.241708421560698,-4.432765632030513,38.987494084310335,1395.1999877929688,1441.8793073398149,1348.5206682461228,0.0669141627798992,0.017804154302670572,0.01764751681357814,0.11553091560488947,16.992876325334823
2025-10-03,1371.9000244140625,1371.9000244140625,1361.300048828125,1365.199951171875,12163695,1393.1849853515625,1418.76109375,1354.1121673583984,1377.249070899379,1392.8984167482265,-15.649345848847588,-12.123235907018078,-3.5261099418295103,36.68740116949257,1393.1849853515625,1441.4447253501392,1344.925245352986,0.06927973026697316,-0.00495630381058676,-0.004968627019558889,0.11333312834316918,16.357160295758927
2025-10-06,1371.0,1372.5999755859375,1359.0999755859375,1363.4000244140625,14314283,1391.2149841308594,1416.48505859375,1354.2502032470702,1375.1184483631764,1390.7133506493997,-15.59490228622326,-12.817569182859115,-2.7773331033641444,36.080634508755836,1391.2149841308594,1441.014240632744,1341.4157276289748,0.0715910295244498,-0.001318434531342838,-0.0013193044308373106,0.11331864506475367,16.571446010044642
2025-10-07,1363.5999755859375,1383.0999755859375,1363.5999755859375,1375.9000244140625,16126464,1389.8749877929688,1414.5622265625,1354.512015991211,1375.2386908325434,1389.6160672245599,-14.377376392016458,-13.129530624690585,-1.2478457673258738,43.116693292739164,1389.8749877929688,1439.8150992384744,1339.9348763474632,0.0718627385687504,0.0091682556668371,0.009126482342403819,0.1193408779856576,17.178580147879465
2025-10-08,1372.300048828125,1381.5999755859375,1364.300048828125,1370.300048828125,8100832,1388.2049926757813,1412.652431640625,1354.8430780029296,1374.4788997549406,1388.1852510470462,-13.706351292105637,-13.244894758173597,-0.46145653393204,40.942338297723296,1388.2049926757813,1438.43151308162,1337.9784722699426,0.07236182072652908,-0.0040700454150528476,-0.004078350592519286,0.11967089542934607,17.721435546875
2025-10-09,1369.800048828125,1378.699951171875,1365.0999755859375,1376.199951171875,7909575,1386.8199890136718,1410.6363623046875,1355.3388464355469,1374.7436768960074,1387.2974510562929,-12.553774160285457,-13.10667063859597,0.5528964783105135,44.1385851133576,1386.8199890136718,1436.7510219116605,1336.8889561156832,0.07200795098648727,0.0043055550853958735,0.004296312702661111,0.1211822769080113,17.442862374441965
2025-10-10,1370.300048828125,1385.0,1370.300048828125,1380.300048828125,7673816,1385.7549926757813,1408.7459594726563,1355.8476727294922,1375.5985033471025,1386.7791249653176,-11.180621618215127,-12.721460834519803,1.5408392163046756,46.31311955681041,1385.7549926757813,1435.265524235265,1336.2444611162975,0.07145640004353569,0.002979289203402846,0.002974859916561027,0.12194971968135204,16.957144601004465
2025-10-13,1373.0999755859375,1386.4000244140625,1373.0999755859375,1379.4000244140625,8923018,1383.8399963378906,1406.9129736328125,1356.3103204345703,1376.1833527420195,1386.232524924484,-10.049172182464645,-12.187003104108772,2.1378309216441274,45.890815833190224,1383.8399963378906,1431.0577483998907,1336.6222442758906,0.06824163514127965,-0.0006520498313584699,-0.0006522625083054275,0.11310245246165736,17.0
2025-10-14,1389.0,1389.0,1375.0999755859375,1384.0999755859375,10610855,1382.0749938964843,1405.1938330078126,1356.7942352294922,1377.4012947180067,1386.0745583068142,-8.673263588807458,-11.48425520104851,2.810991612241052,48.53016813748875,1382.0749938964843,1426.2360599628582,1337.9139278301104,0.06390545558149577,0.0034072430685010424,0.0034014515674764116,0.11402883823419972,17.114283970424108
2025-10-15,1386.5,1400.4000244140625,1385.5,1398.4000244140625,8988550,1380.9149963378907,1403.9551953125,1357.349154663086,1380.6318685173999,1386.98755579624,-6.355687278840151,-10.458541616606839,4.102854337766688,55.62290862287112,1380.9149963378907,1421.8020536098006,1340.0279390659807,0.059217341227143075,0.010331658897740681,0.010278652096127655,0.12092464212741813,17.00714111328125
2025-10-16,1401.0,1418.9000244140625,1399.4000244140625,1417.300048828125,12185032,1380.820001220703,1403.2612719726562,1357.9479638671876,1386.2731270267423,1389.2329256504536,-2.959798623711322,-8.958793018027736,5.998994394316414,62.89981690877281,1380.820001220703,1421.339712331338,1340.300290110068,0.058689345569753935,0.013515463446864384,0.013424944264529453,0.1310533975882916,17.064287458147323
2025-10-17,1412.0,1439.5999755859375,1410.9000244140625,1436.5999755859375,17037215,1381.5650024414062,1403.3264672851562,1358.7072790527343,1394.0157191127723,1392.741596016045,1.2741230967274078,-6.912209795076707,8.186332891804115,68.56793578215057,1381.5650024414062,1425.6412710080936,1337.488733874719,0.06380628995204535,0.013617389467932561,0.013525506021996423,0.13968163280430165,17.77142333984375
2025-10-20,1442.0,1445.0,1389.199951171875,1390.300048828125,23330227,1380.9700073242188,1402.4815405273437,1359.2995971679688,1393.4440775305188,1392.5607406687916,0.8833368617272299,-5.35310046371592,6.23643732544315,49.16305158188434,1380.9700073242188,1424.1862991683654,1337.7537154800723,0.06258831345350196,-0.03222882329434007,-0.03275960735030094,0.17561033048998803,20.307137625558035
2025-10-21,1384.5,1387.5999755859375,1375.9000244140625,1382.0,3415560,1379.9950073242187,1401.5361059570312,1359.8404913330078,1391.6834502181312,1391.7784635822145,-0.09501336408334282,-4.301483043789405,4.206469679706062,46.61615419220498,1379.9950073242187,1422.127368231614,1337.8626464168235,0.061061613533064815,-0.005969969457399582,-0.005987860968449356,0.17673484648504376,20.335710797991073
2025-10-23,1385.0,1389.800048828125,1360.0999755859375,1363.699951171875,21124942,1378.4650024414063,1400.3119970703126,1360.2554016113281,1387.378296518707,1389.6985737740413,-2.320277255334304,-3.905241886098385,1.5849646307640812,41.51012867812957,1378.4650024414063,1420.6325169095453,1336.2974879732674,0.06118039180313735,-0.013241714057977583,-0.013330167269448372,0.18173990444751364,20.149998256138392
2025-10-24,1368.0999755859375,1381.5999755859375,1368.0999755859375,1377.699951171875,10570263,1378.2150024414063,1399.3539965820312,1360.8670837402344,1385.889320311502,1388.8097869146216,-2.920466603119621,-3.708286829502632,0.787820226383011,46.35146114453771,1378.2150024414063,1420.336061246746,1336.0939436360666,0.061124075315862066,0.01026618794550016,0.010213848550616888,0.18383683706850498,20.664289202008927
2025-10-27,1382.0999755859375,1386.800048828125,1374.0,1377.5999755859375,11499836,1378.304998779297,1398.46599609375,1361.4829797363282,1384.614036507569,1387.9794305199043,-3.3653940123354005,-3.639708266069186,0.2743142537337855,46.321974733653086,1378.304998779297,1420.412021186381,1336.197976372213,0.06109971660028276,-7.256702437452578e-05,-7.256965748842467e-05,0.18293441669834562,20.614292689732142
2025-10-28,1373.0,1375.800048828125,1356.199951171875,1363.0999755859375,26477914,1378.479998779297,1397.3119946289062,1361.951205444336,1381.304180981164,1386.1365079322031,-4.832326951039022,-3.878232003063153,-0.9540949479758689,42.13535190815416,1378.479998779297,1420.287725800185,1336.672271758409,0.06065772018151958,-0.010525551870623873,-0.01058133728518888,0.18190692944774992,20.735726492745535
2025-10-29,1364.5999755859375,1371.699951171875,1358.4000244140625,1370.4000244140625,16129382,1379.5950012207031,1396.173994140625,1362.5328381347656,1379.6266184323792,1384.970842486415,-5.344224054035749,-4.1714304132576725,-1.1727936407780764,44.83841364521038,1379.5950012207031,1419.1183034778699,1340.0716989635364,0.05729696356132842,0.005355475723625602,0.005341186159085642,0.17979145661636292,20.45001220703125
2025-10-30,1362.4000244140625,1370.199951171875,1361.300048828125,1362.4000244140625,9324401,1380.3150024414062,1394.7299951171874,1363.0811688232423,1376.9763731987919,1383.2989300366112,-6.32255683781932,-4.601655698170003,-1.7209011396493175,42.49561137724298,1380.3150024414062,1417.8915610393778,1342.7384438434347,0.0544463525086792,-0.005837711513045685,-0.0058548175568205055,0.18135521117157377,20.128583635602677
2025-10-31,1357.0,1362.0,1343.300048828125,1345.300048828125,15926798,1378.9800048828124,1392.9099951171875,1363.60626953125,1372.1030925263815,1380.484198095242,-8.381105568860448,-5.357545672308092,-3.0235598965523565,37.93319416148275,1378.9800048828124,1419.576226336819,1338.3837834288058,0.05887862232992494,-0.012551361772979885,-0.012630795481531985,0.17504860523711574,20.44287109375
2025-11-03,1340.5,1351.5999755859375,1337.9000244140625,1346.4000244140625,11071450,1378.0400085449219,1391.22599609375,1364.236600341797,1368.1487743552555,1377.9594444892286,-9.81067013397319,-6.248170564641112,-3.5624995693320782,38.39140405914608,1378.0400085449219,1420.7930227627978,1335.286994327046,0.062049017376525996,0.0008176433107958125,0.0008173092226015498,0.1744834369512446,20.471435546875
2025-11-04,1342.5999755859375,1349.800048828125,1333.199951171875,1336.9000244140625,15211183,1376.7150085449218,1389.0439965820312,1364.7670849609376,1363.3412743643025,1374.9180059651424,-11.576731600839821,-7.313882771880854,-4.262848828958967,35.924665907484425,1376.7150085449218,1422.8844965927128,1330.5455204971308,0.06707196153340184,-0.007055852516145267,-0.007080862758667559,0.17596368612525728,20.664297921316965
2025-11-06,1330.0,1342.199951171875,1317.4000244140625,1320.4000244140625,24221853,1373.940008544922,1386.7239965820313,1365.2252416992187,1356.7349282181117,1370.8796369613588,-14.144708743247065,-8.680047966154095,-5.46466077709297,32.07042550413168,1373.940008544922,1426.5395952250121,1321.3404218648318,0.07656751583469212,-0.012341984964232222,-0.012418779781836897,0.17616952931590873,21.271432059151785
2025-11-07,1320.4000244140625,1344.300048828125,1318.5999755859375,1343.0,7719245,1372.5750061035155,1384.9199975585936,1365.7425634765625,1354.621862338402,1368.8144786679247,-14.192616329522707,-9.782561638827818,-4.4100546906948885,41.35174763526806,1372.5750061035155,1426.958969787814,1318.191042419217,0.07924370390319799,0.01711600664046209,0.016971178054300828,0.18848475001419637,21.642865862165177
2025-11-10,1342.9000244140625,1349.5999755859375,1341.0,1348.0,8542340,1371.1650085449219,1383.547998046875,1366.4022302246094,1353.6031142863403,1367.2726654332637,-13.669551146923368,-10.559959540446929,-3.109591606476439,43.20076156267806,1371.1650085449219,1426.6052608598075,1315.7247562300363,0.08086590887222055,0.0037230081906181045,0.0037160949490148538,0.18828102619065648,20.2071533203125
2025-11-11,1349.0,1360.4000244140625,1346.199951171875,1358.300048828125,8305184,1370.065008544922,1382.7319995117186,1367.0761840820312,1354.325719600461,1366.6080271662165,-12.282307565755445,-10.904429145508633,-1.3778784202468124,46.91373019040091,1370.065008544922,1425.6150063506834,1314.5150107391605,0.08109103941682058,0.0076409857775407986,0.0076119413041601195,0.19029345829331434,17.235726492745535
2025-11-12,1370.0,1370.0,1355.4000244140625,1358.9000244140625,9736761,1369.0400085449219,1381.9539990234375,1367.9357287597657,1355.0294588025536,1366.0370639993903,-11.007605196836721,-10.925064355774252,-0.08254084106246928,47.1305318920455,1369.0400085449219,1424.621267344725,1313.4587497451187,0.08119742075160755,0.0004417106415148808,0.00044161311608708974,0.1903393309853897,17.250008719308035
2025-11-13,1358.9000244140625,1390.4000244140625,1358.5,1385.9000244140625,18296626,1369.1300109863282,1381.4519995117187,1368.9089385986329,1359.7787765889395,1367.508394400477,-7.729617811537537,-10.28597504692691,2.556357235389372,55.86570538889948,1369.1300109863282,1424.8196738000486,1313.4403481726079,0.08135043767479941,0.019869011343672582,0.019674198798291825,0.20353906572380448,17.407148088727677
2025-11-14,1374.0,1381.199951171875,1363.199951171875,1373.0,9694498,1367.860009765625,1381.0280004882814,1369.8111975097656,1361.812810959872,1367.9151800004418,-6.1023690405697835,-9.449253845655484,3.3468848050857005,51.48858025660625,1367.860009765625,1421.872373169703,1313.8476463615468,0.07897352509535358,-0.009308048334522812,-0.009351638922820269,0.20243630526602968,17.750008719308035
2025-11-17,1375.0999755859375,1382.5,1373.5999755859375,1379.0,7660717,1365.9450073242188,1380.6680004882812,1370.7064916992188,1364.4569938891225,1368.7362777781866,-4.279283889064118,-8.415259854337211,4.135975965273094,53.320535837395745,1365.9450073242188,1415.0716543655917,1316.8183602828458,0.07193063670639023,0.004369992716678706,0.004360472025330663,0.19634688577829104,17.514290945870535
2025-11-18,1380.199951171875,1382.800048828125,1369.0999755859375,1373.4000244140625,9529560,1362.785009765625,1380.0260009765625,1371.4807537841798,1365.8328447391134,1369.081740491955,-3.2488957528416904,-7.381987034038107,4.133091281196417,51.37066558543913,1362.785009765625,1399.2830888314309,1326.2869306998193,0.053563957343620607,-0.004060896001405023,-0.004069163830358931,0.18840510093075263,16.96429443359375
2025-11-19,1373.5,1384.0,1371.5999755859375,1383.0999755859375,10393918,1362.4250061035157,1379.6319995117187,1372.209490966797,1368.4893264078555,1370.1201282766947,-1.6308018688391712,-6.23175000099832,4.600948132159149,54.47607593790937,1362.4250061035157,1397.9082856129307,1326.9417265941006,0.05208841492258853,0.0070627282652142576,0.0070379040160220155,0.15371958713046083,16.900015694754465
2025-11-20,1380.0999755859375,1388.300048828125,1375.4000244140625,1383.0,10131863,1362.4750061035156,1379.2380004882812,1372.91416015625,1370.7217377297238,1371.0741928487912,-0.3524551190673719,-5.055891024612131,4.703435905544759,54.43749010690793,1362.4750061035156,1398.0770457562733,1326.872966450758,0.0522608333999086,-7.228370161393993e-05,-7.228631420659877e-05,0.15220928510050885,17.17144775390625
2025-11-21,1373.0,1376.0,1364.5999755859375,1369.5,11483595,1362.7650085449218,1378.5540014648439,1373.5317309570312,1370.533778078997,1370.9575859711028,-0.4238078921057422,-4.129474398110854,3.7056665060051115,49.35392668011293,1362.7650085449218,1398.5032906902723,1327.0267263995713,0.05244966215196507,-0.009761388286334105,-0.00980934296162541,0.14862855244966358,17.121451241629465
2025-11-24,1373.300048828125,1377.0,1361.5,1368.4000244140625,15896003,1362.3000122070312,1377.8440014648438,1374.1576940917969,1370.2055082843917,1370.7681369668776,-0.5626286824858653,-3.4161052549858564,2.853476572499991,48.95279990608005,1362.3000122070312,1397.4573856539778,1327.1426387600845,0.0516147296952438,-0.000803195024415837,-0.0008035177583632325,0.1438554486917639,17.250026157924108
2025-11-25,1365.0,1376.9000244140625,1354.300048828125,1357.800048828125,12235000,1361.3100158691407,1376.9680029296876,1374.717012939453,1368.2969760603507,1369.8075378454885,-1.5105617851377247,-3.0349965610162304,1.5244347758785057,45.14498398926071,1361.3100158691407,1395.7613644717358,1326.8586672665456,0.0506149932065244,-0.007746255040061323,-0.007776413116017914,0.14625358269928768,17.6785888671875
2025-11-26,1360.0,1377.0,1359.9000244140625,1375.0,9659004,1361.9050170898438,1376.11400390625,1375.3749841308593,1369.3282105126045,1370.1921646717487,-0.8639541591442139,-2.600788080641827,1.7368339214976132,51.70902671234109,1361.9050170898438,1396.8933893785609,1326.9166448011267,0.05138151611113261,0.012667514032511429,0.012587952271919979,0.14870348529336846,17.278590611049108
2025-11-27,1379.0,1394.0,1375.699951171875,1392.199951171875,15158741,1362.9950134277344,1375.5700024414064,1376.0435369873046,1372.8469398448,1371.8223710791656,1.0245687656345126,-1.8757167113865592,2.9002854770210718,57.22171128499714,1362.9950134277344,1400.3742659602615,1325.6157608952074,0.05484870034634048,0.012509055397727176,0.012431463561256883,0.1538940769167639,16.800013950892858
2025-11-28,1392.0,1398.5,1385.5999755859375,1388.800048828125,7683986,1364.3150146484375,1374.91400390625,1376.697571411133,1375.301264303773,1373.0799768383476,2.2212874654253483,-1.0563158760241778,3.277603341449526,55.86416572212151,1364.3150146484375,1403.4300628904075,1325.1999664064674,0.05734020049914847,-0.002442107788387826,-0.0024450945973433892,0.15240647070995555,17.107160295758927
2025-12-01,1394.0,1400.0,1385.4000244140625,1390.0999755859375,8867593,1366.5550109863282,1374.3320043945312,1377.33478515625,1377.5779891164136,1374.3407174863173,3.237271630096302,-0.1975983748000818,3.434870004896384,56.29113850405334,1366.5550109863282,1406.2124437100954,1326.897578262561,0.05804000922750115,0.0009360071371753431,0.0009355693556513781,0.14377129377086964,17.135724748883927
2025-12-02,1381.800048828125,1381.800048828125,1370.5999755859375,1373.0,12126396,1367.885009765625,1373.3580053710937,1377.9634051513672,1376.8736830985038,1374.2414050799234,2.6322780185803367,0.3683769038760019,2.2639011147043346,49.50642234262761,1367.885009765625,1406.4659385783239,1329.3040809529261,0.05640960831833278,-0.012301255942925748,-0.012377542652265478,0.15211227405260147,17.485726492745535
2025-12-03,1367.0,1394.199951171875,1367.0,1391.5,7955933,1370.615008544922,1373.1440063476562,1378.6562438964843,1379.123885698734,1375.5198195184478,3.6040661802862815,1.0155147591580578,2.5885514211282237,55.72399664941683,1370.615008544922,1407.6608092248302,1333.5692078650136,0.05405719395884486,0.013474144209759675,0.013384175197974444,0.15507948889900539,17.150006975446427
2025-12-04,1387.0,1391.5999755859375,1379.9000244140625,1386.699951171875,7373909,1373.9300048828125,1372.8480053710937,1379.373955078125,1380.2894342330635,1376.3479774187017,3.9414568143618,1.6007031701988064,2.3407536441629935,53.87048905613958,1373.9300048828125,1403.0802712415077,1344.7797385241172,0.04243340818687717,-0.0034495500022457826,-0.0034555134178712514,0.14714444257314202,16.364283970424108
2025-12-05,1381.0,1395.300048828125,1381.0,1392.5,4942638,1376.4050048828126,1372.8120043945312,1380.1253802490235,1382.1679828125923,1377.5444235358348,4.623559276757533,2.2052743915105517,2.418284885246981,55.78430110326457,1376.4050048828126,1402.7705432089167,1350.0394665567085,0.03831072719522534,0.004182627123642257,0.004173904253364777,0.1369029593711892,16.707144601004465
2025-12-08,1387.0,1394.9000244140625,1383.300048828125,1389.5999755859375,7826227,1378.4850036621094,1372.9500048828124,1380.8766943359376,1383.3113663161837,1378.437427391398,4.873938924785762,2.739007298165594,2.1349316266201677,54.565334126151576,1378.4850036621094,1401.8027525123152,1355.1672548119036,0.03383097935524789,-0.002082602810816847,-0.0020847744436736392,0.1373977207249252,16.557137625558035
2025-12-09,1379.9000244140625,1384.300048828125,1373.4000244140625,1375.199951171875,10492030,1379.3299987792968,1372.9380029296874,1381.5004370117188,1382.0634562939822,1378.1976143380998,3.865841955882388,2.9643742297089526,0.9014677261734354,48.85648671382845,1379.3299987792968,1400.712414267869,1357.9475832907247,0.031004060678003896,-0.010362712051711576,-0.010416778795325652,0.14162041382737384,16.828560965401785
2025-12-10,1377.9000244140625,1379.4000244140625,1357.9000244140625,1363.5999755859375,8725381,1379.5649963378905,1373.0180029296876,1382.110587158203,1379.222920800437,1377.1163077638655,2.106613036571389,2.79282199108144,-0.6862089545100512,44.79109990456769,1379.5649963378905,1400.0880608348577,1359.0419318409233,0.029752950461118526,-0.008435119253787482,-0.008470896202815168,0.14525730893547048,17.442844935825892
2025-12-11,1363.699951171875,1366.5999755859375,1352.800048828125,1360.0,6734750,1378.2699951171876,1373.2560034179687,1382.7429272460938,1376.2655483696005,1375.8484331146901,0.41711525491041357,2.317680643847235,-1.9005653889368213,43.57914758282335,1378.2699951171876,1400.321598593389,1356.2183916409863,0.03199896036962826,-0.002640052545021976,-0.0026435436295269444,0.12548660092863376,17.114266531808035
2025-12-12,1368.0,1370.699951171875,1363.300048828125,1366.0,3890885,1377.9199951171875,1373.6160034179688,1383.3129791259767,1374.686233235816,1375.118919550639,-0.43268631482305864,1.7676072521131763,-2.200293566936235,46.1923566554976,1377.9199951171875,1400.538700497008,1355.301289737367,0.032830215774460686,0.004411764705882337,0.004402061400637665,0.12273315342666925,16.771405901227677
2025-12-15,1356.0999755859375,1370.0,1356.0999755859375,1365.199951171875,5342530,1377.2299926757812,1373.4800024414062,1383.937083129883,1373.226805225979,1374.384181152212,-1.157375926233044,1.1826106164439323,-2.3399865426769764,45.887162897096445,1377.2299926757812,1400.5413350565634,1353.918650294999,0.033852504672064625,-0.0005856872826683901,-0.0005858588644637177,0.12152588963809503,16.149980817522323
2025-12-16,1364.0,1368.699951171875,1355.5,1366.0,12359741,1376.8599914550782,1373.4960034179687,1384.6495367431642,1372.1149890373667,1373.7631306964927,-1.6481416591259404,0.6164601613299578,-2.264601820455898,46.269469098574596,1376.8599914550782,1400.657137713081,1353.0628451970754,0.03456727104526263,0.0005860305132872057,0.0005858588644636454,0.12082467589880598,15.721409388950892
2025-12-17,1365.0,1365.0,1343.0999755859375,1352.4000244140625,9440391,1375.3249938964843,1373.2760034179687,1385.366431274414,1369.0819175568583,1372.1806783792758,-3.098760822417489,-0.12658403541953162,-2.9721767869979576,40.97052987912934,1375.3249938964843,1401.2892326357246,1349.360755157244,0.037757241167674885,-0.009956058262033274,-0.010005951244606983,0.12227055323937136,15.999982561383929
2025-12-18,1346.300048828125,1369.5,1345.5,1356.800048828125,7314573,1374.0149963378906,1372.89400390625,1386.0765478515625,1367.1923992908994,1371.041372486598,-3.8489731956985906,-0.8710618674753434,-2.9779113282232474,43.235552168807764,1374.0149963378906,1400.97351824896,1347.056474426821,0.039240506083151966,0.003253493296828891,0.0032482121392195893,0.12320532238634903,16.792837960379465
2025-12-19,1354.0,1360.4000244140625,1350.800048828125,1354.0999755859375,14318512,1373.2449951171875,1372.5700024414064,1386.7815991210937,1365.1781802593669,1369.78645419766,-4.608273938293223,-1.6185042816389195,-2.9897696566543037,42.16631418591802,1373.2449951171875,1401.590546570867,1344.899443663508,0.04128258476013683,-0.0019900303250427465,-0.001992013066303556,0.11882508865564995,16.435695103236608
2025-12-22,1358.0,1371.300048828125,1354.800048828125,1368.5,9375294,1373.2499938964843,1372.4160034179688,1387.6496978759765,1365.6892294502336,1369.6911612941299,-4.001931843896273,-2.0951897940903903,-1.9067420498058825,49.359245345795415,1373.2499938964843,1401.5919828400056,1344.908004952963,0.04127724605059452,0.010634387913515342,0.01057824052168934,0.1252496115139222,16.271414620535715
2025-12-23,1361.0999755859375,1365.0,1357.0,1363.0,9105467,1373.509991455078,1372.0700024414064,1388.4798773193359,1365.2755018425053,1369.195519716787,-3.9200178742817116,-2.460155410128655,-1.4598624641530566,46.95704125923458,1373.509991455078,1401.3461065791691,1345.673876330987,0.04053281781314435,-0.004018998903909443,-0.0040270967842012066,0.12285501330862089,15.149989536830358
2025-12-24,1363.800048828125,1368.199951171875,1357.5999755859375,1359.800048828125,8955140,1372.7499938964843,1371.6780029296874,1389.2732177734374,1364.4331244556777,1368.4995589102195,-4.066434454541877,-2.781411219011299,-1.285023235530578,45.56752952313176,1372.7499938964843,1401.237201275816,1344.2627865171526,0.041503853587312234,-0.0023477264650586527,-0.0023504866958602324,0.11391270061572613,15.071419852120536
2025-12-26,1356.5,1362.0,1348.5,1350.4000244140625,2812144,1370.6599975585937,1371.00400390625,1389.9932611083984,1362.2741859877367,1367.1588526512448,-4.884666663508142,-3.202062307910668,-1.6826043555974741,41.666996127515134,1370.6599975585937,1399.2720424249007,1342.0479526922866,0.041749295838895986,-0.006912798997296243,-0.006936803079845835,0.10493191663981119,15.014273507254464
2025-12-29,1352.0999755859375,1355.699951171875,1341.5,1343.300048828125,6057201,1368.3849975585938,1369.9020043945313,1390.6661437988282,1359.355087963181,1365.3915338495322,-6.036445886351203,-3.768939023598775,-2.2675068627524277,38.954677612276015,1368.3849975585938,1398.1368700826724,1338.6331250345152,0.04348465172763584,-0.005257683247612666,-0.005271553502477513,0.10573922427659743,15.199986049107142
2025-12-30,1343.300048828125,1347.0999755859375,1338.0999755859375,1342.5,18621277,1366.0049987792968,1368.4060034179688,1391.352392578125,1356.7619975073071,1363.6958646754927,-6.933867168185543,-4.401924652516129,-2.5319425156694138,38.649371671055285,1366.0049987792968,1396.056817387422,1335.9531801711717,0.04399957340563225,-0.0005955846043651514,-0.0005957620353292278,0.10538291141044626,14.685703822544642
2025-12-31,1342.800048828125,1350.0,1339.5,1342.9000244140625,6150634,1364.5,1366.5320043945312,1392.0391534423827,1354.6293862621924,1362.1554320635348,-7.526045801342434,-5.026748882281391,-2.4992969190610435,38.9071939258571,1364.5,1396.0540986734356,1332.9459013265644,0.04625005302079244,0.00029796976838913913,0.00029792538421424483,0.0978223162005776,13.899989536830358
2026-01-01,1343.9000244140625,1348.4000244140625,1336.0,1338.0,4179311,1361.825,1365.4860034179687,1392.5498333740234,1352.071019144932,1360.3661407995692,-8.295121654637114,-5.680423436752536,-2.6146982178845786,36.86359572619998,1361.825,1392.8072629382875,1330.8427370617126,0.04550109292792756,-0.0036488378322879766,-0.0036555110790602824,0.0815379610831381,13.799996512276786
2026-01-02,1338.0,1356.9000244140625,1336.300048828125,1355.4000244140625,8226205,1360.2600036621093,1364.95400390625,1393.154708251953,1352.5831738017214,1359.9982803265686,-7.4151065248472605,-6.027360054371481,-1.3877464704757791,47.42418014595652,1360.2600036621093,1389.0352151229126,1331.484792201306,0.04230839895804384,0.013004502551616115,0.01292067002627954,0.09697113709776665,14.50714111328125
2026-01-05,1354.199951171875,1375.5,1352.5999755859375,1371.5,6920565,1359.2100036621093,1365.1100048828125,1393.8098162841798,1355.4934547553028,1360.8502595616376,-5.3568048063348215,-5.89324900476415,0.5364441984293284,54.93529916384947,1359.2100036621093,1384.3325702768188,1334.0874370473998,0.036966423947766676,0.011878394050418795,0.011808399663204515,0.10598470940360706,15.149998256138392
2026-01-06,1372.0,1413.5999755859375,1366.0,1411.199951171875,17260416,1360.2900024414062,1365.7800048828126,1394.5693994140624,1364.063684973237,1364.5798663475812,-0.5161813743441144,-4.817835478680143,4.301654104336029,67.32960925034538,1360.2900024414062,1391.926115149234,1328.6538897335784,0.04651377669621668,0.028946373439208806,0.028535340274439536,0.14918976606814258,17.607142857142858
2026-01-07,1408.0,1429.9000244140625,1404.199951171875,1427.699951171875,15813795,1362.9150024414062,1366.7820043945312,1395.4114825439453,1373.8538797730275,1369.2554281864177,4.598451586609826,-2.9345780656221496,7.533029652231976,70.91057125253003,1362.9150024414062,1406.2933607277691,1319.5366441550432,0.06365526567490827,0.011692177275302695,0.011624351942526551,0.14781145113022523,17.807146344866073
2026-01-08,1429.0,1442.199951171875,1423.300048828125,1435.0,14861699,1366.4850036621094,1368.2200048828124,1396.0712548828126,1383.2609751925618,1374.1253964689054,9.135578723656408,-0.5205467077664381,9.656125431422847,72.35434383544933,1366.4850036621094,1420.5393016200396,1312.4307057041792,0.07911436688008645,0.00511315337801399,0.0051001255990973555,0.142972181079981,17.442853655133927
2026-01-09,1427.0999755859375,1429.5,1401.5,1404.300048828125,12555636,1368.7000061035155,1368.8980053710939,1396.5348565673828,1386.4977557518791,1376.3605559029218,10.13719984895738,1.6110026035783258,8.526197245379054,59.07531667826508,1368.7000061035155,1425.2102129296766,1312.1897992773545,0.0825750077798818,-0.02139369419642856,-0.021625856449150264,0.16575835606769423,19.149998256138392
2026-01-12,1399.9000244140625,1424.300048828125,1391.699951171875,1413.0999755859375,10923811,1371.0550048828125,1369.9120043945313,1396.9362768554688,1390.590404957119,1379.08199439796,11.508410559159074,3.5904841946944757,7.9179263644645985,61.26953777305903,1371.0550048828125,1430.9176782204556,1311.1923315451693,0.0873235182023347,0.006266414905529594,0.0062468625671759865,0.1662972351138546,20.25
2026-01-13,1420.0,1441.800048828125,1411.0999755859375,1437.0,14295581,1374.6450073242188,1371.7460034179687,1397.3825231933595,1397.7303426560238,1383.372217035148,14.358125620875853,5.744012479930752,8.6141131409451,66.51986351327636,1374.6450073242188,1441.260181440894,1308.0298332075436,0.09691982113453909,0.01691318719622248,0.016771751767277646,0.17444092695845492,21.621433803013392
2026-01-14,1425.5999755859375,1443.9000244140625,1414.9000244140625,1418.4000244140625,13832255,1377.2650085449218,1373.1860034179688,1397.8074670410156,1400.9102936957222,1385.966869433586,14.943424262136205,7.583894836371843,7.359529425764362,59.733315829113025,1377.2650085449218,1446.5181505953092,1308.0118664945344,0.100566182427815,-0.012943615578244638,-0.013028114106630963,0.1829404790359604,22.935721261160715
2026-01-15,1418.4000244140625,1418.4000244140625,1418.4000244140625,1418.4000244140625,0,1380.565008544922,1374.8160034179687,1398.2711120605468,1403.6010214985438,1388.3693253580657,15.231696140478107,9.113455097193096,6.1182410432850105,59.733315829113025,1380.565008544922,1451.1072856678518,1310.0227314219921,0.10219334357500406,0.0,0.0,0.17768699192619927,21.971435546875
2026-01-16,1417.9000244140625,1429.0,1400.199951171875,1410.800048828125,12530886,1383.2650085449218,1376.62400390625,1398.6930358886718,1404.7085641646331,1390.030860429922,14.67770373471103,10.226304824696683,4.451398910014348,56.978589624811505,1383.2650085449218,1454.1104228282006,1312.419594261643,0.10243216425723405,-0.005358132723578435,-0.0053725390002587504,0.17978402215070038,23.014299665178573
2026-01-19,1399.9000244140625,1400.0,1360.0,1380.5999755859375,23302883,1384.5900085449218,1377.3760034179688,1398.9059075927735,1400.9995505371417,1389.3322763674048,11.667274169736856,10.514498693704718,1.1527754760321383,47.58715317679805,1384.5900085449218,1454.1177178212708,1315.0622992685728,0.10043075400986941,-0.021406345475585287,-0.021638784386421205,0.19782478403396114,26.000017438616073
2026-01-20,1374.699951171875,1387.800048828125,1371.5,1375.800048828125,15012785,1384.955010986328,1377.9320043945313,1399.243134765625,1397.1227041203697,1388.329889142273,8.792814978096658,10.170161950583108,-1.3773469724864498,46.281467184904315,1384.955010986328,1454.2031486059454,1315.7068733667106,0.1000005589644399,-0.0034766962499584997,-0.0034827540030862737,0.19507293221150754,26.414306640625
2026-01-21,1367.5,1371.5,1339.5,1349.0,21766068,1384.2550109863282,1377.7460034179687,1399.3828515625,1389.7192111787745,1385.4165640206231,4.302647158151331,8.996658992096751,-4.694011833945421,39.727219514102515,1384.2550109863282,1454.710128443582,1313.7998935290743,0.10179499716176177,-0.019479610319066865,-0.01967183837487177,0.2070070833443932,28.121451241629465
2026-01-22,1355.0999755859375,1358.0,1338.0,1345.5,17179765,1383.5400085449219,1377.4780029296876,1399.5135028076172,1382.9162556128092,1382.459781500577,0.45647411223217205,7.288622016123836,-6.832147903891664,38.9514083279158,1383.5400085449219,1455.3179088502757,1311.762108239568,0.10375977544855113,-0.0025945144551520194,-0.0025978860407954362,0.20703917159903334,28.078595842633927
2026-01-23,1340.5,1355.199951171875,1335.699951171875,1343.4000244140625,14056524,1383.190008544922,1376.6280029296875,1399.6051245117187,1376.8368354283866,1379.5664661608353,-2.7296307324486406,5.28497146640934,-8.01460219885798,38.46603470542448,1383.190008544922,1455.7127133686308,1310.667303721213,0.10486296803141423,-0.001560739937523259,-0.0015619591608583832,0.20568980651697705,27.835736955915177
2026-01-27,1340.0,1369.0999755859375,1328.5999755859375,1361.4000244140625,25263634,1384.0950073242188,1376.3960034179688,1400.0236682128907,1374.461941426183,1378.2208038092224,-3.758862383039286,3.4762046965196154,-7.235067079558902,44.813873133866984,1384.0950073242188,1454.9544559938836,1313.235558654554,0.10239101838341678,0.013398838523805301,0.013309867940804868,0.21019305018764742,27.328595842633927
2026-01-28,1362.5999755859375,1380.4000244140625,1362.5999755859375,1367.699951171875,13242696,1385.3550048828124,1376.1700024414063,1400.4124346923827,1373.4216352332128,1377.4414813916412,-4.019846158428436,1.9769945255300054,-5.996840683958442,46.87935771835305,1385.3550048828124,1453.960579794209,1316.7494299714158,0.0990440351672891,0.0046275353642100114,0.004616861239694836,0.21056604423091757,26.850019182477677
2026-01-29,1359.0,1387.699951171875,1354.4000244140625,1383.5999755859375,23118234,1387.3900024414063,1376.3740014648438,1400.8762353515624,1374.9875337490166,1377.8976661467743,-2.9101323977577067,0.9995691408724631,-3.90970153863017,51.78423431239825,1387.3900024414063,1453.0442383288773,1321.7357665539353,0.09464423957494073,0.01162537470330327,0.011558319231093418,0.2138683526591841,27.878592354910715
2026-01-30,1368.199951171875,1381.9000244140625,1353.199951171875,1355.0,24013717,1388.2400024414062,1375.812001953125,1401.1432019042968,1371.9125285568603,1376.2015427284948,-4.2890141716345624,-0.05814752162894199,-4.230866650005621,43.92731979589861,1388.2400024414062,1451.6020593164772,1324.8779455663353,0.09128400962894063,-0.020670696798636312,-0.020887326103893863,0.22748953866197558,27.65716552734375
2026-02-02,1329.9000244140625,1354.4000244140625,1329.0999755859375,1352.800048828125,12800245,1388.1100036621094,1375.2080029296876,1401.2078948974608,1368.9721470601319,1374.4680987358747,-5.495951675742845,-1.1457083524517226,-4.350243323291122,43.38206839963265,1388.1100036621094,1451.7657419918758,1324.454265332343,0.09171569711597766,-0.0016235802006457911,-0.0016248996353118144,0.22290005066745325,27.1785888671875
2026-02-03,1412.0,1417.0,1373.4000244140625,1389.699951171875,24896698,1389.020001220703,1375.612001953125,1401.4263244628905,1372.1610400004,1375.5963841015043,-3.4353441011044197,-1.6036355021822621,-1.8317085989221575,53.75153197452971,1389.020001220703,1452.1944891698195,1325.8455132715867,0.09096267569019477,0.02727668614124812,0.026911306678315358,0.23984323470970384,29.571437290736608
2026-02-04,1387.0,1414.0,1386.9000244140625,1408.4000244140625,11080683,1388.8800048828125,1376.412001953125,1401.4886804199218,1377.7362683717324,1378.026283383916,-0.29001501218363046,-1.340911404182536,1.0508963919989056,57.95422286858363,1388.8800048828125,1451.8596487050795,1325.9003610605455,0.09069126720933815,0.013456194789687181,0.0133664642587008,0.22129055715172047,29.435721261160715
2026-02-05,1414.0,1414.0,1393.199951171875,1396.5,8982761,1387.3200073242188,1377.1860009765626,1401.4761541748046,1380.6229963145427,1379.3947068369591,1.2282894775835302,-0.827071227829323,2.0553607054128533,54.556662954349285,1387.3200073242188,1447.7447722784852,1326.8952423699523,0.08711006059922717,-0.008449321363093065,-0.008485219230274288,0.21870184373270782,30.921439034598215
2026-02-06,1396.699951171875,1410.5,1394.699951171875,1406.0999755859375,10851190,1385.8750061035157,1377.8080004882813,1401.4783843994142,1384.542531587065,1381.372874892439,3.169656694625928,-0.027725643338272654,3.197382337964201,56.75900454466761,1385.8750061035157,1442.7784663252655,1328.971545881766,0.08211918098117356,0.006874311196518157,0.006850790848575443,0.21944434136427765,29.992867606026785
2026-02-09,1413.5,1414.0,1388.800048828125,1396.300048828125,7889742,1385.4750061035156,1377.8900024414063,1401.3924176025391,1386.351380393382,1382.4785914802678,3.8727889131141637,0.7523772679522147,3.120411645161949,53.88793701565626,1385.4750061035156,1441.9439398936897,1329.0060723133415,0.08151562971747328,-0.00696958034845907,-0.006993981316006483,0.20723407469885569,28.164289202008927
2026-02-10,1401.0,1409.5,1395.5,1406.5,16497628,1385.1450073242188,1378.2440014648437,1401.4651202392579,1389.4511680251694,1384.2579550743221,5.193212950847283,1.6405444045312283,3.5526685463160543,56.36212221848478,1385.1450073242188,1441.0080932278274,1329.2819214206102,0.08066027110262376,0.007304985185981661,0.007278433012111127,0.20769648154219586,28.0
2026-02-11,1407.4000244140625,1413.0,1400.4000244140625,1406.0999755859375,8551341,1383.6000061035156,1378.5640014648438,1401.5254028320312,1392.0125230345184,1385.875882519627,6.136640514891269,2.5397636266032366,3.5968768882880324,56.23468537349574,1383.6000061035156,1434.9515921410446,1332.2484200659867,0.07422894739953767,-0.00028441124355671477,-0.00028445169610473366,0.1976842522212583,26.307137625558035
2026-02-12,1406.0999755859375,1433.0,1405.300048828125,1430.0,19646265,1384.1800048828125,1379.7040014648437,1401.5861041259766,1397.8567502599772,1389.1443356663212,8.712414593655922,3.774293820013774,4.938120773642147,61.79304487005032,1384.1800048828125,1437.414087323543,1330.9459224420818,0.07691786075935626,0.016997386266295322,0.016854547020146216,0.20223415308832077,26.857134137834823
2026-02-13,1425.300048828125,1434.4000244140625,1410.699951171875,1414.5999755859375,12228083,1383.9900024414062,1380.1660009765626,1401.56484375,1400.4326310793558,1391.0299386233298,9.402692456025989,4.899973547216217,4.502718908809771,56.788286760206944,1383.9900024414062,1436.7346976508693,1331.2453072319431,0.07622120841396199,-0.010769247842001728,-0.010827655910696718,0.20615123662777177,27.157139369419642
2026-02-16,1404.0,1414.0,1400.5,1411.5999755859375,5000042,1384.0299987792969,1380.6640014648438,1401.542476196289,1402.1506840803684,1392.5536450650045,9.597039015363862,5.839386640845746,3.7576523745181154,55.839498001890064,1384.0299987792969,1436.8614361530779,1331.1985614055159,0.07634435296977363,-0.002120740882069816,-0.0021229928374534735,0.2053652790995367,25.27142333984375
2026-02-17,1406.199951171875,1413.5999755859375,1393.5999755859375,1407.5,11756187,1385.375,1380.9640014648437,1401.4842279052734,1402.9736557603119,1393.6607824675968,9.31287329271504,6.534083971219605,2.7787893214954345,54.499368003098425,1385.375,1439.1990975452693,1331.5509024547307,0.07770328978835232,-0.002904488280566664,-0.0029087144919573795,0.1895501893313617,25.342851911272323
2026-02-18,1410.0999755859375,1412.300048828125,1398.9000244140625,1408.199951171875,4758071,1386.9949951171875,1381.3360009765624,1401.4329522705077,1403.7777012082447,1394.737757927173,9.0399432810716,7.035255833190004,2.0046874478815964,54.69925380056844,1386.9949951171875,1441.5510407296592,1332.4389495047158,0.07866797761279921,0.0004973010102131692,0.0004971773970460603,0.18881970768767592,23.921430315290177
2026-02-19,1408.5,1412.300048828125,1384.800048828125,1388.800048828125,14323091,1388.9849975585937,1381.6080029296875,1401.2737615966796,1401.4734469959185,1394.2979276235399,7.175519372378631,7.06330854102773,0.11221083135090026,48.35833321822194,1388.9849975585937,1440.5257967410525,1337.4441983761349,0.07421361537101068,-0.013776383337895881,-0.013872158346306241,0.18146463621589007,23.714285714285715
2026-02-20,1388.5,1403.699951171875,1384.0,1394.5,10337877,1391.4349975585938,1382.2260034179687,1401.124215698242,1400.4006089965465,1394.3128959477222,6.087713048824298,6.8681894425870444,-0.7804763937627461,50.185519364438136,1391.4349975585938,1438.7582457587148,1344.1117493584727,0.06802078183049043,0.004104227370012481,0.0040958280029584375,0.18100904377194932,23.27142333984375
2026-02-23,1400.0,1408.300048828125,1395.300048828125,1399.4000244140625,10728445,1394.2349975585937,1383.01400390625,1400.9986737060547,1400.2466729069336,1394.6897202785622,5.556952628371391,6.605942079743914,-1.048989451372523,51.765501237636705,1394.2349975585937,1435.8772323280173,1352.5927627891701,0.05973488664728992,0.0035138217383021697,0.0035076626903454396,0.18063608311006427,19.671430315290177
2026-02-24,1400.9000244140625,1400.9000244140625,1382.300048828125,1384.800048828125,18274784,1395.4049987792969,1383.3900048828125,1401.03134765625,1397.8702692025015,1393.9571520229742,3.913117179527262,6.067377099700584,-2.154259920173322,46.98379232406873,1395.4049987792969,1434.393159985992,1356.4168375726017,0.055880781910344436,-0.010433025104491178,-0.01048783063583468,0.18068281079246523,19.064287458147323
2026-02-25,1391.800048828125,1407.4000244140625,1388.199951171875,1400.5,16297015,1397.0450012207032,1384.096005859375,1400.8468035888673,1398.2748431713476,1394.4418074286798,3.8330357426677892,5.620508828294026,-1.787473085626237,52.10703887441863,1397.0450012207032,1433.8230312963924,1360.266971145014,0.052651174505550645,0.011337341578779414,0.011273555578108638,0.18405037473392794,19.192853655133927
2026-02-26,1405.0999755859375,1410.0,1392.0999755859375,1404.9000244140625,27288792,1398.1100036621094,1384.8740063476562,1400.7730743408204,1399.2941018240729,1395.2164901683377,4.077611655735154,5.311929393782252,-1.234317738047098,53.46430275159023,1398.1100036621094,1434.480059819466,1361.7399475047528,0.05202746001686782,0.0031417525269992197,0.0031368275352361237,0.1801287413332378,19.342851911272323
2026-02-27,1400.0,1402.199951171875,1376.699951171875,1378.9000244140625,15096898,1399.3050048828125,1385.4040063476561,1400.5911767578125,1396.156551453302,1394.0078630754283,2.1486883778736683,4.679281190600535,-2.5305928127268666,45.29562437588595,1399.3050048828125,1430.9783375372633,1367.6316722283616,0.04527009128664326,-0.018506654956350843,-0.018680045682241325,0.17683727759346096,19.557146344866073
2026-03-02,1355.0,1379.199951171875,1355.0,1374.0,16928683,1400.3650024414062,1385.7480053710938,1400.262720336914,1392.747851229717,1392.5257991439153,0.22205208580180624,3.7878353696407894,-3.565783283838983,43.933267239484564,1400.3650024414062,1426.402871401114,1374.3271334816984,0.037187260341858284,-0.003553574825806982,-0.003559903770863341,0.17733938883145445,20.285714285714285
2026-03-04,1326.0,1376.0,1326.0,1365.4000244140625,20009132,1399.1500061035156,1385.9740063476563,1399.8753869628906,1388.540493258078,1390.5164824972594,-1.9759892391814446,2.635070447876343,-4.611059687057788,41.57007430699654,1399.1500061035156,1429.2363467449816,1369.0636654620496,0.04300659759170965,-0.00625907975686868,-0.006278749917594567,0.14865881077339232,22.957144601004465
2026-03-05,1368.9000244140625,1370.800048828125,1347.5999755859375,1357.5999755859375,17590491,1396.6100036621094,1385.756005859375,1399.473861694336,1383.7804136162101,1388.0782227260504,-4.297809109840273,1.2484945363330198,-5.546303646173293,39.49500486453374,1396.6100036621094,1431.588049233258,1361.6319580909608,0.05008992557611824,-0.005712647347777988,-0.005729026927935423,0.13949893233735164,22.635724748883927
2026-03-06,1339.0,1357.5999755859375,1310.4000244140625,1313.4000244140625,22778852,1392.4550048828125,1384.7640063476563,1398.9049237060547,1372.9526614312642,1382.5465043325698,-9.593842901305607,-0.9199729511947056,-8.673869950110902,30.273144862708108,1392.4550048828125,1443.5278335646453,1341.3821762009798,0.0733565228359117,-0.03255741895015751,-0.03309920359144849,0.17617131858670781,24.314287458147323
2026-03-09,1272.699951171875,1282.699951171875,1251.0999755859375,1278.4000244140625,16116652,1386.0700073242188,1383.136005859375,1398.1287341308594,1358.4061018901562,1374.8319502645322,-16.425848374376073,-4.021148035830979,-12.404700338545094,25.246207838629303,1386.0700073242188,1457.7374412530066,1314.4025733954309,0.10341098725184954,-0.02664839298721222,-0.027009898235948186,0.1908190256046964,27.757149832589285
2026-03-10,1287.5999755859375,1315.0,1285.5999755859375,1311.9000244140625,19136143,1381.8500061035156,1382.366005859375,1397.532944946289,1351.251320739988,1370.1703261274606,-18.91900538747268,-7.000719506159319,-11.918285881313361,36.17126222867956,1381.8500061035156,1460.5732582933274,1303.1267539137039,0.11393892512515508,0.026204630288046316,0.02586717158731405,0.21969000469397532,28.942862374441965
2026-03-11,1300.0,1306.5,1290.9000244140625,1294.5999755859375,13224259,1376.2550048828125,1381.3920043945313,1396.8124499511719,1342.5357291778264,1364.5725223836441,-22.03679320581773,-10.007934246091002,-12.028858959726728,33.45229772656177,1376.2550048828125,1463.08972922606,1289.420280539565,0.12618987620051036,-0.013187017688982672,-0.013274738443655492,0.21895575019861957,29.4857177734375
2026-03-12,1275.699951171875,1280.5,1258.300048828125,1266.5,19676187,1369.2750061035156,1379.8720043945314,1395.8978692626954,1330.83792468893,1357.3078910959669,-26.469966407036964,-13.300340678280197,-13.169625728756767,29.5648951854684,1369.2750061035156,1467.68051577198,1270.8694964350511,0.14373374118394608,-0.021705527665578206,-0.021944557811296776,0.22712547945246306,30.114283970424108
2026-03-13,1251.9000244140625,1262.300048828125,1248.699951171875,1254.800048828125,17344394,1360.5150085449218,1378.1100048828125,1394.9952447509766,1319.1397899411138,1349.7147175946452,-30.574927653531404,-16.755258073330438,-13.819669580200966,28.100653486698477,1360.5150085449218,1467.0188265117883,1254.0111905780552,0.15656397363932498,-0.009238019085570426,-0.009280954212133744,0.21182200783223912,29.97857666015625
2026-03-16,1255.0,1276.800048828125,1240.0999755859375,1272.9000244140625,22740688,1353.4300109863282,1376.8080053710937,1394.1464031982423,1312.0259798600289,1344.0247403220096,-31.998760461980737,-19.8039585510605,-12.194801910920237,33.58099258125013,1353.4300109863282,1463.5751863576822,1243.284835614974,0.16276449388185868,0.014424589481679906,0.014321544826667332,0.22352927902941494,31.614292689732142
2026-03-17,1278.9000244140625,1294.4000244140625,1273.0,1288.699951171875,22303102,1347.285009765625,1375.47400390625,1393.3631652832032,1308.4373600618515,1339.92660779237,-31.489247730518628,-22.141016386952128,-9.3482313435665,38.02200300637695,1347.285009765625,1457.4789282486431,1237.091091282607,0.1635792244169442,0.012412543369292095,0.01233613934863855,0.23195214872646552,31.821437290736608
2026-03-18,1286.0,1297.0999755859375,1270.800048828125,1289.300048828125,12961135,1341.3750122070312,1373.8300048828125,1392.6360174560548,1305.4931583335858,1336.176492313537,-30.683333979951158,-23.849479905551938,-6.83385407439922,38.19104412538788,1341.3750122070312,1450.6459672333192,1232.1040571807432,0.16292379689778036,0.00046566127026248516,0.00046555288369948494,0.2325561992217333,32.085719517299104
2026-03-19,1267.5999755859375,1285.9000244140625,1243.699951171875,1250.0999755859375,14416863,1333.4700134277343,1370.6080053710937,1391.6895495605468,1296.971130218563,1329.8004540374184,-32.8293238188553,-25.64544868821261,-7.18387513064269,32.042992308205285,1333.4700134277343,1445.2324046043634,1221.7076222511052,0.16762640337046603,-0.030404150901737204,-0.03087594472177179,0.24940579008048971,34.064296177455354
