Date,Open,High,Low,Close,Volume,Return,Log_Return,EMA_20,EMA_50,EMA_200,RSI_14,BB_Mid,BB_Upper,BB_Lower,BB_Width,ATR_14,ATR_Pct,Donchian_High_20,Donchian_Low_20,Momentum_10,Volatility_20,ZScore_20
2018-01-01,0.8830397784439905,0.8836850474925596,0.8823945093954214,0.8830397784439905,3486.0,,,0.8830397784439905,0.8830397784439905,0.8830397784439905,,,,,,,,,,,,
2018-01-02,0.8830397784439905,0.8844128462530226,0.8811511037423508,0.882524171551383,8468.0,-0.000583899961467349,-0.000584070497437045,0.8829906730256469,0.883019558565849,0.8830346480271487,0.0,,,,,,,,,,,
2018-01-03,0.882524171551383,0.8834289331110097,0.8768505104818247,0.8777552720414514,4642.0,-0.005403704129200548,-0.0054183569485309535,0.8824920634081045,0.8828131159570491,0.8829821169228135,0.0,,,,,,,,,,,
2018-01-04,0.8777552720414514,0.8796343792395669,0.8773284785584704,0.8792075857565859,8067.0,0.001654577034617688,0.0016532097300353495,0.8821792560127217,0.8826717226158546,0.8829445593987715,11.997942918161968,,,,,,,,,,,
2018-01-05,0.8792075857565859,0.8804362083597373,0.8748337777281648,0.8760624003313163,8035.0,-0.0035772955968789155,-0.0035837094194340374,0.8815966983287784,0.8824125335066569,0.8828760802040704,9.374718122221793,,,,,,,,,,,
2018-01-08,0.8760624003313163,0.8811147811985509,0.8748965749170886,0.8799489557843232,4465.0,0.004436391119556182,0.004426579345016552,0.8814397704674017,0.882315922615585,0.8828469545879536,29.80003891992257,,,,,,,,,,,
2018-01-09,0.8799489557843232,0.8806578704104961,0.8771956268601682,0.8779045414863411,3773.0,-0.002323332830322933,-0.0023260359556947327,0.881103081993015,0.8821429272771834,0.8827977763481366,26.426071766045368,,,,,,,,,,,
2018-01-10,0.8779045414863411,0.8797686160100278,0.8641484868441921,0.8660125613678787,6544.0,-0.013545869233491548,-0.013638451542694744,0.8796658895525259,0.881510363908191,0.8826307592836565,15.46070354465381,,,,,,,,,,,
2018-01-11,0.8660125613678787,0.866352939333681,0.8615559545096382,0.8618963324754404,2277.0,-0.0047530822023375,-0.004764414019178609,0.8779735507832797,0.880741186204946,0.8824244465790972,13.389656057637026,,,,,,,,,,,
2018-01-12,0.8618963324754404,0.8637203123494736,0.8596554719130912,0.8614794517871244,6285.0,-0.0004836784571512487,-0.0004837954673079207,0.8764026842122172,0.8799858240709139,0.8822160386707194,13.19684678221111,,,,,,,,,,,
2018-01-15,0.8614794517871244,0.8623078353307609,0.8582983204234559,0.8591267039670925,9369.0,-0.0027310550648087517,-0.002734791199635957,0.8747573527603005,0.8791678193609601,0.8819862940468027,12.134809528666835,,,,,,,,,-0.027080404598573637,,
2018-01-16,0.8591267039670925,0.8601278433802528,0.8561608415913827,0.8571619810045431,4412.0,-0.002286883824559327,-0.0022895027369002016,0.873081603069276,0.8783048453077673,0.88173928595683,11.315841308415344,,,,,,,,,-0.02873823897905914,,
2018-01-17,0.8571619810045431,0.8592009888456523,0.8553881605897548,0.857427168430864,3103.0,0.00030937842811229466,0.00030933058047483424,0.8715907045322844,0.8774861128812221,0.8814973743396562,12.177383888291246,,,,,,,,,-0.023159192838920872,,
2018-01-18,0.857427168430864,0.8580218986246793,0.8559464561312601,0.8565411863250754,1318.0,-0.0010333030470798255,-0.0010338372727164028,0.8701574170839788,0.8766647432123537,0.8812490540609043,11.766119910776922,,,,,0.004790444732371922,0.00559277803432309,,,-0.025780486654929602,,
2018-01-19,0.8565411863250754,0.8588059657700481,0.8554170636813115,0.8576818431262843,2417.0,0.0013317010546833874,0.0013308151272736193,0.868969267183246,0.875920315757998,0.8810145544496145,15.71289639242842,,,,,0.004940327874628947,0.005760093808936489,,,-0.020980876702482387,,
2018-01-22,0.8576818431262843,0.8594752720238158,0.8563273423618083,0.8581207712593398,2568.0,0.0005117610178799747,0.0005116301128697473,0.8679360770952549,0.8752222944051095,0.8807867556119003,17.246858911390163,,,,,0.00493219838543864,0.005747673929626904,,,-0.024806194020114858,,
2018-01-23,0.8581207712593398,0.8591559512562232,0.8561824779179962,0.8572176579148796,3427.0,-0.0010524315162945275,-0.0010529857112116915,0.8669152752685525,0.874516230229022,0.8805522372268554,16.578318562672152,,,,,0.004674702007513076,0.005453343108778176,,,-0.02356393274425661,,
2018-01-24,0.8572176579148796,0.8576220007081875,0.8509528534422168,0.8513571962355247,7319.0,-0.0068366086783723246,-0.006860085349207296,0.8654335534558831,0.8736080328175123,0.8802617393065436,13.04465969563742,,,,,0.004986362477861233,0.0058569569857512245,,,-0.0169228089592669,,
2018-01-25,0.8513571962355247,0.8528621028696904,0.8482717437330953,0.849776650367261,5577.0,-0.001856501448807224,-0.0018582268834672763,0.8639424198283954,0.8726734687998554,0.8799584050882423,12.284175637345697,,,,,0.004914071656791419,0.005782780280756866,,,-0.014061647151195844,,
2018-01-26,0.849776650367261,0.8512546658299073,0.8429706554400886,0.8444486709027349,3823.0,-0.006269858629586289,-0.006289596739896436,0.8620858723116658,0.8715666139803605,0.8796050743998294,10.138470975696123,0.8647345440279717,0.888829129076994,0.8406399589789494,0.05572712508231404,0.005061629093102585,0.0059940044522677595,0.8844128462530226,0.8429706554400886,-0.01976922473201126,,-1.683853287696267
2018-01-29,0.8444486709027349,0.8456928645362882,0.8400505047333628,0.8412946983669162,1143.0,-0.003734948783147507,-0.003741941120464865,0.860105760507404,0.8703794800347353,0.8792238766283577,9.122633557301313,0.8626472900241181,0.8872913671744443,0.8380032128737919,0.057135928983529836,0.005217351682573828,0.0062015744217829,0.8844128462530226,0.8400505047333628,-0.020755967097560113,0.06100666761332524,-1.732878170032774
2018-01-30,0.8412946983669162,0.8470580548905878,0.8404505679629185,0.8462139244865902,7586.0,0.005847209223144967,0.005830180642832374,0.8587827285054217,0.86943181118971,0.8788954193931163,22.213787546014174,0.8608317776708783,0.8846462511110459,0.8370173042307106,0.055328983101905455,0.004573591522704804,0.00540476987007708,0.8834289331110097,0.8400505047333628,-0.012772447636002826,0.06748854974883234,-1.227644459241524
2018-01-31,0.8462139244865902,0.8495211471272732,0.8458464485745915,0.8491536712152745,2301.0,0.003473999474149503,0.0034679790771844636,0.8578656754301697,0.868636590014242,0.878599481600302,28.813397619590532,0.8594016976295695,0.8823567308812885,0.8364466643778505,0.053420963246952696,0.004493428217607588,0.005291654938236061,0.8811147811985509,0.8400505047333628,-0.009649212808045649,0.06904617002721566,-0.8928783767740868
2018-02-01,0.8491536712152745,0.8523782663016585,0.8485928212615637,0.8518174163479476,1028.0,0.0031369411956505555,0.0031320312610557447,0.8572896507556724,0.8679770145763481,0.8783329933888357,34.256377376293514,0.8580321891591375,0.8792114810268679,0.8368528972914071,0.049367126630728994,0.0044734714035870515,0.0052516787256668895,0.8811147811985509,0.8400505047333628,-0.0055149361788365825,0.07017723788158287,-0.5868725781770782
2018-02-02,0.8518174163479476,0.855551940051034,0.8509580798133887,0.854692603516475,9535.0,0.0033753561659426445,0.0033696724374667674,0.857042312923368,0.8674560572798825,0.8780977656289118,39.622626224866195,0.8569636993183956,0.8763972694356944,0.8375301292010967,0.045354476817993004,0.004515210355754211,0.005282847116234786,0.8811147811985509,0.8400505047333628,-0.003485254624154499,0.07186142396659075,-0.23372913862069084
2018-02-05,0.854692603516475,0.8552232008135212,0.854143821011267,0.8546744183083131,8114.0,-2.127689895414786e-05,-2.1277125310573194e-05,0.8568167991505056,0.8669548165358995,0.8778646974963686,39.600609339345056,0.855699972444595,0.8718498038346303,0.8395501410545596,0.03774648103329468,0.004308951642424508,0.005041629362153329,0.8806578704104961,0.8400505047333628,-0.004016163069877621,0.06888462877216017,-0.12700493417096395
2018-02-06,0.8546744183083131,0.8578454980747806,0.8533672751371367,0.8565383549036042,1326.0,0.0021808732721642077,0.0021784986199665252,0.8567902806508007,0.866546327844437,0.8776524950825103,43.09112937641637,0.8546316631154582,0.8669751276851018,0.8422881985458147,0.02888604553837121,0.0043564798339778155,0.005086146824642895,0.8797686160100278,0.8400505047333628,-0.0007924510245481686,0.0699716362172901,0.30893948411131134
2018-02-07,0.8565383549036042,0.8579502368957758,0.8531771166228456,0.8545889986150171,8346.0,-0.002275854055369675,-0.002278447747200304,0.8565806347426308,0.866077412972695,0.8774230075554705,40.45780325045565,0.8540604849778152,0.8651834095690313,0.8429375603865991,0.026047158923422235,0.0045491711039428884,0.005323226850937078,0.866352939333681,0.8400505047333628,0.003796059273102559,0.0530294810193316,0.09503141603950778
2018-02-08,0.8545889986150171,0.858250544810777,0.854150165978097,0.8578117121738569,1468.0,0.0037710683896734487,0.0037639757369336856,0.8566978802122713,0.8657532678433288,0.8772278702879918,46.300364516252756,0.853856253962736,0.8645136397166707,0.8431988682088013,0.024962950624238964,0.004599990871367421,0.005362471514535719,0.8637203123494736,0.8400505047333628,0.009455498457298317,0.05293196568382147,0.7422942741207437
2018-02-09,0.8578117121738569,0.8620517861878523,0.8569702724085737,0.8612103464225691,9784.0,0.003961981633591183,0.003954153653754778,0.8571276388989664,0.8655751140621226,0.8770684919410722,51.68468211958603,0.8538427986945081,0.8644602649173432,0.843225332471673,0.02486983842709405,0.0047381040226010685,0.005501680329646467,0.8623078353307609,0.8400505047333628,0.019849253243439335,0.05496510362638597,1.3878165606433552
2018-02-12,0.8612103464225691,0.8653678334047228,0.8599053078681407,0.8640627948502944,3334.0,0.003312139060537511,0.003306666009633407,0.85778812994195,0.8655158074263647,0.8769390820197709,55.699501399367975,0.8540896032386682,0.8654291540935185,0.842750052383818,0.02655353914121241,0.004915893465340715,0.005689278018494515,0.8653678334047228,0.8400505047333628,0.027063164105960213,0.055182511188576415,1.759009988893929
2018-02-13,0.8640627948502944,0.8647436723027769,0.8628117025069965,0.863492579959479,4841.0,-0.0006599229757533465,-0.0006601408207662019,0.8583314108960004,0.8654364651727614,0.87680528597937,54.720603326331556,0.8544061331864151,0.866439012322749,0.8423732540500812,0.028166649720686263,0.004577523646041415,0.005301173110550902,0.8653678334047228,0.8400505047333628,0.020418779427875844,0.054471588230939685,1.5102697650518118
2018-02-14,0.863492579959479,0.86429613820014,0.8606789794085183,0.8614825376491793,5216.0,-0.0023278049597068584,-0.0023305185095665202,0.858631518205827,0.8652814091914445,0.8766528208218557,51.2981377135249,0.8546089016473308,0.866987830277686,0.8422299730169757,0.02896980971411306,0.004508009335686165,0.005232850509062735,0.8653678334047228,0.8400505047333628,0.014519005042114674,0.05531071474995622,1.110538109896386
2018-02-15,0.8614825376491793,0.8620020231005234,0.8610470582123715,0.8615665436637157,7797.0,9.751331090890325e-05,9.750855679505811e-05,0.8589110444399116,0.8651357281903571,0.876502708611327,51.43484851495156,0.8548601695142628,0.8676029053124098,0.8421174337161158,0.02981244477769389,0.0039845060855671155,0.004624722390708729,0.8653678334047228,0.8400505047333628,0.011445090378130685,0.05511026302830422,1.0525799570337293
2018-02-16,0.8615665436637157,0.8632835445751001,0.8614137525868677,0.8631307534982522,8695.0,0.0018155415226372984,0.0018138954192053634,0.8593129214930869,0.8650571017318431,0.8763696543315949,54.022873136288965,0.8551326150328613,0.8683533995899847,0.8419118304757379,0.03092101581604471,0.003715036955946192,0.00430414156938473,0.8653678334047228,0.8400505047333628,0.009872730788894168,0.055257165946498946,1.2099340142535597
2018-02-19,0.8631307534982522,0.8684851296678998,0.8619996808978865,0.8673540570675341,4727.0,0.004893005552362606,0.004881073706590888,0.8600787439287485,0.8651471784116742,0.8762799468961315,60.19116721339144,0.8555942793232709,0.8698581115748831,0.8413304470716587,0.03334251431155929,0.00370631994468505,0.004273133807912157,0.8684851296678998,0.8400505047333628,0.014835636223110793,0.05759527402704367,1.6488945658953655
2018-02-20,0.8673540570675341,0.8686127429936931,0.8660443476497005,0.8673030335758595,9065.0,-5.882660173073262e-05,-5.882833208312905e-05,0.8607667715141876,0.8652317217514462,0.8761906243755319,60.086285166128576,0.8560985481063199,0.8712871459964255,0.8409099502162143,0.03548329318792242,0.0036272982869215353,0.004182273261476227,0.8686127429936931,0.8400505047333628,0.012567655155929058,0.05733797742752803,1.475381144541131
2018-02-21,0.8673030335758595,0.8695108695683884,0.8664613225847443,0.8686691585772732,9179.0,0.0015751415001759028,0.0015739022659452886,0.86151937980591,0.8653665231955963,0.8761157839198278,61.995724213324436,0.8569641462234072,0.8729664406701645,0.84096185177665,0.03734647363551551,0.0035747341400322002,0.004115184825816752,0.8695108695683884,0.8400505047333628,0.01647594338924918,0.05021753748533985,1.4629167576950701
2018-02-22,0.8686691585772732,0.8702071462047176,0.8658046291065452,0.8673426167339896,6315.0,-0.0015270967435476734,-0.001528263944216653,0.8620739737990604,0.865444017059847,0.8760284887239489,59.042065003737484,0.8578424445417439,0.8741097716644117,0.841575117419076,0.037926141860135675,0.003561066772926994,0.004105720973721228,0.8702071462047176,0.8400505047333628,0.011110718616769155,0.04998105092081827,1.168006534891355
2018-02-23,0.8673426167339896,0.8678005712534175,0.8653133869316515,0.8657713414510794,9003.0,-0.0018115970005335713,-0.0018132399268932253,0.8624261040516337,0.8654568533104836,0.8759264275570547,55.65944268633217,0.8589085780691612,0.8742483412979019,0.8435688148404206,0.03571919904030916,0.003661624238606403,0.004229320218048941,0.8702071462047176,0.8400505047333628,0.00529602906822535,0.04342188054658132,0.8947678369715736
2018-02-26,0.8657713414510794,0.8703414328157255,0.8652709244737895,0.8698410158384356,1581.0,0.004700634211956434,0.0046896207310367505,0.8631322861265672,0.8656287812527563,0.8758658761966704,61.7688781413489,0.860335893942737,0.8739952028637262,0.8466765850217478,0.03175343262360354,0.003703930338912983,0.004258169333786568,0.8703414328157255,0.8404505679629185,0.006687269747729818,0.040820887259801306,1.3917427229561894
2018-02-27,0.8698410158384356,0.877712601066626,0.8685404498114423,0.8764120350396326,6544.0,0.00755427610511461,0.007525885452283321,0.8643970241182878,0.8660516539502808,0.8758713106130183,69.15810149064245,0.8618457994703892,0.8756081081670362,0.8480834907737422,0.031936823745277884,0.004018146837645374,0.004584769123422258,0.877712601066626,0.8458464485745915,0.01496185998582611,0.04349806633425769,2.116830233984259
2018-02-28,0.8764120350396326,0.8773160920718953,0.8742405879472195,0.8751446449794822,5556.0,-0.001446112113343001,-0.0014471587426157172,0.8654206070574492,0.866408241833779,0.875864080109202,66.48883036427702,0.8631453481585994,0.8767692285434115,0.8495214677737873,0.031567986582738954,0.003944941501359362,0.004507759401820772,0.877712601066626,0.8485928212615637,0.01585883257434828,0.04442045404524708,1.7615094205112896
2018-03-01,0.8751446449794822,0.8794414704772019,0.8742532753634258,0.8785501008611455,6583.0,0.003891306312847398,0.0038837547643565803,0.8666710350387536,0.8668843931681856,0.8758908066838482,69.85554779243625,0.8644819823842594,0.8786605473786008,0.8503034173899181,0.03280245345365454,0.003952561596680615,0.004498959812088526,0.8794414704772019,0.8509580798133887,0.019712414928751976,0.044864874064824624,1.9844206353041536
2018-03-02,0.8785501008611455,0.880216841964777,0.8710240581932358,0.8726907992968673,5181.0,-0.006669285631559219,-0.006691624696110431,0.8672443459204788,0.8671120953693103,0.875858965814326,58.89247786827739,0.8653818921732791,0.8792250480660457,0.8515387362805125,0.031993172073433586,0.0042190086134634075,0.004834482747913339,0.880216841964777,0.8531771166228456,0.0110760110908672,0.052893998507342097,1.055959664140935
2018-03-05,0.8726907992968673,0.8760581963628369,0.8720633939817192,0.8754307910476887,8483.0,0.0031397050971879725,0.0031347865157136962,0.8680240073611655,0.8674383187292467,0.8758547053688868,61.90343895892298,0.8664197108102478,0.8799924823586067,0.8528469392618889,0.03133070815220969,0.0043663537981303525,0.0049876630371943325,0.880216841964777,0.8531771166228456,0.009311922754430269,0.05323562566718419,1.3278172708256437
2018-03-06,0.8754307910476887,0.8764744016913487,0.8711645278987147,0.8722081385423747,4854.0,-0.003681219050402973,-0.003688011411822054,0.8684224960450901,0.8676253704866244,0.8758184211218568,56.64790768956316,0.8672031999921863,0.880169822737452,0.8542365772469206,0.02990446240369628,0.004487262012488383,0.00514471467783762,0.880216841964777,0.8531771166228456,0.005655583777093076,0.05581578228806754,0.7719725711948727
2018-03-07,0.8722081385423747,0.8761012978152701,0.8714087014854817,0.8753018607583771,1520.0,0.003546999941060669,0.003540724172492015,0.8690776736368317,0.8679264093208108,0.8758132812177426,60.14596312113779,0.8682388430993544,0.8802357926910258,0.856241893507683,0.027635136776064686,0.004754235686890992,0.005431538421238859,0.880216841964777,0.854150165978097,0.007635475618781085,0.055227777907769705,1.17746892325463
2018-03-08,0.8753018607583771,0.8775132942024576,0.8742174484930985,0.8764288819371789,7170.0,0.0012875800101983526,0.0012867517899140465,0.8697777887130553,0.8682598396194919,0.8758194065980356,61.36885933639504,0.8691697015875203,0.8806374965297604,0.8577019066452801,0.026387930737333486,0.00485609666697147,0.005540776630087765,0.880216841964777,0.8569702724085737,0.010475981495529307,0.05439392831901827,1.266011536868419
2018-03-09,0.8764288819371789,0.8784969377660091,0.8752027917776685,0.8772708476064986,8347.0,0.0009606776849464538,0.0009602165294634988,0.8704914133695737,0.8686132124817275,0.8758338487971248,62.29956139632795,0.869972726646717,0.8813426247737617,0.8586028285196723,0.02613851625181313,0.004628146468280565,0.005275618676840528,0.880216841964777,0.8599053078681407,0.013282382547042282,0.05331725088474038,1.2837618909569974
2018-03-12,0.8772708476064986,0.8779439101092187,0.8754616482190852,0.8761347107218053,8488.0,-0.0012950810890309805,-0.0012959204313003605,0.8710288702602624,0.8689081731970247,0.8758368424481167,60.19222203850711,0.8705763224402926,0.8819068630740687,0.8592457818065165,0.02602997656085055,0.0046219940787192,0.005275437694862428,0.880216841964777,0.8606789794085183,0.00723545425976857,0.05309435586708799,0.9811338154409343
2018-03-13,0.8761347107218053,0.8780114179713973,0.8757819779631155,0.8776586852127075,4945.0,0.0017394294190749005,0.0017379183637185984,0.8716602812081143,0.869251330530973,0.8758549702368191,62.04673695645487,0.8712846277029538,0.8825213812658517,0.8600478741400559,0.025793531081851746,0.004563415009050458,0.005199532672481306,0.880216841964777,0.8606789794085183,0.0014224475740096665,0.05296263006495184,1.1345016109990944
2018-03-14,0.8776586852127075,0.8781017091601155,0.8751679919478697,0.8756110158952777,3580.0,-0.0023331043740922874,-0.002335830302845398,0.8720365416545108,0.8695007299570242,0.8758525428304357,58.128266513723595,0.8719910516152588,0.8823774087193895,0.8616046945111281,0.023822164424488614,0.004458500731484278,0.005091873732225305,0.880216841964777,0.8610470582123715,0.0005329072382158628,0.05296680969883357,0.6970613938508252
2018-03-15,0.8756110158952777,0.8782661499079617,0.8748833096700159,0.8775384436827,2881.0,0.0022012374815221225,0.0021988183077639367,0.8725605323238622,0.8698159344168547,0.875869317963294,60.647524598074114,0.8727896466162081,0.8822125870356679,0.8633667061967483,0.021592695229583406,0.004522476154068549,0.005153593197683068,0.880216841964777,0.8614137525868677,-0.0011515076686621217,0.05311295261472235,1.0079225496714155
2018-03-16,0.8775384436827,0.8824694476547515,0.8769045460409672,0.8818355500130188,9969.0,0.004896772741129762,0.004884822545208586,0.8734438673418772,0.8702872918912141,0.8759286834563261,65.6146771072701,0.8737248864419463,0.8828185714754841,0.8646312014084085,0.02081590023278345,0.004557789959200571,0.0051685259900593515,0.8824694476547515,0.8619996808978865,0.010478798130471256,0.054895043744851,1.7838012953296953
2018-03-19,0.8818355500130188,0.8826392633468922,0.8783079926997993,0.8791117060336727,2083.0,-0.0030888343969642795,-0.0030936146921616806,0.8739836615030007,0.8706333473477812,0.8759603553227674,60.40954436549879,0.8743127688902532,0.8831899424981678,0.8654355952823386,0.020306631502550816,0.0042120127729083755,0.004791214522568355,0.8826392633468922,0.8652709244737895,0.004204689877972845,0.05484988042480544,1.081185826790835
2018-03-20,0.8791117060336727,0.8869746735819741,0.8781159442385148,0.8859789117868162,2985.0,0.00781152805270513,0.007781176028770187,0.8751260662919355,0.8712351341885277,0.8760600424517629,67.42555653094564,0.875246562800801,0.8849130331528303,0.8655800924487718,0.022088565126371792,0.004625100288535767,0.005220327738058687,0.8869746735819741,0.8652709244737895,0.01578840260245129,0.0602903002802549,2.2205310925641304
2018-03-21,0.8859789117868162,0.8873205764868823,0.877321444063088,0.8786631087631541,1999.0,-0.008257310559353859,-0.008291590988048853,0.8754629274796706,0.8715264273091013,0.8760859436090903,56.033236667002605,0.8757462603100953,0.8850057893539781,0.8664867312662125,0.021146602534401003,0.004968738667822785,0.005654884811104687,0.8873205764868823,0.8652709244737895,0.003840101518651773,0.06871675340338763,0.630020909105698
2018-03-22,0.8786631087631541,0.8824351296636405,0.8771730603796007,0.8809450812800871,3153.0,0.002597096081733863,0.0025937294554132136,0.8759850373654245,0.8718957862883557,0.8761342932376575,58.394639135949134,0.8764263835373999,0.8850643027932017,0.8677884642815981,0.019711682391252913,0.0046879733472869655,0.005321527353867448,0.8873205764868823,0.8652709244737895,0.005152955859836439,0.06859794005552645,1.0462468121942994
2018-03-23,0.8809450812800871,0.8814385317549763,0.8805959712402065,0.8810894217150957,8878.0,0.0001638472568561422,0.00016383383536038273,0.8764711692082504,0.872256321010973,0.876183597998627,58.546299156244565,0.8771922875506007,0.8844600484758744,0.869924526625327,0.016570508036653168,0.004462813213976402,0.005065108153596098,0.8873205764868823,0.8652709244737895,0.004352788103030525,0.06796076297533236,1.0724442382089592
2018-03-26,0.8810894217150957,0.8854011349970288,0.8802060520433123,0.8845177653252453,9009.0,0.0038910279997188546,0.003883477529993286,0.8772375116955832,0.8727371619644738,0.8762665250367029,62.081797028565376,0.8779261250249413,0.8850305748859898,0.8708216751638927,0.016184618861516828,0.0044546138683394364,0.005036206216504237,0.8873205764868823,0.8685404498114423,0.009568225640248507,0.06741662772096364,1.8556370807664948
2018-03-27,0.8845177653252453,0.8854556138581855,0.8815812590230012,0.8825191075559414,2105.0,-0.002259601613054052,-0.0022621583649989016,0.8777405208251412,0.8731207676739432,0.8763287397881381,58.92652451091369,0.8782314786507568,0.8855826109014513,0.8708803464000623,0.01674076238302955,0.0043961680472962795,0.004981385682935611,0.8873205764868823,0.8710240581932358,0.0055379413718852355,0.06334092967093638,1.166522042853892
2018-03-28,0.8825191075559414,0.882651858486451,0.8817818913864353,0.8819146423169448,5475.0,-0.000684931616575013,-0.0006851662893973806,0.8781380562053129,0.8734656255030805,0.8763843209078277,57.966967561713695,0.8785699785176299,0.8859460629128335,0.8711938941224262,0.016791114141298056,0.0042228910037717515,0.004788321682331381,0.8873205764868823,0.8710240581932358,0.007199117310352721,0.06311109498394885,0.9068941243377981
2018-03-29,0.8819146423169448,0.8832100291089474,0.8811064596811758,0.8824018464731784,4878.0,0.0005524391282967223,0.0005522865899776575,0.8785441314689192,0.8738160655411236,0.8764441967840999,58.552808042150744,0.8787625657982316,0.8863349876380268,0.8711901439584365,0.017234284059236507,0.004137849820873959,0.004689303220989728,0.8873205764868823,0.8710240581932358,0.005542096560543275,0.0617545829926978,0.9611933280899311
2018-03-30,0.8824018464731784,0.8837568555584839,0.8804837167656537,0.8818387258509592,7736.0,-0.0006381680007468971,-0.0006383717166200641,0.8788579023624468,0.8741306796709211,0.8764978736902378,57.5543226118898,0.879219962125936,0.88633975889536,0.872100165356512,0.016195712281619395,0.004194341028209441,0.0047563583966693836,0.8873205764868823,0.8711645278987147,3.6013947728452678e-06,0.05629230110118002,0.7356287854365589
2018-04-02,0.8818387258509592,0.8825943309433102,0.8793223251696298,0.8800779302619808,3130.0,-0.0019967319843878784,-0.0019987281112928477,0.8789740954957357,0.874363905184296,0.876533496143688,54.428852325819534,0.8794523190866508,0.8863513373295209,0.8725533008437807,0.015689351413695787,0.0042688100114522,0.004850490922072622,0.8873205764868823,0.8711645278987147,0.0010990915280464364,0.056083281741939134,0.18136237745901018
2018-04-03,0.8800779302619808,0.8865346036708174,0.878259443011957,0.8847161164207936,5724.0,0.005270199375903228,0.0052563604763843745,0.8795209546314554,0.8747698742523939,0.876614915250923,60.51197722364754,0.8800777179805715,0.8864600964430983,0.8736953395180448,0.014504124652017737,0.004650341686210376,0.005256309453278406,0.8873205764868823,0.8714087014854817,-0.0014253108614920018,0.05671484965526273,1.4535015331528134
2018-04-04,0.8847161164207936,0.8853950422677244,0.8798851105544252,0.8805640364013559,5445.0,-0.004693121264971789,-0.004704168536249897,0.8796202957523984,0.8749970962974513,0.8766542099887383,53.612656743406,0.8803408267627205,0.8863150389637623,0.8743666145616787,0.013572498331153761,0.004802276791592762,0.005453637206464235,0.8873205764868823,0.8742174484930985,0.002163431717165931,0.058769052719669146,0.07472437574162495
2018-04-05,0.8805640364013559,0.8812320465451324,0.8792097551081879,0.8798777652519644,8131.0,-0.0007793540515192987,-0.0007796579057717278,0.879644816657119,0.8751884950799812,0.8766862851654869,52.54625353646093,0.88051327092846,0.886204439120415,0.874822102736505,0.012926933369110863,0.004549233207532778,0.005170301361382903,0.8873205764868823,0.8748833096700159,-0.0012115579629229378,0.058769267849169506,-0.22333048508176806
2018-04-06,0.8798777652519644,0.8808629305329646,0.8788852524630363,0.8798704177440365,7099.0,-8.350600751660942e-06,-8.350635618121502e-06,0.8796663024749207,0.8753720998903363,0.8767179680767162,52.534205249993136,0.8806432494353368,0.8861379682600236,0.87514853061065,0.012478875704117312,0.004381119452021021,0.004979278043298796,0.8873205764868823,0.8748833096700159,-0.0013835190174981138,0.05870417342546064,-0.28129981386056724
2018-04-09,0.8798704177440365,0.8820356104033538,0.8792753791212113,0.8814405717805286,5717.0,0.0017845287269890875,0.0017829383473713383,0.8798352805040263,0.8756100791801478,0.8767649591583462,54.9133370435769,0.880908542488273,0.8859829962485207,0.8758340887280253,0.011520954822197756,0.003945512447641242,0.004476209257841653,0.8873205764868823,0.8748833096700159,-0.0034789505257536435,0.058713415597267206,0.20968928574082438
2018-04-10,0.8814405717805286,0.8828659095925525,0.879655130572969,0.8810804683849929,2622.0,-0.00040853961919218307,-0.0004086230942384245,0.8799538698260231,0.8758246042470045,0.8768078995486611,54.24184352485344,0.8810796316468872,0.8859179750080355,0.8762412882857389,0.010982760666262633,0.0034606300616261848,0.003927711696945759,0.8873205764868823,0.8748833096700159,-0.0016301507339968602,0.058513789968888834,0.0003458779351671121
2018-04-11,0.8810804683849929,0.8818007513653106,0.8768479267271575,0.8775682097074752,5199.0,-0.003986308633030511,-0.003994275139640049,0.8797266641004471,0.8758929809317288,0.8768154648238733,48.06789437584706,0.8811774913374972,0.8856124775108253,0.8767425051641692,0.010066045074747414,0.003438541158348566,0.003918260848914245,0.8873205764868823,0.8748833096700159,-0.004928405086971677,0.05974471521918876,-1.6276405332346968
2018-04-12,0.8775682097074752,0.8796386624211054,0.8759147121107563,0.8779851648243866,6529.0,0.0004751255939985377,0.0004750127575730692,0.8795608070265366,0.875975027358892,0.8768271036298485,48.81275980561905,0.8811998273945815,0.8855615397319712,0.8768381150571918,0.009899485228647491,0.0036443547151756572,0.004150815823755514,0.8873205764868823,0.8759147121107563,-0.0050052951117958155,0.05925878174079549,-1.4740369476629587
2018-04-13,0.8779851648243866,0.8804737551954023,0.8776799285321428,0.8801685189031585,9006.0,0.0024867778707953203,0.002483690955295617,0.8796186843481196,0.8761394780076868,0.8768603515430158,52.64315998887053,0.8811164758390884,0.885490731703936,0.8767422199742407,0.00992889359078667,0.003472836408714438,0.003945649422956174,0.8873205764868823,0.8759147121107563,-0.0018940049907527623,0.05721706545577569,-0.43342546262454884
2018-04-16,0.8801685189031585,0.8826935207912606,0.8794455203782853,0.8819705222663874,5485.0,0.0020473390317055085,0.0020452460893050695,0.8798426689117642,0.8763681464099887,0.8769111990129,55.596514652659586,0.881259416650724,0.8855437502923987,0.8769750830090494,0.009723206494536053,0.003428096807128086,0.0038868609784360516,0.8873205764868823,0.8759147121107563,0.0021504822917706168,0.05654554150899793,0.33195622709970957
2018-04-17,0.8819705222663874,0.8829530555910342,0.8804441044923653,0.8814266378170121,2685.0,-0.0006166696455768284,-0.0006168598645082303,0.8799935230932163,0.8765665186220288,0.8769561287522445,54.49192550875191,0.881031802952234,0.8846997828563771,0.877363823048091,0.008326555050231004,0.0035451670927461676,0.004022078458538894,0.8873205764868823,0.8759147121107563,-0.003718117645566843,0.04882274808724619,0.21528736530542134
2018-04-18,0.8814266378170121,0.8821814838686427,0.8794096412557401,0.8801644873073706,2691.0,-0.0014319405104064042,-0.0014329667169805749,0.8800098053993263,0.8767076154332187,0.8769880527179672,51.91424586259097,0.8811068718794447,0.8846293016966523,0.8775844420622371,0.00799546554368396,0.0035929008916841016,0.004082078910813167,0.8865346036708174,0.8759147121107563,-0.0004537422350544551,0.039005779605890724,-0.5350764222301233
2018-04-19,0.8801644873073706,0.8836182288267962,0.8794999530884181,0.8829536946078437,5609.0,0.003168961416525562,0.0031639508410520305,0.8802901758001374,0.8769525597145766,0.877047412338762,56.779856196732474,0.8812073025458327,0.884823597036302,0.8775910080553634,0.00820759083594001,0.0036532678163660936,0.004137553122747464,0.8865346036708174,0.8759147121107563,0.0034958598538952224,0.039542756188636397,0.9658461536324451
2018-04-20,0.8829536946078437,0.8841809068118428,0.8765404318479968,0.8777676440519959,3341.0,-0.005873524950989806,-0.0058908419398022846,0.8800499346812668,0.8769845238062401,0.8770545788234708,47.2138447256272,0.8810412136626777,0.8849717734746976,0.8771106538506579,0.008922533364085565,0.003965301329949354,0.004517484048107,0.8865346036708174,0.8759147121107563,-0.0023898674732490965,0.04489284458945263,-1.6657014609832834
2018-04-23,0.8777676440519959,0.8782966897642271,0.8773334171543354,0.8778624628665667,1507.0,0.00010802268141607563,0.00010801684738636005,0.8798416040322478,0.8770189527889981,0.8770626174706659,47.38837099952224,0.8807084485397437,0.8845249658193372,0.8768919312601503,0.008666925555037855,0.003443023612165879,0.003922053576505653,0.8865346036708174,0.8759147121107563,-0.004059387584955498,0.04226886997516434,-1.491404578930803
2018-04-24,0.8778624628665667,0.8803321306520422,0.8770781975201699,0.8795478653056454,2712.0,0.0019198935031066178,0.00191805286308699,0.8798136289154285,0.8771181258288666,0.8770873463048449,50.519958974854056,0.8805598864272287,0.8843103845846151,0.8768093882698423,0.008518439722716853,0.0032818808563496726,0.003731327180481769,0.8865346036708174,0.8759147121107563,-0.0017394586922993005,0.04239961686886441,-0.5396729069657881
2018-04-25,0.8795478653056454,0.8842103563779092,0.877510301973736,0.8821727930459998,4518.0,0.002984405788356126,0.0029799612899967134,0.8800383112135781,0.8773163480726758,0.8771379477649558,55.0113817831103,0.8805727939636816,0.8843446396709089,0.8768009482564543,0.008566800457800413,0.003616006782580291,0.00409897789989057,0.8865346036708174,0.8759147121107563,0.005246980562410686,0.04378114364361042,0.8483905262892574
2018-04-26,0.8821727930459998,0.8834273203747048,0.8779225442797615,0.8791770716084665,1064.0,-0.0033958442848702752,-0.0034016232507617147,0.8799562883940437,0.877389317623099,0.8771582375544436,49.49008780548743,0.8804115552204459,0.8841295072415913,0.8766936031993005,0.008445940989982819,0.003867942355795652,0.004399503218070961,0.8865346036708174,0.8759147121107563,0.0013575477489056187,0.04535704655144522,-0.6640664564569001
2018-04-27,0.8791770716084665,0.8810422351009963,0.8786708224866517,0.8805359859791816,4305.0,0.0015456662993142967,0.001544472986643744,0.8800114976878665,0.8775127163821611,0.8771918469915057,51.85085024993307,0.8803464182268572,0.884004253502601,0.8766885829511134,0.008309990703685067,0.0038401695938100927,0.004361172802653503,0.8865346036708174,0.8759147121107563,0.00041749627273768297,0.045724863216650584,0.10365024011958807
2018-04-30,0.8805359859791816,0.8820279081142818,0.8778826022565097,0.8793745243916099,9175.0,-0.0013190393193074357,-0.001319910017411285,0.8799508335644135,0.877585728460963,0.8772135651745914,49.712217310071225,0.8803112479333386,0.8839933985533472,0.8766290973133299,0.008365565312616523,0.003906921510823558,0.004442841363327575,0.8865346036708174,0.8759147121107563,-0.0029434066210133336,0.04540829374925026,-0.5087915397260313
2018-05-01,0.8793745243916099,0.8800942992611653,0.872599899396251,0.8733196742658065,5403.0,-0.006885405430629765,-0.006909219209234817,0.8793192945835937,0.8774184322180157,0.8771748199914194,40.36524087834119,0.8797414258255893,0.8840306264359893,0.8754522252151894,0.009751048397828407,0.0040884625984493606,0.004681518943090915,0.8853950422677244,0.872599899396251,-0.009197547706617737,0.04703929749345605,-2.9943815377682
2018-05-02,0.8733196742658065,0.8738557412120441,0.868676072363717,0.8692121393099547,1348.0,-0.0047033578618332905,-0.004714453454119531,0.8783567083670567,0.8770966168098565,0.8770955893378726,35.4901925772553,0.8791738309710192,0.8855172122195084,0.87283044972253,0.01443032316256081,0.004192442494019217,0.004823267306583512,0.8842103563779092,0.868676072363717,-0.012443524085960056,0.04705099743645625,-3.140814423991044
2018-05-03,0.8692121393099547,0.8704366459076526,0.8655318136192215,0.8667563202169194,6093.0,-0.002825339157118689,-0.002829337961556949,0.877251909495615,0.8766911149826825,0.8769927110381617,32.92950626287323,0.8785177587192669,0.8869310719882336,0.8701044454503001,0.019153427885696895,0.004343228610102905,0.005010899267531091,0.8842103563779092,0.8655318136192215,-0.018344534362153886,0.047685070908034456,-2.795911224589835
2018-05-04,0.8667563202169194,0.8686830603983096,0.8661833954887046,0.8681101356700948,9579.0,0.00156193317729314,0.00156071462836429,0.876381264369375,0.876354605990032,0.8769043272036535,35.68444426614505,0.8779297446155698,0.8875081958709096,0.8683512933602301,0.02182054159592001,0.004289776074147877,0.004941511333509079,0.8842103563779092,0.8655318136192215,-0.011002351758285012,0.04832896865440062,-2.0503542135793302
2018-05-07,0.8681101356700948,0.8714692198718558,0.8668914918353281,0.8702505760370891,7637.0,0.0024656322729628144,0.002462597588963023,0.8757973892901096,0.8761152322663872,0.8768381207243842,39.88847987997195,0.8773702448283978,0.8873826569419957,0.8673578327147998,0.0228236874286892,0.004437545855423505,0.005099158768306729,0.8842103563779092,0.8655318136192215,-0.008670933262850511,0.04884513916188102,-1.4221685465062595
2018-05-08,0.8702505760370891,0.87144274506967,0.8624099574375039,0.8636021264700848,3792.0,-0.007639695680845993,-0.0076690276429014275,0.8746359356882025,0.8756245222351597,0.876706419289018,32.73165684733905,0.8764963277326524,0.8880739884823202,0.8649186669829846,0.02641804736277051,0.004884756213942322,0.005656257742102178,0.8842103563779092,0.8624099574375039,-0.01812947249894059,0.054785296396377275,-2.227427723331342
2018-05-09,0.8636021264700848,0.8647206421464599,0.8604640529612556,0.8615825686376307,8325.0,-0.0023385280912969764,-0.0023412667185180765,0.8733927578738624,0.8750738573881979,0.8765559332128848,30.917014896563813,0.8756970456791603,0.8890363017810347,0.8623577895772859,0.0304654587284325,0.004894635745858482,0.005680982791467193,0.8842103563779092,0.8604640529612556,-0.023340353013239445,0.05389731392239428,-2.11623151002346
2018-05-10,0.8615825686376307,0.8625566015848206,0.8603776416912209,0.8613516746384108,7178.0,-0.000267988243523809,-0.0002680241587898652,0.8722459880419147,0.8745357325744807,0.876404647057915,30.707407240744004,0.8748653711698614,0.8896046160245078,0.860126126315215,0.03369488687142164,0.0045045275265551766,0.0052296032609980645,0.8842103563779092,0.8603776416912209,-0.020275093090682983,0.053707635007507866,-1.833702698437843
2018-05-11,0.8613516746384108,0.8618973959132133,0.8612103247970453,0.8617560460718479,2728.0,0.00046946148169602075,0.00046935131913132804,0.8712469459495273,0.8740345683979068,0.876258889834173,31.58225174386064,0.8739447475282958,0.8895631943178481,0.8583263007387434,0.03574241239786545,0.004484798848432059,0.005204255739051866,0.8842103563779092,0.8603776416912209,-0.021327850543722993,0.05245812179066354,-1.5608083980029703
2018-05-14,0.8617560460718479,0.864440346886011,0.8608682897999138,0.863552590614077,6159.0,0.0020847484046306874,0.0020825783321886987,0.870514150203294,0.8736235104455998,0.8761324589961621,35.479719300658175,0.8730238509456804,0.8888207079643646,0.8572269939269961,0.03618883264546035,0.004507521988019554,0.005219742302914325,0.8842103563779092,0.8603776416912209,-0.017992258518609305,0.05248758955366506,-1.1991322476871082
2018-05-15,0.863552590614077,0.8650170632613784,0.8622820481627174,0.8637465208100188,3415.0,0.00022457253680863154,0.00022454732417112721,0.8698696140706011,0.8732361775187143,0.8760092158301308,35.904178140771805,0.8721398450953306,0.8879355872651192,0.856344102925542,0.036222957266817804,0.0042243048947686835,0.004890676596656093,0.8842103563779092,0.8603776416912209,-0.010961797538611262,0.052664228957215585,-1.0627325003272203
2018-05-16,0.8637465208100188,0.8696518967431138,0.863259725711039,0.8691651016441341,5764.0,0.006273346061103302,0.00625375053600837,0.8698025176490328,0.873076527484417,0.8759411151914642,46.49558717980682,0.871589875812169,0.8869696703321799,0.856210081292158,0.035291356512556216,0.004287690247420928,0.004933113673466902,0.8842103563779092,0.8603776416912209,-5.4115288654288385e-05,0.05860735141088155,-0.31531944914868143
2018-05-17,0.8691651016441341,0.8736222987266122,0.8679834248720609,0.8724406219545391,5582.0,0.003768582406505905,0.003761499090291554,0.8700537656781286,0.8730515900126571,0.8759062844129875,51.69220370458752,0.8710642221795035,0.8854982246813922,0.8566302196776149,0.03314107532914875,0.004521080336007122,0.005182106635381663,0.8842103563779092,0.8603776416912209,0.0065581312821545446,0.05915785319603829,0.19071629991133288
2018-05-18,0.8724406219545391,0.8730563257801599,0.8698300896150529,0.8704457934406737,4199.0,-0.002286492012942176,-0.0022891100272787036,0.8700911016555138,0.872949401911795,0.8758519511694819,48.596589616850366,0.8706981296489374,0.8847834572037647,0.8566128020941102,0.03235410086502984,0.004455432500816758,0.005118563998345548,0.8842103563779092,0.8603776416912209,0.00269050858250397,0.056207151500110124,-0.03582965426703523
2018-05-21,0.8704457934406737,0.8711048190383248,0.8647767018844829,0.8654357274821339,4348.0,-0.005755747223197161,-0.005772375371891004,0.8696477326866205,0.8726547480125926,0.8757483071526924,41.82245464305063,0.870076792879716,0.8839258070346234,0.8562277787248085,0.031834004235582525,0.00437212659288302,0.005051936792121028,0.8842103563779092,0.8603776416912209,-0.005532715159903501,0.059257685094432286,-0.670237656726987
2018-05-22,0.8654357274821339,0.8704145837957507,0.8643945266200256,0.8693733829336423,8403.0,0.004549910902065912,0.004539591347653221,0.8696216041387178,0.8725260670291043,0.8756848750709108,47.962144025125916,0.8695680687611158,0.8826800940583407,0.8564560434638909,0.030157559294709948,0.004432154330554304,0.005098102170552192,0.8842103563779092,0.8603776416912209,0.006682772409497328,0.06149649687798284,-0.02969576752032513
2018-05-23,0.8693733829336423,0.8720199589257428,0.8681206670846453,0.8707672430767458,3405.0,0.001603292866409145,0.0016020089645320246,0.8697307126090063,0.8724570935407765,0.8756359434092773,49.974695148628,0.8689977912626532,0.8807200090460164,0.85727557347929,0.02697870558757317,0.004360330012887619,0.005007457558326316,0.8834273203747048,0.8603776416912209,0.010660237072389167,0.06062566534441068,0.3018971062973931
2018-05-24,0.8707672430767458,0.8726111650093922,0.8667180850983622,0.8685620070310086,7390.0,-0.00253252067446319,-0.0025357329294941216,0.8696194073158636,0.8723043450501974,0.8755655559826279,46.88522437306197,0.8684670380337802,0.8791651690176342,0.8577689070499263,0.02463681525109961,0.004602716798703689,0.0052992380065495625,0.8820279081142818,0.8603776416912209,0.008370950687040413,0.06018165740945092,0.017754315659756794
2018-05-25,0.8685620070310086,0.8697601702282849,0.8572110566782812,0.8584092198755575,3976.0,-0.011689190953857453,-0.011758046650657897,0.8685517704167869,0.8717594381806038,0.8753948461706172,35.8857710268896,0.867360699728599,0.8773570995414414,0.8573642999157566,0.023050156217523602,0.005172101478237688,0.006025216596563911,0.8820279081142818,0.8572110566782812,-0.003883728128797226,0.07124226588428383,-1.790940742794524
2018-05-28,0.8584092198755575,0.8650297518454333,0.8580866404281492,0.864707172398025,8960.0,0.007336771759488325,0.007309988571207148,0.8681856182245238,0.8714828787381497,0.8752885011579546,44.57255025579067,0.8666273321289196,0.8749195060845147,0.8583351581733245,0.01913665458767592,0.005022838891460403,0.005808716582668044,0.8800942992611653,0.8572110566782812,0.0013370138616883853,0.07750106712019741,-0.46312577164376345
2018-05-29,0.864707172398025,0.8655619346330691,0.8566455240606435,0.8575002862956876,4782.0,-0.00833448169783424,-0.008369407685809871,0.8671679675646345,0.8709345417796217,0.8751115039951461,38.19512653235581,0.8658363627304138,0.8744523036222982,0.8572204218385293,0.01990200749877052,0.005355683276261918,0.006245692697547559,0.8738557412120441,0.8566455240606435,-0.007231559680811794,0.07915593270076482,-1.9350356599075798
2018-05-30,0.8575002862956876,0.8594622790082934,0.856858510295715,0.8588205030083208,8825.0,0.0015396108126521924,0.0015384268270205717,0.8663729709402237,0.8704594814356492,0.8749494044828395,39.891782883472295,0.865316780915332,0.8743201801888575,0.8563133816418066,0.020809487281644192,0.005386026763331823,0.006271423125630292,0.8736222987266122,0.8566455240606435,-0.011901764827240702,0.07827634128390087,-1.443072268518305
2018-05-31,0.8588205030083208,0.862674761482686,0.8580495914768258,0.861903849951191,4526.0,0.003590211146647926,0.0035837817226736647,0.8659473403698397,0.8701239664754744,0.8748195979700868,43.77391960942053,0.8650741574020457,0.8741752179967371,0.8559730968073543,0.021041110792219993,0.005667319541166972,0.006575350071226516,0.8736222987266122,0.8566455240606435,-0.01207735144168609,0.07915373334820841,-0.696689669927922
2018-06-01,0.861903849951191,0.8700498146286816,0.8602501728069357,0.8683961374844263,5553.0,0.007532496268119804,0.007504268678956975,0.8661805591426575,0.8700562084758255,0.8747556829403788,50.95647079142997,0.8650884574927622,0.8742104781775601,0.8559664368079642,0.02108922065897352,0.006112147022284734,0.007038431838251178,0.8736222987266122,0.8566455240606435,-0.0023547198133333502,0.08369243804288753,0.7252077376181504
2018-06-04,0.8683961374844263,0.8697785222141766,0.8669745630728799,0.8683569478026302,6869.0,-4.512880712448375e-05,-4.5129825459737606e-05,0.866387834253131,0.8699895708023669,0.874692013934033,50.91419045467088,0.8649937760810393,0.8739275648237426,0.8560599873383361,0.02065630757062521,0.006117071596758712,0.007044420629371262,0.8736222987266122,0.8566455240606435,0.003375433007596129,0.08319625865467281,0.7529105105239376
2018-06-05,0.8683569478026302,0.8695438556270535,0.867099450847359,0.8682863586717823,8247.0,-8.129045437654803e-05,-8.129375862460484e-05,0.8665686461025264,0.869922778169795,0.874628276070727,50.83237595355049,0.8652279876911242,0.8742532979623052,0.8562026774199432,0.02086227075308839,0.005835088293017265,0.006720234902622679,0.8736222987266122,0.8566455240606435,-0.0012503537412106303,0.0782874891870188,0.6777320421711929
2018-06-06,0.8682863586717823,0.8721845249817735,0.8666782997582583,0.8705764660682495,6369.0,0.0026375024478910714,0.0026340303420948077,0.8669503432421191,0.8699484129893422,0.8745879595532894,53.44604574009894,0.8656776825626551,0.8748335228317549,0.8565218422935553,0.0211530005994745,0.005825613390800399,0.006691673411653763,0.8736222987266122,0.8566455240606435,-0.00021909070421877175,0.07807053643634745,1.0700893334994817
2018-06-07,0.8705764660682495,0.8720431191365877,0.8698863273647613,0.8713529804330996,2163.0,0.0008919542339078657,0.0008915566791130643,0.8673696420222125,0.870003494065568,0.8745557707063223,54.33250146091994,0.8661777478523895,0.8754307195842538,0.8569247761205253,0.0213650645143128,0.005749224505566071,0.006598043083192831,0.8736222987266122,0.8566455240606435,0.0032133266013227857,0.07802167043543833,1.1186098327498895
2018-06-08,0.8713529804330996,0.872604021942118,0.8652052063648813,0.8664562478738996,6492.0,-0.005619688770406306,-0.005635538630088878,0.8672826521033254,0.8698643863717771,0.8744751784393331,48.11111134465992,0.8664127579424921,0.8754285870477544,0.8573969288372297,0.020811856756755544,0.005825702964379976,0.0067235973872599095,0.8736222987266122,0.8566455240606435,0.009374349450147701,0.08107927971110226,0.009647461348216018
2018-06-11,0.8664562478738996,0.8683276276470074,0.8645296475337314,0.8664010273068392,2742.0,-6.373151234806418e-05,-6.37335432871876e-05,0.8671986878369934,0.8697285683692306,0.8743948386270696,48.044300222377885,0.8665551797771304,0.8754701993868063,0.8576401601674545,0.020575769016737622,0.005666983174205046,0.006540831549820015,0.8736222987266122,0.8566455240606435,0.001958876904093243,0.08080475208795475,-0.03458264300929848
2018-06-12,0.8664010273068392,0.8679467773175974,0.8611140630470153,0.8626598130577735,5920.0,-0.00431810920249609,-0.004327459161843353,0.8667664140484963,0.8694513622785852,0.8742780722034945,43.62424493072197,0.866500844389518,0.8755007829804442,0.8575009057985918,0.0207730636368092,0.005876513347739658,0.006812086594030433,0.8736222987266122,0.8566455240606435,0.0060169388215303155,0.08236314939834292,-0.8535683422589344
2018-06-13,0.8626598130577735,0.8673014985735154,0.8617458608234254,0.8663875463391673,8442.0,0.0043212089226465356,0.004311899308925127,0.8667303314095126,0.8693312126339022,0.8741995595083272,48.68958164777051,0.8663619666242697,0.8752740941226246,0.8574498391259148,0.020573681305702984,0.005852410336243944,0.006754956671495003,0.8736222987266122,0.8566455240606435,0.008810971913618904,0.08064896831413604,0.005740428399909061
2018-06-14,0.8663875463391673,0.87139667369573,0.8643766589504425,0.8693857863070052,7240.0,0.0034606221898119127,0.0034546480157802836,0.8669832318759405,0.8693333527779455,0.8741516612675181,52.39450537749952,0.8662092248418929,0.8747809091007063,0.8576375405830795,0.01979125599909872,0.005457474707335652,0.006277391226417474,0.8730563257801599,0.8566455240606435,0.008680708824120087,0.08045780520389693,0.741175565781306
2018-06-15,0.8693857863070052,0.8709762061374654,0.8652365000917628,0.8668269199222229,7143.0,-0.0029433036806961743,-0.002947643717096706,0.8669683450232055,0.8692350612934074,0.8740787782690576,49.13374076113671,0.8660282811659705,0.8743731962120357,0.8576833661199054,0.019271691762375354,0.005371517180794118,0.0061967586115992835,0.8726111650093922,0.8566455240606435,-0.001807029642887592,0.08072105550773241,0.19140728260115492
2018-06-18,0.8668269199222229,0.8731843580104789,0.8664881967037971,0.872845634792053,8539.0,0.006943387118584221,0.0069193928100647565,0.867528086905953,0.8693766524110014,0.8740665081847093,56.060494030301804,0.8663987765314664,0.8752740347263936,0.8575235183365391,0.020487697894630987,0.00521292794752671,0.0059723366191418705,0.8731843580104789,0.8566455240606435,0.005169172655071552,0.08170064770022217,1.4527708645752837
2018-06-19,0.872845634792053,0.8798236460697145,0.8727414961534831,0.8797195074311446,6014.0,0.007875244333128029,0.007844396447058396,0.8686891745750188,0.869782254568654,0.8741227569334301,62.36404481039302,0.8669160827563415,0.8775526627565041,0.8562795027561788,0.024538891852931996,0.005532812319216215,0.006289291384901189,0.8798236460697145,0.8566455240606435,0.0131674863311817,0.0847168546082126,2.407432591040976
2018-06-20,0.8797195074311446,0.8816861358283986,0.8781797156094163,0.8801463440066704,8496.0,0.00048519621529385937,0.000485078545670557,0.8697803335685094,0.8701886894485762,0.8741826931232136,62.72167266121618,0.8673850378028376,0.879465556807026,0.8553045187986492,0.027855032027735684,0.00545290162015351,0.006195448810626638,0.8816861358283986,0.8566455240606435,0.010992575967095686,0.08463507587844074,2.1127082701344837
2018-06-21,0.8801463440066704,0.881255369795575,0.8787323865041674,0.879841412293072,7828.0,-0.00034645569532243403,-0.00034651572496231884,0.8707385315422772,0.8705672275993407,0.8742389987865953,62.26646636447429,0.8679490080659408,0.8812521515165751,0.8546458646153064,0.030654205090406977,0.004933140296557915,0.005606851675350221,0.8816861358283986,0.8566455240606435,0.009741668474873677,0.08393210570342494,1.7879088910469765
2018-06-22,0.879841412293072,0.8823302532731555,0.8793086362308071,0.8817974772108906,6238.0,0.002223201693496879,0.002220734037333344,0.8717917644630975,0.8710076295448917,0.8743142075271356,64.06798024297436,0.8691184209327074,0.882990367115795,0.8552464747496198,0.03192187819054793,0.004948687289490177,0.005612045188814539,0.8823302532731555,0.8566455240606435,0.017705717253046593,0.07018894063484152,1.8280140523672546
2018-06-25,0.8817974772108906,0.8834483900669309,0.8779175526413191,0.8795684654973593,6040.0,-0.0025278045936144578,-0.002531004885926213,0.8725324026568367,0.8713433486018513,0.8743664887009688,60.5219933328415,0.8698614855876743,0.8843183043972771,0.8554046667780715,0.03323935833263351,0.005169146764198551,0.005876912334818204,0.8834483900669309,0.8566455240606435,0.015197856160732437,0.067728449648481,1.342892933435293
2018-06-26,0.8795684654973593,0.8808967175467721,0.8765061726697163,0.8778344247191291,1761.0,-0.0019714676528901354,-0.0019734135531836025,0.8730373571389598,0.8715979006064504,0.8744009955270201,57.84000988911068,0.8708781925088465,0.8845113008089525,0.8572450842087405,0.031308875150108925,0.0050894553108800245,0.005797739491144291,0.8834483900669309,0.856858510295715,0.01759049329951723,0.0595416233626961,1.0204910072090563
2018-06-27,0.8778344247191291,0.8835578655311068,0.8772534811486769,0.8829769219606546,3650.0,0.005858163107662184,0.0058410707907317495,0.8739839823600736,0.8720441367379878,0.8744863281283498,63.067055050568484,0.8720860134564632,0.8854997342288538,0.8586722926840726,0.030762380236385264,0.005385711925923139,0.006099493420466912,0.8835578655311068,0.8580495914768258,0.01914775401791502,0.06181814065770502,1.6238460139423982
2018-06-28,0.8829769219606546,0.8868059065479402,0.8819846479135585,0.8858136325008441,4291.0,0.003212666684300869,0.0032075170970126076,0.8751106157068137,0.8725841169639821,0.8745990376245936,65.6006198007306,0.8732815025839455,0.8871291300414549,0.8594338751264362,0.03171400611723872,0.005201600715719219,0.0058721163514203,0.8868059065479402,0.8602501728069357,0.018895922216098482,0.06165464200801558,1.8100039093848606
2018-06-29,0.8858136325008441,0.8870396316880144,0.8801021664317787,0.881328165618949,4911.0,-0.00506366883204501,-0.005076532646837976,0.8757027633174932,0.8729270208328043,0.8746659941220499,58.73906672970317,0.8739281039906718,0.8880207662151213,0.8598354417662223,0.032251307996841616,0.005425849654502046,0.00615644644772191,0.8870396316880144,0.8611140630470153,0.016729113232924586,0.06118383867204627,1.050200666193334
2018-07-02,0.881328165618949,0.8837136387668469,0.8770572583885726,0.8794427315364706,9984.0,-0.002139309914320431,-0.0021416015066426236,0.8760589507669196,0.8731825388996147,0.8747135238475666,56.083612346642134,0.8744823931773638,0.8885243863359814,0.8604404000187461,0.0321149820011748,0.005413254376480063,0.006155323345526536,0.8870396316880144,0.8611140630470153,0.0075581482927267185,0.06198945178825456,0.7065006090054416
2018-07-03,0.8794427315364706,0.8802078308600014,0.8748902219531596,0.8756553212766904,3441.0,-0.004306602492652578,-0.004315902616061935,0.8760205098630883,0.8732795107575393,0.8747228949662644,51.087395841272,0.8748508413076092,0.8885917774789251,0.8611099051362932,0.031413209023787185,0.005396252316248058,0.00616253014757041,0.8870396316880144,0.8611140630470153,-0.004619865900577724,0.06441024138014304,0.11709245411686348
2018-07-04,0.8756553212766904,0.879909080931511,0.8753310898739335,0.879584849528754,5025.0,0.004487528547573394,0.004477489613471845,0.8763599707836279,0.8735267789446457,0.8747712726236027,55.515304382453635,0.8753012604806344,0.8890428324747296,0.8615596884865392,0.03139849698502571,0.005221822052840196,0.00593668940027541,0.8870396316880144,0.8611140630470153,-0.0006379558146663022,0.0655752516045964,0.6234496387982842
2018-07-05,0.879584849528754,0.8805413457348988,0.8789153764442855,0.8798718726504303,5895.0,0.0003263165819988867,0.0003262633523225455,0.8766944376280853,0.8737756061487941,0.8748220248626756,55.82983866856224,0.8757272050915009,0.8894815866568876,0.8619728235261143,0.03141247978918167,0.00492798371319096,0.005600796964160745,0.8870396316880144,0.8611140630470153,3.462028148781826e-05,0.06556377293218565,0.6026686898609211
2018-07-06,0.8798718726504303,0.882490563494172,0.8792560036964873,0.8818746945402289,4029.0,0.002276265388238219,0.0022736786208816637,0.8771877954292417,0.8740932174582622,0.8748922006803628,58.05834105426527,0.8764981274248175,0.8897850332234336,0.8632112216262013,0.030318161289525015,0.004680726462548309,0.005307700165938695,0.8870396316880144,0.8611140630470153,8.756809963039736e-05,0.06167262928714799,0.8093031134414218
2018-07-09,0.8818746945402289,0.888690885897797,0.8812402916079388,0.8880564829655069,7531.0,0.007009826297942334,0.0069853716808146935,0.8782229085279336,0.8746407964977619,0.8750231885637971,64.08190949601251,0.8775809002077507,0.8909325811672044,0.864229219248297,0.030428376361183243,0.00470704391780736,0.005300387991188379,0.888690885897797,0.8611140630470153,0.009650206665092309,0.06523115128320031,1.5691781116652428
2018-07-10,0.8880564829655069,0.8882945921520584,0.8865719526367053,0.8868100618232568,7648.0,-0.0014035381376732436,-0.0014045240199153884,0.8790407326512978,0.8751180225889579,0.8751404708847869,62.143959706974535,0.878788412646025,0.8907545660773152,0.8668222592147349,0.027233298161636325,0.004579631010405276,0.005164162211905537,0.888690885897797,0.8617458608234254,0.01022474951013641,0.06270709921956553,1.3407231025896948
2018-07-11,0.8868100618232568,0.8879551292514952,0.8841763570864494,0.8853214245146878,9535.0,-0.0016786427811931182,-0.0016800532806907507,0.8796388937811445,0.87551815599781,0.8752417739059799,59.817249518931305,0.879735106554801,0.890506619711445,0.8689635933981571,0.02448808300677482,0.004669330215665156,0.005274163808048328,0.888690885897797,0.8643766589504425,0.0026552251771509994,0.06260243702421334,1.0372392213885144
2018-07-12,0.8853214245146878,0.8880838762789252,0.8845760899868197,0.8873385417510571,5171.0,0.0022784010196919002,0.00227580939984167,0.8803721935878027,0.8759817005371531,0.8753621397551847,61.89889998563345,0.8806327443270037,0.890744850987504,0.8705206376665033,0.02296554772836251,0.004704056590647805,0.005301309893927191,0.888690885897797,0.8652365000917628,0.001721478643208263,0.06214738724670331,1.3262908806623728
2018-07-13,0.8873385417510571,0.8923287935514149,0.8860450297120431,0.891035281512401,5101.0,0.004166098492745185,0.004157444332150275,0.8813877257710978,0.8765720370459864,0.8755180914144606,65.43317293073008,0.8818431624065125,0.890716773006633,0.872969551806392,0.020125144647954812,0.00475783704877352,0.005339673015750615,0.8923287935514149,0.8664881967037971,0.011014190028336035,0.06123626382355746,2.0717878032113797
2018-07-16,0.891035281512401,0.8923393522627352,0.890868178885691,0.8921722496360253,3860.0,0.0012760079732134777,0.0012751945669080527,0.8824148232820432,0.877183810088733,0.8756838044315907,66.46354440386486,0.8828094931487109,0.8917664454252242,0.8738525408721977,0.020291925598956963,0.004549310513058402,0.005099139224420352,0.8923393522627352,0.8727414961534831,0.014474527610587096,0.057610758351968355,2.0906121185584734
2018-07-17,0.8921722496360253,0.8962464204979675,0.8912884355190465,0.8953626063809887,8899.0,0.003575942589858716,0.0035695641086880086,0.8836479454819428,0.8778967040609784,0.8758796134062116,69.23475967929627,0.8835916480962034,0.8940231341865038,0.873160162005903,0.02361155430288691,0.004453139127093482,0.004973559422023273,0.8962464204979675,0.8748902219531596,0.0225057561182469,0.05272030882063517,2.256813302129681
2018-07-18,0.8953626063809887,0.8967260412377271,0.8894024030090465,0.8907658378657849,1098.0,-0.005133974193744506,-0.005147198320222405,0.8843258399946897,0.8784013759748924,0.8760277350426253,61.366438306271135,0.8841226227891591,0.8948913468091312,0.873353898769187,0.02436024990741619,0.004631880526686259,0.005199885682396548,0.8967260412377271,0.8748902219531596,0.012711665444238962,0.05689599426393342,1.2337979995225115
2018-07-19,0.8907658378657849,0.8921201173781117,0.88801005167809,0.8893643311904168,5172.0,-0.001573372726917821,-0.0015746117776163234,0.8848056962990447,0.8788312957872659,0.8761604374918571,59.15891488406138,0.8845987687340264,0.8954124849293111,0.8737850525387417,0.02444886105993684,0.004429923415528122,0.004980999642293565,0.8967260412377271,0.8748902219531596,0.010788455495676308,0.05733339160209516,0.8813921819898314
2018-07-20,0.8893643311904168,0.8942774766198347,0.8883466108280192,0.8932597562574371,1394.0,0.004380010452866179,0.004370446124817159,0.8856108448665106,0.8793971177664883,0.8763305799671365,63.12903192676129,0.8851718826863536,0.8965601911315951,0.8737835742411121,0.025731292798591498,0.004378100945066775,0.004901262946637224,0.8967260412377271,0.8748902219531596,0.012910067368634426,0.05866657607835391,1.4203818960423396
2018-07-23,0.8932597562574371,0.8945504893337651,0.8923099922284321,0.8936007253047601,4271.0,0.00038171320820667987,0.00038164037425388525,0.8863717858606297,0.8799541219836754,0.8765024222093019,63.46382304262128,0.8858734956767236,0.8975340124282557,0.8742129789251915,0.026325467029859814,0.004158307244959002,0.004653428681518608,0.8967260412377271,0.8748902219531596,0.00624311904208974,0.05747157776718555,1.325366584121785
2018-07-24,0.8936007253047601,0.8947718486346601,0.8864455151409991,0.8876166384708991,2877.0,-0.006696600242597328,-0.006719123077262362,0.886490343252084,0.8802546128263116,0.8766130114258351,54.16778165360783,0.8863626063643121,0.8974077161798867,0.8753174965487375,0.024922328032044378,0.0044260459903935345,0.004986438737807239,0.8967260412377271,0.8748902219531596,0.000909525818847845,0.06270101058935298,0.22707462895818908
2018-07-25,0.8876166384708991,0.8876574530711444,0.8864809185047744,0.8865217331050197,8450.0,-0.0012335340713820475,-0.0012342955007651445,0.8864933327618874,0.8805003822490061,0.8767116056713992,52.64821807499295,0.8865398469215304,0.8974693609918859,0.875610332851175,0.024656565879825294,0.004393943510090441,0.004956385552670848,0.8967260412377271,0.8748902219531596,0.0013557884821209232,0.059738916948392305,-0.00331466090699585
2018-07-26,0.8865217331050197,0.8870600363196999,0.8821170373879937,0.8826553406026739,7896.0,-0.004361305942048199,-0.004370844179692722,0.8861278096991051,0.8805848904197382,0.8767707473125065,47.57302432927223,0.886381932326622,0.8974460619562208,0.8753178026970232,0.02496470026314071,0.004515974876806257,0.005116351387759989,0.8967260412377271,0.8748902219531596,-0.005277806528206752,0.06072632146845159,-0.6736348630584871
2018-07-27,0.8826553406026739,0.8846768095918275,0.8826168763006483,0.8846383452898019,9450.0,0.0022466353466734645,0.002244115434992344,0.8859859559458381,0.8807438494342504,0.8768490318694945,50.2233375740862,0.8865474413101646,0.8973900740700222,0.875704808550307,0.02446035542967468,0.004130927662614898,0.004669623111647543,0.8967260412377271,0.8748902219531596,-0.007179217653134007,0.058415696535832805,-0.3521462107304239
2018-07-30,0.8846383452898019,0.8858123141909233,0.877789613564895,0.8789635824660165,4653.0,-0.006414782779878725,-0.00643544591267405,0.8853171584715693,0.8806740350433393,0.8768700721739375,43.45353273428525,0.8865234838566419,0.897434118835919,0.8756128488773649,0.024614429686199632,0.004580932027663124,0.0052117426922408784,0.8967260412377271,0.8748902219531596,-0.014805063904865245,0.0625086548305852,-1.3857857778184806
2018-07-31,0.8789635824660165,0.8806657495743938,0.8780935333340985,0.8797957004424758,6818.0,0.0009467035871095764,0.0009462557458949554,0.8847913053259413,0.8806395905491878,0.8768991829029779,44.63208971353171,0.8867305028149313,0.8969051696442285,0.876555835985634,0.022948724098241124,0.004494749461609516,0.005108855907512359,0.8967260412377271,0.8753310898739335,-0.01738614705100716,0.06047891007625899,-1.3631507525115627
2018-08-01,0.8797957004424758,0.8801339012846151,0.8782607267920243,0.8785989276341636,6527.0,-0.0013602849021771002,-0.0013612109295539489,0.8842015550695815,0.8805595645525203,0.8769160957858753,43.23634630574823,0.8866812067202016,0.8970100301218777,0.8763523833185254,0.02329771584960526,0.0043779914759299,0.004982923764451526,0.8967260412377271,0.877789613564895,-0.013658932251794043,0.05856732140509938,-1.5649951154603639
2018-08-02,0.8785989276341636,0.8795963820758537,0.8733305904245309,0.874328044866221,5288.0,-0.004861015229603138,-0.004872868392003673,0.8832612207644995,0.8803151912314889,0.876890344035431,38.597517383111665,0.8864040153309911,0.89774976521543,0.8750582654465522,0.02559950020127633,0.004376707748212115,0.005005795906823263,0.8967260412377271,0.8733305904245309,-0.01690677914198535,0.06097089392553435,-2.1287214309796765
2018-08-03,0.874328044866221,0.8756403146713929,0.8733523473513592,0.8746646171565312,5079.0,0.0003849496676751052,0.0003848755935610443,0.8824424966113598,0.8800936000912946,0.8768681974993225,39.15157395337923,0.8860435114618064,0.898407705554939,0.8736793173686738,0.02790877407980562,0.004435050172711365,0.005070572292188266,0.8967260412377271,0.8733305904245309,-0.020817168769379557,0.06027288455247887,-1.8406204592979212
2018-08-06,0.8746646171565312,0.8752133211658963,0.8700112981031547,0.8705600021125198,8100.0,-0.004692787342141735,-0.004703833038946329,0.8813108304686131,0.8797197335038917,0.876805429386021,35.003398231671426,0.885168687419157,0.8992849626051587,0.8710524122331553,0.03189510742220176,0.004452481464412834,0.005114502680583011,0.8967260412377271,0.8700112981031547,-0.02578413662811463,0.05529100433539756,-2.0697648797784525
2018-08-07,0.8705600021125198,0.8708170997544681,0.8688014741172729,0.8690585717592212,5072.0,-0.0017246718774757142,-0.0017261608362413416,0.8801439486867663,0.8793016487295909,0.8767283462255554,33.60098075439417,0.8842811129159551,0.9000932652447,0.8684689605872102,0.03576272770681177,0.004073337707878155,0.004687069249696903,0.8967260412377271,0.8688014741172729,-0.020907749930925146,0.055334696361876656,-1.9254230341635257
2018-08-08,0.8690585717592212,0.8775756629644669,0.8685137626745164,0.8770308538797621,7759.0,0.009173469291491765,0.009131648588129412,0.8798474634670516,0.8792125979511664,0.8767313562519655,45.97762553036546,0.8838665843842088,0.8999954215584467,0.867737747209971,0.03649608992849263,0.0044270401785873525,0.0050477587635637325,0.8967260412377271,0.8685137626745164,-0.01070574907624211,0.0659682606489532,-0.8476408349344943
2018-08-09,0.8770308538797621,0.8774269932532556,0.8731381530084058,0.8735342923818993,5686.0,-0.003986816977298968,-0.00399478551856615,0.8792462090779894,0.8789899193013911,0.876699544671169,42.257258591912176,0.8831763719157509,0.89985182504365,0.8665009187878518,0.037762453023346534,0.004309752639518375,0.00493369599465501,0.8967260412377271,0.8685137626745164,-0.010333646442955646,0.06626418988419809,-1.156439883210112
2018-08-10,0.8735342923818993,0.8740220915702708,0.8625443975954225,0.863032196783794,6828.0,-0.012022533848635608,-0.012095389033469978,0.8777020174309232,0.8783641262614853,0.8765635511598519,33.49143905216998,0.8817762176793206,0.9002760196403168,0.8632764157183244,0.04196031054156671,0.004969552415912325,0.005758246835323217,0.8967260412377271,0.8625443975954225,-0.02442370785875203,0.07463949448029958,-2.0264023296082088
2018-08-13,0.863032196783794,0.8641374583490978,0.8557733645972788,0.8568786261625827,2212.0,-0.007130175031874075,-0.0071557162109994925,0.875718837310129,0.8775215576301558,0.8763676812593815,29.614953521987374,0.8800115365056487,0.9009132276224567,0.8591098453888406,0.04750322069595709,0.004972249577209328,0.005802746649752355,0.8967260412377271,0.8557733645972788,-0.025126133487205826,0.07631185503896418,-2.2134965265526945
2018-08-14,0.8568786261625827,0.8588026736726564,0.8559033383534562,0.8578273858635299,9452.0,0.001107227642257902,0.0011066151178263067,0.8740148895533101,0.8767492371687196,0.876183200708179,30.942137751920782,0.8781347754797755,0.8999532603480873,0.8563162906114636,0.04969279312823284,0.005095306773840054,0.005939780960374534,0.8967260412377271,0.8557733645972788,-0.0249697907910863,0.07439630042314203,-1.8614848591745303
2018-08-15,0.8578273858635299,0.8583108409327026,0.8551210055862437,0.8556044606554164,8981.0,-0.0025913432524374835,-0.0025947065940015667,0.8722615153725584,0.8759200302466292,0.8759784371255646,29.53684063489608,0.8763767066192572,0.8995350861006757,0.8532183271378386,0.05285028528600477,0.00497008080346525,0.005808853310159267,0.8947718486346601,0.8551210055862437,-0.026171744871878344,0.07357691839132269,-1.7939291460793025
2018-08-16,0.8556044606554164,0.8563758630295517,0.8539714147436361,0.8547428171177714,5799.0,-0.0010070582579535525,-0.001007565681819877,0.8705930679197215,0.8750895513003996,0.8757671374239945,28.98728353092892,0.8746456309156247,0.8988678016519458,0.8504234601793037,0.05538739320280835,0.004994689017374995,0.00584349925772678,0.8947718486346601,0.8539714147436361,-0.02240031972375567,0.07364804278380951,-1.6433550910455033
2018-08-17,0.8547428171177714,0.8557229996158797,0.8487655550267392,0.8497457375248475,2233.0,-0.005846296093805492,-0.005863452583438712,0.8686076078821143,0.874095676250378,0.875508218022013,25.969514906131266,0.8724699299789954,0.8974572316989994,0.8474826282589915,0.05727945654380439,0.004918599300454439,0.005788318885577951,0.8947718486346601,0.8487655550267392,-0.028489639506275144,0.07084011346261987,-1.8188592516938868
2018-08-20,0.8497457375248475,0.8499296960309352,0.8463739160849292,0.8465578745910168,3573.0,-0.0037515491906041643,-0.0037586039008577305,0.8665076332829621,0.8730157624598148,0.8752201549032966,24.2360750952337,0.8701177874433081,0.8955819316365086,0.8446536432501077,0.05853033821552468,0.00498885385086234,0.0058931042998950555,0.8947718486346601,0.8463739160849292,-0.02757090546689367,0.07013796556686618,-1.8504382219593658
2018-08-21,0.8465578745910168,0.8474313133687262,0.8447188722523613,0.8455923110300707,6195.0,-0.0011405759605184196,-0.0011412269122996529,0.8645156978303057,0.8719403329919818,0.8749253504866477,23.71963629251715,0.8680165710712668,0.8943224420939921,0.8417107000485415,0.0606114489041604,0.005048801466846204,0.00597072773840142,0.8876574530711444,0.8447188722523613,-0.027001932311245813,0.06868735676733606,-1.7048863367287168
2018-08-22,0.8455923110300707,0.846284720147769,0.8433009476572552,0.8439933567749535,9046.0,-0.0018909280917768223,-0.0018927181532419103,0.8625611891583674,0.8708443731403337,0.8746175694546906,22.851262650060107,0.8658901522547634,0.8927670067164032,0.8390132977931236,0.0620791318428854,0.004814371526788422,0.005704276565854712,0.8870600363196999,0.8433009476572552,-0.03766970906286715,0.06857714970530207,-1.6294165309457855
2018-08-23,0.8439933567749535,0.8463139603775159,0.8428662924735733,0.8451868960761357,8111.0,0.0014141572224490861,0.001413158243821839,0.8609064945791073,0.8698381975691887,0.8743247269335109,25.056808841571794,0.8640167300284365,0.8911948724134211,0.8368385876434519,0.06291114845447525,0.0048972072827819235,0.005794230016482385,0.8858123141909233,0.8428662924735733,-0.03245138348085641,0.06949609017683386,-1.3856601150712844
2018-08-24,0.8451868960761357,0.8480313144915473,0.8442936835186634,0.847138101934075,1794.0,0.0023086087432235836,0.0023059480003482574,0.8595952190891042,0.8689479977403607,0.8740542132519246,28.648047341908466,0.8621417178606501,0.8884912626260811,0.835792173095219,0.06112578528461835,0.0047926078477920865,0.005657410328788459,0.8858123141909233,0.8428662924735733,-0.01841657230048943,0.06954850698469911,-1.1388140523975088
2018-08-27,0.847138101934075,0.8480491894456346,0.8450045464500855,0.845915633961645,9318.0,-0.001443056297006362,-0.0014440985055088873,0.8582924014579175,0.8680447677882542,0.8737742273883398,27.750811055871836,0.8604893204354316,0.8865403644362099,0.8344382764346533,0.06054937204239963,0.0048661090876745096,0.0057524756516027994,0.8806657495743938,0.8428662924735733,-0.012794101598768925,0.06772415553778956,-1.1188562326600906
2018-08-28,0.845915633961645,0.8459663848604201,0.8444655035959586,0.8445162544947337,3044.0,-0.0016542778153392224,-0.0016556476438107312,0.8569803874614238,0.8671220809924299,0.8734831032799457,26.719195524179554,0.8587253481380446,0.884039337636345,0.8334113586397441,0.058957126520576594,0.004326036300139581,0.005122502115400738,0.8801339012846151,0.8428662924735733,-0.01551726091770389,0.06689545284121974,-1.1226277583993522
2018-08-29,0.8445162544947337,0.8451308790287145,0.8424740729355611,0.843088697469542,3419.0,-0.0016903843088796888,-0.0016918146205136962,0.8556573693669589,0.8661795953640814,0.8731806713813347,25.670802114431567,0.8569498366298134,0.8813598762612667,0.8325397969983601,0.05696958815571363,0.004209462432161272,0.004992905781794502,0.8795963820758537,0.8424740729355611,-0.014627977951736093,0.06686149868866287,-1.1356916555277385
2018-08-30,0.843088697469542,0.8459402403662412,0.8426332914778281,0.8454848343745273,3193.0,0.0028420934976083334,0.0028380623859417067,0.8546885565105369,0.865368036109589,0.8729050909136052,30.593507531130754,0.8555076761052287,0.8789850348779324,0.832030317332525,0.054885208931348003,0.0036258377831301846,0.004288471697795155,0.8775756629644669,0.8424740729355611,-0.010831308035395337,0.06814828405371137,-0.8538304353345442
2018-08-31,0.8454848343745273,0.8465774401212723,0.8411218402717008,0.8422144460184459,5170.0,-0.003868062705702724,-0.003875563007589628,0.8535005459874806,0.8644600521844461,0.8725997113624098,27.87955286623145,0.8538851675483243,0.8762468178797015,0.8315235172169472,0.05237624725484328,0.003418088218683938,0.004058453562323575,0.8775756629644669,0.8411218402717008,-0.008862994156744963,0.06812190233600601,-1.0438157610847267
2018-09-03,0.8422144460184459,0.8468820992207394,0.8419498777174164,0.8466175309197099,1465.0,0.005227985487638698,0.005214367015670457,0.852845020742931,0.8637603454681819,0.872341182203776,36.09867771420438,0.852688043988684,0.8738207699911843,0.8315553179861838,0.049567309290854136,0.003563294374692716,0.004208859661601604,0.8775756629644669,0.8411218402717008,7.046928566101229e-05,0.0716967476757598,-0.5745130153351617
2018-09-04,0.8466175309197099,0.8472082206362573,0.8453256352851913,0.8459163250017387,2720.0,-0.0008282440327090912,-0.0008285872163042115,0.8521851449580555,0.863060579959694,0.8720782483012681,35.406647321492514,0.8515309316508098,0.8713851176536211,0.8316767456479985,0.0466317435218031,0.0034699193750217954,0.004101965256450942,0.8775756629644669,0.8411218402717008,0.0003831798934801345,0.07171081542652996,-0.5655841693309493
2018-09-05,0.8459163250017387,0.8461689062322704,0.8411962482284423,0.8414488294589739,4907.0,-0.005281249942487687,-0.005295245039114531,0.8511626387200477,0.8622130603322148,0.871773477964529,31.290845869337815,0.8497518304297703,0.8660419311469966,0.8334617297125441,0.038340842899949684,0.003653362926301259,0.0043417529365989615,0.8774269932532556,0.8411218402717008,-0.0030148665218202586,0.06119079535509569,-1.019392220456472
2018-09-06,0.8414488294589739,0.8459565767521708,0.8412909904179825,0.8457987377111794,5607.0,0.005169545788069385,0.005156229559096195,0.8506517910049174,0.8615693614058997,0.87151502283763,38.755923888287505,0.8483650526962345,0.8602597968468002,0.8364703085456688,0.028041570342301016,0.0034896587652332484,0.004125873697419593,0.8740220915702708,0.8411218402717008,0.0007239128267182426,0.06582617180385873,-0.4315040243943483
2018-09-07,0.8457987377111794,0.8479066305176725,0.8450713241952079,0.847179217001701,8006.0,0.0016321604998574823,0.001630829973467171,0.8503210696712777,0.8610050420174997,0.8712728755158795,40.94864841082096,0.8475724037071298,0.8572598203922274,0.8378849870220323,0.022859207408656802,0.003438196363551717,0.004058404992181027,0.8641374583490978,0.8411218402717008,4.85340790741251e-05,0.053931522717733944,-0.0811747276306848
2018-09-10,0.847179217001701,0.8490198212905058,0.8464886729628412,0.8483292772516461,7284.0,0.00135751707178966,0.001356596478542743,0.8501313751551224,0.8605079532031525,0.8710445810057876,42.786432122510504,0.8471449362615828,0.8558031384874958,0.8384867340356699,0.020440899438344668,0.0034252468786445467,0.0040376384152877596,0.8588026736726564,0.8411218402717008,0.0028532907929568196,0.04917684749655356,0.2735766523259678
2018-09-11,0.8483292772516461,0.8491011494508528,0.8447817563278438,0.8455536285270505,9160.0,-0.003271900191383126,-0.003277264561131905,0.8496953992857822,0.8599215090982074,0.8707909396875914,39.58445776944507,0.8465312483947589,0.8535943696270982,0.8394681271624196,0.016687207343456762,0.0035206483523942005,0.004163719761367649,0.8583108409327026,0.8411218402717008,0.0012283647908439832,0.049736057679531466,-0.2768237541307486
2018-09-12,0.8455536285270505,0.8472439319570438,0.8447652741229439,0.8464555775529372,9544.0,0.0010666964169474547,0.0010661279005781557,0.849386844835035,0.8593934333513341,0.8705487967807789,41.126283893602135,0.8460738042396351,0.8517020025972691,0.840445605882001,0.013304272817410092,0.0034514333474054337,0.004077512676310035,0.8563758630295517,0.8411218402717008,0.003993506369496691,0.049601128376415074,0.13566448410060017
2018-09-13,0.8464555775529372,0.8468305777897978,0.8424770124519384,0.842852012688799,3478.0,-0.004257240379413663,-0.004266328229183055,0.8487644798687267,0.8587447501880975,0.8702732068893164,37.05721930723197,0.8454792640181864,0.8495476925158667,0.8414108355205061,0.009623958081112173,0.0034954286591893924,0.004147143990364994,0.8557229996158797,0.8411218402717008,-0.003113978605749912,0.05132511853068936,-1.2915312784213555
2018-09-14,0.842852012688799,0.8440790133390124,0.8416052869073851,0.8428322875575985,5117.0,-2.3402840479080922e-05,-2.3403114329824765e-05,0.8481995091724288,0.858120732045725,0.8700001629158666,37.035618650372356,0.8451335915198241,0.84883384537373,0.8414333376659183,0.008756612897735057,0.0034546489046235473,0.004098856861113617,0.8499296960309352,0.8411218402717008,0.0007335917141690906,0.04760099142223052,-1.2438627473066324
2018-09-17,0.8428322875575985,0.843859074419977,0.8386516644134009,0.8396784512757793,7020.0,-0.0037419500040257736,-0.003748968613269374,0.8473879798489384,0.8573975053488644,0.8696984543423334,33.65746456217154,0.8447896203540621,0.8491521419046936,0.8404270988034307,0.010328066172979372,0.0037194009576317355,0.004429553898853308,0.8491011494508528,0.8386516644134009,-0.008196239022351004,0.047592049569690105,-2.3432178014309186
2018-09-18,0.8396784512757793,0.8400878528735196,0.8328239197452685,0.8332333213430088,2025.0,-0.0076757119620946,-0.007705321854476666,0.846039917134088,0.8564498902898112,0.8693356171980615,28.030567637463548,0.844171670869709,0.8509098820337928,0.8374334597056252,0.015964077915909557,0.004048481460138713,0.004858760873381006,0.8491011494508528,0.8328239197452685,-0.014993213021044283,0.05413757166970133,-3.2466627300148034
2018-09-19,0.8332333213430088,0.8341730204997317,0.8268460072347246,0.8277857063914476,7440.0,-0.006537922586653977,-0.006559388414964217,0.8443014208728842,0.8553258046467381,0.868922185249737,24.328367152945773,0.8433612883505338,0.8533190963470627,0.8334034803540049,0.023614572150933367,0.004335628915609719,0.005237622348554379,0.8491011494508528,0.8268460072347246,-0.016237616108291886,0.05784484292630089,-3.128315381159305
2018-09-20,0.8277857063914476,0.8308028383432952,0.8264048085624744,0.829421940514322,1297.0,0.00197663973929596,0.0019746887574689145,0.8428843275054021,0.8543099668376238,0.8685291479886881,27.428757150969872,0.8425730405724432,0.854266908500303,0.8308791726445834,0.027757517425231068,0.00426008819641323,0.005136213534177263,0.8491011494508528,0.8264048085624744,-0.0193625226270433,0.05818485120486185,-2.2492301331349376
2018-09-21,0.829421940514322,0.8317571280279901,0.8286156141005065,0.8309508016141746,5382.0,0.0018432850943206347,0.0018415883291125381,0.8417478012300471,0.8533939211425866,0.8681552340944144,30.302244459651533,0.841763675556448,0.8543349989585228,0.8291923521543733,0.029869009003660105,0.004132180512424691,0.004972834136988217,0.8491011494508528,0.8264048085624744,-0.0191558233037884,0.057863400110883006,-1.7202443364855144
2018-09-24,0.8309508016141746,0.8313755339130595,0.829262928830215,0.8296876611291,9671.0,-0.0015201146477274996,-0.0015212711942027013,0.8405992164585283,0.8524642638871558,0.8677724721743616,29.271025318741252,0.8409522769148208,0.8544555344408381,0.8274490193888034,0.032114206469733036,0.004148610493266013,0.005000207533061633,0.8491011494508528,0.8264048085624744,-0.021974505209745754,0.05787261562865475,-1.6684293792096903
2018-09-25,0.8296876611291,0.8306863797464985,0.8272399713062644,0.8282386899236629,2634.0,-0.0017464056334949296,-0.0017479323776152366,0.8394220234552078,0.8515142413787835,0.867379101206693,28.090100514247382,0.8401383986862673,0.854660909203534,0.8256158881690006,0.03457170994677951,0.004039592667295018,0.004877329103844858,0.8491011494508528,0.8264048085624744,-0.020477635030140107,0.05788815981374773,-1.638794993256305
2018-09-26,0.8282386899236629,0.829156184667476,0.8271233602249484,0.8280408549687615,5545.0,-0.00023886224745151008,-0.0002388907795817285,0.8383381026469748,0.8505937164215278,0.8669876758709922,27.924448443270293,0.8393860065612282,0.8547969743137536,0.8239750388087028,0.03671962037027653,0.0038515382464621084,0.0046513867321285865,0.8491011494508528,0.8264048085624744,-0.021755096277363828,0.057876659109134594,-1.4723477168534838
2018-09-27,0.8280408549687615,0.8321578197678735,0.8270128847501121,0.8311298495492242,2739.0,0.003730485714475096,0.0037235447094996956,0.837651602351951,0.8498304275245747,0.8666308815792334,34.426776972955,0.8386682573199631,0.854219735855347,0.8231167787845791,0.037086126486007856,0.004016511724697596,0.004832592316201869,0.8491011494508528,0.8264048085624744,-0.013907735833933232,0.05871703594309713,-0.9694779507410679
2018-09-28,0.8311298495492242,0.8317539458464625,0.8269156414543707,0.8275397377516089,7274.0,-0.004319555842642875,-0.00432891207688688,0.8366885676281088,0.8489562828275957,0.8662419149739835,30.9338434002958,0.8379345219066211,0.8541520007319379,0.8217170430813043,0.03870822457204844,0.004181308586442397,0.005052698252053537,0.8491011494508528,0.8264048085624744,-0.018144238221230347,0.05904584980720192,-1.2819235674024878
2018-10-01,0.8275397377516089,0.8314442463777865,0.8264396164583495,0.830344125084527,6808.0,0.0033888249771998336,0.0033830958495287855,0.8360843350049106,0.8482263942886519,0.8658847230347849,36.36514277286308,0.837120851614862,0.8531357113849055,0.8211059918448186,0.038261762896360144,0.004230254071901537,0.0050945793967903455,0.8491011494508528,0.8264048085624744,-0.011116548456221564,0.05684576926140042,-0.8463048228509862
2018-10-02,0.830344125084527,0.8340160893607906,0.8294087168710507,0.8330806811473143,3024.0,0.0032956890765123426,0.0032902701959673063,0.8357982727327586,0.8476324447536975,0.8655583146577952,41.222505734014256,0.8364790694221409,0.8520319312102963,0.8209262076339855,0.0371864936175861,0.004382305118732967,0.005260360992524373,0.8491011494508528,0.8264048085624744,-0.00018319022029567034,0.05882655857823962,-0.43701131291666706
2018-10-03,0.8330806811473143,0.8342769213986494,0.829229989950204,0.8304262302015392,8153.0,-0.0031863071678956967,-0.0031913942534654233,0.8352866496345474,0.8469576912418482,0.865208741678131,38.178279829642186,0.8359279394592691,0.8515204351890423,0.820335443729496,0.03730583700757598,0.0044318312694891105,0.005336815129759971,0.8491011494508528,0.8264048085624744,0.0031898639825547193,0.057135650105317404,-0.7056868064070985
2018-10-04,0.8304262302015392,0.8335815793470251,0.8299612415780148,0.8331165907235007,8230.0,0.003239734517187287,0.003234497884467971,0.8350799773573049,0.8464149029862268,0.8648894167930103,42.789724382125385,0.8352938321098853,0.8502131048141679,0.8203745594056027,0.0357222144609825,0.004513732079302192,0.005417887639690797,0.8491011494508528,0.8264048085624744,0.004454488154590708,0.054893990200336404,-0.29186964130758886
2018-10-05,0.8331165907235007,0.8378941292847085,0.8323931716413555,0.8371707102025633,1712.0,0.004866209032689861,0.0048544073084673045,0.8352790947711389,0.8460523856221616,0.8646136087672348,48.9672635542619,0.8347934067699283,0.8486690127978377,0.8209178007420189,0.03324320943453149,0.004534699767643401,0.005416696633529112,0.8491011494508528,0.8264048085624744,0.0074852910380567295,0.057874379191862474,0.3426594020979375
2018-10-08,0.8371707102025633,0.8385883914390869,0.834204867481858,0.8356225487183816,2112.0,-0.0018492781284800142,-0.0018509901542784176,0.8353118046708763,0.8456433724102487,0.8643251405080423,46.88525665616293,0.834158070343265,0.8465033122711051,0.8218128284154248,0.02959928667419101,0.004328956255427531,0.005180516325303782,0.8491011494508528,0.8264048085624744,0.007153158793762104,0.05756341049878527,0.2372538964690605
2018-10-09,0.8356225487183816,0.8358302587051358,0.8354173139009924,0.8356250238877466,9284.0,2.9620662689300303e-06,2.9620618820204025e-06,0.835341635072483,0.8452504959976016,0.8640395672083379,46.88914471626982,0.8336616401112998,0.8448187769690553,0.8225045032535444,0.02676658327775733,0.003835094222508693,0.004589491832910786,0.8472439319570438,0.8264048085624744,0.008918122340752399,0.05682808434998427,0.351951186308523
2018-10-10,0.8356250238877466,0.8367608695461183,0.8318859739363605,0.8330218195947322,3638.0,-0.0031152780476857433,-0.003120140627828483,0.8351207002650782,0.8447709400602341,0.8637309329037249,43.299215200392936,0.8329899522133897,0.8423818785444317,0.8235980258823477,0.022549915052603328,0.0038691560674327663,0.004644723555158643,0.8468305777897978,0.8264048085624744,0.006015360952399629,0.05715453823808225,0.006786122509756995
2018-10-11,0.8330218195947322,0.8339504896385788,0.8321378495109499,0.8330665195547965,1716.0,5.366001107387497e-05,5.365857142698149e-05,0.8349250640069561,0.8443119431776679,0.8634258143629396,43.37937780412317,0.8325006775566894,0.8406692587377507,0.8243320963756282,0.01962420308181668,0.0037742365103002884,0.00453053438315742,0.8440790133390124,0.8264048085624744,0.002330165384653915,0.05571984307333798,0.13854107232696702
2018-10-12,0.8330665195547965,0.8349344894993229,0.8323896144168101,0.8342575843613366,3358.0,0.0014297355356167607,0.001428714436917384,0.8348614945168971,0.8439176545966354,0.8631355832186451,45.586871060265636,0.8320719423968764,0.8387149512664235,0.8254289335273294,0.015967390633101076,0.0038051129388480226,0.00456107683067816,0.843859074419977,0.8264048085624744,0.008117853806005382,0.05614872870011985,0.6580277122553877
2018-10-15,0.8342575843613366,0.8391007535852801,0.833266130386773,0.8381092996107166,2733.0,0.004616937648015185,0.004606312283271393,0.835170809287737,0.8436898759697365,0.8628865654713026,52.09174077906008,0.8319934848136233,0.8382860541231881,0.8257009155040586,0.015126486984388827,0.003975699707296094,0.004743653016548939,0.8400878528735196,0.8264048085624744,0.009351754641967247,0.057579249503064145,1.943821194880477
2018-10-16,0.8381092996107166,0.8414152856694991,0.8378619604878687,0.8411679465466512,1320.0,0.003649460681745653,0.0036428175577525573,0.8357419652171575,0.8435909767766744,0.8626704598103608,56.535304415346964,0.8323902160738055,0.8398955639925904,0.8248848681550206,0.018033243961434072,0.004084306902946295,0.004855518948046101,0.8414152856694991,0.8264048085624744,0.009707661673535872,0.051495199910804215,2.339060245528723
2018-10-17,0.8411679465466512,0.8469169042691224,0.8403032428056699,0.8460522005281411,8987.0,0.005806514622367365,0.00578972179019708,0.8367238923896321,0.8436874953551633,0.8625051039966074,62.51444224086615,0.8333035407806401,0.8426656564263555,0.8239414251349246,0.022469880871848896,0.004189215934781372,0.004951486364749466,0.8469169042691224,0.8264048085624744,0.018816807271140323,0.047687540015979475,2.723457011201404
2018-10-18,0.8460522005281411,0.8499067136535817,0.8450040456804763,0.8488585588059169,2556.0,0.0033170036979088824,0.0033115145760851967,0.8378795749054687,0.8438902821571537,0.8623693174772971,65.45491866050052,0.8342753716952199,0.8457400671885603,0.8228106762018795,0.027484199779371436,0.004193813333425207,0.0049405325421052635,0.8499067136535817,0.8264396164583495,0.018895276192669952,0.04824978433022356,2.5440164754777785
2018-10-19,0.8488585588059169,0.8539661338145564,0.847503945556845,0.8526115205654846,4600.0,0.004421186216048811,0.004411441483896672,0.8392826173492798,0.8442322915065,0.8622722249707119,68.96140016994799,0.8353584076427852,0.8493210544660679,0.8213957608195026,0.03342911664152022,0.004297924643301952,0.005040894404583466,0.8539661338145564,0.8264396164583495,0.01844404035490599,0.0495810372431255,2.4713241179931558
2018-10-22,0.8526115205654846,0.853702406058409,0.8481088067961464,0.8491996922890708,9144.0,-0.004001621130044097,-0.00400964903946995,0.8402271006768789,0.8444270915371891,0.8621421500186558,62.72774574856381,0.8363340092007838,0.8513176949367913,0.8213503234647763,0.03583182214561904,0.004368369412767851,0.005144101502195129,0.8539661338145564,0.8264396164583495,0.016247938248570293,0.052163062737829204,1.7172921689580352
2018-10-23,0.8491996922890708,0.8501021351470555,0.8461027013780876,0.8470051442360723,6879.0,-0.0025842544138032775,-0.002587599363283973,0.8408726286348973,0.8445281916430277,0.8619915330456949,59.03148200648299,0.8372723319164044,0.852470367939025,0.8220742958937838,0.036303686251841924,0.0042935481499480265,0.0050690933569482,0.8539661338145564,0.8264396164583495,0.013618692622894057,0.052864016103835954,1.2807986907231552
2018-10-24,0.8470051442360723,0.8506802951320834,0.8465361725356326,0.8502113234316437,2973.0,0.003785312541948249,0.0037781662746544037,0.8417620281393494,0.8447510595563068,0.8618743170296347,62.50744899183736,0.8383808553395484,0.8539728726709067,0.8227888380081901,0.037195547183728195,0.004330961351908057,0.005093982204832705,0.8539661338145564,0.8264396164583495,0.02063511835173082,0.053412889279691546,1.5175031993200983
2018-10-25,0.8502113234316437,0.8505784764532939,0.847595302285627,0.8479624553072771,2750.0,-0.0026450695990376527,-0.002648573976541832,0.8423525450124854,0.8448769966445802,0.8617358905448351,58.74266620894514,0.8392224856274509,0.8549827982968814,0.8234621729580205,0.037559319344612506,0.004151119675073335,0.0048954050372066165,0.8539661338145564,0.8264396164583495,0.017880847930896504,0.05439377813431074,1.1091112039647115
2018-10-26,0.8479624553072771,0.8488225072486779,0.8452209498939006,0.8460810018353014,8467.0,-0.002218793367795846,-0.0022212585369426646,0.8427076361384679,0.8449242125344124,0.8615801205079244,55.71905419824185,0.8401495488316357,0.8551807734291774,0.825118324234094,0.03578225952378371,0.004095264917755359,0.004840275232361907,0.8539661338145564,0.8264396164583495,0.014172382361997027,0.052128454235563976,0.7892175338309784
2018-10-29,0.8460810018353014,0.8466394302848701,0.8414036531815747,0.8419620816311434,7279.0,-0.00486823388685409,-0.004880122336973501,0.8426366309472941,0.8448080505382058,0.8613849161409913,49.68917300647673,0.8407304466589665,0.8550471224776072,0.8264137708403257,0.034057707498365695,0.004439752939123354,0.005273103190730592,0.8539661338145564,0.829229989950204,0.004596992328108396,0.055480602399869884,0.17205599788371337
2018-10-30,0.8419620816311434,0.8430580578129667,0.8371476992994094,0.8382436754812327,4357.0,-0.004416358207850579,-0.004426139125741932,0.8422182542362406,0.8445506240653833,0.8611546550398992,44.95897273769564,0.8409885963756624,0.8549050880981044,0.8270721046532203,0.033095553928832705,0.004513714575109041,0.005384728459201,0.8539661338145564,0.829229989950204,-0.0034764413901217095,0.057416410160822204,-0.3944846085027543
2018-10-31,0.8382436754812327,0.8393204501100563,0.8339719606143349,0.8350487352431585,7192.0,-0.0038114695422426514,-0.003818751701987625,0.8415354429035662,0.8441780009743156,0.8608948946439118,41.31930787777198,0.8412197216277434,0.8545383000035387,0.8279011432519481,0.03166492185899809,0.004766275244258512,0.005707780927146266,0.8539661338145564,0.8299612415780148,-0.013005657662864989,0.057962354829440635,-0.9266734347263106
2018-11-01,0.8350487352431585,0.835107200782851,0.8319940115635351,0.8320524771032276,6246.0,-0.0035881236788634085,-0.0035945764347792494,0.840632303303534,0.8437024902342729,0.8606079054146514,38.19633720330093,0.8411665159467298,0.8546291155400991,0.8277039163533604,0.03200935685895026,0.0048068691111730144,0.0057771225294683615,0.8539661338145564,0.8318859739363605,-0.019798447607491054,0.058409680629876906,-1.353979041015384
2018-11-02,0.8320524771032276,0.8328322538707589,0.8289652949867372,0.8297450717542685,6683.0,-0.0027731488246899305,-0.002777001125542561,0.8395954241083659,0.843155140489959,0.8603008125424088,35.94333024705708,0.8407952340243149,0.8551047704887795,0.8264856975598502,0.0340381008012489,0.004666321660138338,0.0056238015976071785,0.8539661338145564,0.8289652949867372,-0.026819305462879806,0.056118348393236,-1.544447270879484
2018-11-05,0.8297450717542685,0.8307758363471404,0.8294699371850676,0.8305007017779394,4159.0,0.0009106773265592505,0.0009102629115425178,0.8387292600768966,0.8426588879914485,0.8600042940273395,37.2486999700828,0.8405391416772929,0.8554107502037197,0.8256675331508662,0.035385879821730915,0.0045057912301699355,0.005425391237507588,0.8539661338145564,0.8289652949867372,-0.022019544614679587,0.05605382769177668,-1.3500140057499768
2018-11-06,0.8305007017779394,0.8392192407167702,0.828952621340668,0.8376711602794988,7981.0,0.008633898184804423,0.008596839241860728,0.8386284886676206,0.842463290826274,0.8597820737910427,48.0644433485978,0.8406414484968805,0.8553984268334078,0.8258844701603532,0.035108852562323066,0.004766716795359204,0.005690439185907669,0.8539661338145564,0.828952621340668,-0.011019984967142071,0.06442311078108966,-0.4025604903179152
2018-11-07,0.8376711602794988,0.8386269794911958,0.834419787478846,0.835375606690543,1684.0,-0.002740399452441311,-0.002744161221091695,0.8383186903840895,0.8421853424287944,0.8595392233721323,45.368485364024686,0.8407591378516711,0.8552961561179768,0.8262221195853654,0.034580696448809504,0.004717039941019511,0.005646609624749186,0.8539661338145564,0.828952621340668,-0.017449446193236295,0.06418594389129845,-0.7406651161202983
2018-11-08,0.835375606690543,0.8361028923495349,0.8299079381664326,0.8306352238254245,8943.0,-0.005674552652905618,-0.005690714095113424,0.8375869316642166,0.8417323966012114,0.859251621386593,40.33692530632355,0.8406375730652025,0.855482845035263,0.825792301095142,0.035319077913518446,0.00469795179283315,0.005655854288477084,0.8539661338145564,0.828952621340668,-0.02043396069413672,0.06743689793499293,-1.3475467825649043
2018-11-09,0.8306352238254245,0.8347882600321428,0.8295884277162677,0.833741463922986,3674.0,0.0037395959242565446,0.0037326210188951257,0.8372206966412423,0.8414190266922613,0.8589977889740198,44.66740220332123,0.8406117670432849,0.8555054514750984,0.8257180826114714,0.035435346055646126,0.004669825582376901,0.005601047548246035,0.8539661338145564,0.828952621340668,-0.014584345807964971,0.0686366790021271,-0.9225793861488935
2018-11-12,0.833741463922986,0.8365681658355534,0.8327105510320134,0.8355372529445808,5419.0,0.002153891942887398,0.002151575643079933,0.8370603686701318,0.8411883688982347,0.8587643508045727,47.05973281876198,0.8404831647099782,0.8555116380341848,0.8254546913857715,0.03576150946317279,0.0046596956562749104,0.005576885578534434,0.8539661338145564,0.828952621340668,-0.007630781512292906,0.0669652197182733,-0.6582054821804055
2018-11-13,0.8355372529445808,0.835928846826925,0.831249179908364,0.8316407737907082,2207.0,-0.004663441564263793,-0.004674349332914941,0.8365442167768533,0.8408139534038219,0.8584944644661263,42.74163029427982,0.8400068060721809,0.8555393993056105,0.8244742128387513,0.03698206519554055,0.004697948822139927,0.005649012133840155,0.8539661338145564,0.828952621340668,-0.007877067115041214,0.06721820349644941,-1.0772228636577075
2018-11-14,0.8316407737907082,0.8326622114031956,0.8289109935689813,0.8299324311814688,4392.0,-0.0020541833241926044,-0.0020562960525406827,0.8359145229106262,0.8403872270421611,0.8582102651299606,40.96677649609725,0.8392008176048474,0.8550815957029667,0.8233200395067282,0.03784738471405308,0.004752809084036168,0.005726742208724391,0.8539661338145564,0.8289109935689813,-0.006126952650494011,0.06300119655052831,-1.1672458825523566
2018-11-15,0.8299324311814688,0.8305193221084085,0.8281802406841156,0.8287671316110553,2541.0,-0.001404089690475785,-0.0014050763480838978,0.8352338189773337,0.839931537025255,0.8579172986272849,39.754111480539564,0.8381962462451042,0.8540465482693361,0.8223459442208724,0.037820026265297665,0.004662632231858714,0.005625985942269381,0.8539661338145564,0.8281802406841156,-0.003948483518263379,0.06095185929805737,-1.1897709734027453
2018-11-16,0.8287671316110553,0.8309499137786804,0.8271443550360976,0.8293271372037228,4261.0,0.0006757092207299031,0.0006754810320414279,0.8346712778560375,0.8395156782087244,0.85763281940914,40.66313086575341,0.8370320270770162,0.851808289611096,0.8222557645429364,0.035306325340213635,0.004560473777522104,0.0054990046423644655,0.853702406058409,0.8271443550360976,-0.0005036903077497712,0.05774427616636987,-1.0428739819048212
2018-11-19,0.8293271372037228,0.8300042271833592,0.82527756139197,0.8259546513716064,2089.0,-0.004066532591092464,-0.004074823418997649,0.8338411229527584,0.8389838732347198,0.8573176137570253,37.03866884047835,0.835869775031143,0.8502682016133462,0.8214713484489399,0.034451363148444214,0.0044759242973672385,0.005419092065084175,0.8506802951320834,0.82527756139197,-0.005473867025760248,0.057783850291571945,-1.3772509937706703
2018-11-20,0.8259546513716064,0.8291961932469343,0.825243965264568,0.8284855071398959,2853.0,0.0030641582610941853,0.0030594732960461447,0.8333310643039142,0.8385721726035502,0.8570307271240191,41.269342692915004,0.8349437931763342,0.8486944056813951,0.8211931806712732,0.03293781597621123,0.004376191332127585,0.005282157979123988,0.8506802951320834,0.825243965264568,-0.01096570298127253,0.05967082373535756,-0.9393452159402041
2018-11-21,0.8284855071398959,0.8312187263156878,0.827636728108594,0.830369947284386,6217.0,0.0022745601802927062,0.002271977284179433,0.8330490531591973,0.8382505167086811,0.85676544573258,44.27201947165405,0.8339517243689712,0.845795136582041,0.8221083121559015,0.028403112235378652,0.004409677688397443,0.005310497691804364,0.8505784764532939,0.825243965264568,-0.005992106264615105,0.05825517602808873,-0.6048555973814129
2018-11-22,0.830369947284386,0.831642370323226,0.8236147810507232,0.8248872040895632,7791.0,-0.006602771707662769,-0.006624666435250396,0.8322717342001845,0.8377264652334216,0.8564482492983211,38.159179916119285,0.8327979618080855,0.8433161870592585,0.8222797365569126,0.025259968764421256,0.004706865573288953,0.005706071751329893,0.8488225072486779,0.8236147810507232,-0.00692002887788612,0.06120052790466059,-1.5042000964260003
2018-11-23,0.8248872040895632,0.8268477843115626,0.8243423223647417,0.8263029025867411,7703.0,0.0017162328257236403,0.0017147617810305586,0.8317032740465232,0.8372784823845323,0.8561482955996984,40.44574724476774,0.8318090568456575,0.8406550494321738,0.8229630642591412,0.02126928653569032,0.004792548629342387,0.005799990069427705,0.8466394302848701,0.8236147810507232,-0.008921904041145234,0.062065807310772166,-1.2448923521164452
2018-11-26,0.8263029025867411,0.8271355810939904,0.8251058430384639,0.8259385215457132,4189.0,-0.00044097756390204523,-0.0004410748231017787,0.831154249998827,0.836833778037912,0.8558477008329922,40.03542703932031,0.8310078788413862,0.8388246836337075,0.8231910740490648,0.01881282955636904,0.004204199963586984,0.005090209324198828,0.8430580578129667,0.8236147810507232,-0.011488095073008409,0.060542309231684494,-1.2970407808194722
2018-11-27,0.8259385215457132,0.8273004286077388,0.8252777581442335,0.8266396652062591,4435.0,0.0008489053873328434,0.0008485452709432732,0.830724289542392,0.836434008907259,0.8555570736128257,41.27008130821442,0.8304276783276373,0.8376857549344148,0.8231696017208598,0.01748033404039276,0.00404816271009809,0.004897130975547867,0.8393204501100563,0.8236147810507232,-0.006013544239363733,0.05942231651283016,-1.0438063213168656
2018-11-28,0.8266396652062591,0.8282274289010607,0.8258911709199691,0.8274789346147707,9370.0,0.0010152784143284688,0.001014763367780118,0.8304152081207138,0.8360828295232399,0.8552776891451834,42.78857314442641,0.8300491882962179,0.8370785146775376,0.8230198619148982,0.01693713211321438,0.0037725415528116085,0.004559078660495326,0.8392192407167702,0.8236147810507232,-0.002956260623777851,0.05852275939337691,-0.7312944490036891
2018-11-29,0.8274789346147707,0.8286772799853167,0.8262135904972611,0.827411935867807,4484.0,-8.096731428564041e-05,-8.09705923155751e-05,0.8301291821918656,0.8357427944779289,0.8550004179682942,42.693673070132576,0.829817161234447,0.8368743634937413,0.8227599589751527,0.017009053533662537,0.0035771027793959354,0.004323242902755802,0.8392192407167702,0.8236147810507232,-0.0016351948473316558,0.05733964288600626,-0.6816370789068239
2018-11-30,0.827411935867807,0.8282664615381217,0.8266705238799291,0.8275250495502438,5228.0,0.0001367078205345429,0.00013669847687200338,0.8298811695593302,0.8354205299709608,0.8547270312178659,42.923831403570425,0.8297061601242456,0.8368375827602196,0.8225747374882716,0.017190236685493788,0.0034155544118711196,0.004127433258639673,0.8392192407167702,0.8236147810507232,-0.0021729515080806117,0.0565824420384516,-0.6116901732900736
2018-12-03,0.8275250495502438,0.83359934890194,0.8266209829333013,0.8326952822849976,8036.0,0.006247826259233813,0.006228389509032009,0.8301491802951081,0.8353136575126878,0.8545078098354493,52.3451351994664,0.8298158891495986,0.8370653449191324,0.8225664333800647,0.017472443862127384,0.0035797472011623787,0.004298988210115952,0.8392192407167702,0.8236147810507232,0.0081610181650984,0.060889443685790676,0.7943749784638299
2018-12-04,0.8326952822849976,0.8334120468811713,0.8270029417761854,0.8277197063723591,3327.0,-0.005975266124944256,-0.005993189461043711,0.8299178018262748,0.8350158555071848,0.8542412615422843,44.69854930559961,0.8293183164542416,0.8355989721106217,0.8230376607978614,0.015146549959810714,0.003769596291931782,0.004554194207182481,0.8386269794911958,0.8236147810507232,-0.0009243381579243648,0.055719707691563536,-0.5090583433780563
2018-12-05,0.8277197063723591,0.8330138649301597,0.826979602616966,0.8322737611747666,9781.0,0.005501928693188329,0.005486848372129682,0.8301421789070835,0.8349083223961097,0.8540226794490752,51.65912739743984,0.8291632241784528,0.8349476740173825,0.8233787743395231,0.013952499749759142,0.004033537783996122,0.004846407482920913,0.8365681658355534,0.8236147810507232,0.0022927297605204178,0.05908341708039146,1.0754823995117753
2018-12-06,0.8322737611747666,0.8357917973914896,0.8309144691410313,0.8344325053577543,8812.0,0.0025937909900470846,0.002590432919698743,0.8305507814261951,0.8348896629044095,0.853827752343689,54.57766853730286,0.8293530882550693,0.8355737991392175,0.823132377370921,0.015001357014866568,0.004110092748844369,0.004925614381575667,0.8365681658355534,0.8236147810507232,0.01157164424525936,0.05609822424544848,1.6330664444247085
2018-12-07,0.8344325053577543,0.8378405356596588,0.833439978991278,0.8368480092931825,8905.0,0.00289478648053465,0.0028906046545357942,0.8311505174135272,0.8349664608020084,0.8536587996765198,57.65810911117466,0.8295084155235791,0.8363177802470617,0.8226990508000965,0.01641783156397413,0.004086799240058051,0.004883562122003299,0.8378405356596588,0.8236147810507232,0.012761793131102372,0.055474719737874385,2.155735246282885
2018-12-10,0.8368480092931825,0.8371385842649072,0.8309590740531528,0.8312496490248775,2744.0,-0.006689817274027399,-0.006712294402949689,0.8311599585193701,0.8348207034774151,0.8534358230531204,49.31118230368347,0.8292940353275939,0.8355518508837606,0.8230362197714273,0.01509191020213876,0.004245890827871484,0.005107840746582274,0.8378405356596588,0.8236147810507232,0.0064304150255938275,0.060021755080855776,0.6250148089955979
2018-12-11,0.8312496490248775,0.8339265475354067,0.8299104932918203,0.8325873918023495,2887.0,0.0016093152990095394,0.0016080217387886002,0.8312959045463205,0.8347331226274126,0.8532283759759983,51.131679758609785,0.8293413662281761,0.8356876112839686,0.8229951211723836,0.01530430125451254,0.0042768948304780985,0.0051368719639384155,0.8378405356596588,0.8236147810507232,0.007195065572623394,0.05800078336512605,1.022975175284358
2018-12-12,0.8325873918023495,0.8380054196274798,0.8322753933507627,0.837693421175893,7527.0,0.0061327248332334605,0.0061139962089542645,0.831905191844375,0.8348492127665688,0.8530737993113207,57.418035898763556,0.8297294157278973,0.83709507203195,0.8223637594238445,0.017754357419258304,0.004112783187921972,0.00490965200866535,0.8380054196274798,0.8236147810507232,0.012344104645851228,0.06122725125051564,2.1624700146852343
2018-12-13,0.837693421175893,0.8390058505106437,0.8362452619840534,0.8375576913188041,6685.0,-0.0001620280805099128,-0.00016204120847743505,0.8324435251276538,0.8349554276117545,0.8529194101770667,57.207367062312706,0.8301689437132846,0.8383019622085,0.8220359252180693,0.019593646707227835,0.004131006515048362,0.0049322053368571536,0.8390058505106437,0.8236147810507232,0.012262036612217697,0.06088007438576199,1.816975483300898
2018-12-14,0.8375576913188041,0.8386415424244543,0.8354877444593893,0.8365715955650396,8012.0,-0.001177346663979395,-0.0011780402810349186,0.8328366746931192,0.8350188067471774,0.8527567453550565,55.610970375911165,0.8305311666313505,0.839137830578787,0.821924502683914,0.020725685665344173,0.004211296508586823,0.005033994138591828,0.8390058505106437,0.8236147810507232,0.010932050962943807,0.061177750827446586,1.4036632475904331
2018-12-17,0.8365715955650396,0.8379304077444054,0.8310338873161666,0.8323926994955324,6778.0,-0.004995264113270115,-0.005007782149715884,0.8327943913409681,0.8349158221490738,0.8525541180330712,49.32871194326095,0.8308530690375469,0.8392171909745868,0.8224889471005069,0.020133817274644902,0.004559428648924938,0.005477497161722055,0.8390058505106437,0.8236147810507232,-0.0003633775714867449,0.06216636773405874,0.36815112681880285
2018-12-18,0.8323926994955324,0.83473778676031,0.8314102057705531,0.8337552930353307,1741.0,0.0016369599837000592,0.0016356216250665602,0.8328859057880503,0.8348703112034368,0.8523670650480192,51.26206807604675,0.8311165583323186,0.8394986453424894,0.8227344713221477,0.020170665416629333,0.004630237435258168,0.005553472912179713,0.8390058505106437,0.8236147810507232,0.007291824293302884,0.061557246678429656,0.6296128159515083
2018-12-19,0.8337552930353307,0.8357355523669234,0.8334213047863054,0.8354015641178981,6531.0,0.0019745254948535518,0.001972578681655603,0.8331254922956548,0.8348911446510627,0.8521982540934906,53.567193485684285,0.8313681391739941,0.8399554009236525,0.8227808774243357,0.02065814491806308,0.00461956301329834,0.005529751453333876,0.8390058505106437,0.8236147810507232,0.003758141958862815,0.061440268192041264,0.939397228473779
2018-12-20,0.8354015641178981,0.8362778430602277,0.8346219552132447,0.8354982341555742,3679.0,0.00011571685022904177,0.00011571015555078138,0.8333514677108853,0.8349149520826122,0.8520320847408746,53.70565549247895,0.8318986906772947,0.8401026117261029,0.8236947696284865,0.01972336569523608,0.004623845169640516,0.005534236914712056,0.8390058505106437,0.8243423223647417,0.0012771899356474048,0.05578362213634013,0.8775178251629893
2018-12-21,0.8354982341555742,0.8371072204988853,0.8333153873474188,0.8349243736907299,5535.0,-0.0006868482079130933,-0.0006870841962083958,0.8335012682803943,0.8349153215574404,0.8518618587602761,52.70098528580613,0.8323297642324942,0.8401946890037766,0.8244648394612117,0.01889857868662142,0.004396235682699645,0.00526542980565577,0.8390058505106437,0.8251058430384639,-0.0022986678358443147,0.055823821158881105,0.6597925685721896
2018-12-24,0.8349243736907299,0.8368318247245732,0.8340540818046527,0.835961532838496,3063.0,0.0012422192721255332,0.001241448356130605,0.8337355791906897,0.8349563494508152,0.8517036465620494,54.36266588385957,0.8328309147971332,0.8402455471333016,0.8254162824609649,0.017805852795400746,0.004136852669480685,0.004948616063031104,0.8390058505106437,0.8252777581442335,0.0056684340488393214,0.05575721374971897,0.844443230473258
2018-12-25,0.835961532838496,0.8390513929666522,0.8345823287831775,0.8376721889113338,9735.0,0.0020463334802371946,0.0020442425918317667,0.8341104944021797,0.8350628529590709,0.8515640300680125,57.043246607732726,0.833382540982387,0.8404930995483477,0.8262719824164262,0.017064332923458842,0.0040250528030721855,0.004805045286633279,0.8390513929666522,0.8258911709199691,0.0061072232885690525,0.055987037737445226,1.2065572315182067
2018-12-26,0.8376721889113338,0.8420218943756463,0.8364851719274964,0.840834877391809,3731.0,0.0037755682023841164,0.0037684586342459133,0.8347509118297635,0.835289206858394,0.851457272329941,61.54090141425011,0.834050338121239,0.8413329908227591,0.8267676854197188,0.017463340924781346,0.0040721523886215905,0.004842987009831259,0.8420218943756463,0.8262135904972611,0.003750126402456644,0.057060518905328206,1.863205496303243
2018-12-27,0.840834877391809,0.8443578619043542,0.8397735992691732,0.8432965837817185,6792.0,0.002927693006200549,0.0029234156595029648,0.8355647853489974,0.8356032216397009,0.8513760714488642,64.64391290927789,0.8348445705169345,0.8425323525751599,0.8271567884587091,0.018417277490264176,0.00408527424339304,0.004844409810215103,0.8443578619043542,0.8266209829333013,0.006851936914193946,0.05743768391962713,2.1988170842436654
2018-12-28,0.8432965837817185,0.8447097382773364,0.842267654207619,0.8436808087032369,9034.0,0.00045562252819220106,0.00045551876376518025,0.836337739954163,0.8359199897598396,0.8512995016703008,65.11699030045637,0.8356523584745842,0.8434953943669563,0.8278093225822121,0.01877104949883453,0.003818315233247549,0.004525781781283393,0.8447097382773364,0.8266209829333013,0.00849803313414621,0.0573883754563139,2.0472812668015274
2018-12-31,0.8436808087032369,0.8498808500489603,0.8422392069680352,0.8484392483137586,4865.0,0.005640094644129068,0.005624248863546824,0.8374902645598389,0.8364109410756796,0.8512710414378974,70.39940150242731,0.8364395567760223,0.8460043429143896,0.826874770637655,0.022870238646373633,0.004077285864486024,0.004805630895305089,0.8498808500489603,0.826979602616966,0.019277618398084284,0.05668378296694906,2.509139538332546
2019-01-01,0.8484392483137586,0.8500072914301601,0.841731811460476,0.8432998545768775,1267.0,-0.006057468165334701,-0.00607588905258648,0.8380435588471759,0.8366810945463148,0.851191726145748,59.85647031240668,0.8372185641862482,0.8463196945943002,0.8281174337781961,0.021741348788408867,0.004259103985412238,0.0050505214275759925,0.8500072914301601,0.826979602616966,0.011447677299653902,0.05681744334297861,1.336381332421965
2019-01-02,0.8432998545768775,0.8439236267996717,0.8411709489631601,0.8417947211859543,9531.0,-0.0017848140050710226,-0.001786408683339264,0.8384008124032499,0.8368816289243398,0.8510982236088347,57.15681564976649,0.8376946121868075,0.8467022455804485,0.8286869787931666,0.021505768958275807,0.004258538936120897,0.005058880542896843,0.8500072914301601,0.8299104932918203,0.007652795185758121,0.05491133177655182,0.9103632041777647
2019-01-03,0.8417947211859543,0.8430951569268909,0.8400766388585348,0.8413770745994713,2463.0,-0.0004961382816639492,-0.0004962613989850437,0.8386842659457472,0.8370579209115999,0.8510014957579952,56.39671768879514,0.8380418406488934,0.8470554066619591,0.8290282746358277,0.02151101669598384,0.004248876086355975,0.005049907128000377,0.8500072914301601,0.8299104932918203,0.007036328987384044,0.054498184255607485,0.7400476006373663
2019-01-04,0.8413770745994713,0.84269027959927,0.8373047549731184,0.8386179599729171,3131.0,-0.0032792842945805756,-0.003284672931128683,0.8386779510911919,0.8371190989140046,0.8508782764964522,51.52209970123064,0.8381303381828801,0.8471292949901491,0.829131381375611,0.021473883946927258,0.004140947814778314,0.004937823910797289,0.8500072914301601,0.8299104932918203,0.004423857296032674,0.055182056688240534,0.10837295932860776
2019-01-07,0.8386179599729171,0.8389823786757964,0.8361597249575933,0.8365241436604726,1206.0,-0.002496746328342625,-0.0024998683972153415,0.8384728265739806,0.8370957673354348,0.8507354493040544,48.122787502390686,0.8383940629146599,0.8468358858041398,0.82995224002518,0.020138078888898847,0.004104881581095906,0.0049070688660983715,0.8500072914301601,0.8299104932918203,0.0006730104195897813,0.050101045967210274,-0.44301314506789813
2019-01-08,0.8365241436604726,0.8381133017495115,0.833021256611234,0.834610414700273,6958.0,-0.002287715154072556,-0.0022903359722722715,0.8381049778241036,0.8369983025262128,0.8505750011985441,45.18818723930067,0.8384952140595561,0.8466889177832931,0.830301510335819,0.019543829437182907,0.004303295692357291,0.005156053191479403,0.8500072914301601,0.8310338873161666,-0.0036550983207882526,0.0506783510320543,-0.9482401341969187
2019-01-09,0.834610414700273,0.8349625928147619,0.8342088674082605,0.8345610455227495,6837.0,-5.915236217279851e-05,-5.9154111742768294e-05,0.8377674604620698,0.8369027238201947,0.850415658355999,45.11176001379292,0.8383385952768988,0.8467145499564361,0.8299626405973615,0.01998227142762239,0.004238855518037178,0.005079143749612778,0.8500072914301601,0.8310338873161666,-0.0074614315340014725,0.0454401976074091,-0.9019986135736823
2019-01-10,0.8345610455227495,0.8354847408941339,0.8329299465725375,0.833853641943922,4040.0,-0.000847635511653122,-0.0008479949577673111,0.8373947158412939,0.8367831519819096,0.8502508621727942,43.964346809515774,0.8381533928081547,0.8467626036172522,0.8295441819990572,0.02054328213181392,0.004150495601617891,0.004977486926772958,0.8500072914301601,0.8310338873161666,-0.01119765218951807,0.045501049819618535,-0.9988722449888422
2019-01-11,0.833853641943922,0.8395688123229212,0.8331777122477165,0.8388928826267158,8925.0,0.006043315552410444,0.0060251279597679525,0.8375373983922865,0.836865886517,0.8501378474509428,53.11313899720087,0.8382694571612385,0.8468514244253499,0.829687489897127,0.02047543827535806,0.004408592541281049,0.005255250858103598,0.8500072914301601,0.8310338873161666,-0.0056750444328350635,0.05043285052359948,0.14528730914283747
2019-01-14,0.8388928826267158,0.8420471387108398,0.8378100935816178,0.8409643496657419,5321.0,0.002469286701467732,0.0024662430225083584,0.8378637747040442,0.8370266105620487,0.8500465688660155,56.2735336307589,0.838698039669749,0.8468916286359461,0.8305044507035518,0.01953882942047536,0.004392019751691567,0.005222599214148927,0.8500072914301601,0.8314102057705531,-0.008810175463797587,0.04720229647097157,0.5531910388335496
2019-01-15,0.8409643496657419,0.84145089516624,0.8395627207953092,0.8400492662958075,4340.0,-0.0010881357459422425,-0.001088728195459033,0.8380719167604026,0.8371451460810196,0.8499470932185508,54.52508129326394,0.8390127383327728,0.8468841408003456,0.8311413358652,0.018763487389272023,0.004131409174747342,0.0049180558099464425,0.8500072914301601,0.8329299465725375,-0.003854605527829791,0.04733537126350336,0.263365510099317
2019-01-16,0.8400492662958075,0.8433687540044149,0.8388451783505178,0.8421646660591252,1846.0,0.0025181853591107473,0.002515020043147251,0.8384617024079,0.8373419900017297,0.8498696561323873,57.79006324109844,0.8393508934298343,0.8471498438534087,0.8315519430062598,0.018583289741208656,0.004127074390369919,0.004900555148772025,0.8500072914301601,0.8329299465725375,0.0004394716002134036,0.04761671957012942,0.7215772575718731
2019-01-17,0.8421646660591252,0.8432821521855445,0.8418794351752547,0.8429969213016739,6255.0,0.0009882333896091833,0.000987745408459396,0.8388936280168309,0.8375637520134923,0.8498012707111862,59.03617815327665,0.8397258277871392,0.8474656938533333,0.8319859617209452,0.01843426940097882,0.004052833886125088,0.0048076496885268525,0.8500072914301601,0.8329299465725375,0.001925232753666073,0.047646519741624184,0.8452584286495821
2019-01-18,0.8429969213016739,0.8439623380952885,0.8395549495247892,0.8405203663184038,7330.0,-0.0029377983723192225,-0.002942122172335625,0.8390485554741235,0.8376796976725085,0.8497089234037953,53.93371533612995,0.8400056274185228,0.8474120659446438,0.8325991888924018,0.017634259305814925,0.003821815706808967,0.004546963833308468,0.8500072914301601,0.8329299465725375,0.0022685017925780926,0.049010001878883415,0.1389976837222336
2019-01-21,0.8405203663184038,0.8414343710215758,0.8348721951321981,0.8357861998353702,3563.0,-0.0056324232853154355,-0.0056483451954524415,0.8387378549370994,0.8376054428553658,0.8495703888409255,45.786976159514104,0.8399968607683667,0.8474238408356606,0.8325698807010727,0.017683351960387735,0.0036994368439299424,0.004426295677840389,0.8500072914301601,0.8329299465725375,-0.0008821548435807847,0.053222919098297856,-1.133882384184371
2019-01-22,0.8357861998353702,0.8372649302605618,0.8307304645083629,0.8322091949335545,6960.0,-0.004279808523424133,-0.004288993118830139,0.8381160777939046,0.8373938252898045,0.8493976406428423,40.77531715539842,0.8397237110694776,0.8478770001200022,0.831570422018953,0.019418980178946024,0.003969564552193328,0.00476991191200461,0.8500072914301601,0.8307304645083629,-0.002877054640614385,0.054705340938370116,-1.8433091453907622
2019-01-23,0.8322091949335545,0.8324695617105898,0.8309223476617678,0.8311827144388031,5451.0,-0.0012334404630477414,-0.0012342017768235498,0.8374557574743712,0.8371502523152555,0.849216397596036,39.441165676342365,0.8392411029218273,0.8482184698020775,0.8302637360415771,0.02139401144437609,0.0038644714079408998,0.00464936450290609,0.8500072914301601,0.8307304645083629,-0.004048033516625749,0.052577909771896573,-1.795267719480709
2019-01-24,0.8311827144388031,0.8316056719816307,0.8310104840233838,0.8314334415662115,8984.0,0.00030165103659274273,0.00030160554906614713,0.836882203578356,0.8369260636584304,0.8490394527599183,39.95793735526145,0.838647945811052,0.8480544748444323,0.8292414167776716,0.022432604957455294,0.0035223045030905614,0.004236423899976197,0.8500072914301601,0.8307304645083629,-0.0029024282631523457,0.05106415618087991,-1.5339354653004986
2019-01-25,0.8314334415662115,0.8317984895813972,0.8307443833895344,0.8311094314047202,1260.0,-0.0003897006606817799,-0.0003897766137175209,0.8363324157522954,0.8366979604327947,0.8488610445872298,39.48897386297739,0.8380193769461262,0.8476863664559455,0.8283523874363068,0.023071040540965513,0.0033959796797805425,0.004086080065341989,0.8500072914301601,0.8307304645083629,-0.009278242053531671,0.05089761110422599,-1.4295961600842075
2019-01-28,0.8311094314047202,0.831713288647452,0.8280630814390203,0.8286669386817521,9096.0,-0.0029388340821012715,-0.002943160934328895,0.8356023703170057,0.8363830184033421,0.8486601082100609,36.053817134708666,0.8370307614645258,0.8462444575641921,0.8278170653648596,0.022015191134780662,0.0032929912562201314,0.003973841723984596,0.8500072914301601,0.8280630814390203,-0.014622987275117683,0.04543957087123174,-1.8155195683253924
2019-01-29,0.8286669386817521,0.8299390368792842,0.8275675724927819,0.828839670690314,7450.0,0.00020844563780553216,0.00020842391603205894,0.8349583036858922,0.8360872008459684,0.8484628899262824,36.474681145328255,0.8363077522701976,0.8457174395948217,0.8268980649455735,0.022502929810422196,0.003408544040505906,0.004112428689214452,0.8439623380952885,0.8275675724927819,-0.013343974044429774,0.04180708815429601,-1.5873176912776987
2019-01-30,0.828839670690314,0.8345512024112538,0.8275359911494935,0.8332475228704334,2663.0,0.005318099912433372,0.005304008755802056,0.834795372179658,0.8359758409253593,0.8483114932391596,46.2046373558615,0.8358803923544217,0.8450131093651834,0.82674767534366,0.021851731645570933,0.00372714525051761,0.004473034900455583,0.8439623380952885,0.8275359911494935,-0.010588360623604909,0.0470051497842178,-0.5765796708440301
2019-01-31,0.8332475228704334,0.8345614035750265,0.8325009277197438,0.833814808424337,6280.0,0.0006808127697151001,0.000680581121834657,0.8347019851553418,0.8358910945527702,0.8481672476191116,47.322903677659596,0.835502279045665,0.8442967114683625,0.8267078466229675,0.021051845442582786,0.0034178149490946075,0.004099009653658305,0.8439623380952885,0.8275359911494935,-0.010892225873326833,0.047193697173885114,-0.3837588465567882
2019-02-01,0.833814808424337,0.8357050112945582,0.8328373892774553,0.8347275921476766,7983.0,0.0010947079784593416,0.0010941092226156497,0.8347044239165166,0.8358454670074724,0.8480335197039729,49.1543942120695,0.8353077606544028,0.8439833236949669,0.8266321976138388,0.020772135610873235,0.003319999012514674,0.003977344278236478,0.8439623380952885,0.8275359911494935,-0.006891890313259541,0.0462569221279805,-0.13374774732512132
2019-02-04,0.8347275921476766,0.836121490157127,0.8316958976926396,0.8330897957020901,5465.0,-0.0019620729696649963,-0.0019640003563623516,0.8345506498008569,0.8357374014660849,0.8478848259328099,46.05994748989827,0.8351360432564837,0.8438461180697896,0.8264259684431778,0.020859056158903863,0.0035012431620544287,0.004202720019039173,0.8439623380952885,0.8275359911494935,-0.0032261888672141525,0.04594707366182039,-0.4698576299867626
2019-02-05,0.8330897957020901,0.8345233272257501,0.8330709796280944,0.8345045111517544,9225.0,0.0016981548171191019,0.0016967145824913696,0.8345462556437996,0.8356890528263072,0.847751688472302,49.04402197114951,0.8351307480790577,0.8438422970028557,0.8264191991552597,0.020862718667312957,0.0032818697294657506,0.0039327165828453425,0.8439623380952885,0.8275359911494935,0.0027581000452454596,0.045724789371720254,-0.14377166053504165
2019-02-06,0.8345045111517544,0.8354080295490269,0.8316778175611808,0.8325813359584533,3000.0,-0.002304571356536833,-0.0023072309680675935,0.8343591204356714,0.8355671815765875,0.8476007396910696,45.369532294578455,0.835031762600843,0.84381525945581,0.826248265745876,0.0210375155733224,0.003448119370719776,0.0041414805038241225,0.8439623380952885,0.8275359911494935,0.0016826884093643635,0.04645066613026648,-0.5579615232637107
2019-02-07,0.8325813359584533,0.8337965061498105,0.831741874328839,0.8329570445201961,1123.0,0.00045125748742647076,0.0004511557013864821,0.8342255893961023,0.8354648232606506,0.8474550312814092,46.2172877245454,0.8349869327296566,0.8438048322675961,0.8261690331917172,0.021121047988410618,0.003280065317182073,0.003937856506239732,0.8439623380952885,0.8275359911494935,0.0018325014099920267,0.04640763019695912,-0.46040175457359306
2019-02-08,0.8329570445201961,0.8334933701616043,0.8280644088046332,0.8286007344460413,4341.0,-0.005229933647615814,-0.005243657621824239,0.8336898889246679,0.8351956433071366,0.8472674263377737,38.71538223152149,0.834472325320623,0.8435285077561497,0.8254161428850962,0.021705171425660308,0.003199121422010176,0.003860872056973181,0.8439623380952885,0.8275359911494935,-0.0030184917459530336,0.04396478516821288,-1.2967033109995338
2019-02-11,0.8286007344460413,0.82961282986528,0.8265134985201721,0.8275255939394107,4494.0,-0.001297537477262023,-0.0012983800079033874,0.8331028132117863,0.8348948570574218,0.8470709901945065,37.11420848736002,0.8338003875343064,0.8428225739942778,0.824778201074335,0.021641118413608853,0.002953754678646527,0.0035693816605541664,0.8439623380952885,0.8265134985201721,-0.001377326268328094,0.04246954096869811,-1.3909696109108307
2019-02-12,0.8275255939394107,0.8282647213447987,0.8256152968051484,0.8263544242105364,2049.0,-0.0014152670774797427,-0.0014162695138518035,0.8324601094973815,0.8345599381222498,0.8468648552095914,35.39685806737212,0.8331156454300428,0.8422193257675858,0.8240119650924997,0.021854541773354545,0.003032483999419966,0.003669713515864662,0.8439623380952885,0.8256152968051484,-0.0029984646822076577,0.042514651149242,-1.4853819485781996
2019-02-13,0.8263544242105364,0.8276056199707695,0.8249638976011916,0.8262150933614247,3518.0,-0.00016860906776750006,-0.00016862328387436557,0.8318653460558618,0.8342326893080998,0.8466593849424455,35.188251234222136,0.8323181667951578,0.8408612973758364,0.8237750362144792,0.020528521235031807,0.0031786650288007567,0.003847260906198746,0.8439623380952885,0.8249638976011916,-0.008439784476985679,0.040751371016610166,-1.4287674468036267
2019-02-14,0.8262150933614247,0.8287442962829404,0.8251502970209154,0.8276794999424311,2115.0,0.0017724277767046104,0.0017708588801564496,0.8314666940450589,0.8339757014898384,0.846470530365331,39.24120840989361,0.8315522957271957,0.838696367882609,0.8244082235717823,0.017182496379655427,0.0033600859623837726,0.004059646230959547,0.8439623380952885,0.8249638976011916,-0.007358118877139885,0.04133753802428768,-1.0841983956811143
2019-02-15,0.8276794999424311,0.8284211041829429,0.8238570119068636,0.8245986161473754,9151.0,-0.003722314972486318,-0.003729260026672949,0.8308125913881367,0.833607972652879,0.8462528993780878,34.37138083760645,0.8307562082186444,0.8372073469384089,0.8243050694988798,0.015530762589418271,0.003425363467215749,0.004153976735031963,0.8414343710215758,0.8238570119068636,-0.012134468892109118,0.0419366073781372,-1.9089938501566486
2019-02-18,0.8245986161473754,0.8260823694051918,0.8236480295080723,0.8251317827658886,4714.0,0.0006465771444101875,0.0006463682034677916,0.8302715619955416,0.8332755730494676,0.8460427390137873,35.85494625387388,0.8302234873651703,0.8366853458572854,0.8237616288730552,0.0155665518753817,0.00342985457511698,0.004156735501836946,0.8372649302605618,0.8236480295080723,-0.009552407168179067,0.03841814474623046,-1.575925751235397
2019-02-19,0.8251317827658886,0.8260694222639752,0.8175332845242443,0.8184709240223309,5785.0,-0.008072478703014085,-0.00810523757519406,0.8291476917123788,0.8326949985778153,0.8457683925959619,27.49329304218645,0.829536573819609,0.8377838301833801,0.8212893174558379,0.019884009033613877,0.0035384921806863034,0.004323296132862699,0.836121490157127,0.8175332845242443,-0.019213301923670212,0.044983694266794716,-2.683474190492655
2019-02-20,0.8184709240223309,0.8204924966447233,0.8182994061559596,0.8203209787783521,1082.0,0.00226037932652412,0.002257828512322843,0.8283070523853285,0.832209742899405,0.8455151844982743,32.22127197167654,0.8289934870365865,0.8381632362292168,0.8198237378439561,0.022122608527141943,0.0035479646545063764,0.004325093160228716,0.836121490157127,0.8175332845242443,-0.014725717056805365,0.04625770017933605,-1.8915475387711707
2019-02-21,0.8203209787783521,0.8213044737342293,0.8188991536298245,0.8198826485857017,9236.0,-0.0005343398547519307,-0.0005344826651672492,0.8275047282139356,0.8317263274361225,0.8452601343896915,31.693950788553806,0.828415947387561,0.8383608840464828,0.8184710107286391,0.024009524901792468,0.00351494308931366,0.004287129500028986,0.836121490157127,0.8175332845242443,-0.01569636276024966,0.046123755796067215,-1.7161092311641513
2019-02-22,0.8198826485857017,0.8205807469286284,0.819441997893006,0.8201400962359326,7890.0,0.00031400548685245333,0.0003139561974473924,0.8268033346922211,0.8312719654282719,0.8450101837612959,32.39377897039189,0.8278674806291215,0.8383806495629003,0.8173543116953428,0.025398192777881464,0.003280168558680447,0.003999522244717601,0.836121490157127,0.8175332845242443,-0.010210753935386063,0.04625304115699171,-1.4700390418650753
2019-02-25,0.8201400962359326,0.824471681590752,0.8194255344512131,0.8237571198060325,4317.0,0.004410250866529131,0.00440055420951623,0.8265132189887745,0.8309772655999488,0.8447987104881093,41.46733723016076,0.8276219896853357,0.8382847881897451,0.8169591911809264,0.025767315603741625,0.0035368685259578197,0.004293581737770758,0.836121490157127,0.8175332845242443,-0.004553906442263056,0.048740364228557154,-0.7249259896836676
2019-02-26,0.8237571198060325,0.8247225065837507,0.8235708418868327,0.8245362286645509,9268.0,0.000945799240802847,0.0009453522545182188,0.8263249341959913,0.8307246759162077,0.8445970937535465,43.234619858660594,0.8274068175840474,0.8381396078243474,0.8166740273437475,0.025943199916188046,0.0033526865766058045,0.004066148290458915,0.836121490157127,0.8175332845242443,-0.0022002611624213353,0.0489108750518118,-0.5349194114905805
2019-02-27,0.8245362286645509,0.8248964009527838,0.8210542579036287,0.8214144301918617,5041.0,-0.0037861265086500673,-0.003793312028211164,0.8258572671479789,0.8303595682407431,0.844366420484276,38.25103027830116,0.8268151629501188,0.8374967703535453,0.8161335555466923,0.02583795721721884,0.0034803659500474864,0.00423704018595651,0.836121490157127,0.8175332845242443,-0.005810427827010245,0.04572263920411759,-1.0112209809404993
2019-02-28,0.8214144301918617,0.8236381983718519,0.8201159761577381,0.8223397443377284,7155.0,0.001126488787944302,0.0011258547755435236,0.825522264975574,0.8300450653425857,0.8441472495773452,40.44240573017032,0.8262414097457885,0.8365667488341545,0.8159160706574226,0.024993516341774227,0.0033441702969862486,0.004066652888921813,0.836121490157127,0.8175332845242443,-0.0064514774197912406,0.04592946749033432,-0.7557457192774104
2019-03-01,0.8223397443377284,0.826512955618951,0.8220853602898247,0.8262585715710473,3504.0,0.0047654600915281176,0.004754141232057338,0.8255923894132382,0.8298965753907607,0.8439692527812627,48.73942582980592,0.825817958716957,0.835341434054746,0.8162944833791679,0.02306434544626603,0.003439046295844707,0.004162191369834394,0.836121490157127,0.8175332845242443,0.0020130465794709895,0.04952719425626437,0.09253194626167822
2019-03-04,0.8262585715710473,0.8340692600060801,0.8262176681320866,0.8340283565671194,3940.0,0.00940357566433292,0.009359637283842448,0.826395814856465,0.8300586060251276,0.8438703383910722,60.49147038701082,0.8258648867602085,0.8355471629368625,0.8161826105835546,0.023447603432170682,0.003810629676869221,0.004568944984741123,0.8354080295490269,0.8175332845242443,0.010782003538160723,0.0603434433988154,1.6862708020237502
2019-03-05,0.8340283565671194,0.8356315638199069,0.8330324056099297,0.8346356128627173,6662.0,0.0007281002987684637,0.0007278353623383265,0.8271805575237271,0.8302380964893468,0.8437784505748697,61.23941255949578,0.8258714418457567,0.8355784920147405,0.8161643916767728,0.023507412115593672,0.0038075893797548783,0.00456197809088834,0.8356315638199069,0.8175332845242443,0.019749863270580148,0.0600925635142851,1.8057331247682273
2019-03-06,0.8346356128627173,0.8357604355612593,0.8343655470040732,0.8354903697026153,8602.0,0.0010241077983315083,0.001023583757692426,0.8279719682074307,0.8304440679879064,0.8436959821084792,62.32068563364523,0.8260168935329647,0.8362216950799731,0.8158120919859563,0.02470845724077475,0.003650510043694956,0.004369302359516508,0.8357604355612593,0.8175332845242443,0.018492018754480588,0.05954782289369719,1.856670338175807
2019-03-07,0.8354903697026153,0.836318479424101,0.8305607048113987,0.8313888145328844,3683.0,-0.004909159121954665,-0.004921248626025371,0.8282973821431883,0.8304811168720232,0.8435735227296176,54.4686493090231,0.8259384820335992,0.8359408422987916,0.8159361217684068,0.02422059386448473,0.0037357730677394546,0.004493412711883065,0.836318479424101,0.8175332845242443,0.014033918106488574,0.06220592354060613,1.0898092759669924
2019-03-08,0.8313888145328844,0.832576758967631,0.8299041554724023,0.8310920999071488,2239.0,-0.0003568903268229562,-0.0003569540273321606,0.828563545739756,0.8305050769910477,0.8434493294677026,53.93919363481761,0.8260630503066546,0.8362650737988303,0.8158610268144789,0.024700350629140125,0.0037527918961758255,0.004515494608353388,0.836318479424101,0.8175332845242443,0.013353820550270346,0.05919441521384882,0.9858925740273322
2019-03-11,0.8310920999071488,0.8323805275394907,0.8303665352967965,0.8316549629291383,3557.0,0.0006772570958770707,0.0006770278607850021,0.8288579664244591,0.8305501705572473,0.8433319725867219,54.836050954667115,0.8262695187561409,0.8367592527282621,0.8157797847840196,0.025390586809767423,0.0032869243606732062,0.003952269278952491,0.836318479424101,0.8175332845242443,0.009587587085093219,0.058965553125196746,1.0268028125995228
2019-03-12,0.8316549629291383,0.837280855074349,0.830125345427395,0.8357512375726057,3690.0,0.004925449646858482,0.004913359303744963,0.8295144684385682,0.8307541339696143,0.8432565423875765,60.81569104424942,0.8267393594242444,0.8380544145283095,0.8154243043201792,0.02737272630141902,0.0036413828719725127,0.004357017624704586,0.837280855074349,0.8175332845242443,0.013601596289127382,0.060848219316638114,1.5929004437854903
2019-03-13,0.8357512375726057,0.8365193375517556,0.830193600745022,0.8309617007241719,7714.0,-0.005730816339973188,-0.005747300476475712,0.8296523000848163,0.830762273842342,0.8431342056546074,52.12561694856801,0.8269766897923818,0.8384435439850795,0.8155098355996842,0.02773198890424951,0.003921412636424561,0.004719125602307667,0.837280855074349,0.8175332845242443,0.011622964220485033,0.06482031339866874,0.6950486794063848
2019-03-14,0.8309617007241719,0.8320549453668563,0.8270495015060466,0.8281427461487311,1608.0,-0.003392400122633976,-0.003398167358805791,0.8295085330432843,0.830659547266122,0.8429850369033052,47.79664758424675,0.8269998521026967,0.8384745524618674,0.8155251517435259,0.02775018720981785,0.004197605123937941,0.005068697568696772,0.837280855074349,0.8175332845242443,0.007056696275425933,0.06584289233055755,0.19920242102374067
2019-03-15,0.8281427461487311,0.8290416047755782,0.8239811514436386,0.8248800100704857,5980.0,-0.003939823289425215,-0.003947604838544645,0.8290677213315892,0.8304328987486461,0.8428048873825806,43.31301262198,0.8270139217988521,0.838476909299426,0.8155509342982783,0.027721389443216386,0.0041986269948237065,0.005089985141554025,0.837280855074349,0.8175332845242443,-0.0016684383654143042,0.0660118758045302,-0.37231336564915246
2019-03-18,0.8248800100704857,0.8262331567472583,0.8234439594241194,0.824797106100892,1469.0,-0.00010050427769081605,-0.00010050932858416022,0.8286609960715229,0.8302118872722637,0.8426257054792804,43.20211661744776,0.8269971879656024,0.838472714470279,0.8155216614609258,0.027752274546195804,0.004315593610982342,0.005232309351064145,0.837280855074349,0.8175332845242443,-0.011068269314275403,0.06597186953072223,-0.38343894091723424
2019-03-19,0.824797106100892,0.8257361654819942,0.817852690893814,0.8187917502749162,6218.0,-0.0072810098162992,-0.007307645737963241,0.8277210679004174,0.8297640387625639,0.8423885516961523,36.00983421080311,0.8270132292782316,0.8384393627592523,0.8155870957972109,0.027632287069924585,0.004604260149484142,0.0056232371026432824,0.837280855074349,0.817852690893814,-0.01898296974587288,0.06473758167939034,-1.4390658076892988
2019-03-20,0.8187917502749162,0.8221422894921477,0.8179330135902466,0.8212835528074781,3725.0,0.003043267756087209,0.003038646390431019,0.8271079712248994,0.8294314706858938,0.8421785517072103,40.44053151947793,0.8270613579796879,0.8383763703486118,0.8157463456107641,0.02736196597689851,0.004653335412897522,0.005665930356197378,0.837280855074349,0.817852690893814,-0.0170041659489073,0.06515403237685574,-1.021263606936621
2019-03-21,0.8212835528074781,0.8225945485181749,0.8103269592613221,0.811637954972019,4521.0,-0.011744540363053169,-0.011814052270188235,0.8256346363436727,0.828733685755938,0.8418746651725318,31.38229336262934,0.8266491232990039,0.8395543559501155,0.8137438906478922,0.03122299966788631,0.005213334979163701,0.006423227187968839,0.837280855074349,0.8103269592613221,-0.02375646534523368,0.0775060075978097,-2.3263692693973717
2019-03-22,0.811637954972019,0.8130341606147121,0.8091345836529783,0.8105307892956715,3107.0,-0.0013641127420978005,-0.0013650439908662589,0.8241961747200536,0.8280198466790647,0.8415627858105731,30.536784184763405,0.8261686579519909,0.8407064867205472,0.8116308291834347,0.03519336791253839,0.004931048199716586,0.006083727188206544,0.837280855074349,0.8091345836529783,-0.02474011076964211,0.07750291340071919,-2.151334825203394
2019-03-25,0.8105307892956715,0.8167400976773128,0.8100435002506876,0.816252808632329,5596.0,0.00705959528277722,0.007034793000965571,0.8234396636640798,0.8275583942066437,0.8413109452416354,39.59473273193411,0.8257934423933057,0.840966812607596,0.8106200721790153,0.03674858490112256,0.005223722429477162,0.006399637923733165,0.837280855074349,0.8091345836529783,-0.018519885028476346,0.08028503581280717,-1.2575497237906055
2019-03-26,0.816252808632329,0.8165449418451644,0.813642940519994,0.8139350737328294,3895.0,-0.00283948168384629,-0.002843520659506249,0.8225344646230084,0.8270241463449255,0.8410385485102045,37.46372491594028,0.8252633846467194,0.8413357153919099,0.809191053901529,0.0389507908485985,0.0053313733414760344,0.006550121150358529,0.837280855074349,0.8091345836529783,-0.0261036572355432,0.08053907831539811,-1.4096662261980963
2019-03-27,0.8139350737328294,0.814617034565132,0.8091504134145133,0.809832374246816,1370.0,-0.0050405734049495665,-0.005053319946367231,0.8213247417300377,0.8263499592038231,0.840728039313554,33.977687277661644,0.8246842818494672,0.8421175443975777,0.8072510193013567,0.042278634216270095,0.005310576665612917,0.006557624558479791,0.837280855074349,0.8091345836529783,-0.025427557562450742,0.08130954081990013,-1.703858650859469
2019-03-28,0.809832374246816,0.8119331602310714,0.8087303202236448,0.8108311062079002,5987.0,0.0012332576380551519,0.0012324978005070536,0.8203253478707865,0.8257413767333949,0.8404305573921047,35.54989056375226,0.824108849942976,0.8425958566815416,0.8056218432044103,0.04486544887813019,0.005348450702198486,0.006596257421859594,0.837280855074349,0.8087303202236448,-0.020904173853286134,0.08134218075684865,-1.436440622632234
2019-03-29,0.8108311062079002,0.8122137402886941,0.8075080421116018,0.8088906761923956,3589.0,-0.002393137116531663,-0.002396005245959309,0.8192363315204635,0.8250805649474734,0.840116727728426,33.86266621154964,0.8232404551740432,0.8428969476381061,0.8035839627099803,0.04775395169302569,0.005540715411798355,0.006849770401458415,0.837280855074349,0.8075080421116018,-0.019383829990890167,0.07890454587160306,-1.4600548910628532
2019-04-01,0.8088906761923956,0.8096041041603966,0.8026709957545534,0.8033844237225544,5195.0,-0.006807165210211408,-0.006830439641377022,0.8177266260159007,0.8242297358798295,0.8397512321661786,29.57343758032974,0.821708258531815,0.8425647844244742,0.8008517326391557,0.05076382201616091,0.005524829608861874,0.006876943896001963,0.837280855074349,0.8026709957545534,-0.02596115119700515,0.07100668431768499,-1.7571320270275588
2019-04-02,0.8033844237225544,0.8043765216220692,0.7983497550007076,0.7993418529002224,5093.0,-0.005031925816535443,-0.005044628586093256,0.8159756952429791,0.8232537404688645,0.839349148790398,26.881315418048572,0.8199435705336903,0.8421250318767687,0.7977621091906119,0.05410484852912694,0.005503474595621021,0.006885007429115551,0.837280855074349,0.7983497550007076,-0.023754388546493477,0.07116518467333713,-1.8575618003541987
2019-04-03,0.7993418529002224,0.8003334387050915,0.7990156103320811,0.8000071961369503,1306.0,0.000832363818200843,0.0008320175955467379,0.8144548858043097,0.8223421112793776,0.8389576865749409,28.04234358817149,0.818169411855407,0.8407869882024469,0.7955518355083672,0.055288247199925915,0.005240073489349644,0.006550032943019446,0.837280855074349,0.7983497550007076,-0.02590622519810204,0.07105498153209125,-1.6060266970942558
2019-04-04,0.8000071961369503,0.803252121730407,0.7990681625728774,0.8023130881663342,6937.0,0.0028823391095962325,0.002878193135050632,0.8132985241245025,0.8215566593925916,0.8385930637052035,32.068262428088815,0.8167156255370795,0.839492740597289,0.7939385104768701,0.05577734611170436,0.005177466762606077,0.006453174999848305,0.837280855074349,0.7983497550007076,-0.01148894867294159,0.07242319341808302,-1.2646498323140132
2019-04-05,0.8023130881663342,0.809428594121207,0.8009369656665947,0.8080524716214675,2446.0,0.007153545841126263,0.0071280806044460585,0.8127989000765944,0.8210270834015672,0.8382891772168082,40.927286512401324,0.8155636441227955,0.8375976446749984,0.7935296435705925,0.054033797879507725,0.0055847832719970415,0.006911411657203909,0.837280855074349,0.7983497550007076,-0.003057647787022999,0.07897504738291952,-0.6817801863563048
2019-04-08,0.8080524716214675,0.8111554877021744,0.8075117805029611,0.810614796583668,7648.0,0.0031709883357682322,0.0031659713553152504,0.8125908902201252,0.8206187584283162,0.8380138102453342,44.412609989608285,0.8145116358055219,0.8352837716338488,0.793739499977195,0.051005129737119244,0.005281942744213682,0.006515971292991941,0.837280855074349,0.7983497550007076,-0.006907188543838205,0.08032655167114816,-0.37519870407739137
2019-04-09,0.810614796583668,0.8151529365847543,0.8095277605794636,0.81406590058055,7504.0,0.004257390824133234,0.004248353776235669,0.8127313673973086,0.8203617836107567,0.8377755225869782,48.794684335867224,0.813427368955919,0.8316372739082895,0.7952174640035486,0.04477327822333755,0.005383078465884364,0.006612583160706559,0.8365193375517556,0.7983497550007076,0.00016073376359204694,0.07967571262880307,0.07013014360053337
2019-04-10,0.81406590058055,0.8149495596390518,0.8123727464314222,0.8132564054899241,9700.0,-0.000994385208923032,-0.0009948799378895305,0.8127813710251767,0.8200831413315084,0.8375315512725796,47.84199007082565,0.8125421041942067,0.828777255118305,0.7963069532701084,0.03996137760811456,0.004690880176654136,0.005768021186169747,0.8320549453668563,0.7983497550007076,0.004228074045931507,0.07793845280758072,0.08799441397949785
2019-04-11,0.8132564054899241,0.8161799364551331,0.8115540088040974,0.8144775397693065,3035.0,0.001501536626258515,0.0015004104473301748,0.81294291090557,0.8198633138192651,0.8373021581232933,49.445511061893654,0.8118588438752354,0.82639036739055,0.7973273203599208,0.03579815290537818,0.004742762368747123,0.005823073242867407,0.8290416047755782,0.7983497550007076,0.004497155490814864,0.07793598373971695,0.3604158767401394
2019-04-12,0.8144775397693065,0.8153687807049287,0.8082828690670485,0.8091741100026707,9581.0,-0.006511449988096607,-0.0065327419566239405,0.8125839774862463,0.8194441293558693,0.8370222770474662,43.229498085574576,0.8110735488718447,0.8242792720848415,0.7978678256588478,0.03256356524353488,0.004770570526693908,0.005895604503063207,0.8262331567472583,0.7983497550007076,0.00035039816704185434,0.07981326816534239,-0.28766904145084526
2019-04-15,0.8091741100026707,0.8095670426470178,0.8067489610348694,0.8071418936792165,6471.0,-0.002511469779288289,-0.0025146288098293773,0.8120656837903387,0.8189616887410986,0.836724959800021,41.09744664128394,0.8101907882507609,0.8217974506727803,0.7985841258287414,0.02865167708726677,0.004764576261478058,0.005903021883500016,0.8257361654819942,0.7983497550007076,0.004677051042702107,0.07993217716272429,-0.5253697334662131
2019-04-16,0.8071418936792165,0.8078505504874858,0.8025094066840582,0.8032180634923275,5691.0,-0.004861388335330896,-0.004873243320333697,0.8112230532857663,0.8183442916725193,0.8363915578467107,37.274851046834776,0.8094121039116315,0.8206736805663664,0.7981505272568967,0.027826558560988143,0.004755613593821547,0.0059207005045983675,0.8225945485181749,0.7983497550007076,0.004849252642084467,0.07787314695841449,-1.100030769972132
2019-04-17,0.8032180634923275,0.803550252647642,0.7982332393490489,0.7985654285043634,6396.0,-0.005792492972250707,-0.005809334527552231,0.8100175652113469,0.8175686499796504,0.8360151784502695,33.317623752962135,0.8082761976964757,0.8190692088511276,0.7974831865418239,0.026706245180573303,0.00490662597176201,0.006144300512672644,0.8225945485181749,0.7982332393490489,-0.0018021933296960002,0.07818171618685338,-1.7994550460418954
2019-04-18,0.7985654285043634,0.7991919177482654,0.7977197954457759,0.7983462846896778,9669.0,-0.0002744218655896802,-0.00027445952615991724,0.8089060146854737,0.8168148317329849,0.83564036358698,33.139167572828754,0.8076116141823586,0.819144555669332,0.7960786726953852,0.028560613256285422,0.004675656266433237,0.005856676928421723,0.8167400976773128,0.7977197954457759,-0.004944208857071475,0.06796783687818839,-1.6067591261337903
2019-04-19,0.7983462846896778,0.7984448221694472,0.7972703643307333,0.7973689018105027,6830.0,-0.0012242593194443652,-0.001225009337091544,0.8078072420307145,0.8160522462458287,0.8352595530220399,32.308001400533584,0.8069535198081003,0.819261166734908,0.7946458728812925,0.03050397978246529,0.004264324083066857,0.005347993975416272,0.8167400976773128,0.7972703643307333,-0.01322138126689576,0.06795470509441892,-1.5575061674414719
2019-04-22,0.7973689018105027,0.7980797224102494,0.7909023579377765,0.7916131785375232,4257.0,-0.007218394472007339,-0.007244573136073464,0.8062649502694582,0.8150938514337384,0.834825260738612,27.87426780777234,0.80572153830336,0.8190040162764919,0.7924390603302282,0.03297039322320044,0.004346509643860519,0.005490698944515475,0.8165449418451644,0.7909023579377765,-0.023440995804945852,0.06485451743138908,-2.1243565838205067
2019-04-23,0.7916131785375232,0.7954019007932062,0.7902067546133891,0.793995476869072,8896.0,0.003009422273578144,0.0030049030269785107,0.805096428993231,0.8142664641959083,0.8344189942324474,32.03189538941356,0.8047245584601722,0.8183987679657541,0.7910503489545904,0.03398481967978517,0.0046234609157752805,0.005823031806184556,0.8161799364551331,0.7902067546133891,-0.02465454418022517,0.06658054650330515,-1.5692434120920145
2019-04-24,0.793995476869072,0.7951600902722168,0.7885599765578019,0.7897245899609466,5183.0,-0.005378981408013295,-0.005393500216178206,0.8036324443234897,0.8133040377553216,0.833974273791935,28.824026519695877,0.8037191692458787,0.8187059504391081,0.7887323880526493,0.03729357657922063,0.004796043384124228,0.006073058183944103,0.8161799364551331,0.7885599765578019,-0.028935296875776007,0.06684765882616323,-1.8675897251712033
2019-04-25,0.7897245899609466,0.7910039382127533,0.7840089072245142,0.7852882554763209,6270.0,-0.005617571671214128,-0.00563340956848684,0.8018853787189975,0.8122053796267333,0.8334898357987448,25.920244821974663,0.8024420267092998,0.8191334315184543,0.7857506219001452,0.041601521988083326,0.004689143565097563,0.0059712386278505305,0.8161799364551331,0.7840089072245142,-0.035838046929143386,0.06789017950952549,-2.055401738692565
2019-04-26,0.7852882554763209,0.7863732703135701,0.784472501862985,0.7855575167002342,2336.0,0.00034288202075560825,0.00034282325014940186,0.80033034424102,0.8111603653943217,0.8330128973002522,26.404855182788666,0.8012753687346915,0.8192791344541512,0.7832716030152318,0.04493777400867767,0.00456464794019555,0.005810711301407357,0.8161799364551331,0.7840089072245142,-0.02918604662519242,0.06815528586408337,-1.7460627159204094
2019-04-29,0.7855575167002342,0.7856150332839738,0.7840504960694971,0.7841080126532366,4512.0,-0.0018451914928983015,-0.0018468959557506569,0.7987853602802788,0.8100994888162399,0.8325262815326203,25.44004616993314,0.8003115481812259,0.8198393152192596,0.7807837811431921,0.048800412995194636,0.004274602312280266,0.005451547801196444,0.8161799364551331,0.7840089072245142,-0.02853758577811394,0.06519760484016915,-1.659537979578517
2019-04-30,0.7841080126532366,0.7866636318818052,0.7840245341200816,0.7865801533486502,2065.0,0.0031528063168853038,0.00314784664490521,0.7976229596201238,0.809177161935158,0.8320691061278047,30.12917199776966,0.7996734632036471,0.8201457955080989,0.7792011308991953,0.051201729822159266,0.004279051209001271,0.0054400701451522504,0.8161799364551331,0.7840089072245142,-0.020714063714325603,0.06529974900439248,-1.2791224429421475
2019-05-01,0.7865801533486502,0.7902552680055194,0.7856690169669248,0.789344131623794,6937.0,0.0035139181472823022,0.0035077587617431756,0.7968344998109496,0.8083993960405947,0.8316439820033867,35.04761332347904,0.7991403099779893,0.8201250238049571,0.7781555961510216,0.0525182213059575,0.004276217165255479,0.005417430742734082,0.8161799364551331,0.7840089072245142,-0.011547327935094831,0.06686189335935898,-0.9336489822993073
2019-05-02,0.789344131623794,0.7901872578626601,0.7844239580928594,0.7852670843317254,4504.0,-0.005165107497133725,-0.005178492775690836,0.7957328411938807,0.8074922465618156,0.831182520335012,31.52268263401257,0.7982880097862589,0.8200985484000478,0.77647747117247,0.054643282490560406,0.004181744888964088,0.0053252517167745785,0.8161799364551331,0.7840089072245142,-0.01638286619325391,0.06730411735173857,-1.1940031087816876
2019-05-03,0.7852670843317254,0.7875677905598105,0.7840087052691198,0.7863094114972049,9874.0,0.0013273536944014008,0.00132647353925175,0.7948353716989591,0.8066615471475173,0.830736021739611,33.36778048884271,0.7972008567800458,0.8191293393076335,0.7752723742524581,0.055013695334344,0.004234673723145677,0.005385505579899484,0.8161799364551331,0.7840087052691198,-0.013869979489024686,0.060724353470634415,-0.9933606002274564
2019-05-06,0.7863094114972049,0.7871295153777812,0.7801839526195612,0.7810040565001375,7769.0,-0.0067471594762748,-0.006770024463956789,0.7935181035847856,0.8056553710436986,0.8302411763143427,29.07371838738281,0.7957203197758692,0.8178331400876024,0.773607499464136,0.05557937823671954,0.004349275077059424,0.0055688252075790055,0.8161799364551331,0.7801839526195612,-0.013401901743204547,0.0611220605932157,-1.3310164029979612
2019-05-07,0.7810040565001375,0.78181720430738,0.7770270890301578,0.7778402368374003,1128.0,-0.004050964443020888,-0.004059191826221757,0.792024973418368,0.8045645814669811,0.8297197739314875,26.85431126854401,0.7939090365887117,0.8156256903985327,0.7721923827788907,0.05470816632377352,0.004311639504104355,0.005543091370067116,0.8161799364551331,0.7770270890301578,-0.0203467658221127,0.05708986981423038,-1.479859640627003
2019-05-08,0.7778402368374003,0.7832161858393991,0.7770278108865369,0.7824037598885357,2212.0,0.005866915640273529,0.005849772310341822,0.7911086673679077,0.8036955296403754,0.8292489678216075,34.60841282939107,0.7923664043086424,0.8126310659109799,0.7721017427063048,0.051149724400591935,0.00464851469341669,0.005941324584226098,0.8161799364551331,0.7770270890301578,-0.00927010525628047,0.06390696203950919,-0.9832529765962076
2019-05-09,0.7824037598885357,0.7828327848154897,0.7798478313256408,0.7802768562525948,2585.0,-0.0027184220539072657,-0.0027221236730361237,0.7900770663093065,0.8027771502918349,0.8287616831293786,32.860005449145234,0.7906563701328068,0.808717022012463,0.7725957182531505,0.04568521183639504,0.004777835811354896,0.006123257114533964,0.8153687807049287,0.7770270890301578,-0.006381604702194843,0.06264985501270684,-1.1494063391923988
2019-05-10,0.7802768562525948,0.7839630015370036,0.7796238304083529,0.7833099756927617,9387.0,0.0038872349165064435,0.0038796991414306904,0.7894325814886832,0.8020137316801066,0.8283094273339894,37.694114087289506,0.7893631634173113,0.8054353957268886,0.773290931107734,0.04072202264923895,0.004575107715367598,0.005840737201541903,0.8095670426470178,0.7770270890301578,-0.002861077590999739,0.06387750644583153,-0.753247913289866
2019-05-13,0.7833099756927617,0.7845841483478264,0.7778703270031119,0.7791444996581766,7989.0,-0.0053177875475174385,-0.00533197730749321,0.7884527641714921,0.8011168990517956,0.8278202240735336,34.06648979306402,0.7879632937162594,0.8022987428209682,0.7736278446115505,0.0363860835118316,0.004683584512860273,0.006011188572742332,0.8078505504874858,0.7770270890301578,-0.006330139362132892,0.06516349260228758,-1.2303477894091293
2019-05-14,0.7791444996581766,0.7799219652004107,0.7715215519157776,0.7722990174580118,4849.0,-0.008785895560025181,-0.008824719107453482,0.7869143121035417,0.7999867860481179,0.8272677742564638,29.108626345008105,0.7864173414145434,0.8004924138873892,0.7723422689416977,0.03579542752078353,0.004812177339304423,0.006230976902111688,0.803550252647642,0.7715215519157776,-0.01815598299784249,0.06901931574039007,-2.006145827493157
2019-05-15,0.7722990174580118,0.7730553396324903,0.7704542803984402,0.7712106025729187,2874.0,-0.0014093179720408022,-0.001410311994653015,0.7854187207196728,0.7988583082647768,0.8267099914536424,28.400885649626773,0.7850496001179713,0.7994664467727408,0.7706327534632018,0.03672849881740732,0.004498322214005209,0.0058328064979888405,0.7991919177482654,0.7704542803984402,-0.022972906650451708,0.06752173904774589,-1.9198369624711584
2019-05-16,0.7712106025729187,0.7722225477463882,0.7708993869861291,0.7719113321595986,9610.0,0.0009086098976622825,0.0009081973615598962,0.7841323027615705,0.7978015641037894,0.8261647311621594,29.587858205835104,0.7837278524914673,0.7978561212724542,0.7695995837104803,0.03605401731244651,0.004457064521839067,0.005774062818030419,0.7984448221694472,0.7704542803984402,-0.01700791035128224,0.06798956544560013,-1.672748517889284
2019-05-17,0.7719113321595986,0.7749726851839327,0.7717310267624089,0.774792379786743,2145.0,0.003732355656813624,0.0037254077002360536,0.7832427862877774,0.7968992431501798,0.8256535634867821,34.40292347252975,0.7825990263902793,0.7957092263377703,0.7694888264427884,0.03350425826099342,0.004576858893771003,0.005907206902358483,0.7980797224102494,0.7704542803984402,-0.014646946281022477,0.0706484544474753,-1.1909271612642944
2019-05-20,0.774792379786743,0.7755030308430092,0.7740350428698441,0.7747456939261104,6679.0,-6.025596256564736e-05,-6.025777802908841e-05,0.7824335393961901,0.7960304765139418,0.8251470175210043,34.36191707442818,0.7817556521597087,0.7945915530273899,0.7689197512920274,0.03283865190413478,0.004493208194588245,0.0057995910526696965,0.7954019007932062,0.7704542803984402,-0.008013226720066324,0.0673564909554935,-1.0922425010695154
2019-05-21,0.7747456939261104,0.7785423394487465,0.7735420351807445,0.7773386807033806,9167.0,0.0033468876272548798,0.0033412992644701275,0.7819483147587797,0.7952974649135276,0.8246713126770479,38.7301210785504,0.7809228123514241,0.7925162365552634,0.7693293881475849,0.029691600809894306,0.004522783425260206,0.005818291997469793,0.7951600902722168,0.7704542803984402,-0.0006448061057614529,0.06763748621999173,-0.618304236095592
2019-05-22,0.7773386807033806,0.7837927920042207,0.776862263549237,0.7833163748500771,2772.0,0.0076899481462668895,0.007660531208588764,0.7820786061960462,0.7948276182443726,0.8242598207583716,47.41780148795695,0.7806024015958807,0.79150522734221,0.7696995758495514,0.02793438945111956,0.004606156902773273,0.005880327605375119,0.7910039382127533,0.7704542803984402,0.0011664245602185375,0.07229416992158649,0.4978476804713018
2019-05-23,0.7833163748500771,0.7844380718240822,0.7806082968109159,0.781729993784921,8134.0,-0.0020252111612752977,-0.0020272646743993935,0.7820454050140343,0.7943139859126295,0.8238366384004268,45.57106674515519,0.7804244885113106,0.7911195077180366,0.7697294693045846,0.027408210183478873,0.004625491882950099,0.005916994255976726,0.7902552680055194,0.7704542803984402,0.001862335811554372,0.0699400689813382,0.2441333200765788
2019-05-24,0.781729993784921,0.7846968603936516,0.7812672204889486,0.7842340870976792,8596.0,0.003203271375880057,0.0031981518320716162,0.7822538509267624,0.7939186957630237,0.8234425831635835,48.95078025926121,0.780358317031183,0.7909353408878705,0.7697812931744954,0.02710812104092668,0.004374354536270315,0.005577868404648258,0.7902552680055194,0.7704542803984402,0.0011797518652818528,0.07097357166006331,0.7328659023578983
2019-05-27,0.7842340870976792,0.7847993537304281,0.7836245864282627,0.7841898530610116,7273.0,-5.640412396668015e-05,-5.640571473909807e-05,0.7824382320824051,0.7935371725198075,0.8230520087347023,48.89302550685029,0.7803624090515717,0.7909456025414073,0.7697792155617361,0.02712379111827822,0.004116115395194829,0.005248876122444021,0.7902552680055194,0.7704542803984402,0.006475504101034701,0.07066512515757815,0.723306063168151
2019-05-28,0.7841898530610116,0.7847434703817626,0.7812673281937093,0.7818209455144602,7399.0,-0.0030208342243968067,-0.003025406153784528,0.782379442885458,0.7930777126372449,0.8226417493991776,45.77800311209075,0.7801244486598622,0.7903261348735794,0.769922762446145,0.02615399691995855,0.003922384483422771,0.00501698567418366,0.7902552680055194,0.7704542803984402,0.012329328202163925,0.07042638419582979,0.3325914596975051
2019-05-29,0.7818209455144602,0.7915340805132577,0.7806868837796492,0.7904000187784467,3653.0,0.010973194454826363,0.010913425794477204,0.7831433072562188,0.7929727050349391,0.8223209361591703,56.56958655773532,0.7801772430175948,0.7905885976494865,0.7697658883857031,0.02668971627939906,0.004483973286548458,0.0056730429909128575,0.7915340805132577,0.7704542803984402,0.024882199676078187,0.08009007465881718,1.963774383313734
2019-05-30,0.7904000187784467,0.7939950659554343,0.7892903464611021,0.7928853936380897,7738.0,0.0031444519238299495,0.0031395184741707014,0.7840711250068731,0.7929692810585921,0.8220280451888115,59.10867074946775,0.780558158482913,0.7922342350210683,0.7688820819447577,0.02991724937152361,0.0045100838840971425,0.00568819140860067,0.7939950659554343,0.7704542803984402,0.027171594203457827,0.07828496355361624,2.1115372299750836
2019-05-31,0.7928853936380897,0.7941938560661052,0.7917187697216104,0.7930272321496258,8158.0,0.0001788890458496173,0.0001788730471122256,0.7849240875918971,0.7929715536503974,0.821739479884939,59.2550716149463,0.7808940495155341,0.7936072052126327,0.7681808938184355,0.03256051369577182,0.004207317098367159,0.005305387920869452,0.7941938560661052,0.7704542803984402,0.023535146754930514,0.0782290161102852,1.9087601730325228
2019-06-03,0.7930272321496258,0.7971267280133156,0.7921704107129612,0.7962699065766511,2679.0,0.004088982440408229,0.004080645271008075,0.7860046417809213,0.793100900823976,0.8214860512948069,62.55566763831479,0.7816573420193598,0.7961121217922856,0.7672025622464339,0.03698495234646655,0.003961310242347257,0.004974833545296027,0.7971267280133156,0.7704542803984402,0.02778229400858545,0.07439265492482446,2.021831503052152
2019-06-04,0.7962699065766511,0.7975112917933356,0.7914460257996735,0.792687411016358,5874.0,-0.004499097015602471,-0.0045092484121020465,0.7866410959938201,0.7930846855374027,0.8211994976601955,57.056569534479294,0.7823997007283076,0.7975379292828217,0.7672614721737934,0.03869691805971439,0.004208753582319543,0.005309474483672217,0.7975112917933356,0.7704542803984402,0.019745229066806314,0.07481034430231799,1.3591696348094338
2019-06-05,0.792687411016358,0.7928484132930036,0.7897409115183948,0.7899019137950404,2788.0,-0.0035139920006376224,-0.003520180572509313,0.7869516500701269,0.7929598709592709,0.8208880789152686,53.14468193001313,0.7827746084236329,0.7982801958493114,0.7672690209979544,0.03961699129945974,0.004336206511915955,0.0054895505836704325,0.7975112917933356,0.7704542803984402,0.008407253003262838,0.07405040418060739,0.9193209100358338
2019-06-06,0.7899019137950404,0.7934432873755108,0.7885162609668012,0.7920576345472716,5316.0,0.0027290992901565225,0.0027253820602791672,0.7874379343060454,0.7929244891391926,0.8206012088220547,55.677364405038425,0.7833636473383667,0.7993571122403741,0.7673701824363593,0.04083279829578086,0.00445658993957209,0.0056265980468951735,0.7975112917933356,0.7704542803984402,0.01321126328074862,0.07344476649517147,1.0871924579412053
2019-06-07,0.7920576345472716,0.792739034171704,0.7884209651289609,0.7891023647533932,1754.0,-0.00373112973725398,-0.0037381077645030295,0.787596451491507,0.7927746019083769,0.8202877874880382,51.56259118644713,0.7836532667913982,0.7998511176971805,0.7674554158856159,0.0413393310337441,0.004660167158827666,0.005905656055515739,0.7975112917933356,0.7704542803984402,0.0062076843327874,0.07411745996642445,0.6728173995044965
2019-06-10,0.7891023647533932,0.7902613996620712,0.787738207108416,0.788897242017094,3000.0,-0.0002599443943668289,-0.0002599781857669605,0.7877203363034677,0.792622548579307,0.8199754437520089,51.27931452426674,0.7841409039093441,0.8003544380366899,0.7679273697819983,0.0413536241930833,0.004483230607802892,0.005682908202771671,0.7975112917933356,0.7704542803984402,0.006002868996209942,0.07107349573668645,0.5867120728142583
2019-06-11,0.788897242017094,0.7930693716815209,0.7877193345113147,0.7918914641757416,1165.0,0.003795452689113077,0.003788268131915172,0.7881175865770176,0.7925938786026967,0.8196960011691605,55.15250745945213,0.7851205262452307,0.8006756674401155,0.7695653850503458,0.03962484911527142,0.004370338373175932,0.005518860312157675,0.7975112917933356,0.7704542803984402,0.012880850428808488,0.062473258747378725,0.870572352340652
2019-06-12,0.7918914641757416,0.7935964950361363,0.7896073947432178,0.7913124256036125,4105.0,-0.0007312095133287233,-0.0007314769773943752,0.7884218569605028,0.7925436255439091,0.8194135775316924,54.25425644761938,0.7861256173967653,0.8004450628447364,0.7718061719487943,0.03643042570063932,0.004381718750301086,0.005537280356691877,0.7975112917933356,0.7708993869861291,0.0011543608343733691,0.06213431851288031,0.7244426085763086
2019-06-13,0.7913124256036125,0.793292111957673,0.7904021001486649,0.7923817865027254,4211.0,0.0013513763521371125,0.001350464064917647,0.7887989931073812,0.7925372789148432,0.8191446044866282,55.689547978311154,0.7871491401139217,0.8000464081414892,0.7742518720863542,0.032769566452682496,0.004343173886322882,0.005481163197215846,0.7975112917933356,0.7717310267624089,-0.0006351575390405317,0.06211770764824445,0.811434852345331
2019-06-14,0.7923817865027254,0.7930959384007773,0.7874816033067181,0.78819575520477,9615.0,-0.005282846437486777,-0.0052968500116559285,0.7887415418785612,0.7923670230830756,0.818836655737555,49.18410256689289,0.7878193088848231,0.7993316463032174,0.7763069714664288,0.029225832087538674,0.004660285871458154,0.005912599554976581,0.7975112917933356,0.7735420351807445,-0.006092447710476789,0.06561251490680636,0.06539876417198294
2019-06-17,0.78819575520477,0.7898613247564361,0.7866889215002307,0.7883544910518968,1054.0,0.0002013914006495643,0.0002013711241237361,0.7887046798950693,0.7922096688857746,0.8185333506163047,49.42536700380397,0.7884997487411123,0.7982291737781495,0.7787703237040751,0.024678321210807836,0.004638590233469012,0.005883888892774325,0.7975112917933356,0.7735420351807445,-0.009940618701495985,0.06557008284891923,-0.029859460073440508
2019-06-18,0.7883544910518968,0.7893646555489491,0.7881161710113667,0.7891263355084189,9527.0,0.0009790576007149276,0.0009785786364190988,0.7887448375725312,0.7920887538513685,0.8182407435008033,50.65224277152715,0.7890891314813643,0.7972779410576316,0.780900321905097,0.02075509406876357,0.003952967933752867,0.005009296681507968,0.7975112917933356,0.776862263549237,-0.004492408304268558,0.06492363796973391,0.009086553230514353
2019-06-19,0.7891263355084189,0.7925240119546817,0.7886524956969619,0.7920501721432247,6936.0,0.003705156580437796,0.003698309395843824,0.7890596313411686,0.7920872408432059,0.817980140800728,55.096098237309796,0.7895258213460217,0.7973414324812597,0.7817102102107837,0.019798240726094447,0.0038934534168519725,0.00491566513560195,0.7975112917933356,0.7806082968109159,0.002719652036115683,0.06068539160462237,0.6459765598678693
2019-06-20,0.7920501721432247,0.7930247288893093,0.7878558420236389,0.7888303987697235,8507.0,-0.004065112901609158,-0.004073397933743973,0.7890377996676977,0.7919595215462066,0.8176900936163399,49.779875191738036,0.7898808415952618,0.7967989466047624,0.7829627365857613,0.017516832021216143,0.004085867739793089,0.005179652997863032,0.7975112917933356,0.7806868837796492,-0.004074496143696371,0.062250434995249924,-0.3036793526827896
2019-06-21,0.7888303987697235,0.790837809754066,0.7877707350840285,0.789778146068371,1606.0,0.0012014588942383941,0.0012007377200840593,0.7891083088487143,0.791873977409821,0.8174123627949672,51.27035977539136,0.7901580445437963,0.7965475708569123,0.7837685182306804,0.016172780514574138,0.003950921837627598,0.005002571744097825,0.7975112917933356,0.7806868837796492,0.0008563924595372807,0.061480982287283825,-0.11891287610647086
2019-06-24,0.789778146068371,0.7910514693042622,0.7834865707662022,0.7847598940020933,3312.0,-0.00635400218562554,-0.0063742747778687,0.7886941741014171,0.7915949937467729,0.8170874626079735,43.84943100236385,0.7901865465908504,0.7964681520387642,0.7839049411429366,0.015899044282682098,0.004058038447941733,0.005171057388326356,0.7975112917933356,0.7806868837796492,-0.005244470121890776,0.06594758803155162,-1.7277916079747802
2019-06-25,0.7847598940020933,0.7855807987820165,0.781675499505787,0.7824964042857101,9555.0,-0.0028843086065980517,-0.0028884762404243402,0.7881039103094449,0.7912381863169273,0.8167432729729261,40.96899676467059,0.790220319529413,0.7963170898278563,0.7841235492309696,0.015430558156424187,0.004115023983771782,0.005258840757904976,0.7975112917933356,0.7806868837796492,-0.011864075211128311,0.06586515000681845,-2.533772756921773
2019-06-26,0.7824964042857101,0.7833233286678689,0.7824195471884022,0.783246471570561,5682.0,0.0009585568454280047,0.0009580977231881324,0.7876412970962179,0.7909247857386384,0.816409971466435,42.32112281755299,0.7898626421690186,0.7967083706103971,0.78301691372764,0.017333971948792732,0.0038276493459687105,0.004886902762924078,0.7975112917933356,0.781675499505787,-0.0101931345598405,0.051966372816271214,-1.9329339909151209
2019-06-27,0.783246471570561,0.7844438343248029,0.7797226219471048,0.7809199847013467,5049.0,-0.002970312607408543,-0.002974732740856794,0.7870011721062302,0.7905324405999212,0.8160568372697675,39.31323995421066,0.7892643717221814,0.7970277070821844,0.7815010363621785,0.019672331954027754,0.0038564452984654924,0.004938336031879556,0.7975112917933356,0.7797226219471048,-0.014464999065623041,0.0508792052138779,-2.1496912432317123
2019-06-28,0.7809199847013467,0.7822801408725694,0.7786030086020783,0.779963164773301,5009.0,-0.001225247076256708,-0.0012259983051456738,0.7863308856935703,0.7901179591949558,0.8156976962499023,38.11347391998509,0.7886111683533652,0.7971963376325131,0.7800259990742173,0.021772882818978757,0.0039388695639537685,0.0050500712621455845,0.7975112917933356,0.7786030086020783,-0.010444855071986892,0.05078136261295005,-2.014637871164387
2019-07-01,0.779963164773301,0.7805945701093931,0.7791450716434252,0.7797764769795174,7848.0,-0.0002393546288020909,-0.0002393832786930026,0.785706656292232,0.7897124108727818,0.8153402711825353,37.870628102219925,0.7877864968735085,0.7964424131876139,0.7791305805594032,0.021975284797234044,0.00366025965650818,0.004693985731252477,0.7975112917933356,0.7786030086020783,-0.010880909755373924,0.047440121528681586,-1.8507618612112544
2019-07-02,0.7797764769795174,0.78128952394372,0.7753173578583102,0.7768304048225129,5685.0,-0.00377809826787312,-0.0037852533084503327,0.7848612990094016,0.7892072341649281,0.8149570884326843,34.1705091735043,0.7869936465638163,0.7966109333646766,0.777376359762956,0.024440570372712446,0.003801907213114702,0.00489412771373611,0.7935964950361363,0.7753173578583102,-0.015581701094773415,0.046808031651759084,-2.1135361670599844
2019-07-03,0.7768304048225129,0.7784901956735841,0.7756475967429817,0.7773073875940529,7377.0,0.0006140114606469904,0.0006138230327374062,0.7841418788746065,0.7887405735150899,0.8145824645437427,35.27316891063444,0.7863639202537669,0.7967943662322955,0.7759334742752383,0.026528292333561288,0.0037985205789428655,0.0048867676283126165,0.7935964950361363,0.7753173578583102,-0.01861344781894181,0.04616320271252631,-1.7365571286898285
2019-07-04,0.7773073875940529,0.7875091643069012,0.7761735582891126,0.7863753350019609,5564.0,0.011665844880202947,0.011598323533502642,0.7843545889819736,0.7886478190635946,0.8143017965881031,51.8019682587721,0.7860798052765013,0.7961609475171463,0.7759986630358564,0.025649157179655373,0.004207182787780682,0.005350095050692544,0.7935964950361363,0.7753173578583102,-0.0031122834155371537,0.0630379587315615,0.05863020645974645
2019-07-05,0.7863753350019609,0.7872457744159784,0.7837328674332983,0.7846033068473158,5666.0,-0.002253412684466549,-0.00225595543946557,0.7843782763977205,0.7884892107413876,0.8140062892274983,49.160071877037616,0.7858548523811975,0.7958524509652731,0.7758572537971218,0.025443880772084617,0.004231504482528879,0.005393176966755166,0.7935964950361363,0.7753173578583102,-0.006552269452904325,0.062200160028112524,-0.25036923084211576
2019-07-08,0.7846033068473158,0.7860886242024475,0.7843838582102054,0.7858691755653371,1864.0,0.0016133869268379897,0.0016120868163498037,0.7845202667946364,0.7883864642638955,0.8137263179472779,51.07946293910546,0.7857034490586097,0.7955982377350017,0.7758086603822176,0.02518708219557259,0.004264096015004572,0.005425961658232841,0.7935964950361363,0.7753173578583102,0.0014135298856656764,0.06256200029736535,0.0334977354539813
2019-07-09,0.7858691755653371,0.7882285551813119,0.7854657441018321,0.7878251237178069,4972.0,0.00248889791492668,0.0024858057381899577,0.7848350150730335,0.7883644509091469,0.8134685946216116,53.971091907812685,0.785500132035713,0.795019538475063,0.775980725596363,0.02423782263328049,0.004184902787987428,0.005311969194684414,0.7935964950361363,0.7753173578583102,0.006809896381518854,0.06162435712329764,0.4884740864689128
2019-07-10,0.7878251237178069,0.7900458678956916,0.786939464229811,0.7891602084076957,6857.0,0.0016946459940101466,0.0016932117016708551,0.7852469382477633,0.7883956570855605,0.8132267201319209,55.88775877307837,0.7853925211759172,0.7946811392322685,0.7761039031195659,0.02365344157452388,0.004037582559431018,0.00511630276896212,0.793292111957673,0.7753173578583102,0.007550288512984338,0.061973861701947824,0.8112481768377394
2019-07-11,0.7891602084076957,0.7900089693051994,0.7841424534343745,0.7849912143318781,6652.0,-0.005282823476654319,-0.00529682692888098,0.7852225835891076,0.7882621495265926,0.8129457698254529,49.0230317229899,0.7850229925673747,0.7937093728341289,0.7763366123006206,0.02213025694533057,0.004237542645201542,0.005398203913413477,0.7930959384007773,0.7753173578583102,0.005213376159259653,0.06430248860314433,-0.007316795839167008
2019-07-12,0.7849912143318781,0.7860904324768954,0.7821500558219211,0.7832492739669383,3573.0,-0.0022190571475662058,-0.0022215229033222613,0.7850346493393772,0.7880655661713121,0.8126502823044727,46.45541826687098,0.7847756685054831,0.7933627945028191,0.7761885425081471,0.021884281946939654,0.003978648224981134,0.005079670492167065,0.7930247288893093,0.7753173578583102,0.0042131594696430685,0.062138388291507196,-0.35550766089103275
2019-07-15,0.7832492739669383,0.7839942081939825,0.7831486621321381,0.7838935963591822,6194.0,0.0008226275001579353,0.0008222893276032479,0.7849259776269777,0.7879019595120129,0.8123641461259126,47.549707230385565,0.7845526237708474,0.7929785746948701,0.7761266728468248,0.02147963226105712,0.0037600944239536255,0.004796689807669688,0.7930247288893093,0.7753173578583102,0.0052798712210615495,0.06224490008782512,-0.15642802043537435
2019-07-16,0.7838935963591822,0.7858041932805242,0.7799968138747595,0.7819074107961015,7770.0,-0.0025337438299095627,-0.002536959191223631,0.7846384950716562,0.7876668791702125,0.8120610940330787,44.528660785893535,0.7841916775352316,0.7924085632501858,0.7759747918202773,0.02095631960997216,0.004110351418689199,0.005256826271161993,0.7930247288893093,0.7753173578583102,0.006535539729226381,0.06255335877108985,-0.5559933089912226
2019-07-17,0.7819074107961015,0.7832021029244346,0.7813877946455988,0.7826824867739319,9667.0,0.0009912631177664277,0.0009907721409134818,0.784452208567111,0.7874714128017309,0.811768769582739,45.97125301951102,0.7837232932667669,0.791076642583717,0.7763699439498168,0.01876516719644601,0.003902715411627606,0.004986332871345895,0.7930247288893093,0.7753173578583102,0.00691502392189558,0.060880614547221726,-0.2830836528970134
2019-07-18,0.7826824867739319,0.7837574321018388,0.780150103770284,0.7812250490981909,5628.0,-0.0018621058990961892,-0.0018638417735420008,0.7841448600462615,0.7872264573623764,0.8114648519659774,43.67138807563763,0.7833430257831903,0.7903634085058114,0.7763226430605691,0.01792415963773256,0.003897729415989299,0.004989252995009124,0.7910514693042622,0.7753173578583102,-0.00654939909039387,0.05970251634270693,-0.6033792653995325
2019-07-19,0.7812250490981909,0.7816541977564242,0.7757391295163514,0.7761682781745847,1357.0,-0.00647287350737602,-0.006493913394593372,0.7833851855822922,0.7867928032765807,0.8111136422765108,36.793500512589276,0.782662532388501,0.7896949719506191,0.775630092826383,0.017970553772790766,0.004216698685568216,0.0054327119571095745,0.7910514693042622,0.7753173578583102,-0.010750692227674552,0.06296559018726493,-1.8469420622963366
2019-07-22,0.7761682781745847,0.7767766338636445,0.7742086733010659,0.7748170289901257,3586.0,-0.0017409229705146467,-0.0017424401380128072,0.7825691706687525,0.7863231650692688,0.8107524819453031,35.1982601808879,0.7821653891379026,0.7899401417862468,0.7743906364895583,0.01988007333567532,0.003973541148223133,0.0051283606316734325,0.7900458678956916,0.7742086733010659,-0.014063595976086862,0.05967134597616283,-1.8903135521209762
2019-07-23,0.7748170289901257,0.7786156127891926,0.7742004372268945,0.7779990210259613,9074.0,0.0041067657482734,0.004098356002525833,0.78213391832182,0.7859967280479626,0.8104265768615286,41.61753231570385,0.7819405199749152,0.7899320935428523,0.7739489464069781,0.02044036180192705,0.004085868050487107,0.00525176502805749,0.7900458678956916,0.7742004372268945,-0.01247244140358894,0.061307104477563414,-0.9864137307745028
2019-07-24,0.7779990210259613,0.7825057367492874,0.7773190255190774,0.7818257412424034,3492.0,0.004918669706545087,0.004906612571251498,0.7821045681237803,0.7858331599379407,0.8101419914324827,48.25604849681978,0.7818694834585073,0.7898374016213958,0.7739015652956187,0.020381709048531756,0.0036466612799457765,0.004664289096123706,0.7900458678956916,0.7742004372268945,-0.009294015444710757,0.06392482080142743,-0.010979584681868111
2019-07-25,0.7818257412424034,0.7828044656822017,0.7782271121444085,0.7792058365842068,5364.0,-0.003351008440874992,-0.003356635644381504,0.7818284984533448,0.7855732649044609,0.8098341689961814,44.5233741689602,0.7817837760526503,0.7898311779986538,0.7737363741066468,0.020587283063447825,0.0037226931767395666,0.004777547859572872,0.7900458678956916,0.7742004372268945,-0.007369990443262919,0.06416669930911152,-0.6406886311236587
2019-07-26,0.7792058365842068,0.7836665633029573,0.7781922571099267,0.7826529838286771,1997.0,0.004423923798596574,0.004414167012643629,0.781907020870043,0.7854587440779597,0.809563709442276,50.00323215644054,0.7819182670054191,0.7899273718411662,0.773909162169672,0.020485785212360615,0.003991946048224456,0.0051005313091584585,0.7900458678956916,0.7742004372268945,-0.0007613031484104971,0.06596339345457572,0.18347039733547046
2019-07-29,0.7826529838286771,0.7836507218558774,0.7798129886708116,0.7808107266980119,4370.0,-0.00235386201641119,-0.0023566367046179574,0.7818026119012782,0.7852764688865892,0.8092776101114872,47.313439048799246,0.7819699794913438,0.7899340865867129,0.7740058723959747,0.02036934231298648,0.004068726198623458,0.005210899465776791,0.7900458678956916,0.7742004372268945,-0.003932765461395316,0.06656610180302165,-0.291119338163101
2019-07-30,0.7808107266980119,0.7815646466555419,0.7734492150858503,0.7742031350433803,8181.0,-0.008462475512566958,-0.00849848555847226,0.7810788522005261,0.784842220500581,0.8089286103595659,39.173970894613255,0.7818386160023871,0.7902346272891285,0.7734426047156457,0.021477607053156236,0.004426513906038527,0.0057175096633915075,0.7900458678956916,0.7734492150858503,-0.009853181650851695,0.07201574064216398,-1.8188353250702318
2019-07-31,0.7742031350433803,0.775347502836167,0.7713478403242772,0.7724922081170639,8631.0,-0.002209919914907821,-0.0022123653914588163,0.7802610765735297,0.7843579062894626,0.8085660590934713,37.38075519893402,0.7815978570285377,0.7907802863373544,0.7724154277197209,0.023496557024161528,0.0042931672375431705,0.005557554098840285,0.7900458678956916,0.7713478403242772,-0.013019684008607979,0.07231041220447476,-1.9832766700922582
2019-08-01,0.7724922081170639,0.7734678145858147,0.7707742941635586,0.7717499006323094,7524.0,-0.0009609255303218989,-0.0009613875152384231,0.7794504883886516,0.7838634746950643,0.8081997291585344,36.59799401978722,0.7808665853100552,0.7907497828634219,0.7709833877566884,0.02531340881859473,0.004204106078063303,0.005447498049068486,0.7900458678956916,0.7707742941635586,-0.012128577388575978,0.05682912546586219,-1.8448856513325715
2019-08-02,0.7717499006323094,0.7749365323664184,0.7709045980335864,0.7740912297676953,7374.0,0.003033792597145313,0.0030291999348294597,0.7789400828057034,0.783480249403795,0.8078603411048942,40.80822465424299,0.7803409814560741,0.7905016459347246,0.7701803169774236,0.026041601607777264,0.004431705240276703,0.005725042565857073,0.7900458678956916,0.7707742941635586,-0.002676028466113367,0.058279234372892647,-1.2301856244757943
2019-08-05,0.7740912297676953,0.7819961966702579,0.7732625665046503,0.7811675334072129,8454.0,0.009141433680421862,0.00909990367951736,0.779152220958228,0.783389554658831,0.8075947410283004,51.32808542667623,0.780105899348168,0.7899403471147068,0.7702714515816291,0.02521310959129065,0.004640723151694052,0.0059407527236220925,0.7900458678956916,0.7707742941635586,0.008196134286522216,0.06757263238149315,0.21590110278628208
2019-08-06,0.7811675334072129,0.7818806731356387,0.7791190614453091,0.7798322011737349,8307.0,-0.0017094056989973572,-0.0017108684000565913,0.7792169809787525,0.7832500506005919,0.8073184968506432,49.53887141564716,0.7797062532209643,0.7888449145179262,0.7705675919240025,0.023441292818186472,0.004708387681086469,0.006037693331975543,0.7900458678956916,0.7707742941635586,0.0023562756484656333,0.0669217264761418,0.027563764249018748
2019-08-07,0.7798322011737349,0.7842576949056475,0.7786083952362371,0.7830338889681497,8206.0,0.00410561116814101,0.004097206143929539,0.7795804960253617,0.7832415736738295,0.8070768589612651,53.70573031012,0.779399937248987,0.7875629626224525,0.7712369118755216,0.020946949013822443,0.00485424277664758,0.006199275465643389,0.7900089693051994,0.7707742941635586,0.001545290289145962,0.06849961861831921,0.8903443399735369
2019-08-08,0.7830338889681497,0.7861239054853604,0.7820329255114897,0.7851229420287004,2534.0,0.00266789610256013,0.0026643435848491097,0.7801083480256796,0.783315352825001,0.8068584120266128,56.24459036306427,0.7794065236338281,0.7875887342102961,0.7712243130573602,0.02099600228727884,0.00472395075763314,0.006016829345766914,0.7861239054853604,0.7707742941635586,0.007593764274703485,0.06674451542513388,1.3972797061255522
2019-08-09,0.7851229420287004,0.7871408920216033,0.785099132388794,0.787117082381697,1164.0,0.002539908396822499,0.0025366882808708865,0.7807758465357765,0.7834644402585969,0.8066619808858674,58.579742873578766,0.7795999140545661,0.7883290991747183,0.7708707289344139,0.02239401252561251,0.004686364976935332,0.005953834673178611,0.7871408920216033,0.7707742941635586,0.0057038031480847184,0.06676783874321207,1.7223070020079665
2019-08-12,0.787117082381697,0.7872576529135091,0.7830921520482002,0.7832327225800123,1253.0,-0.004934919961247952,-0.004947136888371026,0.7810098347304656,0.7834553532908093,0.8064288539375505,52.681898291718575,0.7795668703656076,0.7882323912560274,0.7709013494751877,0.02223162943380548,0.004668531070007539,0.005960592471965595,0.7872576529135091,0.7707742941635586,0.0031018988330793196,0.06920183159097149,0.8460777512999865
2019-08-13,0.7832327225800123,0.784092550117161,0.7796882251866579,0.7805480527238066,1279.0,-0.003427678362776132,-0.003433566310766969,0.7809658554917361,0.783341341503868,0.8061713335274635,49.009244511113785,0.7794989024619928,0.7881082687817361,0.7708895361422495,0.022089489266889827,0.0046126463343141855,0.00590949694668747,0.7872576529135091,0.7707742941635586,0.008195417188630705,0.06970120924160349,0.24372299257560703
2019-08-14,0.7805480527238066,0.7811807534792731,0.7790210522822224,0.7796537530376889,7786.0,-0.0011457330307812486,-0.0011463898846375321,0.7808408933532555,0.7831967301914688,0.8059074770051772,47.813479615172675,0.7793474657751807,0.7878266136129255,0.7708683179374358,0.02175960841628201,0.004439956881404005,0.0056947803612886275,0.7872576529135091,0.7707742941635586,0.009270701821162852,0.06967923434507667,0.07224482185457808
2019-08-15,0.7796537530376889,0.780465478780312,0.7784954902260022,0.7793072159686253,1175.0,-0.0004444755992175642,-0.0004445744077764611,0.7806948288404335,0.7830442002219455,0.8056427977908832,47.331565151770555,0.7792515741187025,0.7876845688414944,0.7708185793959106,0.021643831088385638,0.004189648478638238,0.005376119189953597,0.7872576529135091,0.7707742941635586,0.009792440958040993,0.0694077752617037,0.013196225481420147
2019-08-16,0.7793072159686253,0.7830603426295433,0.7781212032926655,0.7818743299535835,2318.0,0.003294097542478891,0.00328868388864723,0.7808071622797812,0.7829983229565196,0.8054062956233479,51.251350933191105,0.7795368767076523,0.787916580670765,0.7711571727445395,0.021499185512567704,0.004268320346624809,0.005459087455752896,0.7872576529135091,0.7707742941635586,0.010054499891729796,0.06612021490568704,0.5578844446583541
2019-08-19,0.7818743299535835,0.7822762248474064,0.7811733177764281,0.781575212670251,3740.0,-0.00038256439925621333,-0.00038263759568482955,0.7808803099360164,0.7829425147099993,0.8051691704198345,50.77715121575462,0.7798747858916586,0.7879941134708528,0.7717554583124644,0.020822131260240927,0.0037674257395738614,0.004820298390352548,0.7872576529135091,0.7707742941635586,0.000521884545380269,0.06571838952521761,0.4188590156036442
2019-08-20,0.781575212670251,0.7825259590644803,0.7802576971873123,0.7812084435815416,3344.0,-0.00046926908986311133,-0.00046937923106104944,0.7809115607593998,0.782874511920648,0.8049307552274138,50.164255972898424,0.7800352570194375,0.788125298473396,0.7719452155654791,0.020742758435999323,0.0036437542656651556,0.004664253562032608,0.7872576529135091,0.7707742941635586,0.0017647929974362597,0.06432696538375506,0.2900322745639452
2019-08-21,0.7812084435815416,0.785137077011278,0.7802640074379331,0.7841926408676695,2200.0,0.0038199757192158845,0.003812698139532188,0.7812240445792351,0.7829262032519038,0.8047244058307994,54.93093546071104,0.7801536020007009,0.7884212250533612,0.7718859789480407,0.021194859657016205,0.003799436347885781,0.004845029333202996,0.7872576529135091,0.7707742941635586,0.0014798234352879636,0.06337226451927472,0.9770737831761435
2019-08-22,0.7841926408676695,0.7851312154464949,0.7809769287080395,0.7819155032868649,5789.0,-0.002903798712373895,-0.0029080229153268366,0.7812898977894855,0.7828865679591572,0.804497451576631,50.928004608693065,0.7802890853358339,0.7885800884386865,0.7719980822329812,0.02125110618274064,0.0038081758054303106,0.004870316280240306,0.7872576529135091,0.7707742941635586,-0.00408526941468268,0.06306289373607638,0.39233321489685885
2019-08-23,0.7819155032868649,0.7826832219094952,0.7760197297140342,0.7767874483366646,3149.0,-0.006558323666232435,-0.0065799239638459385,0.7808610930796931,0.7826473867974909,0.8042217301513577,43.27927732724023,0.7799958085612332,0.7883494613948115,0.7716421557276548,0.02141973775214861,0.0036603088075627004,0.0047121111642580244,0.7872576529135091,0.7707742941635586,-0.013123376783764518,0.06527321451601578,-0.7681334832762691
2019-08-26,0.7767874483366646,0.7772399681413277,0.7751892310829566,0.7756417508876197,9977.0,-0.0014749175614232612,-0.001476006323017174,0.7803640128709242,0.782372655977496,0.803937352248236,41.769899703556824,0.7797373597707136,0.7883020302933081,0.771172689248119,0.021968090704575366,0.0036095320481370923,0.004653607214937127,0.7872576529135091,0.7707742941635586,-0.009691846974150375,0.06499251213993044,-0.9563961327617297
2019-08-27,0.7756417508876197,0.7821950531649874,0.7748824274087143,0.781435729686082,7694.0,0.007469916094423601,0.007442154436976541,0.7804660811390344,0.7823359137699895,0.8037134555063241,51.0645514000273,0.7800989895028486,0.7882820375295717,0.7719159414761255,0.020979511925629055,0.003728341054341579,0.004771142286825465,0.7872576529135091,0.7707742941635586,0.0011372483208147433,0.06311034372631508,0.3267096023066282
2019-08-28,0.781435729686082,0.7827407818103423,0.7809326907380029,0.7822377428622632,4182.0,0.0010263328712949438,0.001025806551802141,0.7806348108269608,0.7823320639304707,0.8034997668232986,52.201879287959365,0.7805862662401086,0.7879851733684289,0.7731873591117884,0.018957307983290463,0.003565277561375067,0.004557792811593908,0.7872576529135091,0.7707742941635586,0.0033142786968016757,0.06232657388694496,0.4464109613792417
2019-08-29,0.7822377428622632,0.7829988339869484,0.7783481265080021,0.7791092176326873,5724.0,-0.003999455738518121,-0.004007474950417158,0.78048951623703,0.7822056778011458,0.8032570747915513,47.5585102783464,0.7809542320901276,0.7871344299219561,0.774774034258299,0.01582729839439633,0.003751630978956279,0.004815282497049077,0.7872576529135091,0.7709045980335864,-0.0002540696812256549,0.06426129498083183,-0.597072944150223
2019-08-30,0.7791092176326873,0.7793084353319271,0.7757384691554764,0.7759376868547162,8390.0,-0.004070713972050943,-0.004079021881920127,0.7800560086768097,0.7819598742346192,0.8029852400857121,43.3489247121472,0.7810465549444786,0.7868380181706429,0.7752550917183143,0.01483000773641719,0.003709092786894971,0.004780142593575878,0.7872576529135091,0.7732625665046503,-0.007592835410288656,0.06545734762877699,-1.7642754137441097
2019-09-02,0.7759376868547162,0.7771858963533724,0.7702546321984296,0.7715028416970858,6686.0,-0.00571546560086178,-0.005731861377222516,0.7792414213454074,0.7815497945272649,0.8026719823903029,38.25043350222829,0.7805633203589722,0.7877556771704549,0.7733709635474896,0.018428631281764522,0.0038895884457835284,0.005041573712453923,0.7872576529135091,0.7702546321984296,-0.012887270233088555,0.05927334943806869,-2.5194741861030194
2019-09-03,0.7715028416970858,0.7720446453097785,0.7689120549313417,0.7694538585440344,8520.0,-0.0026558335787127962,-0.0026593665614408736,0.7783092725071814,0.78107544409655,0.8023414537948177,36.13575160298229,0.7800444032274872,0.7887889364389472,0.7712998700160273,0.022420603686864115,0.003959080530168246,0.005145312465726853,0.7872576529135091,0.7689120549313417,-0.015046669213682584,0.05959928794140686,-2.4222092654582554
2019-09-04,0.7694538585440344,0.7732535262490252,0.7682087417287587,0.7720084094337496,4289.0,0.0033199533166927697,0.003314454438997198,0.7777091903097118,0.7807198741097736,0.8020396324578917,40.548719368055124,0.7794931292507672,0.7888151992882331,0.7701710592133013,0.023918286608699327,0.004178708813450861,0.005412776288947225,0.7872576529135091,0.7682087417287587,-0.015537293770620741,0.05882578034507861,-1.605806389983374
2019-09-05,0.7720084094337496,0.7731466791807939,0.770425349480126,0.7715636192271703,9400.0,-0.0005761468413350013,-0.0005763128777036739,0.7771238978256602,0.780360805290848,0.8017363885451482,40.03005728227655,0.7788151631106908,0.7883823138940433,0.7692480123273382,0.024568475901624996,0.004020293839435878,0.005210579839758086,0.7872576529135091,0.7682087417287587,-0.013239133916873813,0.057472277461302596,-1.515925492914478
2019-09-06,0.7715636192271703,0.7728790006310051,0.7711085286000653,0.7724239100039001,4959.0,0.0011149965541292772,0.0011143754071463719,0.7766762799378735,0.7800495544952815,0.8014447220920015,41.586367984066676,0.7780805044918008,0.7872099947524974,0.7689510142311041,0.0234666983891584,0.004067977050861696,0.005266508452387441,0.7872576529135091,0.7682087417287587,-0.005617416118280705,0.05656826307759537,-1.2391917459516655
2019-09-09,0.7724239100039001,0.7754660333840664,0.7717915961956391,0.7748337195758054,2772.0,0.0031198018868849875,0.00311494540320123,0.7765007979986289,0.7798450119494197,0.801179935997313,45.82733606652142,0.7776605543415905,0.7865620049919619,0.7687591036912191,0.022892894851553453,0.004168418144523075,0.005379758313570994,0.785137077011278,0.7682087417287587,-0.0010417584031411353,0.05624016876379633,-0.6351402432742171
2019-09-10,0.7748337195758054,0.7757868485861643,0.7710492220634917,0.7720023510738506,8935.0,-0.003654162732495525,-0.0036608554944019727,0.7760723744819833,0.7795374566209661,0.8008896117692188,41.97162133941627,0.7772332692590926,0.7863684681473949,0.7680980703707904,0.02350696824136342,0.004158743640903628,0.005386957222499182,0.785137077011278,0.7682087417287587,-0.012071854733364917,0.05640029918516776,-1.1452226162126018
2019-09-11,0.7720023510738506,0.7726897202805058,0.7711010889726476,0.7717884581793027,1622.0,-0.0002770624911314634,-0.0002771008800343732,0.7756643824531565,0.7792335743291362,0.8006000480519062,41.68628432499043,0.7768400045161734,0.7862106239056175,0.7674693851267294,0.02412496610619379,0.003975482538718108,0.005151000247006181,0.785137077011278,0.7682087417287587,-0.013358195482521484,0.056361713238631435,-1.0781670083753834
2019-09-12,0.7717884581793027,0.7732196783252191,0.7646536340770429,0.7660848542229592,8319.0,-0.007390113049628444,-0.007417555219153653,0.774752046431233,0.778717938246541,0.8002566132874391,34.87729243711007,0.77617888642889,0.786621057958903,0.765736714898877,0.0269066106089442,0.004111379113912049,0.005366741153083134,0.785137077011278,0.7646536340770429,-0.01671699309283281,0.06143372682333616,-1.9333205122935146
2019-09-13,0.7660848542229592,0.766802470102942,0.7647733382144802,0.765490954094463,5012.0,-0.0007752406606428286,-0.0007755413150801912,0.7738700376372549,0.7781992329856753,0.799910686330295,34.24995901252764,0.775359717635934,0.786469770600522,0.764249664671346,0.028657802854299603,0.004109835887489953,0.005368888901308678,0.785137077011278,0.7646536340770429,-0.013463365599110544,0.059461087638605636,-1.7765466236617515
2019-09-16,0.765490954094463,0.765935992928649,0.7634218933238147,0.7638669321580007,7546.0,-0.002121542949365618,-0.002123796609664202,0.772917360924945,0.7776371819728254,0.7995520420101727,32.52704565026508,0.7744743036103215,0.7862982814319116,0.7626503257887315,0.030534203049658107,0.0037670840195300364,0.004931597194406159,0.785137077011278,0.7634218933238147,-0.009897448364918904,0.05952194534599777,-1.7942136922740506
2019-09-17,0.7638669321580007,0.7650936989626775,0.7633133450388789,0.7645401118435557,7383.0,0.0008812787374539166,0.0008808906393457087,0.7721195276790984,0.7771235713795207,0.7992036645955796,34.00892344554241,0.7736408870234223,0.7858109841601398,0.7614707898867047,0.03146187679801137,0.0037651027946342596,0.004924663515110238,0.785137077011278,0.7633133450388789,-0.006386018662349002,0.05991511722359167,-1.495596144817811
2019-09-18,0.7645401118435557,0.7652343885224261,0.763415751495941,0.7641100281748113,6913.0,-0.0005625390507076888,-0.0005626973351630495,0.7713567182024996,0.7766132363518851,0.7988544741834327,33.50266916761309,0.7726367563887794,0.7844498686404071,0.7608236441371516,0.03057869601451772,0.003562812048029892,0.004662695052622448,0.7851312154464949,0.7633133450388789,-0.010230952360650525,0.057124721087242245,-1.4436040278535616
2019-09-19,0.7641100281748113,0.7641659637040356,0.7577763424921066,0.7578322780213308,8699.0,-0.008215767261261941,-0.008249702675232461,0.7700686762804836,0.7758767281820594,0.7984462931270935,27.149701564705197,0.7714325951255027,0.7841393115331385,0.7587258787178668,0.032943167006233766,0.0037642159791354862,0.004967083203375423,0.7829988339869484,0.7577763424921066,-0.017796771210640272,0.06201727298663743,-2.1406501361750725
2019-09-20,0.7578322780213308,0.7584722549187861,0.7562474601798046,0.7568874370772599,6223.0,-0.0012467678818561811,-0.0012475457435409906,0.7688133201658908,0.7751320500995184,0.7980327721713738,26.340131336158933,0.7704375945625324,0.7844302595296043,0.7564449295954604,0.03632394126617677,0.003428039592281107,0.0045291273501890435,0.7829988339869484,0.7562474601798046,-0.02011392025210834,0.05913356586815524,-1.9367515076161919
2019-09-23,0.7568874370772599,0.7605840476552704,0.755360224349085,0.7590568349270955,5424.0,0.0028662093510400943,0.002862109604970189,0.7678841310955293,0.7745016495045214,0.7976449519002865,31.39825904033681,0.7696083487645062,0.7842529825662292,0.7549637149627832,0.03805736729658093,0.0035774133728345863,0.004712971688316571,0.7829988339869484,0.755360224349085,-0.02036163921382661,0.060934032231789746,-1.4410075363126285
2019-09-24,0.7590568349270955,0.7597521733581676,0.7541827295480859,0.7548780679791579,9647.0,-0.0055052095648924215,-0.005520419077790704,0.7666454584177796,0.7737320972878405,0.797219410766743,27.48334628108276,0.76828046567916,0.7832227330609715,0.7533381982973485,0.0388979495101506,0.0036148890363928193,0.004788705871492648,0.7829988339869484,0.7541827295480859,-0.02218164630052344,0.05379456222129133,-1.7938907606908627
2019-09-25,0.7548780679791579,0.7555301103233647,0.7525265405006298,0.7531785828448366,4811.0,-0.0022513372773842466,-0.0022538753472355695,0.7653628988394041,0.7729260771136051,0.7967811935734902,26.060204272171134,0.7668275076782887,0.7817065177871995,0.7519484975693779,0.03880666762714273,0.003635049045111884,0.004826277761884721,0.7829988339869484,0.7525265405006298,-0.024112663434185055,0.052823071510931525,-1.8346549580308316
2019-09-26,0.7531785828448366,0.7546080061654363,0.7526382676233836,0.7540676909439833,1822.0,0.0011804744842696113,0.00117977827211886,0.764287164754126,0.7721865325579336,0.7963561835970773,28.156197235216354,0.7655754313438535,0.7803166881237685,0.7508341745639385,0.03851026607277332,0.003649282367334234,0.004839462572339974,0.7793084353319271,0.7525265405006298,-0.01568646503417037,0.05327217121368438,-1.5612970551533383
2019-09-27,0.7540676909439833,0.7557745356678436,0.7538690681606504,0.7555759128845106,5661.0,0.002000114788951235,0.0019981172224980658,0.7634575217189244,0.7715351357079955,0.7959504097591413,31.69347478894585,0.7645573426453431,0.7790964444244457,0.7500182408662406,0.03803273075319046,0.0035229273901032287,0.004662572390183786,0.7771858963533724,0.7525265405006298,-0.01295252563981153,0.05393264613984423,-1.2354861940290913
2019-09-30,0.7555759128845106,0.7565170598810352,0.7529365434728864,0.753877690469411,1446.0,-0.0022475867561956298,-0.00225011637037127,0.7625451568380184,0.7708426868751098,0.7955317757363579,29.907893409043126,0.7636760850839595,0.7785747868876027,0.7487773832803162,0.03901837989860661,0.003440276667637243,0.0045634414058534,0.7757868485861643,0.7525265405006298,-0.013077201365909508,0.05153850172085789,-1.3153353552122793
2019-10-01,0.753877690469411,0.7616711644840853,0.7526242819461303,0.7604177559608046,6768.0,0.008675234158105116,0.008637820539812293,0.7623425472306646,0.770433866054941,0.7951823825047605,43.183552192412,0.7632242799547979,0.77793206688865,0.7485164930209458,0.03854119246500695,0.003973008898358451,0.005224771340772372,0.7757868485861643,0.7525265405006298,-0.005391941925467769,0.061816718249269265,-0.3816378366936577
2019-10-02,0.7604177559608046,0.763826229531064,0.7596867974302286,0.763095271000488,7921.0,0.0035211106246464396,0.0035149260281446683,0.7624142352087431,0.77014607801359,0.7948631077634245,47.56244121583522,0.7627786230331349,0.7768939282322578,0.7486633178340121,0.03701022753625251,0.0036568223164055408,0.004792091440445058,0.7757868485861643,0.7525265405006298,-0.0013280249400040578,0.06198906323469679,0.04486590447548606
2019-10-03,0.763095271000488,0.7634356060065761,0.7584581729780265,0.7587985079841146,1544.0,-0.005630703241994883,-0.005646615410739847,0.7620698802349689,0.7697010752673361,0.794504256024327,41.97202719967592,0.762140367470982,0.7757276409167486,0.7485530940252154,0.03565556694196211,0.003867415254983242,0.005096761807370615,0.7757868485861643,0.7525265405006298,0.0012749918297312313,0.06453641578931017,-0.4919102423611857
2019-10-04,0.7587985079841146,0.7599805501856874,0.7580669242947035,0.7592489664962763,5884.0,0.0005936470715504072,0.0005934709328336684,0.7618012217836648,0.7692911886488633,0.7941534571235503,42.73198598085291,0.7614816202956008,0.7742206733404406,0.748742567250761,0.033458596255795656,0.003824524275422506,0.0050372466005079025,0.7757868485861643,0.7525265405006298,0.003120053660998101,0.06435473219390352,-0.35052115592358885
2019-10-07,0.7592489664962763,0.7611586187080303,0.7579429798808874,0.7598526320926414,8435.0,0.0007950825394611449,0.0007947666287778225,0.7616156418130912,0.7689210491760703,0.7938121553819494,43.79431535936828,0.7607325659214427,0.7718207283390314,0.749644403503854,0.02915127579468899,0.003927044625661379,0.005168166115114006,0.7757868485861643,0.7525265405006298,0.0010484026082477893,0.06296585902576908,-0.15871589820968826
2019-10-08,0.7598526320926414,0.7652686495814452,0.7595338444711667,0.7649498619599705,8385.0,0.006708182155388709,0.006685782420011044,0.7619331865889845,0.7687653163440664,0.7935249683827257,51.90678934998027,0.7603799414657487,0.7703513800559845,0.750408502875513,0.026227516130986502,0.004206770917360912,0.0054994073815272495,0.7732196783252191,0.7525265405006298,0.013342279247528399,0.06767106597449558,0.9166020434998731
2019-10-09,0.7649498619599705,0.7658410908850479,0.7590422632827188,0.7599334922077963,4899.0,-0.0065577758773904815,-0.00657937255886266,0.7617427395050618,0.7684189702995068,0.7931907248386966,45.01997563946246,0.7597871931671734,0.7681890550326573,0.7513853313016894,0.02211635558230669,0.004235999945246633,0.0055741719356782096,0.7732196783252191,0.7525265405006298,0.008968536170327113,0.07104629950594535,0.03482538584070938
2019-10-10,0.7599334922077963,0.7604213891429358,0.7592380928198829,0.7597259897550224,4326.0,-0.0002730534380990246,-0.00027309072397656596,0.7615506681002961,0.7680780691016839,0.7928577424000531,44.75545563037585,0.7594692499437766,0.7673316193007327,0.7516068805868206,0.020704905057151703,0.0041616072012517335,0.005477773904501629,0.766802470102942,0.7525265405006298,0.00750370143024659,0.06659496683751139,0.06530850932832262
2019-10-11,0.7597259897550224,0.7689135301349266,0.7593837025876862,0.7685712429675904,8070.0,0.01164268872178531,0.011575434134249801,0.7622192942781336,0.7680974092532881,0.7926160856892824,56.491018172531795,0.7596232643874329,0.7680804754954914,0.7511660532793744,0.022266856492023052,0.004469178932755661,0.00581491823126164,0.7689135301349266,0.7525265405006298,0.017199238172466824,0.07910122884822594,2.1160589385385657
2019-10-14,0.7685712429675904,0.7740288880216355,0.7676704507347479,0.773128095788793,1305.0,0.00592899209136144,0.005911484784126109,0.7632582277553394,0.7682946910782099,0.7924221753420139,61.07820843791137,0.7600863225689725,0.770344303196574,0.7498283419413709,0.026991620091073767,0.004525535609670363,0.00585353919269113,0.7740288880216355,0.7525265405006298,0.025535183707844578,0.08108741325522033,2.5427564533956404
2019-10-15,0.773128095788793,0.7739544431498512,0.7672933122015704,0.7681196595626285,1463.0,-0.006478145411407676,-0.006499219659392944,0.7637212212607954,0.7682878270972068,0.7921803592646071,54.30174014610801,0.7602652999549262,0.7709658350856644,0.749564764824188,0.02814947658764016,0.004786789975780787,0.0062318284868615546,0.7740288880216355,0.7525265405006298,0.010128516254979347,0.08488603204796445,1.4680311800743477
2019-10-16,0.7681196595626285,0.7696147714616366,0.7619596463220317,0.7634547582210398,9862.0,-0.006073144051858992,-0.006091660598364043,0.7636958438284378,0.768098294984416,0.7918945323885517,48.86385708082303,0.7602325364572375,0.7708874205600492,0.7495776523544259,0.028030592198709472,0.005192889018463083,0.006801829397937432,0.7740288880216355,0.7525265405006298,0.00047109087713326225,0.08778733256178607,0.6048346904030568
2019-10-17,0.7634547582210398,0.7643093493074842,0.7608211778386651,0.7616757689251095,1699.0,-0.0023301829961419607,-0.002332902097363248,0.7635034557424065,0.7678464312173844,0.7915938481749851,46.93359835326979,0.7604247110024265,0.771035868940048,0.7498135530648049,0.027908503719279353,0.005305939301436358,0.006966139029109715,0.7740288880216355,0.7525265405006298,0.0037918642574019668,0.08285435343113479,0.23580045270033861
2019-10-18,0.7616757689251095,0.7659660240704826,0.761464521822879,0.7657547769682522,1088.0,0.005355307611924154,0.005341018942892401,0.7637178672877252,0.7677644055605557,0.7913367429888485,51.64979603237058,0.7608680779969761,0.7715972807066764,0.7501388752872757,0.028202530819654095,0.0053717240042545555,0.007014940246957499,0.7740288880216355,0.7525265405006298,0.008568744587165389,0.08455255765887891,0.9109155831044288
2019-10-21,0.7657547769682522,0.771162947562378,0.7651359814896703,0.7705441520837961,5544.0,0.006254450196844674,0.0062349722967270866,0.7643679896492557,0.7678734152281338,0.791129851537057,56.53437630655541,0.7614424438548112,0.7729640290138006,0.7499208586958218,0.030262524113211287,0.005156015685308316,0.006691395517524612,0.7740288880216355,0.7525265405006298,0.014070517807788896,0.08658999075219705,1.5799402779024034
2019-10-22,0.7705441520837961,0.7712212980591782,0.7685586552928573,0.7692358012682393,6181.0,-0.0016979569723792887,-0.0016994001351695565,0.7648315907558256,0.7679268421316673,0.790912000290601,54.90263185788596,0.7621603305192652,0.773748764459252,0.7505718965792785,0.03040943873867453,0.00505053073284299,0.006565647002539636,0.7740288880216355,0.7525265405006298,0.0056029022572634535,0.08394749025734193,1.2211263032806574
2019-10-23,0.7692358012682393,0.7703035239686248,0.7663839365931728,0.7674516592935583,6261.0,-0.0023193693945855465,-0.002322063298024038,0.7650811210927525,0.767908207510565,0.7906785640617747,52.67012021334052,0.7628739843417013,0.7738766288942082,0.7518713397891944,0.02884524778230909,0.004974970329050302,0.00648245432634777,0.7740288880216355,0.7526242819461303,0.009893190868479618,0.0839823024003234,0.8321044872460264
2019-10-24,0.7674516592935583,0.7682811469361766,0.762898129031328,0.7637276166739463,8845.0,-0.004852478425859452,-0.004864289924816637,0.7649522159100091,0.7677442627718741,0.7904103954310501,48.2590008442575,0.7633569806281996,0.7735502556605395,0.7531637055958597,0.026706443488474875,0.005222784044326341,0.006838542865677297,0.7740288880216355,0.7526242819461303,0.0052671976118841,0.08645877045789084,0.07272168063175215
2019-10-25,0.7637276166739463,0.7643452068747701,0.7621480348239951,0.7627656250248189,5482.0,-0.0012596004493288238,-0.0012603944127626272,0.7647439691590385,0.7675490220759111,0.7901353230886996,47.16024327405106,0.7637164662352148,0.7732393876538171,0.7541935448166126,0.024938368726147877,0.00515003641744293,0.006751794061610155,0.7740288880216355,0.7526242819461303,-0.007553779816630857,0.08655820947480755,-0.1996952759766582
2019-10-28,0.7627656250248189,0.7636059355754693,0.7613297314217744,0.7621700419724248,9175.0,-0.0007808205205560581,-0.0007811255196754345,0.7644988332365039,0.767338081679696,0.7898570615850551,46.455043542522716,0.7641310838103655,0.7725028461023169,0.7557593215184142,0.021911848554060333,0.004902993491972667,0.006432939136894148,0.7740288880216355,0.7526242819461303,-0.014173658771497899,0.08609881342965046,-0.4684896129518946
2019-10-29,0.7621700419724248,0.765576998625859,0.7620952506880754,0.7655022073415096,9595.0,0.004371944822787244,0.004362415635977762,0.7645943926750759,0.7672660866076103,0.7896147247269104,50.880508091064186,0.7643853063794008,0.7725894005065477,0.756181212252254,0.02146586036826501,0.004666059230219423,0.006095422306388957,0.7740288880216355,0.7579429798808874,-0.003407609984373061,0.08197622478384045,0.27227892435145523
2019-10-30,0.7655022073415096,0.7685662214449069,0.76457783369615,0.7676418477995473,3274.0,0.0027950807163159563,0.0027911817418198076,0.7648846264964542,0.7672808223406274,0.7893960891355934,53.53606273719751,0.7646126352193539,0.7729175648250184,0.7563077056136893,0.02172323402236741,0.004866422903483999,0.006339444517561995,0.7740288880216355,0.7579429798808874,0.005484397776580829,0.08164307835726194,0.729497472953241
2019-10-31,0.7676418477995473,0.7685940685987318,0.7671387498513278,0.7680909706505124,6326.0,0.0005850682219221692,0.0005848971362379632,0.7651899926063644,0.7673125928625838,0.7891840979068863,54.09704745702348,0.7650772583526737,0.7730455318047063,0.7571089849006412,0.02082998380892784,0.0042896722749242566,0.005584849241609029,0.7740288880216355,0.7579429798808874,0.008422483669732861,0.07856816216710386,0.7564279303366317
2019-11-01,0.7680909706505124,0.7718895754650575,0.7673887462950066,0.7711873511095518,1742.0,0.004031267880179712,0.004023164091546642,0.765761169606668,0.7674645441663865,0.7890050257994501,57.87334215134301,0.7656741775833374,0.7735925979435625,0.7577557572231124,0.02068352464286468,0.004156985980864495,0.0053903710620818645,0.7740288880216355,0.7579429798808874,0.007094404507416829,0.07949474284569497,1.3924932689624658
2019-11-04,0.7711873511095518,0.7759448065418089,0.7701126950093435,0.7748701504416006,9399.0,0.004775492397210757,0.004764125906089781,0.7666286915909473,0.767754960098748,0.7888643802735014,61.8892285466553,0.7664250535007854,0.7748509633132556,0.7579991436883151,0.021987563621474523,0.0040977703083062466,0.005288331607522778,0.7759448065418089,0.7590422632827188,0.005614212172145638,0.08074243325243192,2.0045543160968897
2019-11-05,0.7748701504416006,0.7767969247330702,0.7738548305604761,0.7757816048519457,3076.0,0.001176267287913646,0.0011755760275655263,0.7675003976158044,0.7680697304812264,0.7887342034036352,62.83354409720098,0.7669666406453841,0.7763332478747458,0.7576000334160224,0.024425070747483596,0.0037611252392340455,0.0048481753314476165,0.7767969247330702,0.7590422632827188,0.00850948899273063,0.0778846810190027,1.882210706760331
2019-11-06,0.7757816048519457,0.7776050567044365,0.7748429214585997,0.7766663733110905,9434.0,0.0011404865152913057,0.0011398366546034944,0.768373347682022,0.7684068537294564,0.7886141254922667,63.77195630564912,0.7678032847005489,0.7775079064268308,0.7580986629742671,0.02527892734938413,0.003709265509021025,0.004775880141697978,0.7776050567044365,0.7592380928198829,0.012006898292479251,0.07299077303649144,1.8265706506702268
2019-11-07,0.7766663733110905,0.7807087615300887,0.7754304931200098,0.779472881339008,4292.0,0.0036135310145499755,0.0036070178968728916,0.7694304461255445,0.7688408155964976,0.7885231678390006,66.64855021593965,0.7687906292797482,0.7790380248332729,0.7585432337262235,0.02665848194098081,0.003764748806340693,0.004829865023493139,0.7807087615300887,0.7593837025876862,0.020616335354786353,0.07332438261231781,2.0848716151267435
2019-11-08,0.779472881339008,0.7806324489693457,0.7760465205201813,0.777206088150519,1843.0,-0.002908110394546526,-0.002912347163568342,0.7701709834612563,0.769168865500577,0.7884105600809063,62.34278665370862,0.7692223715388946,0.7801367472770466,0.7583079958007426,0.02837768671838517,0.0036618175475161712,0.004711514234570688,0.7807087615300887,0.7608211778386651,0.018931717229955236,0.063638121346349,1.462972652428788
2019-11-11,0.777206088150519,0.7774530510511989,0.7695309326936535,0.7697778955943334,3412.0,-0.00955755837407557,-0.009603524955102452,0.7701335465215494,0.7691927490336654,0.7882251604342737,50.76816345196821,0.7690548615291716,0.7798186392100124,0.7582910838483308,0.027992223232132872,0.0040374943754607805,0.005245012098383904,0.7807087615300887,0.7608211778386651,0.009981832403462398,0.06977644405324283,0.1343457820480275
2019-11-12,0.7697778955943334,0.7720554221974246,0.7688821271738525,0.7711596537769437,2260.0,0.0017950089116853807,0.0017933998084708465,0.7702312710220631,0.7692698825530097,0.7880553543978824,52.53355456832244,0.7692068612398874,0.7800008487648121,0.7584128737149626,0.02806523984335217,0.003984187778897934,0.005166488883831508,0.7807087615300887,0.7608211778386651,0.007390503098719581,0.06599333648432126,0.36182968204236376
2019-11-13,0.7711596537769437,0.7728353853511684,0.7704930072586929,0.7721687388329175,9593.0,0.0013085293700616507,0.0013076739916160617,0.770415791765954,0.7693835631914375,0.7878972786211167,53.83547278800668,0.7696425602704813,0.7801588398667779,0.7591262806741846,0.02732769765902973,0.0037669992208712905,0.004878466365479731,0.7807087615300887,0.7608211778386651,0.005897139462037737,0.061743216553365524,0.48043198914677143
2019-11-14,0.7721687388329175,0.7731531908782301,0.7696299247115864,0.770614376756899,6989.0,-0.0020129823934179614,-0.002015011165521618,0.7704347046222345,0.7694318303900831,0.7877253094483384,51.49258860824636,0.7700894906620707,0.7799174033927053,0.760261577931436,0.025524079603229714,0.0038617202291476188,0.005011222662882984,0.7807087615300887,0.7613297314217744,0.0032852958865661197,0.061555254876502215,0.10681537559694451
2019-11-15,0.770614376756899,0.7722955113159103,0.766968268950201,0.7686494035092123,6327.0,-0.002549878781078929,-0.0025531352589050604,0.7702646759448039,0.7694011469829902,0.7875354994389939,48.6124152978579,0.7702342219891187,0.7798768634824734,0.760591580495764,0.025038205829008002,0.004079651530005795,0.00530755831121503,0.7807087615300887,0.7613297314217744,-0.0032909611350445678,0.05981075972881384,-0.3287104432947395
2019-11-18,0.7686494035092123,0.7692665141215267,0.7680895408618749,0.7687066514741893,3298.0,7.447864359955148e-05,7.447587020308028e-05,0.7701162926618882,0.769373911864998,0.7873481477179511,48.70243938049689,0.7701423469586384,0.7798075437267986,0.7604771501904781,0.025099767091964178,0.0039150247672820925,0.005093002330309024,0.7807087615300887,0.7613297314217744,-0.007954234608080757,0.05536495609771756,-0.2970856194420518
2019-11-19,0.7687066514741893,0.7691937161113848,0.761548946816206,0.7620360114534015,3883.0,-0.008677744635089524,-0.008715615509420523,0.7693467420706037,0.7690861510645433,0.7870962856655677,39.92550168002476,0.7697823574678965,0.7801037724796215,0.7594609424561715,0.026816449900660295,0.004176194877740791,0.005480311710959299,0.7807087615300887,0.7613297314217744,-0.017718380163406322,0.06302747309912485,-1.5010240370521268
2019-11-20,0.7620360114534015,0.7631209969221293,0.7571187270933594,0.7582037125620872,6613.0,-0.005029025969527479,-0.005041714077721184,0.7682855011650307,0.7686593887703294,0.7868087973759809,35.92042927679256,0.769319960131323,0.7808400275214565,0.7577998927411894,0.02994870271705178,0.004500977097838358,0.005936369109337203,0.7807087615300887,0.7571187270933594,-0.0237716751792576,0.06479534065607111,-1.9298928023209878
2019-11-21,0.7582037125620872,0.759389885649826,0.7527297838512129,0.7539159569389517,1181.0,-0.005655149865524178,-0.005671200767633623,0.7669169731434994,0.7680812149730205,0.7864815054313339,32.0469437086859,0.7688293771445732,0.7820607382223932,0.7555980160667533,0.03441949923131488,0.004655210857021371,0.006174707955409845,0.7807087615300887,0.7527297838512129,-0.032787445223435685,0.0655525667147672,-2.254253378455698
2019-11-22,0.7539159569389517,0.7571901776779275,0.753106571576152,0.7563807923151278,8299.0,0.0032693768496210307,0.003264044057239355,0.7659135273503211,0.7676223748687895,0.786181995848088,36.29946118053701,0.7685101355090886,0.7826354187082235,0.7543848523099538,0.036760174125166925,0.004530317611972098,0.005989466758014461,0.7807087615300887,0.7527297838512129,-0.026795075531315216,0.0669397539845656,-1.7173946919101428
2019-11-25,0.7563807923151278,0.7574519106900163,0.7554353967600205,0.756506515134909,3240.0,0.00016621630408719668,0.00016620249168786724,0.7650176214250437,0.7671864588007942,0.7858867174330315,36.51768429542058,0.7682269591672128,0.7830949648037372,0.7533589535306885,0.0387073258992156,0.004464204737500794,0.005901079036582634,0.7807087615300887,0.7527297838512129,-0.01724053202278275,0.06695490601612708,-1.5765993528428224
2019-11-26,0.756506515134909,0.7577818140778328,0.7561361577029393,0.7574114566458632,2038.0,0.0011962111268701836,0.0011954962363899964,0.7642932247794074,0.7668031253829538,0.785603381504801,38.15985840451618,0.7678224216324305,0.783424724904187,0.752220118360674,0.040640395050160635,0.004384456246719134,0.005788737691050189,0.7807087615300887,0.7527297838512129,-0.01782795179149399,0.06489255084581963,-1.3345420615446442
2019-11-27,0.7574114566458632,0.7583210514518931,0.7542711807818978,0.7551807755879277,9633.0,-0.002945137729780112,-0.002949483181971214,0.7634253724754569,0.7663473469596195,0.7853006690081158,35.70779801389237,0.7671993680218495,0.7837956013411463,0.7506031347025527,0.043264460350348394,0.004296713550998873,0.005689649008416257,0.7807087615300887,0.7527297838512129,-0.02200032504639582,0.06419466232546034,-1.448351828116021
2019-11-28,0.7551807755879277,0.7575487536550988,0.7539798995386635,0.7563478776058346,4931.0,0.0015454604455444887,0.001544267450543005,0.7627513253450167,0.76595521090653,0.7850125815314762,37.95422668394083,0.7666122133696157,0.7838924481337018,0.7493319786055296,0.045082075298882855,0.004224065384375364,0.00558481818941086,0.7807087615300887,0.7527297838512129,-0.01851314948353866,0.0645609887597947,-1.1879856846752734
2019-11-29,0.7563478776058346,0.7574659314534112,0.7556456308591862,0.7567636847067629,2971.0,0.0005497564192875615,0.0005496053585891443,0.7621810738556593,0.765594758898696,0.7847314979809815,38.775014290607864,0.7658910300494762,0.783566707438374,0.7482153526605785,0.04615715994938838,0.0037882212584239056,0.005005817978556671,0.7807087615300887,0.7527297838512129,-0.015463121090299459,0.062274902830603544,-1.0327576298090042
2019-12-02,0.7567636847067629,0.7573389162173975,0.7521293483682413,0.7527045798788758,2259.0,-0.005363767989818302,-0.005378204639710472,0.7612785506197751,0.7650892616822325,0.7844128221789705,34.04086236418043,0.76478275152134,0.7828628813657721,0.7467026216769079,0.04728174062102284,0.003933669317394195,0.005226046742039481,0.7807087615300887,0.7521293483682413,-0.02081687671704857,0.060309950913186035,-1.3360713386893879
2019-12-03,0.7527045798788758,0.7539594285828262,0.7515696071818863,0.7528244558858366,4687.0,0.00015926036610536265,0.00015924768551958194,0.7604733987403524,0.7646082889059033,0.7840985100765513,34.29599660101175,0.7636348940730345,0.7816898232885674,0.7455799648575017,0.04728681037408456,0.0039370581251416525,0.005229716030557188,0.7807087615300887,0.7515696071818863,-0.012088084328188198,0.059830224918379526,-1.1975054632612596
2019-12-04,0.7528244558858366,0.7532841892631387,0.749221936742072,0.7496816701193741,4830.0,-0.004174659499822431,-0.004183397718663677,0.7594456150621639,0.7640229313064315,0.7837560539575744,30.919309972628795,0.7622856589134488,0.7802732073839406,0.744298110442957,0.047193721304244325,0.003975557150457577,0.005302993669065614,0.7807087615300887,0.749221936742072,-0.011239779364724756,0.059700659530450485,-1.4014126288250204
2019-12-05,0.7496816701193741,0.7540779939362523,0.749674498249008,0.7540708220658862,9208.0,0.0058546875580045565,0.005837615476861799,0.7589337300148993,0.7636326525126846,0.7834606785158661,39.82940182535294,0.7610155559497926,0.7774099787746278,0.7446211331249575,0.0430856444304189,0.00390957524485293,0.005184626072842976,0.7806324489693457,0.749221936742072,0.0002054143111165363,0.06282434944750451,-0.8472068773761551
2019-12-06,0.7540708220658862,0.7547977687831731,0.7516116213847205,0.7523385681020074,3436.0,-0.002297203277449422,-0.0022998458967632496,0.7583056193565286,0.7631897472416777,0.7831510057754297,37.75942032553855,0.7597721799473671,0.7747030968745261,0.7448412630202081,0.039303668444910185,0.004053087683338698,0.005387318762035275,0.7774530510511989,0.749221936742072,-0.005344165603079376,0.06269909917071835,-0.995734137645379
2019-12-09,0.7523385681020074,0.7556207768390122,0.7515950669970779,0.7548772757340827,6915.0,0.0033744217559921186,0.003368741170439053,0.7579791104401052,0.7628637679668699,0.7828696751282521,42.47771055257609,0.7590271489543545,0.7733296893941024,0.7447246085146066,0.03768650557348638,0.003794583436678378,0.005026755419267753,0.7731531908782301,0.749221936742072,-0.0021536356504949783,0.05757179124459323,-0.5802987570989832
2019-12-10,0.7548772757340827,0.7554272855864276,0.7531237020988562,0.753673711951201,6038.0,-0.001594383380677633,-0.001595655762482705,0.757569072488781,0.7625033736133143,0.7825791680319631,40.89492687182748,0.7581528518630674,0.7714339928714007,0.744871710854734,0.03503552344542808,0.003530391555164198,0.004684243989384075,0.7731531908782301,0.749221936742072,-0.004934893262922735,0.05666223116589429,-0.6745113102941749
2019-12-11,0.753673711951201,0.7545806668388977,0.7495904462833622,0.7504974011710589,1604.0,-0.004214437534140525,-0.004223343306694094,0.7568955799823314,0.7620325511645984,0.7822599464711582,36.97884008130363,0.7570692849799745,0.7690035333499194,0.7451350366100296,0.03152749320760152,0.0034111143235157943,0.004545138088677149,0.7731531908782301,0.749221936742072,-0.006201660010773824,0.05688776493087338,-1.1013485902415354
2019-12-12,0.7504974011710589,0.75126370513435,0.7490244685837053,0.7497907725469964,5438.0,-0.0009415470632674339,-0.0009419905971308006,0.7562189316551566,0.7615524814148886,0.7819368701137038,36.149489857985955,0.7560281047694793,0.7665347538633771,0.7455214556755816,0.027794334701621553,0.003279373641292168,0.0043737183243164265,0.7722955113159103,0.7490244685837053,-0.00866943010350496,0.05686582180018615,-1.1873114190337943
2019-12-13,0.7497907725469964,0.7537776213071867,0.74906259167595,0.7530494404361403,5914.0,0.0043461029509264115,0.0043366859205596145,0.7559170753485837,0.7612190288274867,0.7816494330024844,42.54859033483141,0.7552481066158256,0.7639750554894672,0.7465211577421841,0.023110150948265067,0.003472124762809376,0.004610752729327362,0.7692665141215267,0.7490244685837053,-0.004908063568168974,0.06013099026442922,-0.503879697594217
2019-12-16,0.7530494404361403,0.7537940301357294,0.7495216468829491,0.7502662365825382,6509.0,-0.003695911190094159,-0.0037027579450616584,0.7553789002280079,0.760789507562979,0.7813371623913405,38.9574325688593,0.7543260858712432,0.7606246642958207,0.7480275074466657,0.016699882299052813,0.003659748111229861,0.00487793256951027,0.7691937161113848,0.7490244685837053,-0.0032394426200117454,0.06070919523368949,-1.289131932647886
2019-12-17,0.7502662365825382,0.7556096388656236,0.7491359513213502,0.7544793536044356,8486.0,0.005615495961924344,0.005599787842957653,0.7552932291210009,0.7605420505449969,0.781069920512864,46.3405341284029,0.7539482529787949,0.7591020520462876,0.7487944539113022,0.013671492830258326,0.0038328778879640085,0.005080162723675457,0.7631209969221293,0.7490244685837053,0.0021982518044685317,0.05854056005397507,0.20610063321663102
2019-12-18,0.7544793536044356,0.7598732683218163,0.7532390061931117,0.7586329209104924,4905.0,0.005505210031545138,0.005490111750258605,0.7556112950057143,0.7604671827161928,0.7808466667854772,52.4469557770934,0.7539697133962151,0.7592011121084112,0.748738314684019,0.013876946564953082,0.004051835603126108,0.005340969909746595,0.7598732683218163,0.7490244685837053,0.011940068895766043,0.05964343024084224,1.7827765654358445
2019-12-19,0.7586329209104924,0.7586411418809113,0.7531123943592567,0.7531206153296756,9445.0,-0.007266103841369165,-0.00729263054920419,0.7553740874175202,0.7601790820343687,0.7805707856764643,45.110085939949386,0.7539299463157513,0.7591751391758748,0.7486847534556278,0.013914271175340095,0.004316724669371076,0.00573178396860302,0.7598732683218163,0.7490244685837053,-0.0012601027760328343,0.06191278761626869,-0.30859913359093183
2019-12-20,0.7531206153296756,0.7549501170228907,0.7525159148445095,0.7543454165377247,7355.0,0.0016263015287569793,0.0016249805324573606,0.7552761187623016,0.7599503108384219,0.7803098367298102,46.887958109542936,0.7538281775268811,0.7589506987056799,0.7487056563480824,0.013590686396479463,0.004118484264315722,0.005459679576524287,0.7598732683218163,0.7490244685837053,0.0026674804679762687,0.06101417330349649,0.20194704630380508
2019-12-23,0.7543454165377247,0.7553754853240421,0.7526098468074497,0.7536399155937671,4710.0,-0.000935249195515353,-0.0009356868139203261,0.7551202898891078,0.7597028443582394,0.7800444643801979,45.96443746807153,0.7536848475498241,0.758649822578029,0.7487198725216192,0.013175201927823552,0.004145328344005185,0.005500409755684481,0.7598732683218163,0.7490244685837053,-0.0016391540454205877,0.06106904584919669,-0.018099569807215027
2019-12-24,0.7536399155937671,0.7544113437984511,0.7502562462159674,0.7510276744206514,7809.0,-0.0034661661611401495,-0.003472187232450499,0.75473051698735,0.759362641615589,0.7797557401019934,42.61731412525188,0.7533656584385635,0.7581389936028315,0.7485923232742955,0.012672027483071942,0.004151960134106403,0.005528371690576192,0.7598732683218163,0.7490244685837053,-0.0035108528910995362,0.06190942693950957,-0.9796018663904509
2019-12-25,0.7510276744206514,0.755036446854114,0.7500729673683667,0.7540817398018292,3362.0,0.004066515103499757,0.004058269178183702,0.7546687286839672,0.7591555474268141,0.7795002774124397,47.43660275146967,0.7533107066492586,0.758020946090586,0.7486004672079312,0.012505436069742498,0.004191958976856615,0.005559024646264808,0.7598732683218163,0.7490244685837053,0.004775950756361613,0.0631015997325025,0.3273859693015377
2019-12-26,0.7540817398018292,0.7588320014112787,0.7532024731860345,0.757952734795484,4104.0,0.005133389113323394,0.005120258189684985,0.7549814911707783,0.7591083783040169,0.7792858740033157,52.84265650546124,0.753390949508741,0.758366266026267,0.7484156329912149,0.013207794759866052,0.0043664861787703025,0.005760895077380383,0.7598732683218163,0.7490244685837053,0.010885653101280202,0.06555393971994292,1.833766865152659
2019-12-27,0.757952734795484,0.7611650204736923,0.7568600521283052,0.7600723378065135,1447.0,0.002796484416144329,0.0027925815281499623,0.755466333707515,0.7591461806374482,0.779094694538671,55.53910269562019,0.7535563821637286,0.7591814889695143,0.7479312753579428,0.014929491512324741,0.004386433214731216,0.005771073352557452,0.7611650204736923,0.7490244685837053,0.009325944610364179,0.06623357140719098,2.3167402389881473
2019-12-30,0.7600723378065135,0.7609416677014802,0.7597128128617616,0.7605821427567283,3592.0,0.0006707321459507032,0.0006705073056776791,0.7559535536169639,0.75920249287742,0.7789104900433282,56.18799078122312,0.7539502603076211,0.7603711410665417,0.7475293795487006,0.017032637554367992,0.004309666882741726,0.005666274082009535,0.7611650204736923,0.7490244685837053,0.013749660682025322,0.06285601486995587,2.065723597154016
2019-12-31,0.7605821427567283,0.7612132097760055,0.7596029147001354,0.7602339817194126,5420.0,-0.0004577559973388823,-0.0004578607995992279,0.7563612134362447,0.7592429434202433,0.7787246541396077,55.59128656745901,0.7543207365993,0.7612989626851864,0.7473425105134136,0.01850201312864945,0.004068243634194201,0.005351304640438592,0.7612132097760055,0.7490244685837053,0.007627283752013714,0.06294214145998764,1.6947702889914162
2020-01-01,0.7602339817194126,0.7611654761711283,0.7584842045966328,0.7594156990483485,4151.0,-0.0010763563465202575,-0.001076936034016814,0.7566521168278737,0.7592497181507573,0.778532525233227,54.13612688469053,0.7548074380457487,0.7617811394007242,0.7478337366907731,0.018478093891154457,0.004099817564469255,0.005398647367452221,0.7612132097760055,0.7490244685837053,0.001031827272822028,0.060816894432403984,1.3216112271030815
2020-01-02,0.7594156990483485,0.7600189300386173,0.7585441502634338,0.7591473812537026,4443.0,-0.00035332136928711844,-0.00035338380198842063,0.756889761058905,0.7592457049391081,0.7783396382284558,53.64030468321546,0.7550612660051395,0.7622870729217543,0.7478354590885246,0.019139657248861477,0.0038683711461797404,0.005095678707066439,0.7612132097760055,0.7490244685837053,0.008002391385062424,0.05768509209223091,1.130978254945507
2020-01-03,0.7591473812537026,0.7631141665934092,0.758673770588484,0.7626405559281906,9251.0,0.004601444674312338,0.004590890392013115,0.7574374558083609,0.7593788363504447,0.7781834284543239,58.91586342027017,0.7555763653964487,0.7634267339535274,0.7477259968393699,0.020779815030237753,0.003880372057047237,0.005088074620322984,0.7631141665934092,0.7490244685837053,0.010996473510157534,0.05868809502678267,1.799709269795239
2020-01-06,0.7626405559281906,0.7667434555109389,0.7620289343284661,0.7661318339112144,4674.0,0.004577881356931934,0.00456743472822423,0.7582654918181564,0.7596436597842003,0.7780635120907109,63.39888671222889,0.7561390933053053,0.7652850477864312,0.7469931388241793,0.024191195937631898,0.003754717316918629,0.004900876260095147,0.7667434555109389,0.7490244685837053,0.016575446786951886,0.05956795250896492,2.18517173391374
2020-01-07,0.7661318339112144,0.7662709189887301,0.7649048461778338,0.7650439312553495,2588.0,-0.001419994063307617,-0.0014210032103125002,0.7589110574788414,0.7598554351360102,0.7779339640226973,61.15939080775066,0.7567076042705128,0.7665920336564405,0.746823174884585,0.026124831652660798,0.0033784180799323166,0.004415979190095292,0.7667434555109389,0.7490244685837053,0.018662770110982052,0.05948019435409985,1.6867593786860398
2020-01-08,0.7650439312553495,0.7658104501397686,0.7640108429458993,0.7647773618303183,9522.0,-0.00034843675525120243,-0.00034849747344211664,0.759469753131363,0.7600484518691203,0.7778030525580966,60.59457432582045,0.7574216023034757,0.7674787310772853,0.7473644735296661,0.02655622375497026,0.0031120509136619407,0.0040692246776420846,0.7667434555109389,0.7490244685837053,0.014183637481130162,0.05671444140783622,1.462795136122392
2020-01-09,0.7647773618303183,0.7677455319171295,0.7636026933280701,0.7665708634148812,4541.0,0.002345129019340364,0.002342383495848425,0.760146049348841,0.7603042327140521,0.7776912894820447,63.06599527546934,0.7582606068468699,0.7684363631716098,0.74808485052213,0.026839733550327684,0.0032340963715675264,0.0042189137702944215,0.7677455319171295,0.74906259167595,0.01137027181744088,0.05646075937293512,1.6333442552681654
2020-01-10,0.7665708634148812,0.7749865032147184,0.7656379599883042,0.7740535997881414,4729.0,0.009761310702478765,0.009713976886620046,0.7614705779621077,0.7608434235797027,0.7776550935646924,71.18572772928991,0.75931081481447,0.7713811980106359,0.7472404316183042,0.03179299691422175,0.003704303850840513,0.004785590883957367,0.7749865032147184,0.7491359513213502,0.018394646517430502,0.06341677803705145,2.442803137907737
2020-01-13,0.7740535997881414,0.7754928758884746,0.7730052501353477,0.7744445262356809,6764.0,0.0005050379555713302,0.0005049104668256773,0.7627061920834004,0.761376800154447,0.7776231476211202,71.53777698289883,0.7605197292971271,0.7735786448347991,0.7474608137594551,0.034342082222485096,0.003585198720172172,0.0046293809288040794,0.7754928758884746,0.7491359513213502,0.01822601754586084,0.06064623145188595,2.1326115324636143
2020-01-14,0.7744445262356809,0.7772207592540045,0.773126769930513,0.7759030029488365,2876.0,0.0018832552413337034,0.001881484139457671,0.7639630312134419,0.7619464551659917,0.7776060317537342,72.8695841644379,0.7615909117643471,0.776007662902251,0.7471741606264433,0.03785956716449032,0.0035230922800110437,0.004540634933260283,0.7772207592540045,0.7500729673683667,0.020610787739302916,0.058782205944299434,1.9854807851764513
2020-01-15,0.7759030029488365,0.7784864129074287,0.7754061488937728,0.777989558852365,2831.0,0.0026891968398092825,0.002685587419500723,0.7652988909885774,0.7625755964870259,0.7776098479437703,74.69395068646924,0.7625587436614408,0.7786419800032344,0.7464755073196473,0.04218228818561456,0.003341001979183308,0.0042944046499951965,0.7784864129074287,0.7500729673683667,0.024458093014526838,0.05700148824388471,1.9188694194371834
2020-01-16,0.777989558852365,0.7792204776743915,0.7773774556055739,0.7786083744276004,7394.0,0.0007954034449360048,0.0007950872792576353,0.766566460839913,0.7632043328768523,0.7776197835306741,75.22601893105585,0.763833131616337,0.7807833120001308,0.7468829512325432,0.04438189358957437,0.0031651486737140594,0.0040651356672614025,0.7792204776743915,0.7500729673683667,0.025635329389872563,0.047364038607442045,1.7433729289854798
2020-01-17,0.7786083744276004,0.781397698793816,0.7772816388270338,0.7800709631932494,7492.0,0.0018784652383481149,0.001876703128884766,0.767852603921183,0.7638657693598483,0.7776441733780629,76.48448954971532,0.7651194089491133,0.7829211011857989,0.7473177167124277,0.04653310850168108,0.0033713776113614624,0.004321885790442196,0.781397698793816,0.7500729673683667,0.02285533745821411,0.04736942879326389,1.6797902182944233
2020-01-20,0.7800709631932494,0.7815973980095553,0.7791892768559688,0.7807157116722747,8778.0,0.0008265254181312187,0.0008261840340932494,0.7690776618022394,0.764526551411316,0.7776747359481546,77.03822896486872,0.7664731987530387,0.7847118917180903,0.748234505787987,0.04759120865471578,0.0034283651883412042,0.004391310610359982,0.7815973980095553,0.7500729673683667,0.01903572872909809,0.046482707419660645,1.56179096238169
2020-01-21,0.7807157116722747,0.7812211017309959,0.7801260328748385,0.7806314229335597,9862.0,-0.00010796342055741093,-0.0001079692490270116,0.7701780200052222,0.7651581150004235,0.7777041557191537,76.78367268190632,0.767953386178684,0.7857129447248898,0.7501938276324782,0.046251657628796745,0.0033150649941741978,0.0042466455958388265,0.7815973980095553,0.7500729673683667,0.02037463607172585,0.04285158566743961,1.4277423306317762
2020-01-22,0.7806314229335597,0.7813337335851537,0.7766314215321132,0.7773337321837072,2039.0,-0.004224388940762935,-0.004233336880333491,0.7708595164031731,0.7656355901840818,0.7777004699128309,67.40019666069598,0.769115985797778,0.7860784501130622,0.7521535214824937,0.04410898909529143,0.003545603014021126,0.0045612365284351175,0.7815973980095553,0.7532024731860345,0.01641833425003325,0.04726868979001679,0.9689330787301335
2020-01-23,0.7773337321837072,0.7807605574524551,0.7764152601007387,0.7798420853694866,5120.0,0.0032268677942650648,0.0032216726294574203,0.7717149991618696,0.7661927076423329,0.7777217795193648,70.36665956428737,0.7702104533264781,0.7869635742296289,0.7534573324233272,0.04350270976145659,0.003538810253077634,0.0045378549317467995,0.7815973980095553,0.7568600521283052,0.017312452883332163,0.0457993472345887,1.1498313775312212
2020-01-24,0.7798420853694866,0.7809722820305863,0.7779173218797798,0.7790475185408795,1203.0,-0.0010188816986335114,-0.001019401111434854,0.7724133343408229,0.7666968178736485,0.7777349709524147,68.2480987943859,0.7711592123631964,0.787641917788111,0.7546765069382818,0.04274786622701112,0.0034202701793871826,0.004390322923809825,0.7815973980095553,0.7584842045966328,0.006451644633013842,0.046287641661763974,0.9571615792829102
2020-01-27,0.7790475185408795,0.7799935293266217,0.7749406043459476,0.7758866151316898,5398.0,-0.004057394875103371,-0.0040656484345544305,0.7727441229875721,0.7670572020798462,0.7777165793522086,60.45084221987409,0.7719244359819444,0.7877474078754861,0.7561014640884026,0.04099616790447573,0.0036836167629427413,0.00474762251481491,0.7815973980095553,0.7584842045966328,0.0018620945040677128,0.04995328859126619,0.5008135230730687
2020-01-28,0.7758866151316898,0.7768458552222304,0.7734758990798327,0.7744351391703733,3926.0,-0.0018707320541546668,-0.0018724840587256001,0.7729051721478389,0.7673465329461413,0.7776839282061208,57.21812162308588,0.7726344938544925,0.7874937908118773,0.7577751968971076,0.03846397507637876,0.0037957845449804817,0.004901358878222881,0.7815973980095553,0.7584842045966328,-0.0018918135036010142,0.05074617180411639,0.24235942266245233
2020-01-29,0.7744351391703733,0.7776640726398848,0.77340666001977,0.7766355934892815,2262.0,0.002841366833206127,0.002837337780672153,0.7732604503708335,0.767710809830186,0.7776734970149084,60.65338749922588,0.7734954885765392,0.7870697667118837,0.7599212104411947,0.035098532146128486,0.003803968404341583,0.004898009357581784,0.7815973980095553,0.7585441502634338,-0.0017403387329268938,0.05059636203379203,0.4626551602130731
2020-01-30,0.7766355934892815,0.7773922143016766,0.7738511032206873,0.7746077240330824,1964.0,-0.0026110951818318906,-0.0026145100364917905,0.7733887621481905,0.7679812770538291,0.7776429918111092,56.176582839653435,0.7742685057155081,0.7860441062859552,0.762492905145061,0.03041735646877487,0.003389151822525519,0.004375313745749291,0.7815973980095553,0.758673770588484,-0.0051382062226843495,0.05208502973482525,0.057613760851511285
2020-01-31,0.7746077240330824,0.777544383618565,0.7743011780385942,0.7772378376240768,8683.0,0.0033954135872806823,0.003389662185813732,0.7737553407649416,0.768344279429133,0.7776389604261635,60.27226360924961,0.7749983698003023,0.7854775354546784,0.7645192041459263,0.02704306502496574,0.0034431218101572286,0.00442994620627637,0.7815973980095553,0.7620289343284661,-0.0036318818451787083,0.05115073804997357,0.42741338340029006
2020-02-03,0.7772378376240768,0.7816650446254044,0.7759794149501124,0.78040662195144,2691.0,0.004076981554384629,0.00406869318513578,0.7743887961160366,0.7688173124692235,0.7776664993468131,64.56871253003806,0.7757121092023137,0.7855749217597991,0.7658492966448283,0.025429054002077265,0.0035568104067144135,0.004557637399104146,0.7816650446254044,0.7636026933280701,-0.00039590559817570536,0.05070897440159968,0.9519622768382298
2020-02-04,0.78040662195144,0.7841166189559701,0.7798586821567334,0.7835686791612635,2921.0,0.0040518072513489045,0.0040436207862165705,0.7752630706917725,0.7693957974375388,0.7777252275041708,68.25776673405214,0.7766383465976093,0.7857321726859922,0.7675445205092265,0.02341843183052229,0.0036409298913987554,0.004646599574776302,0.7841166189559701,0.7636026933280701,0.0037626671709751758,0.05106666308940518,1.5241840994754619
2020-02-05,0.7835686791612635,0.7877594092599263,0.7825333064528792,0.786724036551542,6885.0,0.004026905967778216,0.004018819683144226,0.7763545912498457,0.7700753362263233,0.7778147678927019,71.45200449403825,0.7777356803336706,0.7860678538926218,0.7694035067747194,0.02142674888048464,0.003882578515558003,0.004935121256211468,0.7877594092599263,0.7636026933280701,0.012080145218264615,0.051663137268118005,2.1575057586781234
2020-02-06,0.786724036551542,0.786739824727259,0.7851374085280646,0.7851531967037816,7329.0,-0.0019966847010877142,-0.0019986807333928357,0.7771925536740302,0.7706666248724982,0.777887787084852,67.79444094515725,0.7786647969981155,0.7858153664826295,0.7715142275136015,0.018366232843915982,0.0037030325321588753,0.0047163184811637926,0.7877594092599263,0.7656379599883042,0.006810495911846681,0.05291628799208656,1.814792435684468
2020-02-07,0.7851531967037816,0.7871946276805044,0.7847271032829108,0.7867685342596337,4442.0,0.00205735334535162,0.002055239892207968,0.77810455182504,0.7712980722994447,0.7779761527283822,69.52217727897866,0.7793005437216902,0.7869672111338312,0.7716338763095493,0.019675765592379536,0.003707275621016526,0.004712028328007745,0.7877594092599263,0.7730052501353477,0.009910840526410114,0.04241598975204913,1.9481712552489676
2020-02-10,0.7867685342596337,0.7871093802092666,0.7845518221219713,0.7848926680716042,5256.0,-0.0023842669175816456,-0.0023871138080134775,0.7787510390866176,0.7718311937022746,0.7780449737765736,65.15107037976087,0.7798229508134864,0.7875202129961906,0.7721256886307822,0.019741050644058705,0.003811739137526376,0.004856382652791756,0.7877594092599263,0.773126769930513,0.011607434339340639,0.04391260373239507,1.3172780497225356
2020-02-11,0.7848926680716042,0.7852270950556636,0.782686019514381,0.7830204464984404,1895.0,-0.0023853217762418444,-0.002388171188308226,0.7791576493163149,0.7722699879295752,0.778094480967836,61.0269636281263,0.7801788229909665,0.7877704021419768,0.7725872438399563,0.01946112590420357,0.003657365100972238,0.004670842399234236,0.7877594092599263,0.77340666001977,0.011085895892152031,0.044955134739594435,0.7486251413438035
2020-02-12,0.7830204464984404,0.7831765698666682,0.7765434355193295,0.7766995588875573,8055.0,-0.008072442602424013,-0.00810520118081177,0.7789235454659571,0.7724436965945941,0.7780806011461416,49.60930631477032,0.7801143229927262,0.7878054874075596,0.7724231585778928,0.019718044363877498,0.0038207820292309735,0.004919253507370805,0.7877594092599263,0.77340666001977,8.236217707779936e-05,0.05332899348393093,-0.8879706429323313
2020-02-13,0.7766995588875573,0.7771739209963529,0.7751894723476309,0.7756638344564265,4199.0,-0.0013334942955474105,-0.001334384190266535,0.7786130967983828,0.7725699765107444,0.7780565537163933,48.02381900262655,0.7799670959941675,0.7878889112980222,0.7720452806903128,0.020313203837803835,0.003744316921939217,0.004827241848349392,0.7877594092599263,0.77340666001977,0.0013634132355992978,0.05340212559169445,-1.0864331905458655
2020-02-14,0.7756638344564265,0.7765763666006185,0.7701130738769325,0.7710256060211245,4682.0,-0.005979688918399062,-0.00599763885062473,0.7778904786291201,0.7725094129621319,0.7779865940378333,41.61034255201312,0.7795148281355612,0.7883874415800081,0.7706422146911143,0.02276445071780959,0.0038450574750114913,0.004986938754023877,0.7877594092599263,0.7701130738769325,-0.007992703522955669,0.05656781504106808,-1.9135787144541643
2020-02-17,0.7710256060211245,0.7713297317118178,0.7690088884035542,0.7693130140942476,1686.0,-0.002221186836731337,-0.0022236573311776157,0.7770735772448465,0.7723840639869208,0.7779002897597878,39.51211066785604,0.7789446932566599,0.7888926562028721,0.7689967303104478,0.025542154744314607,0.0037701208440019196,0.00490063312972897,0.7877594092599263,0.7690088884035542,-0.014215163666156938,0.05659937729964134,-1.9364123518533565
2020-02-18,0.7693130140942476,0.7711935981363682,0.7693023664603247,0.7711829505024453,5527.0,0.002430657448839968,0.002427708179165923,0.7765125651741417,0.7723369614973336,0.7778334505631973,42.89791448027756,0.7784722696351042,0.7889654278493315,0.7679791114208768,0.026958335251031747,0.003601107919425401,0.004669589644168336,0.7877594092599263,0.7690088884035542,-0.015806819476342437,0.057676123599644635,-1.3893470362003033
2020-02-19,0.7711829505024453,0.7718640351092464,0.7685882186341746,0.7692693032409756,4509.0,-0.0024814439430006496,-0.002484527827736197,0.7758227307043164,0.7722166611735548,0.7777482351669563,40.40531991929504,0.7780690481879675,0.7893375588207132,0.7668005375552218,0.02896532295941794,0.0035821583047170075,0.004656572528794753,0.7877594092599263,0.7685882186341746,-0.022186602289509194,0.056545150513593656,-1.5618292840617742
2020-02-20,0.7692693032409756,0.7701747347321314,0.7691049591061696,0.7700103905973253,2583.0,0.0009633653042275814,0.0009629015656820721,0.7752691745036506,0.7721301407588008,0.7776712416886516,41.81531104706131,0.7775774634493595,0.7893661021962115,0.7657888247025075,0.030321451690632065,0.003426913308002076,0.0044504767076502605,0.7877594092599263,0.7685882186341746,-0.019286435016794834,0.055111005514704624,-1.2837907776340773
2020-02-21,0.7700103905973253,0.7705284279491953,0.7677005516240227,0.7682185889758927,4491.0,-0.0023269836917949593,-0.0023296953257813504,0.7745976901676737,0.7719767465712358,0.7775771854427536,39.38877595248321,0.7770360169711101,0.7895148934413257,0.7645571405008945,0.032119171306520214,0.0032227880687078253,0.0041951446046158605,0.7877594092599263,0.7677005516240227,-0.02357738582059199,0.055428613490609464,-1.4131765814434853
2020-02-24,0.7682185889758927,0.7692035017242753,0.7670983795309835,0.7680832922793661,4905.0,-0.00017611744686751862,-0.00017613295736620388,0.7739772713211681,0.7718240620892017,0.7774827188441129,39.203780460921855,0.776645850828494,0.7897484159670308,0.7635432856899572,0.03374141540718855,0.0030690155968546217,0.00399568071289118,0.7877594092599263,0.7670983795309835,-0.021416145768741734,0.05399855429859352,-1.3070049198143665
2020-02-25,0.7680832922793661,0.7688646491858494,0.7662656318062198,0.767046988712703,9715.0,-0.0013492072761897012,-0.0013501182758371949,0.7733172444060762,0.7716367258783587,0.7773788807333527,37.74162439158336,0.7762764433056104,0.7900412988769097,0.7625115877343112,0.0354637982126174,0.002881366637753378,0.0037564408441118228,0.7877594092599263,0.7662656318062198,-0.020399796527879266,0.053854479766951714,-1.3410172805810596
2020-02-26,0.767046988712703,0.7677556392254498,0.7638637650597653,0.764572415572512,3450.0,-0.003226103715424311,-0.003231318807321152,0.7724844035647844,0.7713596941016588,0.7772514532193145,34.43861752080632,0.775673284409772,0.790395753421235,0.760950815398309,0.037960490086146735,0.0030448993496455246,0.003982486534471039,0.7877594092599263,0.7638637650597653,-0.015613686368529223,0.05320348721359061,-1.508017280065837
2020-02-27,0.764572415572512,0.7677361889893353,0.7640968369645662,0.7672606103813895,3101.0,0.0035159453233275517,0.0035097788373605306,0.7719868994520802,0.7711989457204719,0.777152041847793,40.52766048957823,0.7753059287271874,0.7904994616794181,0.7601123957749567,0.0391936457320113,0.0031286013230152026,0.004077625360514779,0.7877594092599263,0.7638637650597653,-0.010833590147883987,0.05482284263449772,-1.0590451043997222
2020-02-28,0.7672606103813895,0.7699443790621032,0.7660332955616624,0.7687170642423762,9346.0,0.0018982518342272048,0.0018964524310012619,0.7716754865749655,0.7711016170350564,0.777068111722366,43.584816603867885,0.7748798900581024,0.7903211678973855,0.7594386122188194,0.03985463563424065,0.0032252817096684516,0.004195668158930737,0.7877594092599263,0.7638637650597653,-0.0029941181728859734,0.053667926371007375,-0.7982274368573108
2020-03-02,0.7687170642423762,0.7747567991933726,0.7679024288398545,0.7739421637908509,3247.0,0.0067971686743084625,0.006774172072356414,0.7718913605955261,0.7712130110254798,0.7770370077628485,52.93254043320151,0.7745566671500729,0.7897799328996324,0.7593334014005133,0.03930833312834943,0.0035333741962567033,0.004565424086665419,0.7877594092599263,0.7638637650597653,0.006017251251174471,0.05750675885624604,-0.08073213321389369
2020-03-03,0.7739421637908509,0.7761778576150244,0.7725895804036035,0.774825274227777,7606.0,0.0011410548206864934,0.0011404043124312827,0.7721707809414547,0.7713546684059621,0.7770150004639921,54.31048438953482,0.7741194969033985,0.7887434540190282,0.7594955397877688,0.037782169740273576,0.0033158844008340078,0.004279525347361385,0.7877594092599263,0.7638637650597653,0.004723034557440053,0.05540135759054748,0.0965234401055746
2020-03-04,0.774825274227777,0.7750213013001728,0.7705961286428744,0.7707921557152702,9484.0,-0.005205197412444296,-0.005218791646797274,0.7720394833008657,0.7713326090847585,0.7769530816107709,47.474764405429134,0.773322902861585,0.7867419868091455,0.7599038189140245,0.034704995540426595,0.003490221830018038,0.004528097236250706,0.7871946276805044,0.7638637650597653,0.0019796090496249086,0.05496474304063288,-0.3771862753381034
2020-03-05,0.7707921557152702,0.7712027389795703,0.7699830457067995,0.7703936289710996,4541.0,-0.0005170352879378948,-0.0005171689967724915,0.7718827352694594,0.7712957863352033,0.7768878134253016,46.8473039491478,0.7725849244749509,0.784837302698321,0.7603325462515808,0.03171788067621648,0.0031156790120955213,0.004044268922961722,0.7871946276805044,0.7638637650597653,0.0004977054575550088,0.05486570479021725,-0.35769308846041953
2020-03-06,0.7703936289710996,0.7709922795629581,0.7690192189974949,0.7696178695893534,4627.0,-0.0010069649495704214,-0.0010074722793794043,0.771667033776116,0.7712299856785033,0.7768154756756901,45.58433290123515,0.7717273912414369,0.7820484992077543,0.7614062832751194,0.026748066955909,0.0030908373876097745,0.004016067596324081,0.7871093802092666,0.7638637650597653,0.0018214615391254352,0.05370938252226804,-0.4087781387362269
2020-03-09,0.7696178695893534,0.7702427473058339,0.7692895237317915,0.769914401448272,8343.0,0.00038529752314198085,0.000385223315112146,0.7715001164115595,0.7711783941400628,0.7767468082704422,46.1815999865187,0.7709784779102702,0.7792468708079193,0.762710085012621,0.021449088747744385,0.003023836808895405,0.003927497398681361,0.7852270950556636,0.7638637650597653,0.002383998177426516,0.05372800035789278,-0.2573841072068005
2020-03-10,0.769914401448272,0.7710541596772217,0.7694119419308753,0.770551700159825,1306.0,0.0008277526830959836,0.000827410284778187,0.7714097910542514,0.7711538179055437,0.7766851654036698,47.514927345583025,0.7703550405933395,0.7763750016926885,0.7643350794939905,0.01562905616795166,0.002907151185415021,0.0037728178197673572,0.7831765698666682,0.7638637650597653,0.004569096155378594,0.053805960892685134,0.06533582634172805
2020-03-11,0.770551700159825,0.7714153949713012,0.7679589508124434,0.7688226456239196,3150.0,-0.002243917618437341,-0.00224643897409224,0.7711633962513628,0.7710623993846957,0.7766069313760107,44.307660036855125,0.7699611949301576,0.7752154204799303,0.7647069693803848,0.013648026898938287,0.00307762750919331,0.004003039617408427,0.7771739209963529,0.7638637650597653,0.005558963369381997,0.046885454085047094,-0.4333842525231051
2020-03-12,0.7688226456239196,0.7727440387487932,0.767882229005566,0.7718036221304396,5817.0,0.003877326615556287,0.003869829158525248,0.7712243701446082,0.7710914669433523,0.7765591372541643,50.51001928882392,0.7697681843138583,0.7743853624807782,0.7651510061469384,0.011996282156128447,0.0032229084676257797,0.004175814125786894,0.7765763666006185,0.7638637650597653,0.005921080383354926,0.049253485084013206,0.881680430339194
2020-03-13,0.7718036221304396,0.7731233459750894,0.7660623904830288,0.7673821143276786,7045.0,-0.005728798979403815,-0.005745271490205264,0.7708584410191863,0.7709460021348945,0.7764678235932042,42.8816834512626,0.769586009729186,0.7742811484606641,0.7648908709977079,0.012201725790546236,0.0035768965603949726,0.004661167485677947,0.7761778576150244,0.7638637650597653,-0.001736594615618814,0.04887261503344739,-0.9387988417601703
2020-03-16,0.7673821143276786,0.7684950041222584,0.764774235870202,0.7658871256647818,1558.0,-0.0019481671972594317,-0.0019500673432427888,0.770384982414005,0.7707476148223411,0.7763625430168021,40.64642955967574,0.7694147153077127,0.7743932151396916,0.7644362154757337,0.012941004981917716,0.003657021622711167,0.004774883269563921,0.7761778576150244,0.7638637650597653,-0.010407803713154307,0.048734667576272796,-1.4171295619100817
2020-03-17,0.7658871256647818,0.7690144566499872,0.7649527879103544,0.7680801188955598,3485.0,0.00286333737347344,0.002859245831465584,0.7701654716027245,0.770643007138938,0.7762801308364913,45.16207775669868,0.7692595737273684,0.7741992956761004,0.7643198517786365,0.012842796157341319,0.0036691498065646233,0.00477704046270665,0.7761778576150244,0.7638637650597653,-0.008705388887758847,0.04906968446999997,-0.47753895626103915
2020-03-18,0.7680801188955598,0.7686652327373554,0.7668407932145226,0.7674259070563182,4958.0,-0.0008517494765810651,-0.0008521124212730958,0.769904560693543,0.7705168463513843,0.7761920291073354,44.08455729519832,0.7691674039181355,0.7741746909184902,0.7641601169177809,0.013020018723746193,0.003539513199283465,0.004612188833786289,0.7761778576150244,0.7638637650597653,-0.004367258584550893,0.048399826842405784,-0.6955849990999026
2020-03-19,0.7674259070563182,0.7682066088165136,0.7658142330443984,0.7665949348045938,7961.0,-0.00108280453407128,-0.00108339119042846,0.7695893582279287,0.7703630458985691,0.7760965356316862,42.69126125346153,0.7689966311284989,0.774114609525213,0.7638786527317848,0.013310795365133186,0.0034310340758316343,0.00447568059748035,0.7761778576150244,0.7638637650597653,-0.004930848365892082,0.04833980858606244,-0.9385332010963656
2020-03-20,0.7665949348045938,0.7703179632617196,0.7648419728888897,0.7685650013460155,6659.0,0.0025698924581647464,0.0025665959311468936,0.7694918004296513,0.7702925343474886,0.7760215949920279,46.97038139347753,0.7690139517470052,0.7741231806151827,0.7639047228788276,0.013287740376024844,0.003332578362925339,0.0043361047628878175,0.7761778576150244,0.7638637650597653,-0.0013680402767931588,0.048630327080620414,-0.17574096309755924
2020-03-23,0.7685650013460155,0.7712819206614281,0.7679451061706287,0.7706620254860413,7730.0,0.0027284928878537063,0.002724777308221401,0.7696032504350218,0.7703070241960592,0.7759682659422172,51.15149638315043,0.7691428884073388,0.7742832871219026,0.764002489692775,0.0133665637218802,0.0033146167400237964,0.004300999180455704,0.7761778576150244,0.7638637650597653,0.0009710482572646839,0.049553628795988486,0.5910580727516364
2020-03-24,0.7706620254860413,0.7751490670023936,0.7693131040486754,0.7738001455650276,8629.0,0.004071979642447099,0.004063711570689649,0.7700029547331175,0.7704440093477835,0.7759466926051308,56.658646208447315,0.7694805462499551,0.774919771471805,0.7640413210281052,0.014137395021506008,0.00341538747548236,0.004413784999986591,0.7761778576150244,0.7638637650597653,0.004215739715490718,0.05105955488126258,1.5883141950880175
2020-03-25,0.7738001455650276,0.7748181595818615,0.7679502395210372,0.7689682535378711,6369.0,-0.006244366914183286,-0.006263944515631963,0.7699044117621416,0.7703861365709241,0.7758772554004816,47.73495572873444,0.769700338148223,0.7746364796164178,0.7647641966800283,0.012826138234706613,0.003818832246057613,0.004966176728997484,0.7761778576150244,0.7640968369645662,0.000189390771435205,0.05491490721622246,-0.29662221598346167
2020-03-26,0.7689682535378711,0.7701443668057456,0.7674425145867853,0.7686186278546597,9851.0,-0.000454668553094173,-0.00045477194618167075,0.7697819561519053,0.7703168225036197,0.7758050302507719,47.15620975051497,0.7697682390218865,0.7745993161564767,0.7649371618872963,0.012552030311691852,0.003870888792735981,0.005036163127532135,0.7761778576150244,0.764774235870202,-0.00412668998234067,0.053616889076663156,-0.47592333353389904
2020-03-27,0.7686186278546597,0.7692493380055918,0.7632489515501459,0.763879661701078,8716.0,-0.006165562454307105,-0.006184648023782982,0.7692198328708741,0.7700643848250887,0.7756863698671929,40.06553769444277,0.7695263688948216,0.7750182203918449,0.7640345173977984,0.014273328943647598,0.004231400427121945,0.005539354742995868,0.7761778576150244,0.7632489515501459,-0.0045641572317191015,0.05751624415598421,-2.05639471380619
2020-03-30,0.763879661701078,0.7650730472642906,0.762266859143182,0.7634602447063946,2529.0,-0.0005490616070984444,-0.0005492123966203235,0.7686713006647332,0.7698053989380811,0.7755647168805183,39.49944621745235,0.7690022729405988,0.7747159157611027,0.7632886301200948,0.014859885390599499,0.004314541168176382,0.0056512977566181375,0.7761778576150244,0.762266859143182,-0.0031687188321394277,0.05102223409899441,-1.9399281363252432
2020-03-31,0.7634602447063946,0.7657587538458949,0.7627276875773972,0.7650261967168974,7935.0,0.0020511244971308518,0.002049023813298413,0.7683241479077965,0.7696179792431328,0.7754598559833679,42.75177735272971,0.7685123190650549,0.7737872425611206,0.7632373955689892,0.013727622486216012,0.0042841570331506595,0.005600013504813401,0.7751490670023936,0.762266859143182,-0.003976046383095677,0.05155177072837599,-1.3217717188723557
2020-04-01,0.7650261967168974,0.7659476792274706,0.7580869251614033,0.7590084076719765,5688.0,-0.007866121540342275,-0.00789722267863772,0.7674369345520041,0.7692019176128914,0.7752961599802695,34.971532499486045,0.7679231316628903,0.774577797231502,0.7612684660942786,0.01733159295306406,0.004498367341924959,0.005926637039136772,0.7751490670023936,0.7580869251614033,-0.010968484783930976,0.055404477907375814,-2.679240271054982
2020-04-02,0.7590084076719765,0.7633408747732731,0.7581793545108376,0.7625118216121342,7718.0,0.0046157775127988465,0.004605157479044302,0.7669678761767784,0.7689395609069793,0.7751689526333229,41.63128927656574,0.7675290412949419,0.7744939835941121,0.7605640989957717,0.01814900003632245,0.004362693396951738,0.0057214764063958385,0.7751490670023936,0.7580869251614033,-0.005326298162275811,0.05861113853472503,-1.4407067473927249
2020-04-03,0.7625118216121342,0.7625923364985994,0.7588508912886925,0.7589314061751578,3538.0,-0.004695554003879665,-0.004706612749118229,0.766202498081386,0.7685470842508295,0.7750073850068735,37.41415490052384,0.7669947181242321,0.774865658706565,0.7591237775418993,0.020524106349994353,0.004364170322512485,0.005750414710740347,0.7751490670023936,0.7580869251614033,-0.012534522329257891,0.06046123839329595,-2.048881417596601
2020-04-06,0.7589314061751578,0.7595233788734981,0.7538694103639642,0.7544613830623045,4213.0,-0.005889890807630693,-0.005907304625149664,0.7650842966509973,0.7679947038120638,0.7748029471765793,32.92936623848837,0.7662220672049338,0.7757464486606386,0.756697685749229,0.024860629478992508,0.004477906020362561,0.0059352355480237606,0.7751490670023936,0.7538694103639642,-0.021021721439459018,0.06302698904774928,-2.4695953637146744
2020-04-07,0.7544613830623045,0.7578827227738709,0.7543093518307686,0.7577306915423351,3906.0,0.004333301284103808,0.004323939569105235,0.7643839533073152,0.7675921935269764,0.7746330739861887,38.71548826511974,0.7655810167740592,0.7755918485504399,0.7555701849976785,0.02615224661281058,0.004602829693238949,0.006074492883309301,0.7751490670023936,0.7538694103639642,-0.02076693073113689,0.06555712883654748,-1.5683662271192997
2020-04-08,0.7577306915423351,0.7599911824388931,0.7568903824747615,0.7591508733713195,9596.0,0.0018742567047056458,0.0018725024771812024,0.7638855647419823,0.7672611613640096,0.7744790222387772,41.09285345056716,0.7650974281614292,0.7753796663338718,0.7548151899889867,0.02687824529001839,0.004653431421240124,0.006129784716672539,0.7751490670023936,0.7538694103639642,-0.012766951199069454,0.0660077286267554,-1.1566654439200097
2020-04-09,0.7591508733713195,0.7618332467176998,0.7584840912582443,0.7611664646046247,5137.0,0.0026550601520802797,0.002651541706288861,0.7636266028241387,0.7670221536479553,0.7743465589787358,44.390021536693,0.7645655702851385,0.7744811400157129,0.7546500005545641,0.02593778772140226,0.004501514641713373,0.005913968692842518,0.7751490670023936,0.7538694103639642,-0.009695527768869283,0.06503754719131102,-0.6856097577596149
2020-04-10,0.7611664646046247,0.7631270737804323,0.7603826374026169,0.7623432465784246,2784.0,0.0015460244618252794,0.0015448305963454215,0.763504378419785,0.7668386670962091,0.7742271230344542,46.28054860568391,0.7643136268976758,0.7741838295569621,0.7544434242383895,0.025827624451363294,0.004459201919357376,0.005849336161068286,0.7751490670023936,0.7538694103639642,-0.0020113313649848807,0.06263800875710837,-0.3992583308099365
2020-04-13,0.7623432465784246,0.7627961735854621,0.7575689955446315,0.7580219225516691,1181.0,-0.005668475514344129,-0.0056846022933823214,0.7629822397656788,0.766492912408188,0.7740658772585061,40.79586223741993,0.7639203667420201,0.7741469147705071,0.7536938187135331,0.026773858830603875,0.0044157172827225455,0.005825316064551624,0.7751490670023936,0.7538694103639642,-0.007123255195582545,0.06525641236165018,-1.153555270834376
2020-04-14,0.7580219225516691,0.7588422260089356,0.7553243980042903,0.7561447014615568,2926.0,-0.0024764733502603553,-0.0024795448824806656,0.7623310456414767,0.7660871002142025,0.7738875571013226,38.6528806413126,0.76332359587032,0.7739145609857154,0.7527326307549245,0.027749607565373268,0.0041764249929954755,0.005523314499093676,0.7751490670023936,0.7538694103639642,-0.011609400166236794,0.06434394050940906,-1.3556638758686173
2020-04-15,0.7561447014615568,0.7587170406394066,0.7557069158185108,0.7582792549963606,7779.0,0.002822943188886873,0.00281896616760838,0.7619451608181323,0.7657809102056596,0.7737322506127161,42.36052966685243,0.7628662632673222,0.7735012000369793,0.7522313264976651,0.027881523359305833,0.004198444464562293,0.005536805124099622,0.7751490670023936,0.7538694103639642,-0.0009606648203704937,0.06559571710541644,-0.8626300974442936
2020-04-16,0.7582792549963606,0.7652177808985333,0.7571339252624052,0.7640724511645779,8661.0,0.007639924381480201,0.007610887956157618,0.7621477598987462,0.7657139118118917,0.773636133205272,51.01369480808194,0.7627401390853213,0.773247957548625,0.7522323206220177,0.027552813664440436,0.004347263691753882,0.005689596170007052,0.7751490670023936,0.7538694103639642,0.002046695550429911,0.07174771627199845,0.2535849061171684
2020-04-17,0.7640724511645779,0.7646262340873483,0.7567078944101698,0.7572616773329403,1466.0,-0.008913780128123827,-0.008953745538723887,0.7616824187020027,0.7653824516362466,0.7734732032960946,42.86606109181988,0.7621749728846676,0.7725790606258879,0.7517708851434474,0.027301047951871295,0.0047124173743303055,0.006222970890230892,0.7751490670023936,0.7538694103639642,-0.00220010508015811,0.07732580249054326,-0.9444932941619182
2020-04-20,0.7572616773329403,0.7580504293328355,0.754831558241883,0.7556203102417782,1634.0,-0.0021675031766336117,-0.002169855611532086,0.7611050750391242,0.7649996225619539,0.7732955625691861,41.15992662969437,0.7614228871224544,0.7714100876556886,0.7514356865892202,0.026232992735423344,0.004725832004505651,0.006254241634920469,0.7751490670023936,0.7538694103639642,0.0015360987394341663,0.07636913339895963,-1.162002677600606
2020-04-21,0.7556203102417782,0.7559159449611226,0.7536558882212977,0.753951522940642,3228.0,-0.002208499796150565,-0.002210942128414816,0.7604237843630782,0.7645663637532749,0.773103084562932,39.441113008461066,0.7604304559912352,0.7690963139104509,0.7517645980720195,0.022791980123730307,0.004325782195488332,0.005737480545985842,0.7748181595818615,0.7536558882212977,-0.004987482550034561,0.07408498735516769,-1.4952779311617181
2020-04-22,0.753951522940642,0.7551002735257455,0.7520867680366375,0.753235518621741,7610.0,-0.0009496689072374664,-0.0009501201284506102,0.7597391876258079,0.7641220168853716,0.7729053973396366,38.69448782176519,0.7596438192454287,0.7678926900889561,0.7513949484019012,0.021717733060004945,0.004172352568822083,0.005539240338077247,0.7701443668057456,0.7520867680366375,-0.007792067370361977,0.07173357989778384,-1.553740080368944
2020-04-23,0.753235518621741,0.7537670827505049,0.7506261244175886,0.7511576885463525,1352.0,-0.002758539691795847,-0.0027623514739935945,0.7589219019991932,0.763613611852469,0.7726890022272657,36.53316404638088,0.7587707722800132,0.7667104314005062,0.7508311131595202,0.020927688336321363,0.0041294606490370435,0.005497461734071331,0.7692493380055918,0.7506261244175886,-0.013149260409772712,0.07195715085994993,-1.9177356655050046
2020-04-24,0.7511576885463525,0.7582177690203438,0.7502296167715,0.7572896972454913,3037.0,0.008163410682789696,0.008130270282768056,0.758766453927412,0.763365615201215,0.7725357753120241,46.10128313772559,0.7584412740572339,0.766027311627397,0.7508552364870709,0.020004284654979394,0.0042961880589877455,0.00567311040228644,0.7659476792274706,0.7502296167715,-0.00662896845432126,0.07651215540835866,-0.30360429963381874
2020-04-27,0.7572896972454913,0.7581008944857941,0.7540658282162445,0.7548770254565472,3386.0,-0.0031859297673265674,-0.00319101564661,0.7583960321682821,0.7630327293288751,0.7723600663582383,43.33319087456683,0.7580121130947416,0.7653703602780614,0.7506538659114218,0.019414589968168763,0.004329166296591128,0.005734929201180633,0.7659476792274706,0.7502296167715,-0.004148820768316908,0.07714013255328273,-0.8521289269273827
2020-04-28,0.7548770254565472,0.7605378005900333,0.754278812666223,0.759939587799709,5394.0,0.006706472938555752,0.006684084591072894,0.7585430374665133,0.7629114296610646,0.7722364795069097,50.10330720158802,0.7577577826488822,0.7644133251403911,0.7511022401573733,0.01756641144151163,0.004554751150853893,0.005993570046852659,0.7659476792274706,0.7502296167715,0.005018730318174791,0.08090344204009195,0.6556355559626962
2020-04-29,0.759939587799709,0.7604514556758816,0.7532083409408402,0.7537202088170127,6079.0,-0.008184043945787312,-0.008217717080900936,0.7580837204522751,0.7625509896279646,0.7720522380075077,43.26477164979468,0.7574933727061339,0.7643566518818825,0.7506300935303853,0.018121027649996773,0.004832891099110027,0.006412049249276996,0.7652177808985333,0.7502296167715,-0.006012357781526978,0.08130356356009466,-1.0995221941295015
2020-04-30,0.7537202088170127,0.7548594161159642,0.7508715557354064,0.7520107630343579,6335.0,-0.002268011077131482,-0.0022705869096692863,0.7575053435553306,0.7621376474086075,0.7718528203460833,41.584716815461455,0.7569683197772451,0.7638217848676166,0.7501148546868736,0.018107666889912468,0.00492170709930591,0.006544729598612203,0.7652177808985333,0.7502296167715,-0.015786052895685354,0.07939108403330754,-1.446729990600556
2020-05-01,0.7520107630343579,0.7525547333180029,0.7512019294700798,0.7517458997537249,7762.0,-0.0003522067683769947,-0.00035226880774839197,0.7569568250980349,0.7617301278927296,0.7716527514844678,41.31700411773543,0.7566090444561735,0.7637754251819652,0.7494426637303818,0.018943418079128683,0.004644966085526804,0.0061789044503581785,0.7652177808985333,0.7502296167715,-0.007283846184639731,0.0779624195422375,-1.3572108121317867
2020-05-04,0.7517458997537249,0.7521603237188147,0.748600780470123,0.7490152044352129,3245.0,-0.003632471183955377,-0.0036390846276930923,0.7562004802730042,0.7612315034434153,0.7714275022600972,38.560764133237456,0.756336735524819,0.7642243236970185,0.7484491473526194,0.020857345152556748,0.004647945745815832,0.006205409073532182,0.7652177808985333,0.748600780470123,-0.008741302631809722,0.07627217525036807,-1.8564689052634362
2020-05-05,0.7490152044352129,0.7526359302791933,0.7484117799978062,0.7520325058417866,2683.0,0.004028358020914835,0.004020265911405628,0.755803530327174,0.7608707584394299,0.771234517221109,43.07921167221376,0.7560518262397915,0.7641365947369385,0.7479670577426445,0.02138681031261162,0.004734661850136641,0.006295820743595256,0.7652177808985333,0.7484117799978062,-0.0025452791598200575,0.07603106786697576,-0.9942944932618087
2020-05-06,0.7520325058417866,0.7530052347762145,0.750618845231817,0.7515915741662449,5181.0,-0.0005863199690393506,-0.0005864919218085777,0.7554023916451806,0.7605068688600892,0.7710390650514088,42.58632072010626,0.7556738612795377,0.7638548294767975,0.747492893082278,0.02165211373966919,0.004327699986441598,0.005758047502385054,0.7652177808985333,0.7484117799978062,-0.0021825105360195884,0.07556955533311006,-0.9979960842923662
2020-05-07,0.7515915741662449,0.7566561371846864,0.751397307165781,0.7564618701842225,4880.0,0.0064799768722532125,0.006459072081894261,0.7555032943631846,0.7603482414610356,0.7708940183363125,49.464150349363045,0.7554386315585176,0.7632151786122633,0.747662084504772,0.020588163561882276,0.0041377350108506615,0.00546985271028002,0.7652177808985333,0.7484117799978062,0.00706134240353018,0.07882984349232326,0.26316014514745467
2020-05-08,0.7564618701842225,0.7576638575642466,0.7518111723939376,0.7530131597739617,3468.0,-0.004559000983646366,-0.004569424922528366,0.7552661386880206,0.7600605911987974,0.7707160993456424,45.323701199277586,0.7549721272182944,0.7620967535714361,0.7478475008651527,0.018873879170592675,0.004325864587947552,0.005744739692525538,0.7652177808985333,0.7484117799978062,-0.005647161828669867,0.07990679380297269,-0.5499144368375047
2020-05-11,0.7530131597739617,0.7535608093881364,0.75172647798923,0.7522741276034047,1551.0,-0.0009814332737275722,-0.0009819151947042851,0.7549811852513905,0.7597552396852526,0.770532597139252,44.46475860422879,0.7546847374708813,0.761754875133496,0.7476145998082665,0.018736665289690098,0.004295455635024806,0.005709960607989099,0.7652177808985333,0.7484117799978062,-0.0034481084539144113,0.0776670320806374,-0.6819131345131451
2020-05-12,0.7522741276034047,0.7528075326057156,0.7503332638683834,0.7508666688706943,4962.0,-0.001870938639341846,-0.001872691031124058,0.754589326548467,0.7594066682807602,0.7703369162609579,42.80114977220839,0.7544208358413381,0.7616536673139713,0.7471880043687049,0.019174527343394684,0.004256938724183685,0.005669367013701825,0.7652177808985333,0.7484117799978062,-0.011939000250380416,0.07747863367808856,-0.9827871654667063
2020-05-13,0.7508666688706943,0.751767746088838,0.7450777071844167,0.7459787844025604,7489.0,-0.006509657001402602,-0.006530937220096227,0.7537692749155235,0.7588800845992622,0.7700945467897301,37.54723328765525,0.7538058123116481,0.7617172503745167,0.7458943742487796,0.0209906528542332,0.004510444479291188,0.0060463441770713545,0.7652177808985333,0.7450777071844167,-0.01027095243552345,0.0794835270636151,-1.9786612362733587
2020-05-14,0.7459787844025604,0.7467079441891094,0.7414563389400499,0.7421854987265989,6354.0,-0.0050849779581860766,-0.005097950453859097,0.7526660581356259,0.758225394957197,0.7698168448189527,34.05365293077925,0.7527114646897491,0.7606980643638697,0.7447248650156286,0.021220879576777586,0.004314976836449451,0.005813879203855171,0.7646262340873483,0.7414563389400499,-0.013065324049504445,0.0742102154362422,-2.635906741953814
2020-05-15,0.7421854987265989,0.7431223747450394,0.7363194230085657,0.7372562990270062,2882.0,-0.006641465924691281,-0.006663618598134567,0.751198462030043,0.7574030774697386,0.7694928592886846,30.130424529546033,0.7517111957744526,0.7619825599609055,0.7414398315879996,0.027327953193169652,0.004512682941229743,0.006120914730990234,0.7605378005900333,0.7363194230085657,-0.019274598945555277,0.07156695701743437,-2.8146011542480855
2020-05-18,0.7372562990270062,0.7397699798713238,0.7359457698340147,0.7384594506783323,3758.0,0.001631931328242242,0.001630601175261108,0.7499852228536896,0.7566601901445854,0.7691840691532583,32.184137831216745,0.7508531527962802,0.7625216637085118,0.7391846418840485,0.03108067368106935,0.0043387702350510815,0.005875434637698231,0.7605378005900333,0.7359457698340147,-0.014092843101683128,0.07224349247932625,-2.124298843472149
2020-05-19,0.7384594506783323,0.7434499806697842,0.737611342836182,0.7426018728276339,1120.0,0.005609545853189957,0.005593870942948259,0.749282046660732,0.7561088835831363,0.7689195696873318,38.848761566173295,0.7502856702906298,0.7624145847949498,0.7381567557863097,0.03233145716250141,0.004238450456376853,0.005707567690663022,0.7605378005900333,0.7359457698340147,-0.012540193330601523,0.07594263724274088,-1.2670214569092833
2020-05-20,0.7426018728276339,0.7454632016839707,0.7420909828595769,0.7449523117159137,6644.0,0.003165139995311206,0.0031601414842637753,0.7488696909517016,0.7556713709608924,0.7686810895085117,42.3129534861344,0.7498715099453384,0.7621411792342367,0.73760184065644,0.03272472450591644,0.004194476059508004,0.005630529623898342,0.7605378005900333,0.7359457698340147,-0.008833604152223562,0.07719150622869826,-0.8018469143052701
2020-05-21,0.7449523117159137,0.7455068871018576,0.7423515269242807,0.7429061023102247,4393.0,-0.0027467656298371113,-0.0027505449126722856,0.7483017301287038,0.7551707721902781,0.7684246219742004,40.17901559143393,0.7494589306335321,0.7620959351131832,0.736821926153881,0.03372300726063482,0.004323230083054701,0.005819349268515492,0.7605378005900333,0.7359457698340147,-0.017919961875535795,0.07718703227701966,-1.0370857007860002
2020-05-22,0.7429061023102247,0.7451659693622708,0.742162913710727,0.744422780762773,8739.0,0.0020415479800635072,0.0020394668529852156,0.7479323063795675,0.7547492823303759,0.7681857976835395,42.49400844623964,0.7488155848093961,0.7610785797500169,0.7365525898687754,0.03275304411230224,0.0042834809689727095,0.005754097106732332,0.7605378005900333,0.7359457698340147,-0.011408006486589573,0.07082761133227099,-0.7164324975903056
2020-05-25,0.744422780762773,0.7453866448306449,0.741459836973703,0.7424237010415748,1810.0,-0.0026854091154354665,-0.0026890212947294737,0.7474076772997588,0.7542659262014033,0.7679294584134703,40.28131611074324,0.7481929185886476,0.7604246358952257,0.7359612012820694,0.032696693600499205,0.004262242224369479,0.005740983508998722,0.7605378005900333,0.7359457698340147,-0.013094198245540367,0.07063039967562881,-0.9433209421820203
2020-05-26,0.7424237010415748,0.7433202691719842,0.7417741376918598,0.7426707058222692,8418.0,0.00033270055946199584,0.00033264522690330464,0.7469565371590454,0.7538112116767315,0.7676781275419161,40.69224318722478,0.7473294744897755,0.7584581070375276,0.7362008419420234,0.029782399671443305,0.004202223791207113,0.005658259788979423,0.7604514556758816,0.7359457698340147,-0.010915337420359661,0.06502054361538735,-0.8372580633812524
2020-05-27,0.7426707058222692,0.7428665519622119,0.7394200215945841,0.7396158677345267,9935.0,-0.004113314371758214,-0.004121797319329984,0.7462574257852818,0.7532545315221353,0.7673989010761709,37.275981437542264,0.7466242574356512,0.7578349883699269,0.7354135265013755,0.030030449245729004,0.0040727738161158555,0.005506606866873917,0.7576638575642466,0.7359457698340147,-0.008529621486661476,0.060629286835669295,-1.250300224349696
2020-05-28,0.7396158677345267,0.739727813138769,0.7391920936422709,0.7393040390465132,4360.0,-0.00042160897516796414,-0.0004216978772207489,0.7455951984768276,0.7527074533858363,0.7671193502102042,36.93510934220235,0.745988921236259,0.7573535054795453,0.7346243369929728,0.030468506755979036,0.0036929905537007907,0.004995225723998035,0.7576638575642466,0.7359457698340147,-0.0038823982481867025,0.06044569919356333,-1.1764411344295354
2020-05-29,0.7393040390465132,0.7393242450142196,0.7373203538453894,0.7373405598130958,3888.0,-0.0026558481081068175,-0.002659381129525409,0.7448090424136151,0.752104830108474,0.7668230438380936,34.77851563404825,0.7452686542392275,0.7569193248237037,0.7336179836547513,0.03126569329920164,0.0037051019658381995,0.005024953417424079,0.7576638575642466,0.7359457698340147,0.00011428967945170676,0.06074903858967886,-1.3609679148761515
2020-06-01,0.7373405598130958,0.741206931140171,0.7359826721139265,0.7398490434410018,9193.0,0.003402069226385418,0.0033962952807440965,0.7443366615590805,0.751624211023475,0.7665546458241922,39.62839884831247,0.7448103461895169,0.7565611868003213,0.7330595055787126,0.03155391347857119,0.0039015298436176427,0.00527341337831812,0.7576638575642466,0.7359457698340147,0.0018817455195312416,0.061767867444840516,-0.844416652873912
2020-06-02,0.7398490434410018,0.7410984112624315,0.7360686749757255,0.7373180427971552,2339.0,-0.0034209690021022032,-0.00342683389612612,0.7436682216769923,0.7510631848185213,0.7662637343512864,36.66583417183383,0.7440746230372854,0.7557639340383959,0.732385312036175,0.03141972764343216,0.0037829367994951196,0.005130671677508168,0.7576638575642466,0.7359457698340147,-0.007115293165581793,0.0599855097337918,-1.1560271156252682
2020-06-03,0.7373180427971552,0.7379645560172337,0.7363974247391091,0.7370439379591875,5878.0,-0.0003717592979656237,-0.00037182841758454045,0.7430373375133918,0.7505134104318808,0.7659729901085789,36.3489053181714,0.7433472412269325,0.7548764649915077,0.7318180174623573,0.031019752613988698,0.0035197600872854872,0.004775509173891866,0.7576638575642466,0.7359457698340147,-0.010615946326161585,0.06000905163045028,-1.0934479885996367
2020-06-04,0.7370439379591875,0.7378452958982583,0.7331043279155013,0.733905685854572,4613.0,-0.004257890124305219,-0.00426698075223408,0.7421676564030281,0.7498621271151236,0.7656539124543102,32.84811227341848,0.7422194320104499,0.7527134870242096,0.7317253769966903,0.028277500052334693,0.0033724755334485807,0.004595243773757678,0.7576638575642466,0.7331043279155013,-0.012115146756318085,0.05414668450446895,-1.5844678048622738
2020-06-05,0.733905685854572,0.7351222792914675,0.7328483099773799,0.7340649034142753,8161.0,0.00021694553233753133,0.00021692200305851718,0.7413959656421945,0.7492426281464629,0.7653395939563995,33.19962561701564,0.7412720191924657,0.7510606765611867,0.7314833618237446,0.026410432648961167,0.003261744053218472,0.004443400083626776,0.7535608093881364,0.7328483099773799,-0.013913971490615129,0.05322218051792837,-1.4725442942195919
2020-06-08,0.7340649034142753,0.7352952862441805,0.7243643446705048,0.72559472750041,9356.0,-0.011538728897770412,-0.01160581660057917,0.7398910858191673,0.7483152594936766,0.7649441226483797,25.540229428443396,0.739938049187316,0.7506424622267023,0.7292336361479297,0.028933268267912694,0.0036254800346522953,0.0049965633669109685,0.7528075326057156,0.7243643446705048,-0.02266761354406499,0.06447224341926813,-2.679889431420571
2020-06-09,0.72559472750041,0.7260367304297582,0.7251820307989816,0.7256240337283298,1456.0,4.0389251477535026e-05,4.038843585367912e-05,0.7385323189533732,0.7474254075028788,0.7645528779825086,25.604182593693963,0.7386759174301977,0.7498950078979684,0.727456826962427,0.030376218319939648,0.0034456572351082093,0.004748543425999926,0.751767746088838,0.7243643446705048,-0.022953203836235447,0.06479891476329458,-2.32672759692281
2020-06-10,0.7256240337283298,0.7300218019027358,0.7249809742175946,0.7293787423920005,6995.0,0.0051744546612915165,0.005161113174259614,0.7376605497570521,0.7467176951455895,0.764202886583598,33.48645517893971,0.7378459153296697,0.7492449040643762,0.7264469265949632,0.030898019485852656,0.0035803334856485203,0.00490874394543883,0.7467079441891094,0.7243643446705048,-0.01384113806790399,0.0665467503091504,-1.4856007203321813
2020-06-11,0.7293787423920005,0.7329650212256651,0.7284959645362145,0.732082243369879,8727.0,0.003706580437225826,0.003699727995488106,0.7371292824820832,0.7461437558602675,0.7638832781934118,38.53606971037951,0.7373407525618337,0.7488251550441697,0.7258563500794978,0.031150868692485206,0.003685047845499009,0.005033652815476315,0.7455068871018576,0.7243643446705048,-0.009768370379726554,0.06690884558987281,-0.9157653957256818
2020-06-12,0.732082243369879,0.7364371027886258,0.7313835934563983,0.735738452875145,7511.0,0.004994260601699496,0.004981830650652038,0.7369968225195176,0.7457357047628117,0.7636032301802949,44.65551059541463,0.7372648602542407,0.7487716515288405,0.7257580689796408,0.031214810022633717,0.003765526522305131,0.00511802326980474,0.7455068871018576,0.7243643446705048,-0.0021728181321760687,0.06589114351239345,-0.26530547789895137
2020-06-15,0.735738452875145,0.7371419725292303,0.7352999203915822,0.7367034400456675,2805.0,0.0013115899634597028,0.0013107305807000395,0.7369688813315318,0.7453814983033159,0.7633355705769652,46.17858690045136,0.7371770597226075,0.7486722636060483,0.7256818558391667,0.03118709062315738,0.0037866637121282526,0.005140010900306807,0.7455068871018576,0.7243643446705048,-0.004251682722605454,0.06578953275321066,-0.08240300593925173
2020-06-16,0.7367034400456675,0.7393812341530758,0.7360432174841329,0.7387210115915412,3481.0,0.0027386481943789676,0.0027349049301777176,0.7371357508801042,0.7451203027459915,0.7630906495920357,49.31898474832334,0.7369830166608028,0.748220789145469,0.7257452441761366,0.03049669322254782,0.0037789127336507584,0.005115480234560082,0.7455068871018576,0.7243643446705048,0.0019028000305860715,0.06321771325444125,0.30931306593187086
2020-06-17,0.7387210115915412,0.7401628361436265,0.7385257206970928,0.7399675452491781,4684.0,0.0016874214190161219,0.0016859993230521474,0.7374054455819208,0.7449182338245479,0.7628605689518082,51.21304183441683,0.736733778337466,0.7474356829575677,0.7260318737173643,0.02905229795286947,0.0038575838729390205,0.005213179818095955,0.7455068871018576,0.7243643446705048,0.003966666218143899,0.062369485755354157,0.6043348406671424
2020-06-18,0.7399675452491781,0.742726529389672,0.7386956049912213,0.7414545891317152,3554.0,0.002009606897065197,0.0020075903383331,0.7377910783009488,0.7447824046209075,0.7626475741277278,53.44810392033142,0.7366612026785405,0.7472053878924454,0.7261170174646356,0.028626959518339344,0.0040023719607690566,0.005398000119543474,0.7453866448306449,0.7243643446705048,0.010285931043514385,0.06220824774729341,0.9091999724840858
2020-06-19,0.7414545891317152,0.7429592638657202,0.7393996318194272,0.7409043065534322,9693.0,-0.0007421662585263,-0.0007424418002442265,0.7380875762297567,0.7446303223437516,0.7624312232065905,52.48979097250089,0.7364852789680735,0.74659256765409,0.726377990282057,0.027447361066546622,0.0038834700336296624,0.0052415271436266056,0.7453866448306449,0.7243643446705048,0.009317164064574612,0.0617257874080989,0.8744239375437032
2020-06-22,0.7409043065534322,0.7426939303492136,0.7402529600833222,0.7420425838791036,7218.0,0.0015363351455823793,0.0015351561901019608,0.7384642436249327,0.7445288424039614,0.7622283511734812,54.314527551335175,0.7364662231099499,0.7465277038046149,0.726404742415285,0.027323671823474328,0.003698558175000049,0.004984293698705885,0.7433202691719842,0.7243643446705048,0.02266810349539683,0.06131582560137004,1.1084572814636562
2020-06-23,0.7420425838791036,0.7444000626040483,0.7416374449553435,0.7439949236802882,2031.0,0.0026310347190299233,0.0026275796062045333,0.7389909750587761,0.7445079044147979,0.7620469240342456,57.34086458704662,0.736532434002851,0.7467815075867297,0.7262833604189722,0.02783061033219631,0.003783950058612928,0.005085989081612308,0.7444000626040483,0.7243643446705048,0.025317366980758482,0.062029051865871154,1.4562271636287836
2020-06-24,0.7439949236802882,0.7446423002754256,0.7398678786526897,0.740515255247827,4444.0,-0.0046770056108023095,-0.004687977023817163,0.7391361446005904,0.7443513299376617,0.7618326785736842,50.87256738411535,0.736577403378516,0.7468911298060412,0.7262636769509907,0.028004460577309327,0.003786339604325704,0.005113114925712822,0.7446423002754256,0.7243643446705048,0.01526849112616624,0.06256638539638514,0.7636137911902938
2020-06-25,0.740515255247827,0.7416797804485631,0.7390260300632859,0.740190555264022,8285.0,-0.0004384784533525421,-0.0004385746131399266,0.7392365646637743,0.7441881623034013,0.7616173340631404,50.302346575364325,0.7366217291893913,0.7469922598547482,0.7262511985240344,0.02815700448252871,0.0038134668236963925,0.005152006867118359,0.7446423002754256,0.7243643446705048,0.011075684416028464,0.06256816550902279,0.6882629616153618
2020-06-26,0.740190555264022,0.7453917825521247,0.7393763208273749,0.7445775481154776,7437.0,0.005926842514075048,0.005909347874264659,0.7397452297544127,0.7442034323352474,0.7614477839542084,57.271036036206496,0.7369835786045105,0.7479477517647813,0.7260194054442396,0.029754185788051616,0.003462361120201683,0.004650101428608616,0.7453917825521247,0.7243643446705048,0.012013909570433468,0.06498420454146708,1.3852334143142178
2020-06-29,0.7445775481154776,0.7451780027936247,0.742723509629951,0.7433239643080981,3794.0,-0.001683617523187908,-0.0016850363999576024,0.7400860616166685,0.7441689433930063,0.7612674474403168,54.90198505690405,0.7371573246478653,0.7484187916978444,0.7258958575978862,0.030553768302739506,0.0035766320868371804,0.004811673319541616,0.7453917825521247,0.7243643446705048,0.00898668840479444,0.06447368376798374,1.0951751903841442
2020-06-30,0.7433239643080981,0.7457845652512269,0.742078466711559,0.7445390676546878,4653.0,0.0016346887830001045,0.0016333541335844597,0.7405101574298132,0.744183458069935,0.7611009959001613,56.76871724256247,0.7375183758907419,0.7492545563871025,0.7257821953943813,0.03182613716488397,0.003481294290731946,0.00467577114750753,0.7457845652512269,0.7243643446705048,0.00787585024908366,0.0631478505317277,1.1964185053430367
2020-07-01,0.7445390676546878,0.7470945742810258,0.7437167454187791,0.746272252045117,5456.0,0.0023278622515925385,0.002325156977784443,0.7410589283455564,0.7442653715591578,0.7609534462100614,59.35316388990676,0.7379797915950383,0.7503461495866286,0.7256134336034481,0.033514082993687744,0.0034033494459316644,0.0045604662864055,0.7470945742810258,0.7243643446705048,0.008520247727643149,0.06338306400999033,1.3411322000734527
2020-07-02,0.746272252045117,0.7470168634201996,0.7441473658317401,0.7448919772068227,4867.0,-0.0018495593726174375,-0.0018512719195177578,0.741423980618058,0.7442899443296545,0.760793630598089,56.45846115628603,0.7385291061626509,0.7511076793379504,0.7259505329873513,0.03406385224451608,0.003247348607091083,0.004359489303761748,0.7470945742810258,0.7243643446705048,0.004636006203876608,0.06146737974160531,1.0116999687478854
2020-07-03,0.7448919772068227,0.7470585782912472,0.7438547361892159,0.7460213372736405,4842.0,0.0015161393884959296,0.0015149912095596197,0.7418618241090659,0.7443578420921637,0.760646642604811,58.25254066862334,0.7391269278556192,0.7519463538642855,0.7263075018469528,0.034688023194767194,0.003344619318832739,0.004483275680901782,0.7470945742810258,0.7243643446705048,0.006906466428858948,0.06149084131759179,1.0756190508624106
2020-07-06,0.7460213372736405,0.7479150472262638,0.7453001454621571,0.7471938554147803,9145.0,0.001571695181567856,0.0015704613613196855,0.742369636614372,0.7444690583008938,0.7605127840258057,60.091107478767974,0.7402068842513376,0.7518075444196539,0.7286062240830213,0.031344372539981076,0.0032929682542015876,0.004407113669816789,0.7479150472262638,0.7249809742175946,0.006942016061595835,0.040625987806136785,1.2045816465730996
2020-07-07,0.7471938554147803,0.7478593388350666,0.7462510327185142,0.7469165161388005,1812.0,-0.00037117446024215184,-0.0003712433625324943,0.7428026727595557,0.7445650370396353,0.7603774977781738,59.424467804526465,0.7412715083718612,0.7509931488328173,0.731549867910905,0.026229634759088155,0.0032909104449172022,0.004405995012574669,0.7479150472262638,0.7249809742175946,0.003926898377290211,0.040843869863429014,1.161328232536617
2020-07-08,0.7469165161388005,0.7499253405583685,0.7461541902487755,0.7491630146683435,4068.0,0.003007696952741501,0.0030031828813026763,0.7434084196080116,0.7447453498878199,0.7602659108815586,63.004668076543176,0.7422607219856784,0.7508470147393759,0.7336744292319809,0.023135516939998227,0.0032723551528559386,0.004368014822921576,0.7499253405583685,0.7284959645362145,0.011678030073293044,0.0389014700909222,1.6077468776481645
2020-07-09,0.7491630146683435,0.7502395571499129,0.7473002239364618,0.7483767664180312,8048.0,-0.0010495022243728336,-0.0010500533374623335,0.7438815954946801,0.7448877583792008,0.7601476109366478,60.97677169262733,0.743075448138086,0.7506248644131274,0.7355260318630447,0.02031938020279858,0.003228048093367234,0.004313399664740658,0.7502395571499129,0.7313835934563983,0.01105959957985303,0.03872998433248845,1.4044313061584728
2020-07-10,0.7483767664180312,0.7490597243271974,0.7449262719653192,0.7456092298744854,4569.0,-0.003698052461986623,-0.0037049071625722,0.7440461321022807,0.744916051379016,0.7600029504285667,54.34606942460861,0.7435689869880531,0.7503503383114926,0.7367876356646136,0.018240005815488496,0.003348939671651999,0.004491548035444457,0.7502395571499129,0.7352999203915822,0.001385593430286658,0.03943413335064734,0.6017216301359676
2020-07-13,0.7456092298744854,0.7469952879653797,0.7451882856803488,0.7465743437712431,5555.0,0.001294396391686492,0.0012935593828800164,0.7442869141659914,0.744981082453221,0.7598693324518769,56.13733509316659,0.7440625321743318,0.750140302627294,0.7379847617213696,0.016336719536734316,0.0032806814313895744,0.004394313116651654,0.7502395571499129,0.7360432174841329,0.004372762912562056,0.03943046730995942,0.8265569146946118
2020-07-14,0.7465743437712431,0.7473338371073076,0.7375950875829839,0.7383545809190484,9682.0,-0.01100997230988876,-0.011071030635628802,0.7437219300472349,0.7447212196479593,0.759655255322197,41.28135838206189,0.744044210640707,0.750191590001895,0.7378968312795191,0.016524231418706493,0.003635276281502992,0.004923483073644742,0.7502395571499129,0.7375950875829839,-0.00830646369588195,0.056405132620498635,-1.8510748686117016
2020-07-15,0.7383545809190484,0.7407794837860497,0.7371669853327589,0.7395918881997603,7999.0,0.0016757629906918314,0.0016743604665381128,0.7433285927284278,0.7445200693950889,0.7594556198284415,43.6967408865929,0.7440254277882363,0.7502273072197082,0.7378235483567644,0.01667114912969628,0.0037037582863611107,0.005007840601627506,0.7502395571499129,0.7371669853327589,-0.008951644426078542,0.056400470243647534,-1.4297406576392804
2020-07-16,0.7395918881997603,0.7399546585936371,0.7385784841656733,0.7389412545595501,2551.0,-0.0008797198165516606,-0.0008801069971197443,0.7429107509980585,0.7443012923427148,0.7592514967909401,42.70201837127204,0.743899761059628,0.7504149171353088,0.7373846049839471,0.017516220374639006,0.0033723806223049696,0.004563800710132357,0.7502395571499129,0.7371669853327589,-0.007988705516183026,0.05595259555411441,-1.5221451159356103
2020-07-17,0.7389412545595501,0.7401103534523167,0.7347817024966896,0.7359508013894562,5501.0,-0.004046943044039852,-0.004055154078587316,0.7422478986543821,0.7439738221092538,0.7590196490755025,38.377705729530135,0.7436520858014293,0.7509734436025715,0.7363307280002871,0.019690277055437824,0.003577677607444501,0.004861299968272251,0.7502395571499129,0.7347817024966896,-0.013498991759387735,0.057610785745104476,-2.1037858334888764
2020-07-20,0.7359508013894562,0.7367448652401551,0.7349802589955675,0.7357743228462664,7318.0,-0.00023979665876661116,-0.00023982541458251322,0.7416313676250377,0.7436522731185484,0.7587883522971022,38.13229069490407,0.7433386727497873,0.7514447449139396,0.7352326005856349,0.02180990297239906,0.003438999586367334,0.004673986954401891,0.7502395571499129,0.7347817024966896,-0.01528322601391674,0.0571914645317368,-1.8663416141230107
2020-07-21,0.7357743228462664,0.737577390005781,0.7353458203420562,0.7371488875015708,9752.0,0.0018681878568240773,0.001866444964252773,0.7412044647561361,0.7433972383884709,0.7585730342394352,41.281868418974916,0.7429963709408514,0.7515515084399692,0.7344412334417335,0.023028746394237524,0.0033571239293300587,0.004554200631989565,0.7502395571499129,0.7347817024966896,-0.013077269582581486,0.05671419162449926,-1.3670109778793182
2020-07-22,0.7371488875015708,0.7371969605242364,0.7344717444699972,0.7345198174926628,5318.0,-0.0035665386646905883,-0.0035729139266399597,0.7405678316834243,0.7430491042356941,0.7583336987494177,37.36388999114594,0.7426965990530932,0.7520048076921146,0.7333883904140717,0.025065978896063507,0.0033468181054571882,0.0045564708068487475,0.7502395571499129,0.7344717444699972,-0.01954607593937774,0.05574676138177264,-1.7568969234642995
2020-07-23,0.7345198174926628,0.7352959714420881,0.7330552235486278,0.7338313774980532,8061.0,-0.00093726537829808,-0.000937704886137873,0.7399262646181508,0.7426876247557866,0.7580898945578619,36.38994873290786,0.7423786401647948,0.752450414105395,0.7323068662241946,0.027133792368714868,0.0032780256619878317,0.004467001224673754,0.7502395571499129,0.7330552235486278,-0.019435917271452552,0.05577937410721841,-1.6972705537575432
2020-07-24,0.7338313774980532,0.7389807306635642,0.7326877724687341,0.7378371256342451,9735.0,0.00545867655570853,0.005443831977503577,0.739727299000636,0.7424974091039614,0.7578883744690698,45.32101573715152,0.7420416190407332,0.752253701536426,0.7318295365450403,0.027524284982544236,0.0035407439784680733,0.004798815152360961,0.7502395571499129,0.7326877724687341,-0.010423830511793297,0.05509276710266508,-0.8234350649363471
2020-07-27,0.7378371256342451,0.737850937622855,0.7371525840146065,0.7371663960032164,3203.0,-0.0009090483627427481,-0.0009094617977796028,0.7394834034770723,0.7422883497666773,0.7576821856286134,44.20191992055156,0.7417337406254891,0.7521522372861991,0.7313152439647792,0.028092281879813698,0.003475747370732085,0.0047150105994751825,0.7502395571499129,0.7326877724687341,-0.012601488179333042,0.05493088728107,-0.8767761359461789
2020-07-28,0.7371663960032164,0.7378590740003268,0.7319683237869159,0.7326610017840263,3995.0,-0.006111773737405235,-0.006130527076334563,0.7388336509348775,0.7419108067085342,0.7574332186251848,37.50301505911657,0.741139837331956,0.7522183077097659,0.730061366954146,0.02989576276911942,0.003627147363861938,0.004950648874486086,0.7502395571499129,0.7319683237869159,-0.007711171952011431,0.05790786408837265,-1.530687045914337
2020-07-29,0.7326610017840263,0.7338128914085168,0.731186721712759,0.7323386113372495,7490.0,-0.00044002675997723006,-0.0004401236001612016,0.7382150757351034,0.7415354264978955,0.7571835210402302,37.0700824699661,0.7404431552965627,0.7519083610962194,0.728977949496906,0.030968496953867195,0.0036047785411695604,0.004922283879839735,0.7502395571499129,0.731186721712759,-0.009807134148220542,0.056748443746029574,-1.4137633638561973
2020-07-30,0.7323386113372495,0.735201216976685,0.7321321589166545,0.7349947645560899,4711.0,0.003626946849067947,0.0036203853380600585,0.7379083794323402,0.7412789299511581,0.7569627373936219,42.91687248629869,0.739948294664026,0.7514592705565727,0.7284373187714793,0.03111291957980185,0.003528750376751869,0.004801055118920617,0.7502395571499129,0.731186721712759,-0.005340735788005868,0.05886891624992039,-0.8606620592687483
2020-07-31,0.7349947645560899,0.7355090170056238,0.7288284419842561,0.72934269443379,2428.0,-0.007689946098750289,-0.0077196661962580584,0.7370925999086687,0.7408108422838103,0.756687911095514,35.383345784912336,0.7391143625220334,0.7511762663767383,0.7270524586673286,0.03263880250830676,0.0038768627150616336,0.005315557068918549,0.7502395571499129,0.7288284419842561,-0.008979006399871259,0.06325750146087353,-1.6202530224002623
2020-08-03,0.72934269443379,0.7297956523072765,0.7263178186284241,0.7267707765019107,1320.0,-0.0035263504406195523,-0.0035325826699980564,0.736109569108025,0.7402602514688339,0.7563902281642344,32.58071953133911,0.73809320857639,0.7507198808026432,0.7254665363501369,0.034214302691138544,0.0034296544403851054,0.004719031847830619,0.7502395571499129,0.7263178186284241,-0.012236831409835669,0.06296561227244188,-1.793415061640392
2020-08-04,0.7267707765019107,0.7279023351687409,0.7249094570048218,0.726041015671652,1618.0,-0.0010041141634383743,-0.0010046186237837734,0.7351506592569419,0.7397026343787483,0.7560882459503778,31.810793648426184,0.7370494335530325,0.7500508206543608,0.7240480464517043,0.03527955252242324,0.0033853958482871283,0.004662816253094652,0.7502395571499129,0.7249094570048218,-0.015068695101157714,0.06287149554547944,-1.6934220626745038
2020-08-05,0.726041015671652,0.7262647555354371,0.725145753601529,0.7253694934653141,6056.0,-0.0009249094635744859,-0.0009253374562557288,0.7342191196577392,0.7391405504213587,0.7557825867216708,31.08288957925862,0.7358597574928811,0.7485445754934161,0.7231749394923461,0.03447618346124253,0.00336702638442601,0.004641808643400048,0.7502395571499129,0.7249094570048218,-0.01245755908749202,0.06072037146844587,-1.6539873141458663
2020-08-06,0.7253694934653141,0.7261123112090533,0.7207312632540701,0.7214740809978093,8882.0,-0.0053702457886604105,-0.005384717392541918,0.7330053064520315,0.7384477476988666,0.7554412085552642,27.19537172472549,0.73451462322187,0.747315785490273,0.721713460953467,0.03485611276805373,0.0033707690272371605,0.004672058381605805,0.7490597243271974,0.7207312632540701,-0.01683942235118807,0.06211655148956665,-2.037399722093766
2020-08-07,0.7214740809978093,0.7234837481637075,0.7204130090367586,0.7224226762026569,9406.0,0.0013148015013035863,0.001313937906697114,0.731997436904472,0.7378193135225446,0.7551126659447904,29.50746988427369,0.7333552955382785,0.746125535701167,0.72058505537539,0.03482688470536029,0.003464064233120107,0.004795065751989703,0.7473338371073076,0.7204130090367586,-0.02089139851608568,0.06265430998278894,-1.7122026204946028
2020-08-10,0.7224226762026569,0.7230919717547025,0.7220108129013041,0.7226801084533497,1680.0,0.0003563457504489609,0.00035628227438119965,0.7311100722900794,0.7372256192061055,0.7547899539299502,30.155723302515582,0.7321605837723839,0.7441719386604734,0.7201492288842944,0.032810711623404154,0.003381892032382507,0.0046796528544563,0.7473338371073076,0.7204130090367586,-0.019651312957846057,0.06217196066546342,-1.5785854980332052
2020-08-11,0.7226801084533497,0.7262164254934133,0.7222632318117996,0.7257995488518632,8578.0,0.004316488529329421,0.004307199214604373,0.7306043081531065,0.7367775380157431,0.7545014921878797,37.63932932987252,0.7315328321690246,0.7434933883325855,0.7195722760054638,0.032699984573754004,0.0034696047200521046,0.004780389744717596,0.7407794837860497,0.7204130090367586,-0.009365112808591536,0.05483307416440908,-0.958698448259213
2020-08-12,0.7257995488518632,0.7260705834469582,0.7238424869198201,0.7241135215149151,3949.0,-0.002322993090330683,-0.002325695424593241,0.7299861379970882,0.7362809099176715,0.754199124320487,35.42969643678033,0.7307589138347824,0.7425253208568018,0.718992506812763,0.03220325280816112,0.0034687010510290883,0.004790272447574562,0.7401103534523167,0.7204130090367586,-0.01123126610423475,0.05422242120044346,-1.1295533644945759
2020-08-13,0.7241135215149151,0.7249672478328395,0.7223300695120853,0.7231837958300097,4099.0,-0.0012839501780885776,-0.0012847751483412262,0.7293382958859379,0.7357672976005083,0.7538905140867509,34.236153318694704,0.7299710408983053,0.7415391133416303,0.7184029684549804,0.03169460648490713,0.0032075739171665207,0.004435350924152188,0.7401103534523167,0.7204130090367586,-0.01606945966916329,0.05422443015557934,-1.1734444267267867
2020-08-14,0.7231837958300097,0.7240188566158243,0.7177372601191712,0.7185723209049858,3537.0,-0.006376629221526264,-0.006397046764655498,0.728312964935371,0.7350929847889192,0.7535390892789722,29.015035497678966,0.7291021168740819,0.7413686235016831,0.7168356102464807,0.03364825404757305,0.003606376980623993,0.005018808651134854,0.7389807306635642,0.7177372601191712,-0.014767233031881544,0.056502596034563854,-1.7168369591718446
2020-08-17,0.7185723209049858,0.7209320089233368,0.7183656924440655,0.7207253804624164,7692.0,0.0029963018262644248,0.0029918218606026833,0.7275903378427087,0.7345295493251347,0.7532125847136334,34.070479708728726,0.7283496697548894,0.7407385185187476,0.7159608209910311,0.03401895896521095,0.0033689174281854506,0.004674342710151206,0.7389807306635642,0.7177372601191712,-0.008318160601602509,0.05836008398046739,-1.2308309573872789
2020-08-18,0.7207253804624164,0.7208794711015095,0.7196643346534831,0.7198184252925762,6669.0,-0.0012583921621551752,-0.0012591846024422547,0.7268501556950769,0.7339526425003285,0.7528803045203891,33.004186969085964,0.7274831466444397,0.7397037989497852,0.7152624943390942,0.03359707331149602,0.0032681293390617793,0.004540213509724235,0.7389807306635642,0.7177372601191712,-0.008570576929898821,0.057349903537892925,-1.2543882536467883
2020-08-19,0.7198184252925762,0.7214893086789739,0.7189300355689814,0.720600918955379,4631.0,0.0010870708991435052,0.001086480465430421,0.7262549902912961,0.7334290454985658,0.7525591166043194,34.897301486224876,0.7267872017175755,0.7389054712020051,0.7146689322331459,0.03334750379696064,0.0032317161283447826,0.004484751605687165,0.7389807306635642,0.7177372601191712,-0.006573993740974893,0.05716293459633213,-1.0209845176565866
2020-08-20,0.720600918955379,0.7219738486765572,0.7196371567154223,0.7210100864366005,4345.0,0.0005678142650922258,0.0005676531195700033,0.725755475638468,0.7329420274961358,0.7522451959061331,35.91701210456644,0.7261461371645028,0.7380500024012653,0.7142422719277404,0.03278641757496736,0.00292143876689959,0.004051869484015154,0.7389807306635642,0.7177372601191712,-0.0006431202082368692,0.057416459980742456,-0.8629215176329076
2020-08-21,0.7210100864366005,0.7224814311332107,0.7198278580293869,0.7212992027259971,4776.0,0.00040098785694597794,0.0004009074828005886,0.7253310686944231,0.7324854461326009,0.7519372755759827,36.671810824811374,0.7253192410190904,0.7360427808247489,0.7145957012134319,0.02956915851450934,0.002862563011540412,0.00396862078971107,0.7378590740003268,0.7177372601191712,-0.0015551470263436284,0.05262379245828214,-0.7497595693116161
2020-08-24,0.7212992027259971,0.723000258780181,0.7210204814661896,0.7227215375203735,1865.0,0.0019719067884740316,0.001969965132373711,0.7250825419159421,0.7321025477556509,0.7516465717147328,40.391531450198464,0.7245969980949483,0.7337986368362608,0.7153953593536357,0.025397948833640566,0.002790198665117007,0.003860682877516088,0.7378590740003268,0.7177372601191712,5.732697847804502e-05,0.05376376868372671,-0.40763621074462014
2020-08-25,0.7227215375203735,0.7282726312309348,0.7218774217920113,0.7274285155025726,4484.0,0.00651285140657154,0.006491734428087873,0.7253059679718117,0.7319192523731772,0.7514055960310297,50.70964327171845,0.7243353737808755,0.7328430004329746,0.7158277471287765,0.023490849570665155,0.0031670706297609597,0.004353789495828143,0.7355090170056238,0.7177372601191712,0.002244375397155274,0.05640368529277839,0.7271456184396413
2020-08-26,0.7274285155025726,0.7293272915936382,0.7265030811364702,0.7284018572275358,9759.0,0.0013380582479514125,0.0013371638457665377,0.7256008145675948,0.7317813153086423,0.7511767031076119,52.53915658946949,0.7241385360753899,0.7320260772576909,0.716250994893089,0.021784619349355494,0.002984439379917016,0.00409724295772182,0.7355090170056238,0.7177372601191712,0.005922187040022564,0.05671925665943873,1.0810266605548702
2020-08-27,0.7284018572275358,0.7294247005547853,0.7257380254686183,0.7267608687958678,2407.0,-0.0022528614052605977,-0.0022554029153470587,0.7257112959226685,0.7315844350532394,0.7509337594826194,49.22205897335297,0.7237268412873787,0.7299022131387704,0.7175514694359871,0.017065476915038118,0.003028434805575448,0.004167030636353749,0.7355090170056238,0.7177372601191712,0.004946284729392403,0.05518974002133588,0.9826218020556275
2020-08-28,0.7267608687958678,0.7283904508791391,0.726375988761077,0.7280055708443484,8005.0,0.0017126707035601818,0.00171120575550134,0.7259297982961618,0.7314440874372045,0.7507056183021391,51.71238102818502,0.7236599851079066,0.7296039800116378,0.7177159902041754,0.016427590376839437,0.0030950993244799963,0.00425147752769291,0.7297956523072765,0.7177372601191712,0.013127766913540562,0.048794300152191605,1.4621768042613472
2020-08-31,0.7280055708443484,0.730924319442744,0.7266936469676337,0.7296123955660294,8357.0,0.0022071599257371677,0.0022047277264460007,0.7262805218456729,0.731372256383433,0.7504957354888445,54.794567039452936,0.7238020660611125,0.7301792133435446,0.7174249187786804,0.01762124641930399,0.00311491923830119,0.004269279493099418,0.730924319442744,0.7177372601191712,0.012330653733757968,0.04766589353421792,1.8222346913402157
2020-09-01,0.7296123955660294,0.7301573310909865,0.728847414805619,0.729392350330576,2794.0,-0.0003015919641587983,-0.0003016374521613281,0.7265768864632828,0.7312946130088112,0.7502857515569216,54.28356857865337,0.7239696327940589,0.7307573902890102,0.7171818752991076,0.01875149781836819,0.0030493349353175763,0.004180651104903353,0.730924319442744,0.7177372601191712,0.013300472315790568,0.04749555518387909,1.597793539486509
2020-09-02,0.729392350330576,0.7304499416564241,0.7270136760324661,0.7280712673583142,2529.0,-0.0018112103474393626,-0.0018128525721431994,0.7267192084532859,0.7311682072970269,0.7500647119131544,51.19664148059369,0.7241047214887089,0.7311137181612583,0.7170957248161595,0.019359069108510676,0.0031064125998321312,0.0042666325936789595,0.730924319442744,0.7177372601191712,0.01036683163513663,0.047885118058754145,1.131844129742627
2020-09-03,0.7280712673583142,0.7288956230581577,0.7265877900438333,0.7274121457436769,1364.0,-0.0009052982093756823,-0.0009057082392845381,0.7267852024809421,0.731020910765523,0.7498393132448015,49.678722659818284,0.7244016247260022,0.7314444175086803,0.7173588319433242,0.019444442260443357,0.0028225723510943595,0.0038802931290192787,0.730924319442744,0.7177372601191712,0.008879292297722108,0.04342349761716853,0.8549225032089791
2020-09-04,0.7274121457436769,0.7281431177426352,0.7250103291243563,0.7257413011233146,3135.0,-0.0022969710227398465,-0.002299613107316026,0.7266857833040252,0.7308138672501423,0.7495995320296622,45.958823470190616,0.7245675559720351,0.7315702960429238,0.7175648159011465,0.019329433158221367,0.002863034646737761,0.00394497962608206,0.730924319442744,0.7177372601191712,0.00615846846985213,0.04431266906005679,0.33522453765172844
2020-09-07,0.7257413011233146,0.7267637367470061,0.7249727105966723,0.7259951462203639,4036.0,0.0003497735303976679,0.00034971237389658575,0.7266200083436766,0.7306248977979942,0.7493646625191219,46.612879040984225,0.7247333078603858,0.731704803696077,0.7177618120246946,0.019238789662567122,0.002904169625474002,0.004000260388231975,0.730924319442744,0.7177372601191712,0.004529557416016683,0.04431243234389219,0.3619993154174934
2020-09-08,0.7259951462203639,0.7305419080551543,0.7252682675960621,0.7298150294308525,1981.0,0.005261582298966561,0.005247788538337673,0.7269242960662647,0.7305931382541848,0.7491701388068008,55.36698951929723,0.7249340818893353,0.7322572844163056,0.717610879362365,0.02020377496360613,0.0030980530075525514,0.004244983841958658,0.730924319442744,0.7177372601191712,0.0032807538849795037,0.045576633538582344,1.333009028097049
2020-09-09,0.7298150294308525,0.7352300029836576,0.7289570962331771,0.7343720697859821,3652.0,0.006244103192398542,0.0062246895519978565,0.7276336078490949,0.7307413316475886,0.749022894338932,63.133484805412394,0.7254470093028886,0.7338810201239949,0.7170129984817823,0.02325190045020895,0.0033792112067915214,0.004601497450435886,0.7352300029836576,0.7177372601191712,0.008196317045607637,0.049096957605714225,2.1164451107315005
2020-09-10,0.7343720697859821,0.7361017811472526,0.7335010173381867,0.7352307286994572,2702.0,0.0011692423347817726,0.0011685593033307303,0.728357143168177,0.7309173864339364,0.7488856588599323,64.39082641569422,0.726049355946361,0.7354662741868021,0.7166324377059199,0.025940160027183634,0.0033754391143088042,0.004590992980230284,0.7361017811472526,0.7177372601191712,0.011654259698410385,0.04854590107515747,1.949973976341127
2020-09-11,0.7352307286994572,0.7361278411093175,0.7283550260492023,0.7292521384590627,4833.0,-0.008131583742385096,-0.008164825396975123,0.728442380814928,0.7308520825917846,0.7486903004479833,51.27754901476261,0.7265833468240649,0.73540760759362,0.7177590860545098,0.024289741316330566,0.003789227524746213,0.005196045818601224,0.7361278411093175,0.7183656924440655,0.0017123050490788216,0.05225931331447221,0.6048759674477107
2020-09-14,0.7292521384590627,0.731819800906867,0.7282909221318968,0.7308585845797012,2083.0,0.002202867891526461,0.002200445135408091,0.7286724954591921,0.7308523375717029,0.7485128704393437,53.9889954145454,0.727090007029929,0.7356579864982095,0.7185220275616485,0.023567864735975646,0.0035844896201781234,0.004904491369201711,0.7361278411093175,0.7189300355689814,0.001708015134124663,0.05188009952998512,0.8796887442888672
2020-09-15,0.7308585845797012,0.734183320690887,0.730175268824063,0.7335000049352488,8956.0,0.0036141333101622486,0.0036076180237274366,0.7291322582664356,0.730956167664391,0.7483634886930343,58.11635585184956,0.7277740860120627,0.7360781963945232,0.7194699756296022,0.022820571773760144,0.0036690497208678374,0.005002112741896614,0.7361278411093175,0.7189300355689814,0.005631611851716123,0.0523175361353171,1.3790565537953505
2020-09-16,0.7335000049352488,0.7347064504567589,0.7317004289274959,0.7329068744490059,6126.0,-0.0008086305143177874,-0.0008089576323290892,0.7294917455219184,0.73103266596967,0.7482096915363773,56.882437872311726,0.728389383786744,0.7362683504354491,0.7205104171380389,0.021633941471645383,0.0036204316096604128,0.004939824875271128,0.7361278411093175,0.7196371567154223,0.0066416672480935635,0.05268171577618982,1.1467216105056999
2020-09-17,0.7329068744490059,0.7370796154087152,0.7323209541339554,0.7364936950936647,8738.0,0.004893965072104489,0.004882028553801968,0.7301585978620848,0.7312468239745326,0.7480931144573454,62.12013559747883,0.7291635642195973,0.7370323536526018,0.7212947747865928,0.021583057133213304,0.0038164458351388248,0.0051819124326019685,0.7370796154087152,0.7198278580293869,0.012484737027181891,0.054575988514697214,1.8630898530140512
2020-09-18,0.7364936950936647,0.7393050330084285,0.7356367023023814,0.7384480402171453,3481.0,0.002653580249905696,0.00265006572184959,0.7309480685625668,0.7315292246114978,0.7479971435693832,64.64052867660737,0.7300210060941547,0.7380178338257479,0.7220241783625614,0.0219084866458264,0.003776278565920023,0.005113804032589192,0.7393050330084285,0.7210204814661896,0.01750863437724015,0.054795837488676,2.107594262584318
2020-09-21,0.7384480402171453,0.7425640302663384,0.7374353245308126,0.7415513145800058,9953.0,0.004202427515344276,0.004193621977968358,0.7319579015166086,0.7319222477475178,0.7479330059674989,68.25271430518094,0.7309624949471363,0.7397368199625938,0.7221881699316788,0.02400759293701399,0.004049049240931334,0.0054602414712522,0.7425640302663384,0.7218774217920113,0.021427372401357836,0.055785809129226864,2.4135918407889876
2020-09-22,0.7415513145800058,0.7425073245330392,0.739546356419644,0.7405023663726774,6715.0,-0.001414532193126039,-0.0014155335882372162,0.7327716600743294,0.7322587229877202,0.7478590692551126,65.80564645048888,0.7316161874906416,0.7411932495584187,0.7220391254228645,0.026180563611161462,0.004015099418748288,0.005422129085712581,0.7425640302663384,0.7249727105966723,0.014643898126021737,0.05297330001368209,1.8557212679938926
2020-09-23,0.7405023663726774,0.7412969250046486,0.7341147009067565,0.7349092595387277,3715.0,-0.007553124862176186,-0.007581794162873016,0.7329752409757007,0.7323626655975637,0.747730215427089,54.57073527124874,0.731941557606201,0.7415009635558056,0.7223821516565965,0.02612068094854024,0.004363270210431702,0.005937155034854708,0.7425640302663384,0.7249727105966723,0.0007314953479944375,0.06081169005789277,0.6208967268827723
2020-09-24,0.7349092595387277,0.7356279630604707,0.7324069971465915,0.7331257006683346,2754.0,-0.002426910325653675,-0.0024298600459556107,0.7329895704702373,0.7323925885415155,0.7475848968722755,51.54841281117512,0.7322597991998244,0.7415118573381175,0.7230077410615313,0.025269878664384626,0.004369568588688866,0.005960190162076523,0.7425640302663384,0.7249727105966723,-0.002863084945927241,0.06091740604300609,0.18718029125353586
2020-09-25,0.7331257006683346,0.7409714060622223,0.7320344964502059,0.7398802018440936,4493.0,0.009213292031095666,0.009171108557221731,0.7336458210772712,0.7326862204357343,0.7475082332401543,60.475971488168135,0.7328535307498117,0.7424728587547296,0.7232342027448939,0.026251706790785076,0.004879988835951913,0.0065956472734219965,0.7425640302663384,0.7249727105966723,0.014573921452583516,0.06835495536771548,1.4609484343791093
2020-09-28,0.7398802018440936,0.7407862032841883,0.7397156766163862,0.7406216780564808,2155.0,0.001002157120219005,0.00100165529601535,0.7343101884086245,0.7329974148522342,0.7474397103030034,61.3185608151077,0.7334039948743343,0.7434910207128246,0.723316969035844,0.027507419945861283,0.0045797664222883405,0.006183678601342643,0.7425640302663384,0.7249727105966723,0.01335838927361599,0.06816374149373741,1.431082520797196
2020-09-29,0.7406216780564808,0.7446075161058193,0.739985586474626,0.7439714245239645,9424.0,0.004522884715275843,0.00451268720873834,0.735230306133895,0.7334277681726943,0.7474051999967443,64.953512523927,0.7341329485840038,0.7450706019068664,0.7231952952611412,0.029797472907214195,0.004461839485196398,0.005997326426954286,0.7446075161058193,0.7249727105966723,0.014275963896742017,0.06931077443986894,1.7990103817599803
2020-09-30,0.7439714245239645,0.7455452806763361,0.7356967822272388,0.7372706383796104,9018.0,-0.009006778921168412,-0.009047585161083546,0.7354246234906298,0.7335784689651225,0.7473043585876187,54.01812809630469,0.7345929171350686,0.7452267552065028,0.7239590790636343,0.028951648793202358,0.004979534816627218,0.0067540121054750655,0.7455452806763361,0.7249727105966723,0.005954049665430006,0.07741298729647147,0.5036227233391806
2020-10-01,0.7372706383796104,0.7407103295594567,0.7365190023608911,0.7399586935407374,2851.0,0.0036459544449443104,0.0036393240641940864,0.7358564396858781,0.7338286738504407,0.7472312673931224,57.13575201357184,0.7352202445249215,0.7455462996456655,0.7248941894041775,0.028089692028043733,0.004723714255087964,0.006383753980218501,0.7455452806763361,0.7249727105966723,0.0047047224845993,0.07789280113805758,0.9177655862589401
2020-10-02,0.7399586935407374,0.7406116330063812,0.738934418999482,0.7395873584651258,1778.0,-0.0005018321682724869,-0.0005019581281772942,0.7362117652839018,0.734054504619644,0.747155208597819,56.5651952624174,0.7359125473920121,0.7453840100051716,0.7264410847788525,0.025740728695890076,0.004591452485940038,0.006208127320440865,0.7455452806763361,0.7249727105966723,0.0015428549957903215,0.07718312689801377,0.7759754165123348
2020-10-05,0.7395873584651258,0.7443940290923993,0.7388123408330365,0.74361901146031,6177.0,0.005451219452359268,0.005436415331572201,0.7369172173007026,0.734429583319278,0.7471200225566498,61.1063982833065,0.7367937406540095,0.7456388473034636,0.7279486340045553,0.02400972256252572,0.004703855085407097,0.006325625102254612,0.7455452806763361,0.7252682675960621,0.0027883395790015975,0.07875928996619219,1.54328739647739
2020-10-06,0.74361901146031,0.7511422859051304,0.7424763237188131,0.7499995981636336,9841.0,0.00858045128619489,0.00854384844429273,0.7381631583352675,0.7350401721367037,0.7471486750502516,66.98882102994847,0.7378029690906485,0.747823390363155,0.7277825478181419,0.027162865134188526,0.0051081365609109775,0.006810852397012209,0.7511422859051304,0.7282909221318968,0.012825390197573672,0.08184347430413759,2.4343545528269237
2020-10-07,0.7499995981636336,0.7563783155908257,0.7489001348175727,0.7552788522447648,5661.0,0.007039009212881364,0.007014351032681969,0.7397932244218862,0.7358338458664316,0.7472295723357691,70.90921842894036,0.7388483082135877,0.7514032212474017,0.7262933951797738,0.03398508975183186,0.005302387953660488,0.007020437468759065,0.7563783155908257,0.7282909221318968,0.027717153433094888,0.08251623913527338,2.617388744458026
2020-10-08,0.7552788522447648,0.755835460283817,0.7548672352076711,0.7554238432467233,9633.0,0.0001919701597994372,0.00019195173588616718,0.7412818547861564,0.7366020810578157,0.747311107369709,71.01104352058532,0.7398579639409509,0.7542947308369826,0.7254211970449193,0.03902577954052786,0.005109523265810402,0.006763783419716101,0.7563783155908257,0.7282909221318968,0.030415169674260722,0.08262806010456339,2.1564217830587835
2020-10-09,0.7554238432467233,0.7565258567242009,0.7537018247187891,0.7548038381962667,1443.0,-0.000820737994966958,-0.0008210749847946695,0.7425696627299765,0.737315875455402,0.7473856619052965,69.88457360033993,0.7411355489278112,0.7561320207064075,0.7261390771492149,0.04046890423834469,0.004944903713659402,0.006551243466747728,0.7565258567242009,0.7282909221318968,0.020170341516068557,0.0752229524439398,1.8228673344304385
2020-10-12,0.7548038381962667,0.7570782999291437,0.7541882045036061,0.7564626662364831,6763.0,0.002197694230305469,0.0021952828327039585,0.7438928059210723,0.7380667299958366,0.7474759803563532,71.20089957443898,0.7424157530106502,0.7580751094973054,0.726756396523995,0.042184871275032156,0.0049398413788124184,0.006530185294389849,0.7570782999291437,0.730175268824063,0.02138877195921629,0.07522252704105545,1.7940600864158818
2020-10-13,0.7564626662364831,0.7619941535404641,0.7551564617090686,0.7606879490130496,1314.0,0.005585580049294325,0.005570038542413764,0.7454923433584035,0.7389538366239626,0.7476074427310467,74.28418558259031,0.7437751502145402,0.7608335436375903,0.7267167567914902,0.04586975894026465,0.004915231931205514,0.006461561455762188,0.7619941535404641,0.7317004289274959,0.022469309892891864,0.07619535223995798,1.98292985500687
2020-10-14,0.7606879490130496,0.7624473043996186,0.7593142260157678,0.7610735814023368,1938.0,0.0005069521474443395,0.0005068236906169163,0.7469762707911591,0.7398212775956636,0.7477414341606119,74.55197376093209,0.7451834855622068,0.7630934643670217,0.7272735067573919,0.04806864121875345,0.004908954250489198,0.006450038958708921,0.7624473043996186,0.7320344964502059,0.032285217644149045,0.07573225440547342,1.7744404963626286
2020-10-15,0.7610735814023368,0.7643269758796166,0.7608699090560003,0.7641233035332801,6848.0,0.00400713177472789,0.00399912460559146,0.748609321528504,0.7407742982206682,0.7479044378359618,76.62504117010772,0.7465649659841875,0.7658614306290867,0.7272685013392883,0.051693999917236694,0.004517536908460621,0.005912052266396908,0.7643269758796166,0.7320344964502059,0.032656701250327824,0.07533133059221055,1.8198502028436414
2020-10-16,0.7641233035332801,0.765617955372249,0.7600879243928381,0.761582576231807,9456.0,-0.00332502266286705,-0.0033305628349286553,0.7498448695954852,0.7415903091230658,0.7480405387155225,71.40615936276869,0.7477216927849206,0.7677299181872912,0.72771346738255,0.05351784118459664,0.004836072930718384,0.006350030950874067,0.765617955372249,0.7320344964502059,0.02973985089784148,0.07744898693425412,1.3855185223217437
2020-10-19,0.761582576231807,0.7626375130287839,0.7600294341477286,0.7610843709447055,6595.0,-0.0006541710677869794,-0.0006543851310410268,0.7509152982954109,0.7423547821356792,0.7481703280909373,70.39370484053552,0.7486983456031557,0.7693354289021987,0.7280612623041127,0.05512789875986078,0.004692226448565666,0.006165185658380268,0.765617955372249,0.7320344964502059,0.0234869727847562,0.07716514708631872,1.2003658813669795
2020-10-20,0.7610843709447055,0.7619703847602907,0.7604028098506858,0.7612888236662709,2438.0,0.0002686334516521782,0.0002685973761470853,0.7519032530926357,0.7430972935682515,0.7483008603852193,70.57807059127322,0.7497376684678352,0.7707274702805739,0.7287478666550965,0.055992389593105193,0.004100731910030496,0.005386565233260471,0.765617955372249,0.7320344964502059,0.01505230873493657,0.07660560654291268,1.100644522658179
2020-10-21,0.7612888236662709,0.7627565693863091,0.7602665770297405,0.7617343227497787,5699.0,0.0005851906262885898,0.0005850194690238712,0.752839545440935,0.7438281574577231,0.748434526677404,71.00181655728572,0.7510789216283879,0.7714996271032548,0.7306582161535209,0.05437698991896497,0.00397920799274499,0.005223879079493856,0.765617955372249,0.7320344964502059,0.008547135254519,0.06907216945920705,1.0435879538544928
2020-10-22,0.7617343227497787,0.766587175688929,0.760964573907596,0.7658174268467463,7881.0,0.005360273227846601,0.0053459580958683615,0.7540755341462504,0.7446904817474888,0.7486074908581934,74.61099554381701,0.7527135079373084,0.7722999839516584,0.7331270319229584,0.05204231306549463,0.004261021405204545,0.005564017291626939,0.766587175688929,0.7320344964502059,0.013758612059890263,0.06827335686912592,1.3380578415267022
2020-10-23,0.7658174268467463,0.7675510070589477,0.7651939558671507,0.7669275360793522,3621.0,0.0014495742636424502,0.0014485246450804776,0.7552995343303553,0.7455625230938363,0.7487897798653692,75.50368088648517,0.7540658746490714,0.773656471958239,0.7344752773399038,0.05195990951927026,0.004030690186092708,0.0052556336765507165,0.7675510070589477,0.7356967822272388,0.016062051184128956,0.06304630760005032,1.313044337271129
2020-10-26,0.7669275360793522,0.7703731789990889,0.7665002581434037,0.7699459010631404,8094.0,0.00393565864021328,0.0039279341962969545,0.7566944264001445,0.7465187339945933,0.7490002885340037,77.7902633280325,0.7555320857994043,0.775274868374371,0.7357893032244377,0.05226193022385658,0.003688330091047552,0.004790375643216893,0.7703731789990889,0.7356967822272388,0.017824058514002372,0.06341014175648273,1.4601604620832405
2020-10-27,0.7699459010631404,0.7709264156276341,0.7631308186995726,0.7641113332640662,8946.0,-0.007577893188362772,-0.007606751302526178,0.7574007984824228,0.7472086398482981,0.7491506471880341,65.13375840269192,0.7565390812364094,0.7758488374549524,0.7372293250178665,0.05104761061909728,0.0037110026735338746,0.004856625614596668,0.7709264156276341,0.7356967822272388,0.004500379236266783,0.07099504614117064,0.7842928664614875
2020-10-28,0.7641113332640662,0.7687855934526671,0.763406616048961,0.7680808762375618,5287.0,0.005194979842189751,0.005181532486796582,0.758417948744817,0.7480271589223869,0.7493390076760891,68.84739512797805,0.758079593129307,0.7757645159892645,0.7403946702693494,0.04665716639846563,0.004026056411216743,0.005241708960309426,0.7709264156276341,0.7365190023608911,0.009207118741808795,0.0606754409141993,1.131051934741527
2020-10-29,0.7680808762375618,0.7687679178696808,0.764943283297503,0.765630324929622,7620.0,-0.0031904860331164464,-0.0031955864851835377,0.7591048417147985,0.7487174791579647,0.7495011103353283,64.2946132250839,0.7593631746987513,0.7751331546712747,0.7435931947262278,0.04153475042763205,0.004097528023128595,0.005351836114256899,0.7709264156276341,0.7388123408330365,0.001972222793590328,0.06310363440940106,0.7948203157886308
2020-10-30,0.765630324929622,0.7661716034352513,0.7597890907785139,0.7603303692841431,5460.0,-0.006922342902191181,-0.006946413465263829,0.7592215586261647,0.7491728866138933,0.7496088641557146,55.71351264289554,0.7604003252397021,0.7731292992948047,0.7476713511845996,0.03347966494120045,0.004346986396785728,0.005717233682088024,0.7709264156276341,0.7388123408330365,-0.001644216906667717,0.06984910456152403,-0.010991609418983545
2020-11-02,0.7603303692841431,0.761694477378621,0.760065812768036,0.7614299208625138,1146.0,0.0014461497564617343,0.001445105088945178,0.7594318788391503,0.7496535546236431,0.7497264866105086,56.99586299624729,0.7612908707098123,0.7712720462301913,0.7513096951894332,0.026221713419662524,0.003974913023870692,0.005220326802193547,0.7709264156276341,0.7424763237188131,0.000454023142505644,0.06819005814164325,0.027862480209398674
2020-11-03,0.7614299208625138,0.7623210193207963,0.7608424239709927,0.7617335224292752,4981.0,0.00039872555364972584,0.0003986460837399133,0.7596510829905908,0.750127278851315,0.7498459596037301,57.36297236445068,0.7618775669230944,0.7703259515528699,0.7534291822933189,0.02217780125458999,0.003856735664295896,0.0050631035010724286,0.7709264156276341,0.7489001348175727,0.0005841393557606267,0.06236998120034437,-0.034099890128474475
2020-11-04,0.7617335224292752,0.765199205237499,0.760819906545783,0.7642855893540068,1865.0,0.0033503408338821927,0.003344740946232916,0.7600924645490114,0.7506825067141657,0.7499896375116931,60.42153194322927,0.7623279037785564,0.7702383457051826,0.7544174618519303,0.020753384173443575,0.003922609369160153,0.005132386929440394,0.7709264156276341,0.7537018247187891,0.003349286658133499,0.05873164198709752,0.49496237848884767
2020-11-05,0.7642855893540068,0.7650853200835035,0.7630246058659267,0.7638243365954234,3941.0,-0.00060350838090939,-0.0006036905653959011,0.7604478809343839,0.7511978725918621,0.7501272962090436,59.58951631332105,0.7627479284459915,0.7699776409601433,0.7555182159318397,0.018957016452031576,0.0036748010290291494,0.004811055177174317,0.7709264156276341,0.7537018247187891,-0.0026025658093593584,0.058872542930732706,0.2977734307760844
2020-11-06,0.7638243365954234,0.7640439455687593,0.7634456834803712,0.7636652924537072,4182.0,-0.00020822083572913375,-0.00020824251669702135,0.7607543010790813,0.7516867910178169,0.7502620026393388,59.28636603783214,0.7631910011588634,0.7693823915762285,0.7569996107414984,0.016225008963585173,0.0035312426866957775,0.004624071201860779,0.7709264156276341,0.7541882045036061,-0.004253653014366976,0.05872201861154773,0.15320994570574303
2020-11-09,0.7636652924537072,0.7646190386328667,0.7605340122873381,0.7614877584664976,3664.0,-0.0028514245818518358,-0.002855497637441325,0.760824154163597,0.7520711426824711,0.7503737017022957,55.14958703383561,0.7634422557703643,0.7688411097407918,0.7580434017999368,0.014143450744626895,0.0037110606464046164,0.0048734344119701145,0.7709264156276341,0.7551564617090686,-0.010985372589118025,0.059617146617510774,-0.7240415519932664
2020-11-10,0.7614877584664976,0.76971418758169,0.7611443387321906,0.7693707678473829,6797.0,0.010352115701453002,0.010298899503436182,0.7616381173715766,0.7527495593556048,0.7505627272360776,64.74111588465038,0.763876396712081,0.7697207407617174,0.7580320526624446,0.01530180556642922,0.004145336110185392,0.005387956344875955,0.7709264156276341,0.7593142260157678,0.006883073649555538,0.06711181558633922,1.880235348445558
2020-11-11,0.7693707678473829,0.7742558579354323,0.7685344342585501,0.7734195243465994,1120.0,0.0052624256969686645,0.0052486275216064625,0.7627601561311026,0.7535601462179968,0.7507901580530979,68.47062022628114,0.764493693859294,0.7715697780208088,0.7574176096977792,0.018511818261818656,0.004152394817010336,0.005368877674142457,0.7742558579354323,0.7597890907785139,0.006950632770846843,0.06913907755270521,2.5228163723238186
2020-11-12,0.7734195243465994,0.7755772616338792,0.7728838217826567,0.7750415590699364,5337.0,0.002097224950077914,0.002095028843782218,0.7639298135538487,0.7544025545651317,0.7510314655259023,69.84669079709984,0.7650396066361268,0.7735372465542896,0.756541966717964,0.02221490193305632,0.004176422578397866,0.005388643395342112,0.7755772616338792,0.7597890907785139,0.012292138691318844,0.06829638286921584,2.354054191548301
2020-11-13,0.7750415590699364,0.7757381730096572,0.7734285036673361,0.7741251176070568,8466.0,-0.0011824417054220326,-0.0011831413411887786,0.7649007948922495,0.7551759884099132,0.7512612531087994,68.03985808531198,0.7656667337048894,0.7749088186032805,0.7564246488064982,0.024141273197728744,0.004064761756014723,0.005250781383479126,0.7757381730096572,0.7597890907785139,0.018143097895591875,0.0670255956754361,1.8304060166423914
2020-11-16,0.7741251176070568,0.774889791658407,0.7733529921230924,0.7741176661744426,3802.0,-9.625617932829122e-06,-9.625664259386698e-06,0.7657785921572203,0.7559187993026398,0.7514886801044776,68.02444970891972,0.7663183984663762,0.7760262737820788,0.7566105231506736,0.025336401514385827,0.0036177047993899425,0.004673326753112382,0.7757381730096572,0.7597890907785139,0.016663050616078534,0.06687574871209945,1.6067918992430792
2020-11-17,0.7741176661744426,0.7753069945244419,0.768825126369603,0.7700144547196023,9569.0,-0.00530050098858692,-0.0053145984818698125,0.766182007639352,0.7564715701033051,0.7516730161702997,59.9706464964957,0.7667546800190428,0.7762936403754255,0.7572157196626601,0.024881388023991664,0.0036964827101851417,0.004800536778924756,0.7757381730096572,0.7597890907785139,0.010871166945519262,0.07035758648437082,0.6834654047761758
2020-11-18,0.7700144547196023,0.7741844092340702,0.7694809744753028,0.7736509289897707,1018.0,0.004722605202901908,0.004711488688483831,0.766893333482249,0.7571452704517939,0.751891701869996,64.03471304060002,0.7673505103310424,0.7770563400471873,0.7576446806148975,0.025296991623704468,0.003759254152084398,0.0048591089485192146,0.7757381730096572,0.7597890907785139,0.012253717414297594,0.07187854066010776,1.2982751280394123
2020-11-19,0.7736509289897707,0.7748572462188085,0.7695726894737032,0.7707790067027409,9324.0,-0.0037121680843581473,-0.0037190752793790933,0.7672633975984864,0.7576799267753606,0.7520796352514164,58.94486237412076,0.7675985893238421,0.7773926610908465,0.7578045175568376,0.02551873310666651,0.0036808287298249636,0.0047754657272918105,0.7757381730096572,0.7597890907785139,0.009105064835085441,0.07143407182429799,0.6494576422471139
2020-11-20,0.7707790067027409,0.7717418872649564,0.7684070726739641,0.7693699532361796,5686.0,-0.0018280900936689104,-0.0018297630895999692,0.7674640219449334,0.7581383591855888,0.752251678216439,56.56907209962372,0.7677207101816834,0.7775404260744162,0.7579009942889506,0.025581479729546226,0.003802696585568342,0.0049426112490787615,0.7757381730096572,0.7597890907785139,0.007470106130059939,0.07170126449085579,0.3359044340003267
2020-11-23,0.7693699532361796,0.773101453468828,0.7685928696504697,0.772324369883118,7406.0,0.0038400468259922604,0.0038326926670434742,0.7679269122247605,0.7586946733305899,0.7524514064917294,60.19201347204005,0.7678396336226824,0.7778289621234561,0.7578503051219087,0.026019309406168246,0.004019124333322244,0.005203933075335289,0.7757381730096572,0.7597890907785139,0.014230841265844507,0.07163541430872436,0.8979054518205702
2020-11-24,0.772324369883118,0.773894090968502,0.770888033981859,0.772457755067243,3965.0,0.0001727061702652133,0.00017269125827149362,0.7683584210669017,0.759234402026145,0.7526504746367594,60.35281681375706,0.7682569547128412,0.7782877539439943,0.758226155481688,0.026113136157426498,0.00392103564010275,0.005076051880353536,0.7757381730096572,0.7597890907785139,0.00401235314476156,0.06555047877872568,0.8375803876834141
2020-11-25,0.772457755067243,0.7780909199093552,0.7713876255160758,0.7770207903581879,6927.0,0.00590716483977527,0.005889785947954159,0.7691834086184528,0.759931907450931,0.7528929653404552,65.48872015665584,0.7687039504188725,0.7794714271905856,0.7579364736471594,0.028014625827916723,0.0042526485097957945,0.005473017662545973,0.7780909199093552,0.7597890907785139,0.004656290536020347,0.06626447356783333,1.544807593393528
2020-11-26,0.7770207903581879,0.7776733315223211,0.7719435218838582,0.7725960630479913,1959.0,-0.005694477374481699,-0.005710752726591664,0.769508423326028,0.7604285410037569,0.7530890160639133,57.68526778529632,0.769052237324791,0.7798516859738018,0.7582527886757802,0.028085084796261876,0.004619187620515426,0.005978787417440536,0.7780909199093552,0.7597890907785139,-0.003155309535761819,0.06870874279881836,0.6562975274714498
2020-11-27,0.7725960630479913,0.7732477846838074,0.7685186403389506,0.7691703619747666,6232.0,-0.004434013111210833,-0.004443872502587561,0.7694762270068602,0.760771357512424,0.7532490294560612,52.47215830939459,0.7694942369593222,0.779483906682627,0.7595045672360173,0.025964248316606754,0.004665196049038867,0.0060652311629135714,0.7780909199093552,0.760065812768036,-0.006400458426676692,0.06566206004138199,-0.06484198047108287
2020-11-30,0.7691703619747666,0.7697736698145199,0.7660067725859734,0.7666100804257266,2423.0,-0.0033286274089744383,-0.0033341796134252998,0.7692032606657999,0.7610003270384359,0.753381975236854,48.91428417144506,0.7697532449374828,0.7791111865999865,0.7603953032749791,0.024314133715054947,0.004322128076113659,0.00563797448856063,0.7780909199093552,0.7605340122873381,-0.009698248828007183,0.06700637936165185,-0.6717640748607022
2020-12-01,0.7666100804257266,0.7690514051763754,0.7655464170380292,0.7679877417886779,6502.0,0.001797082243147896,0.001795469422811679,0.7690874969632169,0.7612743433031512,0.75352730624732,50.84564359121926,0.7700659559054529,0.7786842703336975,0.7614476414772083,0.02238331499309315,0.0041638112519325155,0.005421715771445534,0.7780909199093552,0.7605340122873381,-0.0026320453057759874,0.06720411131596768,-0.48227855552917326
2020-12-02,0.7679877417886779,0.7712818565936777,0.7670039583248908,0.7702980731298905,5924.0,0.0030082919498581884,0.003003776094038745,0.7692027899314715,0.7616282150610626,0.7536941795496341,53.98729407703777,0.7703665800942472,0.7785441054554005,0.7621890547330938,0.021230218372538703,0.004276986853187115,0.005552379010645549,0.7780909199093552,0.7605340122873381,-0.004333809647534936,0.067016830585692,-0.016754937791354438
2020-12-03,0.7702980731298905,0.7706072665324535,0.7686552080153554,0.7689644014179183,3155.0,-0.0017313709568987923,-0.0017328715118556301,0.7691800862635141,0.7619159086436844,0.7538461220557862,51.92417263953558,0.7706235833353718,0.7782391597088584,0.7630080069618853,0.019764711431553134,0.004251443222814043,0.005528790689106894,0.7780909199093552,0.7605340122873381,-0.002354248453892316,0.06735960612974322,-0.4357337740659837
2020-12-04,0.7689644014179183,0.7740215663336909,0.7675050396844745,0.772562204600247,9075.0,0.004678764290901638,0.004667852894587393,0.7695021927717745,0.7623334104459025,0.7540323517328454,56.72825839970349,0.7710684289426989,0.777979418737824,0.7641574391475738,0.017925749611098753,0.004607138016664173,0.00596345250807096,0.7780909199093552,0.7605340122873381,0.004149176024667911,0.0690409991779774,0.4322899329418352
2020-12-07,0.772562204600247,0.7729125586925142,0.7675568320085764,0.7679071861008435,8542.0,-0.006025428724942938,-0.006043654871045996,0.7693502873745429,0.7625519898833513,0.7541704097862584,49.794985595857014,0.7713894003244162,0.7768764609262422,0.7659023397225901,0.014226435052175669,0.00452669934017124,0.005894852167169044,0.7780909199093552,0.7611443387321906,-0.005719337566601701,0.07199444994357103,-1.2692457679121747
2020-12-08,0.7679071861008435,0.7752542268533138,0.7667096352009976,0.7740566759534678,6670.0,0.008008116037888868,0.007976221241652466,0.7697985148582501,0.7630031540429637,0.7543682830814545,57.23143865823198,0.7716236957297203,0.7771478781115869,0.7660995133478538,0.014318332659917587,0.004801067689710448,0.0062024756569621815,0.7780909199093552,0.7655464170380292,0.0020699136952617714,0.06808428228368259,0.8808471754060437
2020-12-09,0.7740566759534678,0.775382921785307,0.7733181385465878,0.774644384378427,9103.0,0.0007592576140955654,0.0007589695238472047,0.7702600262411241,0.7634596728796486,0.7545700353331657,57.87365308244561,0.7716849387313117,0.7773190146155593,0.7660508628470641,0.014602010746795914,0.004571083867825724,0.005900880403972142,0.7780909199093552,0.7655464170380292,-0.003058355721299977,0.06557197766506773,1.050552285030312
2020-12-10,0.774644384378427,0.7754955908376508,0.7723814027149613,0.7732326091741851,7206.0,-0.0018224816867092875,-0.0018241444269747199,0.7705431293776062,0.7638429252833558,0.7547557325853151,55.70957188437818,0.7715944912365241,0.7770571514964061,0.7661318309766422,0.014159407102888289,0.0045553248343755326,0.005891273570627904,0.7780909199093552,0.7655464170380292,0.0008239054748513386,0.06545442306839243,0.5997509856841763
2020-12-11,0.7732326091741851,0.7739283847659828,0.7673994325556921,0.7680952081474898,2148.0,-0.006644056349591976,-0.006666226345679309,0.770309994022357,0.7640096814741062,0.7548884636854363,48.58930969479803,0.7712929957635459,0.776832633661672,0.7657533578654199,0.014364548695640788,0.004699636862370705,0.006118560319762182,0.7780909199093552,0.7655464170380292,-0.0013978097446663007,0.0693951092361,-1.1545114228992768
2020-12-14,0.7680952081474898,0.7687562911412245,0.7635252718074195,0.7641863548011542,3067.0,-0.005089021914045144,-0.005102015086504177,0.7697267902870044,0.7640166098398729,0.754980980014946,43.98311067888085,0.7707964301948815,0.7770094907807878,0.7645833696089752,0.016121145201296427,0.004858562744310846,0.006357824519877842,0.7780909199093552,0.7635252718074195,-0.00316161460233666,0.07134853336192876,-2.1278000760918627
2020-12-15,0.7641863548011542,0.7653447262821098,0.7631324934997219,0.7642908649806776,4481.0,0.00013676007019336467,0.0001367507193874999,0.7692090831149733,0.7640273649434338,0.7550736156862468,44.135597050672445,0.7705102507079351,0.7773687145208495,0.7636517868950207,0.01780239472898114,0.0045377726292471655,0.005937232586656504,0.7780909199093552,0.7631324934997219,-0.004813718509868559,0.06921218440920354,-1.8136381256532883
2020-12-16,0.7642908649806776,0.7674287718362124,0.7634927987661922,0.7666307056217271,5472.0,0.003061453104125089,0.0030567763991481917,0.7689635233537118,0.7641294567347394,0.7551886116060028,47.576336447063255,0.7701592395395329,0.7770593666336498,0.763259112445416,0.017918702366649268,0.004409641445786967,0.005751976034159508,0.7780909199093552,0.7631324934997219,-0.004760971935528935,0.06783037783900138,-1.0227446160562095
2020-12-17,0.7666307056217271,0.7683717165203144,0.7654516578439711,0.7671926687425584,1292.0,0.0007330297582792689,0.0007327612231874699,0.768794870533602,0.7642495826958304,0.7553080549605954,48.39836387679512,0.7699799226415239,0.7769976321352148,0.7629622131478331,0.018228292160178967,0.004280421040893149,0.00557932995880791,0.7780909199093552,0.7631324934997219,-0.0023040503202657048,0.0668200762801395,-0.7943486123132771
2020-12-18,0.7671926687425584,0.7686519946230331,0.7662812572591065,0.7677405831395812,5353.0,0.0007141809604629401,0.0007139260545995187,0.7686944622103619,0.7643864846740167,0.7554317617086451,49.23419738613351,0.769898454136694,0.7769834866543722,0.7628134216190158,0.018405109088374116,0.004180695336277447,0.005445453097165979,0.7780909199093552,0.7631324934997219,-0.006241078623773433,0.06662006640520664,-0.6091351004328119
2020-12-21,0.7677405831395812,0.7679378605999888,0.767445479951286,0.7676427574116936,7451.0,-0.0001274202901812016,-0.0001274284088360381,0.7685942998485839,0.7645141816441217,0.7555532641534516,49.08133601820838,0.7696643735131227,0.7767212288315303,0.7626075181947151,0.018337487250960273,0.003965509087017205,0.0051658262241513824,0.7780909199093552,0.7631324934997219,-0.0003443498041638682,0.06497812735971609,-0.5729509845995324
2020-12-22,0.7676427574116936,0.7696852954994406,0.7670293800903589,0.7690719181781059,6137.0,0.0018617524266510976,0.001860021513623402,0.7686397873085383,0.7646929164101602,0.7556877781238461,51.452754257351906,0.7694950816686659,0.776431197090269,0.7625589662470628,0.01802770566528378,0.003849653168466836,0.005005582803733723,0.7780909199093552,0.7631324934997219,-0.006439783972177149,0.06541485676015056,-0.12201743046026958
2020-12-23,0.7690719181781059,0.7692395334365366,0.7683123129023477,0.7684799281607784,6228.0,-0.0007697459799728135,-0.0007700423865245842,0.7686245626277993,0.7648414266748903,0.7558150631988405,50.405559222219935,0.7690680385587954,0.775037575090833,0.7630985020267577,0.015524079100268883,0.0037764504554018935,0.004914182292880653,0.7776733315223211,0.7631324934997219,-0.007957788556867906,0.06129532053542021,-0.19703720543820424
2020-12-24,0.7684799281607784,0.7702703459298926,0.7675229970255503,0.7693134147946645,9113.0,0.0010845912864385632,0.001084003542245686,0.7686901675960722,0.7650167987580188,0.7559493751550179,51.89020017713044,0.768903906146129,0.7746409960770377,0.7631668162152203,0.014922774835841156,0.0035072234736251745,0.004558900710916731,0.7754955908376508,0.7631324934997219,-0.005068583933243942,0.05839719527781759,0.1427583159640803
2020-12-25,0.7693134147946645,0.7731796481148892,0.7683703421551512,0.7722365754753758,9206.0,0.0037997006480012807,0.0037925000198843666,0.7690279207274344,0.7652999272567387,0.7561114368497479,56.77717720506254,0.7690572168211595,0.7749849936662695,0.7631294399760494,0.015415697858247935,0.003468193421896613,0.004491102250319666,0.7754955908376508,0.7631324934997219,0.005391736966924077,0.057802194303596836,1.0726984963474437
2020-12-28,0.7722365754753758,0.7732469678047308,0.7667064235919722,0.7677168159213271,1878.0,-0.0058528172552128055,-0.005870012115198838,0.7689030536030432,0.7653947072043696,0.7562269132584204,48.56307257073383,0.7691125535959396,0.7749643191757916,0.7632607880160875,0.0152169290502214,0.003325047176213926,0.004331085508689268,0.7754955908376508,0.7631324934997219,0.004619895524163864,0.06048135138322328,-0.47703130125993115
2020-12-29,0.7677168159213271,0.768916786407701,0.7636313169195604,0.7648312874059343,9146.0,-0.003758584487862149,-0.003765665715702493,0.7685152663461756,0.7653726123103133,0.7563125289215799,44.16963033434128,0.7689547308768023,0.7750972640467185,0.7628121977068861,0.015976319341743723,0.0035550961940297404,0.0046482096804479605,0.7754955908376508,0.7631324934997219,0.0007070899967780431,0.06159307493602993,-1.3425872866468345
2020-12-30,0.7648312874059343,0.7664297833692967,0.7639689324570602,0.7655674284204226,2334.0,0.0009624881024219434,0.0009620252077448934,0.7682345198770563,0.7653802521577685,0.7564046174738072,45.52365645508205,0.768718198641329,0.7750055491809011,0.7624308481017568,0.016358011429116075,0.003508429250425945,0.004582782809431698,0.7754955908376508,0.7631324934997219,-0.0013869483618480505,0.06060035605651826,-1.0022568969474848
2020-12-31,0.7655674284204226,0.7680299641209513,0.7642987916291082,0.7667613273296369,4794.0,0.001559495434226621,0.0015582806839895748,0.7680942158249211,0.76543441196843,0.7565076693131687,47.73745607257968,0.7686080449369148,0.7749541542727592,0.7622619356010705,0.016513252437697842,0.0033085878419653997,0.004315016582132619,0.7754955908376508,0.7631324934997219,-0.0005622334916580707,0.06069595280419369,-0.5819999339901826
2021-01-01,0.7667613273296369,0.76729663410122,0.7618334445585773,0.7623687513301604,2167.0,-0.0057287396258941525,-0.005745211794713903,0.7675489334920866,0.7653141899826155,0.7565659885372185,41.11699629825149,0.7680983722734106,0.7747378922969083,0.7614588522499129,0.017288202301083043,0.00332517142831095,0.004361631326715951,0.7754955908376508,0.7618334445585773,-0.00699693611018104,0.06098704201813901,-1.7259141995122382
2021-01-04,0.7623687513301604,0.7634374174933111,0.7615923919798805,0.7626610581430312,3285.0,0.0003834191949247945,0.000383345708568729,0.7670834215540814,0.7652101455967495,0.7566266359959828,41.696462515694385,0.7678360658755199,0.7749078342696925,0.7607642974813473,0.01841999538302235,0.00329894233767114,0.0043255680914187295,0.7754955908376508,0.7615923919798805,-0.006489606292202299,0.05765650112589031,-1.4635682177468172
2021-01-05,0.7626610581430312,0.7681218424551108,0.7618557908915787,0.7673165752036584,2920.0,0.006104306770248202,0.006085750964938949,0.767105626663565,0.7652927506793734,0.756733003550288,50.11641252977578,0.7674990608380294,0.7739366069046492,0.7610615147714097,0.016775384870414287,0.0034653765157791378,0.004516227887895384,0.7754955908376508,0.7615923919798805,-0.002282417200469178,0.05430038980292422,-0.056694160315931455
2021-01-06,0.7673165752036584,0.7713779470891982,0.7663555423791423,0.7704169142646821,3622.0,0.0040404953590384984,0.004032354479089333,0.7674209873874809,0.7654936982709541,0.7568691618658542,54.798049516754,0.7672876873323423,0.7729707951163787,0.761604579548306,0.014813499233371068,0.003615544089615746,0.004692970809274835,0.7754955908376508,0.7615923919798805,0.0025205422196772354,0.05646099195849492,1.1012379322206818
2021-01-07,0.7704169142646821,0.7741667277237622,0.76970315703828,0.7734529704973601,3753.0,0.003940796439517058,0.003933051841150842,0.7679954619693741,0.7658058265935583,0.7570341748870633,58.86898982965357,0.767298705398501,0.7730309839892118,0.7615664268077902,0.014941452527887953,0.0037650321840125684,0.004867823032073311,0.7741667277237622,0.7615923919798805,0.005380844299719412,0.05804001328658181,2.147231681597662
2021-01-08,0.7734529704973601,0.7757106922960735,0.7723269877102528,0.7745847095089662,3653.0,0.0014632292521656876,0.0014621597753761947,0.7686230093540971,0.7661500965118097,0.7572088070723558,60.30416100712897,0.7676231804665747,0.7742154581277518,0.7610309028053976,0.017175817064748335,0.003971555322378132,0.005127335039825182,0.7757106922960735,0.7615923919798805,0.0030406925910559934,0.052569372513446885,2.112025433451895
2021-01-11,0.7745847095089662,0.7825603015864511,0.7740867447850018,0.7820623368624867,6178.0,0.009653724456116342,0.009607424994521488,0.7699029453072771,0.7667741059373264,0.7574561058762378,68.19949577911277,0.7685169795696414,0.7775447265364335,0.7594892326028493,0.02349394276713965,0.0043871011361186684,0.005609656582771957,0.7825603015864511,0.7615923919798805,0.018685953783549314,0.05783925583363109,3.000827857198685
2021-01-12,0.7820623368624867,0.7849642160795323,0.7808539761735444,0.7837558553905899,2478.0,0.0021654520979712544,0.0021631108858229165,0.7712222700771165,0.7674400568962779,0.7577177949261319,69.6707833778951,0.7694902290901371,0.780564571383473,0.7584158867968012,0.028783581323522413,0.004614459662675739,0.0058876238447699925,0.7849642160795323,0.7615923919798805,0.024743454270603538,0.05781007247956773,2.5763383364152115
2021-01-13,0.7837558553905899,0.7841277729439203,0.7800241164832344,0.7803960340365649,4129.0,-0.00428682137545322,-0.004296036138329968,0.7720959618827783,0.7679481344311911,0.7579434490466338,63.403389870780046,0.7701784955108789,0.7821770087133955,0.7581799823083624,0.031157746606668445,0.0047113387738431335,0.006037112656088136,0.7849642160795323,0.7615923919798805,0.019369431177000074,0.060597932542082955,1.7031341055728457
2021-01-14,0.7803960340365649,0.7815781335761158,0.7788263815138811,0.780008481053432,6018.0,-0.0004966106518100588,-0.0004967340037200765,0.7728495351371263,0.7684210892006907,0.7581630016039154,62.70270597721311,0.7708192861264227,0.7834960922790953,0.7581424799737501,0.03289177212048507,0.004564370638307193,0.005851693602283441,0.7849642160795323,0.7615923919798805,0.01727676299211689,0.06079895812367661,1.4497649985871226
2021-01-15,0.780008481053432,0.7847037607567092,0.778991004257228,0.7836862839605052,2319.0,0.004715080664387417,0.004703999490319142,0.7738816064536386,0.7690197242893109,0.7584169646124387,66.4876275230474,0.7716165711674687,0.7854326538634976,0.7578004884714399,0.03581074645694789,0.004505242944501664,0.005748783711938374,0.7849642160795323,0.7615923919798805,0.02796223296554401,0.06233228036073434,1.747197531830882
2021-01-18,0.7836862839605052,0.7843405157234548,0.7767993779383601,0.7774536097013096,4080.0,-0.007953022002245125,-0.007984815965989123,0.7742217972391311,0.7693504648937031,0.7586063839665568,56.098048057018524,0.7721071137819496,0.7860254232074145,0.7581888043564847,0.03605279417072063,0.004666362108569815,0.006002110029899517,0.7849642160795323,0.7615923919798805,0.019395970726886258,0.0699884358949172,0.7682680066844949
2021-01-19,0.7774536097013096,0.7838560880562613,0.7764272104324135,0.7828296887873651,4820.0,0.006914983761051596,0.006891184910298596,0.775041596434201,0.7698790619091409,0.7588474118752216,61.6628852183676,0.7727950023124126,0.7874234838451912,0.758166520779634,0.03785863389128096,0.005021221159399196,0.0064141935740547485,0.7849642160795323,0.7615923919798805,0.020217357587498208,0.07337098231456114,1.3719382223599148
2021-01-20,0.7828296887873651,0.7841569767048114,0.7763477908993258,0.7776750788167721,4012.0,-0.006584586717166663,-0.006606360742890601,0.7752924042801602,0.7701847880623813,0.7590347518447893,54.52631384706586,0.7732547598452123,0.7878902033679578,0.7586193163224668,0.03785413109044466,0.005312507824659378,0.006831269214312906,0.7849642160795323,0.7615923919798805,0.009421086709937576,0.07788733731409309,0.6040567154237648
2021-01-21,0.7776750788167721,0.7812434476047946,0.7764792950729407,0.7800476638609631,8079.0,0.0030508693268156417,0.0030462248690158004,0.7757452861449986,0.770571567505463,0.7592438355464428,56.993546286534716,0.7737914722985272,0.7886045541610983,0.758978390435956,0.038287012439072926,0.005262576609603038,0.006746480828562609,0.7849642160795323,0.7615923919798805,0.008526301682392434,0.07835877302479534,0.8446846673066418
2021-01-22,0.7800476638609631,0.7800597172072039,0.7774611158166316,0.7774731691628723,5812.0,-0.003300432547093224,-0.0033058909880453458,0.7759098464324151,0.7708422185508517,0.7594252219505864,53.59547174795561,0.774053301982902,0.7889356208087842,0.7591709831570198,0.038452956114928986,0.005316403457970306,0.006838053927564638,0.7849642160795323,0.7615923919798805,0.0037290429548206827,0.07869156763446461,0.45958794727912344
2021-01-25,0.7774731691628723,0.7781339939341141,0.7747282621169463,0.7753890868881881,6506.0,-0.0026805841762079785,-0.0026841833753805905,0.7758602502853459,0.7710205271131001,0.7595840663778263,50.94735919758834,0.774436915531245,0.789024121846387,0.7598497092161031,0.037671774220978387,0.005112094904658566,0.006592941519430664,0.7849642160795323,0.7615923919798805,-0.008532887545858125,0.07613957890208511,0.13054882975839596
2021-01-26,0.7753890868881881,0.7779580903350232,0.7751094228796913,0.7776784263265264,4095.0,0.0029525040744717845,0.0029481539946324613,0.7760334099083154,0.7712816211999012,0.7597641097604004,53.656179456560075,0.7750792724772747,0.7890017884705129,0.7611567564840365,0.03592539882724433,0.0049568279578925635,0.006373878701132084,0.7849642160795323,0.7615923919798805,-0.007754237524687846,0.07486748136010525,0.37337415888249315
2021-01-27,0.7776784263265264,0.7823566150772767,0.7772644187152097,0.78194260746596,9108.0,0.005483219020972596,0.005468240902812924,0.776596190628091,0.7716996990926878,0.75998479132961,58.277808140814564,0.7758980314295515,0.7893844457271502,0.7624116171319528,0.03476336773983215,0.005001729791934338,0.006396543357757975,0.7849642160795323,0.7615923919798805,0.001981780226887553,0.0766608026268512,0.896394831572803
2021-01-28,0.78194260746596,0.7824266347574304,0.7793235544227193,0.7798075817141896,5148.0,-0.0027304123491740384,-0.002734146724110202,0.7769020373981957,0.7720176552739232,0.7601820330249791,55.30400669171444,0.7765503441487792,0.7894241526829282,0.7636765356146302,0.033156404169160984,0.004981685202569364,0.006388351843949141,0.7849642160795323,0.7615923919798805,-0.00025756045494662594,0.0778012832123744,0.5060254790601063
2021-01-29,0.7798075817141896,0.7848290107606296,0.7796486635328037,0.7846700925792437,7198.0,0.0062355265312568076,0.006216166075769713,0.7776418521773432,0.7725138292858965,0.7604256953091012,60.27572882061076,0.7776654112112333,0.789156242732166,0.7661745796903007,0.02955212191586458,0.004746455947310554,0.006048982868339933,0.7849642160795323,0.7615923919798805,0.0012553602619744808,0.07594124820513007,1.2191774555653394
2021-02-01,0.7846700925792437,0.7921737626057813,0.7834359375488419,0.7909396075753795,4148.0,0.007990001218891374,0.007958250174276043,0.7789083050723943,0.7732364088266607,0.7607293163266762,65.5903949435606,0.7790793386828507,0.7897245857386024,0.7684340916270991,0.02732776118475692,0.005076997743807091,0.006418944879205881,0.7921737626057813,0.7618557908915787,0.01734636987440452,0.07924761017735073,2.2282749907848567
2021-02-02,0.7909396075753795,0.8010476261953747,0.7894717566552335,0.7995797752752287,8737.0,0.010923928473294708,0.010864693362957586,0.7808770165202833,0.7742694820207222,0.7611158880575075,71.29089125170448,0.7806924986864293,0.7934091325925692,0.7679758647802895,0.0325778303942628,0.005610727249482472,0.007017095007876064,0.8010476261953747,0.7663555423791423,0.02139684624609739,0.08437313362554899,2.97048365600588
2021-02-03,0.7995797752752287,0.8005695208026825,0.7957038150133064,0.7966935605407602,8566.0,-0.003609664505927479,-0.003616195065004763,0.782383354046043,0.7751488576489589,0.7614698947488833,67.28113963785287,0.7820063310002332,0.7956488260129732,0.7683638359874932,0.03489100911827755,0.005761723944278279,0.007232045330412206,0.8010476261953747,0.76970315703828,0.024455562794843066,0.08635597228314716,2.1531588652678946
2021-02-04,0.7966935605407602,0.7986145701630377,0.7960789597709669,0.7979999693932444,9639.0,0.0016397883919099243,0.001638445406865216,0.7838706507457764,0.7760449796781467,0.7618333780786779,68.15425180833203,0.7832336809450273,0.7980061137969707,0.7684612480930839,0.03772164862501677,0.005534784936606109,0.006935820988582816,0.8010476261953747,0.7723269877102528,0.023014369972500948,0.08594665739236997,1.9991681256854663
2021-02-05,0.7979999693932444,0.7986934973267816,0.7965091412223879,0.7972026691559252,3554.0,-0.0009991231427306513,-0.0009996225989643895,0.7851403667848382,0.7768746929910008,0.7621853113232276,66.9795129863173,0.7843645789273753,0.7997974010149667,0.768931756839784,0.03935114486861668,0.005152157673698897,0.006462795312958473,0.8010476261953747,0.7740867447850018,0.025376438410467772,0.08643306841603215,1.6637385120732098
2021-02-08,0.7972026691559252,0.8003404882251748,0.7955574515601694,0.798695270629419,9773.0,0.00187229864028704,0.0018705480739026209,0.7864313100081316,0.7777304019179976,0.7625485945004037,68.08844023426175,0.7851962256157219,0.8018509399499709,0.7685415112814729,0.04242178907874658,0.004963169033781578,0.006214095934072963,0.8010476261953747,0.7747282621169463,0.03005740490205233,0.08087722824008621,1.6210479198598384
2021-02-09,0.798695270629419,0.7995060335481953,0.7963669771099945,0.7971777400287707,9799.0,-0.001900012002640783,-0.0019018193150856031,0.7874547795339069,0.778493042628224,0.7628931631126262,65.6735985224278,0.785867319847631,0.8033392663379998,0.7683953733572623,0.04446538505700004,0.004629588364689804,0.005807473204812165,0.8010476261953747,0.7747282621169463,0.025073749048629468,0.08142921479172041,1.2946949199248605
2021-02-10,0.7971777400287707,0.7984737348717013,0.7968939841503117,0.7981899789932422,5109.0,0.0012697782610373576,0.001268972774408761,0.788477179482415,0.7792654715052836,0.7632443752109408,66.52640007311078,0.7867570170954649,0.8048567936477783,0.7686572405431514,0.04601109658769578,0.004402131092513782,0.005515142019279914,0.8010476261953747,0.7747282621169463,0.020778214887068325,0.07912558650654665,1.2633263029223465
2021-02-11,0.7981899789932422,0.8056261628615201,0.797343455596702,0.80477963946498,9793.0,0.008255754450900765,0.008221862120191901,0.7900297947188498,0.7802660271115462,0.7636576614224239,71.49179939835919,0.7879955750160422,0.8074875476812918,0.7685036023507926,0.04947228965049145,0.004808138654959905,0.005974478502160381,0.8056261628615201,0.7747282621169463,0.032023358500691046,0.08274160982257757,1.7221514453342597
2021-02-12,0.80477963946498,0.8060981323388746,0.8040756823818725,0.8053941752557672,6624.0,0.0007636075276404863,0.000763316127746351,0.7914930690556992,0.7812514446858294,0.764072950117283,71.91027303574938,0.7890809695808054,0.8099327291480815,0.7682292100135294,0.05285074756866435,0.004709332807805214,0.00584723971502486,0.8060981323388746,0.7747282621169463,0.026411205005153926,0.08193909714698772,1.5646838457281151
2021-02-15,0.8053941752557672,0.8057389085029147,0.8030249448956913,0.8033696781428389,1873.0,-0.0025136724043048897,-0.002516836983038149,0.7926241746830458,0.782118826390026,0.7644639623364429,68.3507154257882,0.7903767730028818,0.8114064261542858,0.7693471198514777,0.05321424887400471,0.004699711104368898,0.005849998116973106,0.8060981323388746,0.7747282621169463,0.015715574802940724,0.07576425645895347,1.2356746967164924
2021-02-16,0.8033696781428389,0.8083532162457575,0.8019163993629018,0.8068999374658204,3821.0,0.004394314870263205,0.004384688060525857,0.7939837711385482,0.7830906346675081,0.7648862108451929,71.04249990769841,0.7915802854368046,0.813526428224935,0.7696341426486741,0.05544893725093286,0.004795755427282373,0.005943432642149036,0.8083532162457575,0.7747282621169463,0.0091550116910748,0.07394832520704989,1.3961134015132273
2021-02-17,0.8068999374658204,0.807282613845455,0.8038234872883823,0.8042061636680168,9845.0,-0.0033384236046216653,-0.0033440085741639333,0.794957332331831,0.7839186946283123,0.7652774541568629,66.40168061208918,0.7929068396793668,0.8145188282011412,0.7712948511575924,0.05451331087146066,0.004821187300308204,0.005994964373710559,0.8083532162457575,0.7747282621169463,0.009429727437682889,0.07001975059814301,1.0456533397901584
2021-02-18,0.8042061636680168,0.8045339418638885,0.80290414179212,0.8032319199879917,2475.0,-0.0012114352314603893,-0.001212169612283517,0.7957453882990844,0.7846760760149664,0.765655110533292,64.75414373584374,0.7940660524857183,0.8152568852673616,0.7728752197040749,0.05337297247579913,0.004567576789161246,0.005686498102851206,0.8083532162457575,0.7747282621169463,0.006556329317563003,0.07055195343348757,0.8650785551206265
2021-02-19,0.8032319199879917,0.8044128552381058,0.8011099567758209,0.802290892025935,3340.0,-0.0011715519996651214,-0.0011722388031788372,0.7963687696064035,0.7853668531134358,0.7660196456725223,63.12493536186906,0.7953069386288714,0.8152780881437635,0.7753357891139793,0.050222495353360916,0.004179367746685925,0.0052092922756884815,0.8083532162457575,0.7747282621169463,0.006382596379659766,0.06902909836666966,0.6994042472974129
2021-02-22,0.802290892025935,0.8083454487408631,0.8009258005924982,0.8069803573074263,1464.0,0.005845093504239562,0.0058280772208502574,0.797379397006501,0.7862144415132002,0.7664272149425214,67.51167509499804,0.7968865021498333,0.8151487429118696,0.778624261387797,0.04583398191026852,0.003882494790130475,0.0048111391497617385,0.8083532162457575,0.7751094228796913,0.01037327624524198,0.06868064525105914,1.1054344632862632
2021-02-23,0.8069803573074263,0.8078360768732358,0.8062690771370574,0.8071247967028669,4860.0,0.00017898749843481276,0.00017897148208363738,0.7983075303109168,0.7870344554422067,0.7668321660048135,67.63936985270723,0.7983588206686503,0.8147532220939381,0.7819644192433625,0.041070258136703466,0.0036468729291877816,0.004518350748341999,0.8083532162457575,0.7772644187152097,0.01247784047976186,0.0688798644582753,1.069386531025815
2021-02-24,0.8071247967028669,0.8112112892198319,0.8064186895024695,0.8105051820194346,6538.0,0.004188181716602735,0.004179435695004978,0.7994692114260137,0.7879548760922941,0.7672667233780933,70.55616147522827,0.7997869493963241,0.8151007814365043,0.7844731173561439,0.038294778507548886,0.003808086452422889,0.00469841098724965,0.8112112892198319,0.7793235544227193,0.015428912101509429,0.06812786745434353,1.3998106541834994
2021-02-25,0.8105051820194346,0.81596181996953,0.8092963855841079,0.8147530235342033,2356.0,0.005240980081317792,0.005227293943568196,0.8009248125791746,0.7890057838351141,0.7677392238771591,73.75716377389021,0.8015342214873247,0.8151274701425121,0.7879409728321373,0.03391807433989234,0.004128163472496346,0.005066766680520389,0.81596181996953,0.7796486635328037,0.012392689352645148,0.06695676900926444,1.9449069728940898
2021-02-26,0.8147530235342033,0.8157730865390072,0.8125361973788208,0.8135562603836246,1486.0,-0.0014688661668138536,-0.001469946008279792,0.8021278076081699,0.7899685476213303,0.7681951147876712,71.40197160057913,0.8029785298775437,0.8150841873947021,0.7908728723603853,0.03015188343579887,0.0040177243650092774,0.004938471450167144,0.81596181996953,0.7834359375488419,0.010134273848287245,0.06638474097504778,1.7475681087273716
2021-03-01,0.8135562603836246,0.8197805144991157,0.812389915384255,0.8186141694997461,5220.0,0.006217036685006283,0.0061977906401554745,0.8036979373121296,0.7910919053420524,0.7686967969241097,75.03085715194811,0.8043622579737623,0.8169892256969836,0.7917352902505409,0.03139622128723311,0.004321405984770702,0.005278928884667983,0.8197805144991157,0.7894717566552335,0.018975686750025256,0.06446895812520168,2.2573767254942925
2021-03-02,0.8186141694997461,0.818831160189916,0.8178558827761933,0.8180728734663631,6774.0,-0.0006612346249927903,-0.0006614533370260623,0.8050669788506281,0.792149982523398,0.7691881011683114,73.94937294747865,0.8052869128833187,0.8190927132915712,0.7914811124750661,0.03428790456514696,0.004278229319937353,0.005229643297924683,0.8197805144991157,0.7955574515601694,0.013846742925315958,0.05496920118336233,1.8522592251010082
2021-03-03,0.8180728734663631,0.8193142213819823,0.8179945599418627,0.8192359078574818,8186.0,0.00142167578077812,0.0014206661565575476,0.8064164006608047,0.7932121756737542,0.7696860892945718,74.79017263279442,0.8064140302491548,0.8209284258510021,0.7918996346473075,0.035997378660098084,0.0037808689038874655,0.004615116192569532,0.8197805144991157,0.7955574515601694,0.01868891941951012,0.052013364321323315,1.7667807823420585
2021-03-04,0.8192359078574818,0.8202312883991801,0.8143413090049304,0.8153366895466287,7881.0,-0.004759579351264698,-0.004770942218380612,0.8072659519832641,0.794079803668769,0.7701403241229505,66.98437084292013,0.8072808662568243,0.8217501499773632,0.7928115825362854,0.035846963121099716,0.004057121006548013,0.004976006916607655,0.8202312883991801,0.7955574515601694,0.01507008033099333,0.056399258459168086,1.1135068529162053
2021-03-05,0.8153366895466287,0.8161004640083329,0.8103779563485398,0.811141730810244,7289.0,-0.005145063125660876,-0.005158344538334864,0.8076350737763098,0.7947488988507876,0.7705482983188441,59.758243177248275,0.80797781933954,0.821728089464244,0.7942275492148361,0.03403625643076136,0.00427201701030299,0.005266671468173264,0.8202312883991801,0.7955574515601694,0.011031957201905973,0.06021827886441746,0.4601962640747851
2021-03-08,0.811141730810244,0.8120271909570622,0.80910759938711,0.8099930595339282,4425.0,-0.0014161166078441312,-0.0014171202485944276,0.807859643848464,0.7953467090736558,0.7709407835050639,57.91584993089949,0.8085427087847655,0.821598021405061,0.7954873961644701,0.03229343973657871,0.004020786630809887,0.004963976645828863,0.8202312883991801,0.7963669771099945,0.0037333030466244477,0.060625101997392315,0.22218552574650527
2021-03-09,0.8099930595339282,0.8099975908498983,0.8073552804978633,0.8073598118138334,9384.0,-0.0032509509669255143,-0.0032562467887731344,0.8078120407975469,0.7958178111418981,0.771303161896196,53.81943198051681,0.8090518123740186,0.8209871525763635,0.7971164721716737,0.029504513851400314,0.003962442616164337,0.004907901728799481,0.8202312883991801,0.7968939841503117,0.00029117567930825317,0.061578490277505935,-0.2835278310462793
2021-03-10,0.8073598118138334,0.8101470748300661,0.8063779785619662,0.8091652415781989,4357.0,0.0022362145575580694,0.0022337179510567872,0.8079409170623709,0.796341239786459,0.7716798990074597,56.11151819362241,0.8096005755032666,0.8203871096487872,0.7988140413577459,0.026646557504768336,0.004115249487330862,0.005085796171007622,0.8202312883991801,0.797343455596702,-0.0016532163778362197,0.061804324084191634,-0.08071803587595387
2021-03-11,0.8091652415781989,0.813564783184144,0.8083134932218464,0.8127130348277916,8763.0,0.004384510193088609,0.004374926232043456,0.8083954044686015,0.7969832709645505,0.7720881889161197,60.28317515215923,0.809997245271407,0.8206195485730926,0.7993749419697215,0.026227998585665147,0.004254420308760339,0.005234837053723179,0.8202312883991801,0.8009258005924982,-0.002503812379318071,0.05684807856811859,0.511337226824164
2021-03-12,0.8127130348277916,0.8137470953519459,0.8111787728155241,0.8122128333396784,8595.0,-0.0006154712262232964,-0.0006156607063888329,0.8087589691229897,0.7975805087047516,0.772487439109389,59.4255400896903,0.8103381781756026,0.8207744930860524,0.7999018632651528,0.025757924756664368,0.003907897050764402,0.00481141997559409,0.8202312883991801,0.8009258005924982,-0.001651301955826301,0.05697282631292245,0.359256151268246
2021-03-15,0.8122128333396784,0.8124892814337834,0.8103154805600717,0.8105919286541767,3246.0,-0.001995664952543108,-0.001997658945180321,0.8089335366973884,0.7980907604674742,0.7728665882590884,56.61472058256848,0.8106992907011696,0.820606762934943,0.8007918184673963,0.024441793270114705,0.003951239989159638,0.004874511883827748,0.8202312883991801,0.8009258005924982,-0.00979978254037761,0.05664685860002286,-0.021672944311047552
2021-03-16,0.8105919286541767,0.8178380831705231,0.8100892255701853,0.8173353800865316,5852.0,0.008319169231737922,0.008284755673129923,0.8097337122582592,0.7988454514329274,0.7733090637996599,64.20116318998899,0.8112210628322052,0.8213819600469227,0.8010601656174877,0.025050871285917712,0.00416240126651503,0.00509264785047523,0.8202312883991801,0.8009258005924982,-0.0009015008366022315,0.06175139803374526,1.203499479449549
2021-03-17,0.8173353800865316,0.8184342103092433,0.8166237421250069,0.8177225723477186,4495.0,0.0004737250712749663,0.0004736128989778772,0.810494556076303,0.7995857306844878,0.7737509892578496,64.58409656596098,0.8118968832661903,0.8218898740044923,0.8019038925278882,0.02461640374354225,0.003815617966430342,0.004666152183466735,0.8202312883991801,0.8009258005924982,-0.001847252415633216,0.05994196070017738,1.1659550647233372
2021-03-18,0.8177225723477186,0.8220534283134163,0.8164172772077712,0.820748133173469,8512.0,0.003699984478921614,0.0036931563737553543,0.8114710872284141,0.8004156288213106,0.7742186225306419,67.50881312666347,0.8127726939254641,0.8226376398782665,0.8029077479726617,0.02427479669662002,0.003986993819677391,0.004857755575101286,0.8220534283134163,0.8009258005924982,0.006637066252776158,0.060246566596888845,1.616925077169662
2021-03-19,0.820748133173469,0.8216607318419672,0.8203273049506792,0.8212399036191774,2878.0,0.0005991733953838452,0.000598993962675603,0.8124014506942011,0.8012322670486779,0.7746864959743089,67.97179005172168,0.8137201445051261,0.8229668078636622,0.80447348114659,0.022726888159219777,0.0035543386608507693,0.00432801504796213,0.8220534283134163,0.8009258005924982,0.012449332127008716,0.0596918263169043,1.6264805633070758
2021-03-22,0.8212399036191774,0.8229630957897902,0.820174629722378,0.8218978218929908,5937.0,0.0008011279906321445,0.0008008072588901435,0.8133058669988478,0.8020426809641411,0.7751562604113107,68.6161000755114,0.8144660177344043,0.8238294613094616,0.805102574159347,0.02299284039155738,0.0036838521361143056,0.0044821290895134345,0.8229630957897902,0.8062690771370574,0.014697363414339026,0.05708567984372013,1.5874083287869898
2021-03-23,0.8218978218929908,0.8224524146614673,0.8201408266357905,0.820695419404267,7044.0,-0.001462958602268083,-0.001464029771048577,0.814009633894602,0.8027741609029696,0.7756093863714396,66.00281215149352,0.8151445488694744,0.8242307522677562,0.8060583454711926,0.02229347766818409,0.0037547040350826805,0.004575027405183003,0.8229630957897902,0.8063779785619662,0.01651755189606674,0.05766387998725946,1.2218239657374026
2021-03-24,0.820695419404267,0.8219816144715818,0.8164062731008132,0.8176924681681279,5282.0,-0.0036590325291676606,-0.003665743163312677,0.8143603800158902,0.8033591925604268,0.7760281235037451,59.870077832991505,0.8155039131769091,0.8243837069369613,0.8066241194168569,0.021777439976859804,0.003732229890548317,0.004564344219666853,0.8229630957897902,0.8063779785619662,0.01053830064832928,0.058344896584680984,0.4929292392047584
2021-03-25,0.8176924681681279,0.8186326574713286,0.8110996177078159,0.8120398070110166,6071.0,-0.00691294267363729,-0.006936947756316637,0.8141393730630451,0.8036996088133911,0.7763864487127726,50.380561625865454,0.8153682523507497,0.8243782949451698,0.8063582097563297,0.02210054798784141,0.003861553612242576,0.004755374772151025,0.8229630957897902,0.8063779785619662,-0.0008283708860625794,0.06099261525136295,-0.7388301009352346
2021-03-26,0.8120398070110166,0.8145746700053276,0.8110288675852058,0.8135637305795167,9596.0,0.0018766611628429075,0.001874902434297451,0.8140845499693757,0.8040864371179451,0.7767563719154269,52.56350157591321,0.8153686258605444,0.824378352791645,0.8063588989294438,0.022099763580163922,0.003906282958683259,0.0048014467851224645,0.8229630957897902,0.8063779785619662,0.0016632306021115983,0.06119599312726077,-0.4006548244647413
2021-03-29,0.8135637305795167,0.8145043306183933,0.8110818200913609,0.8120224201302375,9326.0,-0.0018945171611587375,-0.0018963140286185165,0.8138881566513625,0.804397652138035,0.7771072778678131,50.15992246239884,0.8150390383920689,0.8240311177524346,0.8060469590317032,0.02206539548855363,0.00396201154261165,0.004879189840566466,0.8229630957897902,0.8063779785619662,0.0017647492227510497,0.05690250171020674,-0.670950097510868
2021-03-30,0.8120224201302375,0.818654609008359,0.8112148791617493,0.8178470680398707,7256.0,0.007173013657306493,0.007147409959052477,0.8142651958312204,0.8049250802126168,0.7775126489143013,57.9797473979522,0.8150277481207443,0.8240043423541725,0.8060511538873161,0.0220277021343778,0.004224199655362352,0.0051650239029241325,0.8229630957897902,0.8063779785619662,0.0006260440521794752,0.0629009932590321,0.6281491277900194
2021-03-31,0.8178470680398707,0.8216642954466057,0.8168030671476485,0.8206202945543835,4141.0,0.0033908864173828324,0.0033851503253352674,0.8148704433286645,0.8055405788142547,0.777941580711715,61.10851427025354,0.8150969674555893,0.8242301752285734,0.8059637596826053,0.02241011348991854,0.004196338107980892,0.005113617267118167,0.8229630957897902,0.8063779785619662,0.003543649526935866,0.0638747950210028,1.2095043135079027
2021-04-01,0.8206202945543835,0.8215044347459797,0.8203483969542907,0.821232537145887,9004.0,0.000746072934786346,0.000745794760724496,0.8154763570255429,0.8061559497292207,0.7783723364971297,61.78501935923593,0.8153917598355523,0.8249292012652049,0.8058543184058998,0.023393519285934458,0.004095460626214258,0.004986968295785783,0.8229630957897902,0.8063779785619662,0.0005901980800675499,0.06126467252117852,1.224810103090176
2021-04-02,0.821232537145887,0.8213213777039021,0.8176678580930155,0.8177566986510306,2480.0,-0.00423246563870483,-0.0042414478750267375,0.8156935324184466,0.8066108810594877,0.778764220697666,55.84581955654186,0.8157225082275916,0.8250967792507308,0.8063482372044525,0.022983970476694673,0.004201154821726759,0.005137414133882331,0.8229630957897902,0.8063779785619662,-0.004241397614505149,0.060252876698169235,0.43399436999802427
2021-04-05,0.8177566986510306,0.8186725947091562,0.8143791184065963,0.8152950144647219,2667.0,-0.0030102892344012755,-0.003014829268538535,0.8156555783276156,0.8069514353106734,0.7791277111829104,52.03107896111094,0.8159876059741313,0.8249714063544894,0.8070038055937733,0.022019453027434514,0.003954341871885481,0.004850197537981616,0.8229630957897902,0.8063779785619662,-0.008033611055278556,0.061153743311371335,-0.15418675395409348
2021-04-06,0.8152950144647219,0.8154378548169813,0.8114157485107671,0.8115585888630266,3002.0,-0.004582912363506164,-0.004593446102160661,0.8152653888547976,0.8071321079990009,0.7794504064832101,46.80500745404531,0.816197544826591,0.824503054134649,0.8078920355185331,0.02035171352989684,0.004112316023455314,0.0050671831706156495,0.8229630957897902,0.8063779785619662,-0.011133034649898232,0.06236003159210211,-1.1170792281368653
2021-04-07,0.8115585888630266,0.8142281256132643,0.8105919922770753,0.8132615290273131,9824.0,0.0020983576388147185,0.0020961591613486716,0.8150745450617038,0.8073724774510916,0.779786835563251,49.30426862271745,0.8164023591990466,0.8241617674017601,0.8086429509963331,0.019008784370309895,0.003969457611351305,0.004880911576007909,0.8229630957897902,0.8083134932218464,-0.005418833257375355,0.06230418009452411,-0.8095540509481495
2021-04-08,0.8132615290273131,0.8159784764672305,0.8121964836433949,0.8149134310833124,4663.0,0.0020312064410263897,0.0020291463304249486,0.8150592008732855,0.8076682011229435,0.7801363539266347,51.676040886145046,0.8165123790118226,0.8241122914739365,0.8089124665497087,0.0186155474367985,0.004144355177961848,0.00508563857200453,0.8229630957897902,0.8100892255701853,0.0035387724191418,0.06077917896399362,-0.4207806172718678
2021-04-09,0.8149134310833124,0.8155743223555577,0.8118235415085802,0.8124844327808255,8102.0,-0.002980682622027553,-0.0029851337035154794,0.8148139848644799,0.8078570729526643,0.7804582253580198,48.11169492387695,0.81652595898388,0.8240944288889137,0.8089574890788463,0.018538222384141247,0.004213091947930799,0.005185443287215961,0.8229630957897902,0.8100892255701853,-0.001326629688767511,0.061742445980311755,-1.0679902949383655
2021-04-12,0.8124844327808255,0.8188869733276415,0.8113801120486277,0.8177826525954437,7765.0,0.006521010865998322,0.006499841057171217,0.8150967151245716,0.8082463113700282,0.7808296126937156,55.34659652187511,0.8168854951809434,0.8239322486205097,0.8098387417413772,0.017252732435909895,0.0045841828945977214,0.005605625015459349,0.8229630957897902,0.8100892255701853,0.007093686482551043,0.06534373715706056,0.2546300000970283
2021-04-13,0.8177826525954437,0.8205441750543953,0.8171963163915869,0.8199578388505384,1261.0,0.0026598586411574754,0.002656327477373726,0.8155596792889495,0.8087055869574993,0.7812189482773656,57.93951341749422,0.8170166181191437,0.8241949850552279,0.8098382511830595,0.017572144254812197,0.004425076986886275,0.005396712827441944,0.8229630957897902,0.8105919922770753,0.002580886932475712,0.05909305139234924,0.8194679256669859
2021-04-14,0.8199578388505384,0.821217139005409,0.8181587503701004,0.8194180505249711,6643.0,-0.0006583122936223429,-0.0006585290763060017,0.8159271432161895,0.8091256835679883,0.7815990388469936,57.05412707823271,0.8171013920280064,0.8243545190529886,0.8098482650030241,0.017753309676735104,0.0041054590491574105,0.0050102130976089594,0.8229630957897902,0.8105919922770753,-0.0014650430136695647,0.059151653073224245,0.6388026816531318
2021-04-15,0.8194180505249711,0.8195848953251825,0.8173142268980075,0.8174810716982189,4782.0,-0.0023638469100250026,-0.002366645206831971,0.8160751364049542,0.8094533458476052,0.7819560739997421,53.872763556158226,0.816938038954244,0.8239897135807097,0.8098863643277783,0.017263670658530024,0.0040143780496612125,0.004910667890232398,0.8229630957897902,0.8105919922770753,-0.0045680915915800036,0.05817898067323268,0.15401525814503061
2021-04-16,0.8174810716982189,0.8178433125214503,0.8109721588917325,0.8113343997149638,9878.0,-0.007519038906290687,-0.007547449381902476,0.8156236376725742,0.809527112665933,0.7822483956486498,45.250030258588225,0.8164427637590332,0.8236126984893695,0.809272829028697,0.017563839251449047,0.004260709699853022,0.005251484099959136,0.8229630957897902,0.8105919922770753,-0.007853557111376808,0.06359719745214383,-1.4249401804052102
2021-04-19,0.8113343997149638,0.8132992224387531,0.8105904847483064,0.8125553074720957,7939.0,0.001504814485322914,0.0015036833865922823,0.815331415748719,0.8096458654034296,0.7825499569603259,47.062483296738236,0.8159756380379883,0.822860837381964,0.8090904386940126,0.016875992426761997,0.003922781688698521,0.004827710375682009,0.8224524146614673,0.8105904847483064,-0.003360387275794796,0.0638512074366273,-0.9935313111552192
2021-04-20,0.8125553074720957,0.812721634749879,0.8105869483617112,0.8107532756394945,8214.0,-0.002217734369623914,-0.0022201971844107585,0.8148954024049834,0.8096892932558244,0.7828305869969346,44.70986985786697,0.8154785308497499,0.8223645621607081,0.8085924995387916,0.016888320294055553,0.0037280286950707097,0.00459822834774262,0.8219816144715818,0.8105869483617112,-0.0009923044800256298,0.06404809175218461,-1.3724175789720017
2021-04-21,0.8107532756394945,0.8113540492286405,0.8064821089941199,0.8070828825832659,3367.0,-0.0045271393486922,-0.0045374178773192825,0.8141513528981532,0.8095870810725868,0.783071903370928,40.29184928004989,0.8149480515705066,0.8226965998939608,0.8071995032470525,0.019016054602552283,0.003993450298130118,0.004948005197865311,0.8216642954466057,0.8064821089941199,-0.007597367173431957,0.06466886056914417,-2.0301012935374247
2021-04-22,0.8070828825832659,0.8072163654881707,0.8035075666314377,0.8036410495363425,9463.0,-0.004264534809494291,-0.004273653873008614,0.8131503716255999,0.8093539033652831,0.783276571491977,36.63595403549172,0.814528113696773,0.8237168190926858,0.8053394083008603,0.022562033750337745,0.003997398815690564,0.004974109794412377,0.8216642954466057,0.8035075666314377,-0.01383261229598931,0.06188774551550336,-2.369662251936628
2021-04-23,0.8036410495363425,0.8045237081453434,0.7997622341379214,0.8006448927469222,1639.0,-0.0037282276597854214,-0.003735194822697467,0.8119593736371544,0.8090123735371121,0.7834493906089417,33.76392461877934,0.8138821718051433,0.8249752936964155,0.8027890499138711,0.027259773651678122,0.004030827223180711,0.005034475657930444,0.8216642954466057,0.7997622341379214,-0.014572020775070138,0.06221502116378796,-2.386574165138478
2021-04-26,0.8006448927469222,0.8014233640703562,0.8005984184401931,0.8013768897636271,3776.0,0.0009142592719144638,0.0009138415914657518,0.8109515180301519,0.808712942800897,0.7836277736851077,35.10248783079119,0.8133498952868127,0.825761939225162,0.8009378513484634,0.030520798023764163,0.0038024586034627805,0.004744906737433305,0.8216642954466057,0.7997622341379214,-0.020061275180818128,0.06235400831602627,-1.9292560649407267
2021-04-27,0.8013768897636271,0.8064745294610212,0.800510987148749,0.8056086268461431,9691.0,0.005280582877507545,0.0052666894884103935,0.8104426712507224,0.8085912049203184,0.783846488641934,42.35517088310479,0.8127379732271264,0.8254202706042019,0.8000556758500509,0.0312088220185359,0.003968702101754437,0.004926340122860164,0.8216642954466057,0.7997622341379214,-0.017499938807232884,0.059500611676551296,-1.1242988819786346
2021-04-28,0.8056086268461431,0.8063845953186732,0.8053979466898652,0.8061739151623953,5858.0,0.0007016909916484071,0.0007014449216278762,0.8100361230518341,0.8084964092435372,0.7840686520898988,43.26726651313206,0.812015654257527,0.824450868618847,0.799580439896207,0.030628016334710295,0.0037690346592524665,0.004675212864575547,0.8215044347459797,0.7997622341379214,-0.016162855277706778,0.05776050494336329,-0.939547791520582
2021-04-29,0.8061739151623953,0.8071091919682056,0.8028362401974417,0.803771517003252,3182.0,-0.002979999865983518,-0.0029844489065427833,0.8094394939043501,0.8083111193517613,0.7842647004969969,40.34556728578674,0.8111426032503953,0.8233019371109186,0.7989832693898721,0.029980755077587108,0.0038063325823800643,0.004735590278903431,0.8213213777039021,0.7997622341379214,-0.016770485788113687,0.057882251724552754,-1.2124161293201212
2021-04-30,0.803771517003252,0.8055864837602157,0.8024778646491864,0.80429283140615,3908.0,0.000648585315440986,0.0006483750748863291,0.8089493355711882,0.8081535394323255,0.7844639853816651,41.27230833182706,0.8104694098881511,0.8225776409290635,0.7983611788472387,0.029879551018670545,0.003492172427524032,0.004341916639265136,0.821217139005409,0.7997622341379214,-0.008678996368559733,0.05692784689911684,-1.0202280516668487
2021-05-03,0.80429283140615,0.8095738223320293,0.8037130317311786,0.8089940226570579,9415.0,0.0058451238993249,0.00582810743930544,0.8089535914841282,0.8081864995587855,0.7847080653545546,48.97113383051936,0.810154360297768,0.8220601232811637,0.7982485973143723,0.029391344580358338,0.003671667565955629,0.004538559572908108,0.821217139005409,0.7997622341379214,-0.004382821430478634,0.06095242769994015,-0.19492033267054976
2021-05-04,0.8089940226570579,0.8098832251754094,0.8046724893616405,0.805561691879992,8948.0,-0.004242714631923605,-0.004251740484104297,0.8086305534265913,0.808083565924323,0.7849155641259521,44.39516442051719,0.8098545154486162,0.8219124612428625,0.7977965696543698,0.02977805411770012,0.003825406650131369,0.004748744495537973,0.821217139005409,0.7997622341379214,-0.006403407689481777,0.06065258815608194,-0.7120323215704829
2021-05-05,0.805561691879992,0.8065803913566165,0.8032606239716744,0.8042793234482989,1925.0,-0.0015918935130845302,-0.0015931619218562186,0.8082161505715159,0.807934379944871,0.7851082383480651,42.786526324355876,0.8094054051696655,0.8215974024858732,0.7972134078534578,0.030125811461938594,0.003900342289971873,0.0048494872070680515,0.821217139005409,0.7997622341379214,-0.0034736942084480082,0.060077462178506055,-0.8408928559313548
2021-05-06,0.8042793234482989,0.8050452788978297,0.8022670267811993,0.8030329822307302,6088.0,-0.001549637273062232,-0.001550839202765124,0.807722515491441,0.8077421682698067,0.7852865940085892,41.22311827397032,0.8088113827270365,0.821031081789166,0.796591683664907,0.030216436917415365,0.0036079921818942024,0.004492956406188484,0.821217139005409,0.7997622341379214,-0.0007566404254276682,0.0593787924396781,-0.9457516861792963
2021-05-07,0.8030329822307302,0.8044182599150729,0.8017224479005839,0.8031077255849266,2190.0,9.307631921773307e-05,9.307198788589438e-05,0.8072830116908206,0.8075604254194193,0.7854639187008912,41.36149673626309,0.8083425473672415,0.8206877509170376,0.7959973438174455,0.030544485354641285,0.003607068919325797,0.00449138864490273,0.821217139005409,0.7997622341379214,0.003076061385409945,0.058831645576096686,-0.848073790148466
2021-05-10,0.8031077255849266,0.8053956893075402,0.8021398233195239,0.8044277870421376,8112.0,0.0016436916432966964,0.0016423422606312227,0.8070110855338032,0.8074375768556044,0.7856526139082668,43.87469595426527,0.8076748040895761,0.8192934042475275,0.7960562039316248,0.028770490546744302,0.003687153176457831,0.004583572616275984,0.821217139005409,0.7997622341379214,0.003807069204866176,0.05331978316265395,-0.558934295577153
2021-05-11,0.8044277870421376,0.805350425951397,0.8027237831711298,0.8036464220803893,5348.0,-0.0009713301483795789,-0.0009718021952084541,0.8066906413953828,0.8072889041193214,0.7858316567756511,42.707895274158915,0.8068592332510687,0.8170496640933071,0.7966688024088302,0.025259501093340127,0.003526774786868303,0.004388465735638549,0.821217139005409,0.7997622341379214,-0.0024356799323705935,0.05171251208943914,-0.630554531092557
2021-05-12,0.8036464220803893,0.8043669580239329,0.8022140140341607,0.8029345499777043,3669.0,-0.0008858026155857956,-0.0008861951705572854,0.8063329184032229,0.8071181451333757,0.7860018348174626,41.62187747087245,0.8060350582237052,0.8144625463495316,0.7976075700978789,0.02091097165028631,0.003415642296371107,0.004253948589540644,0.8195848953251825,0.7997622341379214,-0.004018196475680469,0.05169892964793364,-0.7358083926571949
2021-05-13,0.8029345499777043,0.8033206343277113,0.8014400565283328,0.8018261408783398,4488.0,-0.0013804476334905447,-0.0013814013291105647,0.8059037014960911,0.8069106155547469,0.7861592905991629,39.91972256073692,0.8052523116827114,0.8119299579642217,0.798574665401201,0.016585227225380517,0.0032098639957965675,0.004003192004042678,0.8178433125214503,0.7997622341379214,-0.0024203098564195002,0.05147485994137305,-1.0261612130784061
2021-05-14,0.8018261408783398,0.8052641747746673,0.8014382010700838,0.8048762349664113,2163.0,0.0038039344598197466,0.003796717796485717,0.8058058475408835,0.8068308359238318,0.7863455288515734,46.41394338026146,0.8049294034452839,0.8109621440044608,0.798896662886107,0.014989489844340098,0.0034242231439694515,0.004254347432822824,0.8132992224387531,0.7997622341379214,0.0007253621286680279,0.047910882327350274,-0.01762664193861995
2021-05-17,0.8048762349664113,0.812123591955445,0.8032889952268472,0.8105363522158809,9657.0,0.007032282733140827,0.007007671547434887,0.8062563717956451,0.8069761502882259,0.786586233561666,55.93320858941017,0.8048284556824731,0.8103716061619621,0.799285305202984,0.013774737809906614,0.0036292984594212896,0.004477650446521429,0.812721634749879,0.7997622341379214,0.001906478312110993,0.054396724116620526,2.0594413067184307
2021-05-18,0.8105363522158809,0.8121651756278212,0.8084140563976311,0.8100428798095713,7785.0,-0.0006088220533977395,-0.0006090074608013213,0.8066169916064952,0.8070964141910237,0.7868196330268193,55.01559555221377,0.8047929358909769,0.8101832283588573,0.7994026434230965,0.013395476594020633,0.003826760645234295,0.004724145771312634,0.8121651756278212,0.7997622341379214,0.005562811606794726,0.053870595278613674,1.9479254418485723
2021-05-19,0.8100428798095713,0.8128726678167769,0.8089013994323886,0.8117311874395942,9220.0,0.002084220072917198,0.0020820510994834732,0.8071040578763141,0.8072781700046933,0.7870675091901306,57.57970701016154,0.8050253511337934,0.8111782724428886,0.7988724298246981,0.015286279619466745,0.0038052118319217526,0.004687773355024531,0.8128726678167769,0.7997622341379214,0.009265268637450363,0.05162915181685197,2.1797243842167093
2021-05-20,0.8117311874395942,0.8152928504923929,0.8110047612701972,0.8145664243229959,8936.0,0.003492827338992255,0.003486741584458389,0.8078147594426648,0.8075639838995287,0.7873411302362288,61.543964739435964,0.805571619873126,0.8130122648508029,0.798130974895449,0.018472957075744065,0.003889459697005065,0.004774883399150266,0.8152928504923929,0.7997622341379214,0.014362351668579354,0.049861170362090854,2.4177485894987973
2021-05-21,0.8145664243229959,0.8152720104799239,0.8116586122752868,0.8123641984322149,2021.0,-0.002703555934816859,-0.0027072171425052286,0.8082480393464314,0.8077522276066929,0.7875901159894227,57.081824062460214,0.8061575851573906,0.8138074845859176,0.7985076857288635,0.018978670099676544,0.003728931668704091,0.004590221572910983,0.8152928504923929,0.800510987148749,0.011525817212810985,0.048780578117258305,1.622665325946477
2021-05-24,0.8123641984322149,0.8143231240691611,0.8113514322781682,0.8133103579151144,7285.0,0.0011646986471407494,0.0011640209118586238,0.8087301649244012,0.8079701935011407,0.7878460387946536,58.47484056601282,0.806754258564965,0.8146903359811012,0.7988181811488287,0.019674088687806186,0.0035689999527915134,0.004388238657061358,0.8152928504923929,0.800510987148749,0.011042098515315901,0.04880113205172486,1.6522266622095039
2021-05-25,0.8133103579151144,0.816637324027076,0.8123146809880603,0.8156416471000218,2854.0,0.0028664201337402773,0.002862319785227601,0.8093884013220793,0.808271034818744,0.7881226120116225,61.767621293518445,0.807255909577659,0.8161031680974725,0.7984086510578455,0.021919340359966427,0.003640633928082488,0.00446352137734335,0.816637324027076,0.8014382010700838,0.014925998162949261,0.04652372391382233,1.8956691507505723
2021-05-26,0.8156416471000218,0.8162434378198808,0.8132637316300891,0.8138655223499481,1631.0,-0.002177579769729321,-0.0021799541441087215,0.8098147938009239,0.8084904264866344,0.7883787603731979,57.99450371055959,0.8076404899370366,0.816946511177203,0.7983344686968703,0.023044959622794105,0.0036550235047368668,0.0044909427962784125,0.816637324027076,0.8014382010700838,0.013613777576948705,0.047570077109580264,1.3378504631051602
2021-05-27,0.8138655223499481,0.8142836920414331,0.8133658792097623,0.8137840489012473,3103.0,-0.00010010677005400925,-0.00010011178107114186,0.8101928180961928,0.8086980195225015,0.7886315493137755,57.82002395375685,0.8081411165319364,0.8176459238941471,0.7986363091697257,0.02352264268646476,0.0035280235631069967,0.004335331428369054,0.816637324027076,0.8014382010700838,0.014913342697718157,0.04586021094084099,1.187384899928877
2021-05-28,0.8137840489012473,0.8145773215852822,0.8076927701740121,0.8084860428580469,7430.0,-0.006510334099511628,-0.006531618754994408,0.8100302680735122,0.8086897067121308,0.7888291064634698,47.757999464857924,0.8083507771045312,0.8176815637116672,0.7990199904973951,0.023085984133171533,0.0037872153790536956,0.004684329942995257,0.816637324027076,0.8014382010700838,0.00448492294195546,0.05238396803545899,0.02899342985987823
2021-05-31,0.8084860428580469,0.8125457774494642,0.8083530929811003,0.8124128275725175,9001.0,0.004856960425178469,0.00484520344631155,0.810257178501989,0.8088357114517538,0.7890637703551021,54.12960535559655,0.8085217173503041,0.8180257782737498,0.7990176564268584,0.023509723287563625,0.003899075499632032,0.004799377074439402,0.816637324027076,0.8014382010700838,0.002315103266505636,0.05108934151489422,0.8188310772744332
2021-06-01,0.8124128275725175,0.8148207710318368,0.8116364662652811,0.8140444097246003,2573.0,0.0020083165808175707,0.0020063026090842645,0.8106178671898567,0.8090399741291203,0.7893123339309182,56.503388641052965,0.8089458532425345,0.8186487516901049,0.7992429547949642,0.02398899359871309,0.0039727441265451436,0.0048802547859632915,0.816637324027076,0.8014382010700838,0.004939898880377491,0.04861249763468539,1.050934730403679
2021-06-02,0.8140444097246003,0.8155416508774781,0.806660948705811,0.8081581898586887,8710.0,-0.0072308338409977635,-0.007257103028703727,0.8103836122059359,0.8090053943538092,0.7894998548854234,47.04468944219152,0.8091397965630541,0.8186020346971224,0.7996775584289858,0.02338838893911939,0.004472753010280051,0.005534501866598838,0.816637324027076,0.8014382010700838,-0.004401700508977147,0.05550649843070459,-0.2074787572363447
2021-06-03,0.8081581898586887,0.8100496586385514,0.8080889182641665,0.8099803870440292,5924.0,0.002254753101814222,0.0022522149605776914,0.8103452098095638,0.8090436293612688,0.7897036412750613,49.84383093816487,0.8094871668037189,0.8185051179572777,0.8004692156501602,0.02228065254985168,0.004339522058123007,0.005357564365181496,0.816637324027076,0.8014382010700838,-0.005630034754720237,0.05551654184707127,0.10938631889032716
2021-06-04,0.8099803870440292,0.8112601976553518,0.8028561178016069,0.8041359284129296,7350.0,-0.007215555740094581,-0.007241713768173753,0.8097538496765511,0.8088511705005497,0.7898472461222044,42.14844372257206,0.8095385769451193,0.8184139951121233,0.8006631587781153,0.021927103710106893,0.004308770852776367,0.005358261831778,0.816637324027076,0.8014382010700838,-0.010128794492870408,0.06182016007563959,-1.2174408981145486
2021-06-07,0.8041359284129296,0.8083437150013795,0.8036027628781466,0.8078105494665965,1428.0,0.004569651627081672,0.00455924246785987,0.8095687734660791,0.8088103618325515,0.7900259854589645,47.62372716933926,0.809707715066342,0.8182973750404862,0.8011180550921978,0.021216692923422133,0.004379473202279422,0.0054214112518971465,0.816637324027076,0.8014382010700838,-0.006762250591049179,0.06365260170224703,-0.4417324097708604
2021-06-08,0.8078105494665965,0.8132639555538772,0.807122246526511,0.8125756526137917,8515.0,0.005898787965002095,0.005881458231494682,0.8098551429087185,0.808958020294561,0.7902503602565251,53.73819375548395,0.8101541765930123,0.8183358629840713,0.8019724902019532,0.020197850304163115,0.004534504676777843,0.005580409235979217,0.816637324027076,0.8014382010700838,-0.003758996977571094,0.06655604203876174,0.5919258952349059
2021-06-09,0.8125756526137917,0.8137846198295394,0.8124447486231702,0.8136537158389179,5506.0,0.0013267235138763045,0.001325844193892241,0.8102169117592137,0.8091421652178692,0.7904832294663001,55.0176422572359,0.8106901348860729,0.8182621568449057,0.8031181129272401,0.018680434442185187,0.004323917675647382,0.005314198892570908,0.816637324027076,0.8014382010700838,-0.0002602475534516646,0.06638128211031202,0.7827713572298794
2021-06-10,0.8136537158389179,0.815099518206613,0.8125665011219902,0.8140123034896853,4603.0,0.0004407128533761018,0.0004406157679900073,0.8105783776383063,0.8093331510324502,0.7907173496058363,55.45890463267918,0.8112994430166403,0.8177457392211313,0.8048531468121493,0.01589128714429249,0.004246747595646353,0.005217055783359134,0.816637324027076,0.8014382010700838,0.00028048545402947767,0.06594794586898169,0.8416803655888792
2021-06-11,0.8140123034896853,0.8149948916825519,0.8077321375683502,0.8087147257612167,2277.0,-0.0065079823803126935,-0.006529251627789925,0.8104008869833453,0.8093088990610292,0.7908964279755416,47.971897118725856,0.8114913675563804,0.8173326264536069,0.8056501086591539,0.014396354984813058,0.004553252047304128,0.005630232642318094,0.816637324027076,0.8028561178016069,0.00028285324798105194,0.06969263248483953,-0.9506997871578793
2021-06-14,0.8087147257612167,0.8109248198888377,0.8078087710338211,0.8100188651614421,3116.0,0.0016126074605575802,0.001611308605321599,0.8103645039526879,0.8093367408688885,0.7910867009823666,49.7696681993389,0.8114654932036585,0.8173291057151967,0.8056018806921202,0.014451908456116179,0.004467066748447046,0.005514768779560129,0.816637324027076,0.8028561178016069,-0.0029467314274549405,0.06520500895719841,-0.49342552543156054
2021-06-15,0.8100188651614421,0.8162520316150628,0.8095251333243183,0.815758299777939,7644.0,0.007085556723858577,0.00706057211728887,0.8108781987931879,0.8095885667084591,0.7913321895275962,56.838151214786016,0.8117512642020769,0.8178743065942968,0.8056282218098569,0.01508600642153279,0.004734723327086529,0.005804076193126552,0.816637324027076,0.8028561178016069,0.0021054011708261378,0.06984463562620347,1.3088380968760063
2021-06-16,0.815758299777939,0.8228894145831361,0.8151359618519318,0.822267076657129,3472.0,0.00797880558611741,0.00794714322387454,0.8119628538278489,0.8100857631770344,0.7916399993497806,63.16808822456755,0.8122780586629537,0.8199983939308797,0.8045577233950276,0.019009094695070446,0.00522298331991035,0.006351930495799534,0.8228894145831361,0.8028561178016069,0.01745807562861823,0.07473653057107071,2.587716115302513
2021-06-17,0.822267076657129,0.8243662873170444,0.8213293616001228,0.8234285722600383,5125.0,0.0014125527287693895,0.001411556014660699,0.8130548270118669,0.8106090105920543,0.7919563035578429,64.17770288960239,0.8127211660598057,0.8218781299540855,0.8035642021655259,0.022534084940039438,0.004948152913171173,0.006009207209788864,0.8243662873170444,0.8028561178016069,0.016603099817129374,0.0740507190315929,2.338636762982397
2021-06-18,0.8234285722600383,0.8241390342228758,0.8223390781973724,0.8230495401602099,8184.0,-0.00046030962805676534,-0.0004604156030557289,0.8140067044545662,0.8110968744966878,0.7922656889966725,63.56535954606,0.8132554331462055,0.8235062508403572,0.8030046154520538,0.02520934327974869,0.004777243738681135,0.005804321010556941,0.8243662873170444,0.8028561178016069,0.02352041623685297,0.0731657026845397,1.9108928294748793
2021-06-21,0.8230495401602099,0.8279524985598506,0.8218179189755395,0.8267208773751802,1161.0,0.004460651559632156,0.004450732339980194,0.8152175780660532,0.8117095804919228,0.7926085266919811,66.86337077330353,0.8139259591192088,0.8258153579450355,0.8020365602933822,0.029214939498164564,0.004987977654235095,0.00603344827830139,0.8279524985598506,0.8028561178016069,0.023409359931075846,0.07439019042897911,2.152323837968614
2021-06-22,0.8267208773751802,0.8283275811624651,0.8205508893957947,0.8221575931830796,6874.0,-0.005519739874707108,-0.005535029929556644,0.8158785318867223,0.8121193064798112,0.7929025472540817,59.63742870616044,0.8142517564233618,0.8266838279155193,0.8018196849312043,0.03053618587638293,0.004909119768163899,0.005971020408821703,0.8283275811624651,0.8028561178016069,0.011792059654342157,0.07724431117994934,1.2718454466264886
2021-06-23,0.8221575931830796,0.8230141214161736,0.8212387400827068,0.8220952683158008,3095.0,-7.580647286542508e-05,-7.580934632130785e-05,0.8164706020228251,0.8125105206694578,0.7931930220905168,59.54278235785373,0.8146632437216544,0.8275769489965149,0.801749538446794,0.031703173978652424,0.004895879836669749,0.0059553679790661914,0.8283275811624651,0.8028561178016069,0.010374871167618593,0.07666893486796349,1.151028993764407
2021-06-24,0.8220952683158008,0.8226716821055918,0.8196469333478918,0.8202233471376829,2048.0,-0.002277012470772277,-0.0022796088056750386,0.8168280063194782,0.8128129844525255,0.7934619805486975,56.635516829444576,0.8149852086334761,0.8281257166107125,0.8018447006562397,0.03224723059519014,0.004511641901237968,0.005500504121203274,0.8283275811624651,0.8028561178016069,0.007630159423107852,0.07728721331663437,0.7972505344969694
2021-06-25,0.8202233471376829,0.820262620939972,0.8188118957757394,0.8188511695780286,3830.0,-0.0016729316038646136,-0.0016743325165790007,0.8170206885345782,0.8130497760260746,0.7937146092952581,54.53354569287814,0.8155034649694752,0.8283796463066032,0.8026272836323473,0.03157848345282001,0.004276625689880805,0.005222714271855582,0.8283275811624651,0.8028561178016069,0.012534016624058397,0.07335352437710668,0.5199840730574999
2021-06-28,0.8188511695780286,0.8196621515638777,0.8162448712374112,0.8170558532232602,7823.0,-0.0021924818837268933,-0.0021948888909888936,0.8170240375525479,0.813206877092631,0.7939468604786213,51.82348004427324,0.8157356162520124,0.8285444224586624,0.8029268100453624,0.03140430784547943,0.004082023639816539,0.00499601541768911,0.8283275811624651,0.8028561178016069,0.00868743724927401,0.07224750907676679,0.20614520197243588
2021-06-29,0.8170558532232602,0.8194146303712017,0.8169688498962715,0.8193276270442129,6401.0,0.002780438830455312,0.0027765805605447056,0.8172434270279446,0.813446906502497,0.7941994054195725,54.879121602837586,0.815999777117993,0.8288794464978484,0.8031201077381376,0.03156782572991565,0.0041610171589994615,0.0050785754338721,0.8283275811624651,0.8028561178016069,0.004375471591579805,0.07254177663910467,0.5167601478070397
2021-06-30,0.8193276270442129,0.8216864967688201,0.8183355645632137,0.8206944342878209,9257.0,0.001668205975842385,0.0016668160658095843,0.8175720943860281,0.813731123278392,0.7944630375476148,56.66019099475439,0.8166265893394495,0.8291136301149762,0.8041395485639229,0.03058200881170702,0.004219439667641156,0.005141304109491964,0.8283275811624651,0.8028561178016069,-0.0019125688160853693,0.06689192452221451,0.6515306583035865
2021-07-01,0.8206944342878209,0.8220297767193081,0.8152130898226204,0.8165484322541077,4138.0,-0.005051821799316847,-0.005064625390238385,0.8174746027544166,0.813841605983322,0.7946827927188238,50.188544084308894,0.8169549915999534,0.829045235883761,0.8048647473161459,0.029598311799600124,0.004187577723533009,0.005128388663943753,0.8283275811624651,0.8028561178016069,-0.008355478832908214,0.06972121924610027,-0.06725411601323442
2021-07-02,0.8165484322541077,0.8190739396294976,0.8152479502591322,0.8177734576345221,1914.0,0.001500248279251215,0.0014991240310952927,0.8175030651239504,0.8139957962441534,0.7949125505786815,51.93542051978192,0.8176368680610331,0.828113598446873,0.8071601376751931,0.02562685415760366,0.0042382877603436364,0.005182716216546373,0.8283275811624651,0.8036027628781466,-0.006410406990399076,0.06367487837472031,0.026074847487468807
2021-07-05,0.8177734576345221,0.8182302314676344,0.813434002244445,0.8138907760775572,3248.0,-0.0047478693771694225,-0.004759176312411328,0.8171590375957225,0.8139916778062477,0.795101388643347,46.38321917073407,0.8179408793915812,0.8275325110319423,0.8083492477512202,0.023453117167821932,0.00410038282694685,0.005038001347930397,0.8283275811624651,0.807122246526511,-0.015519266113562136,0.06502877034575096,-0.8445076845906767
2021-07-06,0.8138907760775572,0.816495423216825,0.8135166113038247,0.8161212584430925,6601.0,0.002740518053644392,0.0027367696808037966,0.8170602014859483,0.8140751907723985,0.7953105415766779,49.70935848123072,0.8181181596830462,0.8274189115963398,0.8088174077697526,0.02273694038742981,0.0037593370542179927,0.004606346195894526,0.8283275811624651,0.8077321375683502,-0.007342065304799639,0.06238847159844566,-0.42940640898067345
2021-07-07,0.8161212584430925,0.8187249551417514,0.8157427153989427,0.8183464120976016,2571.0,0.0027264988278261626,0.002722788672190394,0.8171826977346772,0.8142426896478967,0.7955397542186772,52.851688126738786,0.8183527944959804,0.8274129874141494,0.8092926015778115,0.02214251110060443,0.0037554309132099245,0.0045890479358049975,0.8283275811624651,0.8077321375683502,-0.004560123823458273,0.06291196586255722,-0.001408887964405793
2021-07-08,0.8183464120976016,0.8206042070797175,0.8169980985008893,0.8192558934830052,2726.0,0.0011113647863041365,0.001110747677639591,0.8173801449488037,0.8144392858767244,0.7957757357038944,54.11370751864058,0.8186149739956463,0.8274469096891494,0.8097830383021433,0.021577752604242044,0.0038844418098759764,0.0047414267517338965,0.8283275811624651,0.8077321375683502,-0.0011795002642314145,0.06297756801907574,0.14513681023071093
2021-07-09,0.8192558934830052,0.8205742079436232,0.8150795691503923,0.8163978836110103,9753.0,-0.0034885435609676163,-0.0034946427179706366,0.8172865962499662,0.8145160936310101,0.7959809312054578,49.6189900838095,0.818999131888136,0.8266005680043944,0.8113976957718776,0.018562745234500834,0.003838731753370247,0.004702035405078647,0.8283275811624651,0.8078087710338211,-0.0029960096024318483,0.0594430584007986,-0.6844096924164157
2021-07-12,0.8163978836110103,0.8168114130298155,0.8132947483106839,0.8137082777294892,9471.0,-0.0032944792429210334,-0.003299917988169486,0.8169458040099208,0.8144844145760485,0.7961573227131595,45.766410974623575,0.8191836025165383,0.8260066448443079,0.8123605601887688,0.016658151620245074,0.0035344441071174753,0.0043436256012777995,0.8283275811624651,0.8095251333243183,-0.004097119530525384,0.06074036414500043,-1.6049511417406288
2021-07-13,0.8137082777294892,0.814390587374036,0.8117875173330955,0.8124698269776424,9184.0,-0.001521983720385034,-0.0015231431141425333,0.8165195204830371,0.8144054111408169,0.796319636188428,44.0696599398792,0.8190191788765235,0.8263307765397713,0.8117075812132758,0.017854521241559458,0.003593564729079885,0.0044230131504671534,0.8283275811624651,0.8117875173330955,-0.008370033964691936,0.0553043920142952,-1.7914967974241762
2021-07-14,0.8124698269776424,0.8137989517584273,0.8089996728653954,0.8103287976461804,1991.0,-0.002635210884601724,-0.0026386891648166044,0.8159299278319079,0.8142455439449489,0.7964590308297989,41.22420253404308,0.818422264925976,0.8265239892063475,0.8103205406456045,0.019798396567581793,0.003720316881603593,0.004591120163087208,0.8283275811624651,0.8089996728653954,-0.01263032403849007,0.04665172717726559,-1.9979616683337758
2021-07-15,0.8103287976461804,0.810832283504046,0.8094754833882367,0.8099789692461024,4043.0,-0.00043171167197098015,-0.000431804886283608,0.8153631698713549,0.8140782272900922,0.7965935575802099,40.761101836682535,0.8177497847752793,0.8263209940524875,0.809178575498071,0.020962914174446713,0.003713607949573356,0.004584820212097409,0.8283275811624651,0.8089996728653954,-0.008045405206241196,0.04598451427617284,-1.813236680579099
2021-07-16,0.8099789692461024,0.8148935907336319,0.8091118881277674,0.8140265096152969,7219.0,0.004997093162754318,0.0049846491314873105,0.8152358688945874,0.8140761991459826,0.7967670197895143,48.034819221152524,0.8172986332480336,0.8256421318454755,0.8089551346505918,0.020417258167394474,0.0038824952552446446,0.0047694948621261534,0.8283275811624651,0.8089996728653954,-0.004581889989513255,0.050416113309015825,-0.7843528933390134
2021-07-19,0.8140265096152969,0.8145092097863182,0.8134058282509048,0.8138885284219262,4414.0,-0.00016950454529540693,-0.00016951891281444096,0.815107550754334,0.8140688395097451,0.7969373830594885,47.81926045100748,0.816657015800371,0.8238430112969752,0.8094710203037667,0.017598564287264633,0.0037866096167077368,0.0046524916920130475,0.8283275811624651,0.8089996728653954,-2.761618262736576e-06,0.04687171519771628,-0.7705229928833264
2021-07-20,0.8138885284219262,0.8175034984538855,0.8130094904575437,0.816624460489503,4460.0,0.003361556247612363,0.0033559188475017513,0.8152520183481596,0.8141690599403238,0.7971332743772,52.3822406942011,0.8163803591656922,0.823084591199135,0.8096761271322493,0.01642428546491317,0.0038682578874745482,0.004736887118414048,0.8230141214161736,0.8089996728653954,0.0006165775504616278,0.04553738877417797,0.07282007024612361
2021-07-21,0.816624460489503,0.820740562263986,0.8160436984341587,0.8201598002086417,6734.0,0.004329211149295631,0.004319867073319741,0.8157194261443961,0.8144039909312383,0.7973623940372144,57.54813651329907,0.8162835857603342,0.8226897282101543,0.8098774433105141,0.015695874721903216,0.003716841954127375,0.004531850930979356,0.8226716821055918,0.8089996728653954,0.002215917469952533,0.0484590312251707,1.210155558878127
2021-07-22,0.8201598002086417,0.8212852354652,0.8193940211308293,0.8205194563873877,5263.0,0.00043851963806873506,0.00043842351643203934,0.8161765718818239,0.8146438131059892,0.797592812568062,58.04677193635597,0.8162983912228194,0.8227441182675063,0.8098526641781326,0.01579257564144182,0.003578643737270618,0.004361436781800152,0.8220297767193081,0.8089996728653954,0.0015423299538444013,0.047805244651270715,1.309725073775074
2021-07-23,0.8205194563873877,0.821164528228646,0.8198328080437993,0.8204778798850577,8459.0,-5.067095241473307e-05,-5.067223623081069e-05,0.8165862202630843,0.8148726000385017,0.797820524680669,57.962015058079544,0.8163797267381708,0.8229997804065046,0.8097596730698371,0.016218074632460635,0.0033311788059604236,0.0040600470623621135,0.8220297767193081,0.8089996728653954,0.0049975586119861415,0.04738721964901293,1.2381026959010764
2021-07-26,0.8204778798850577,0.8277062406771489,0.8198728568055219,0.8271012175976131,4099.0,0.008072536597188096,0.008040127970023628,0.8175876485806584,0.8153521536682707,0.7981118748589471,66.38310194946553,0.8168819949568885,0.8250592036837132,0.8087047862300638,0.020020538528961605,0.003677933945862331,0.004446776123175357,0.8277062406771489,0.8089996728653954,0.01645914172766516,0.05429591701606291,2.499440330341866
2021-07-27,0.8271012175976131,0.8315956396768631,0.8259963980270572,0.8304908201063071,3381.0,0.004098171344179002,0.004089796712648881,0.8188165220592916,0.8159458268619192,0.7984340534186224,69.7255112590774,0.8174401546099933,0.8276030923208347,0.8072772168991519,0.02486527644507563,0.003864862653504997,0.004653709059674223,0.8315956396768631,0.8089996728653954,0.022180507546603057,0.05518656895524482,2.5682860345374205
2021-07-28,0.8304908201063071,0.8351872793618501,0.8295807848949042,0.8342772441504471,7078.0,0.004559260563115286,0.004548898617942195,0.8202889717822588,0.8166647059712732,0.7987907020826207,72.95978846621611,0.8181192951031246,0.830720696868318,0.8055178933379313,0.030805780625440187,0.004007747359799125,0.0048038555383111935,0.8351872793618501,0.8089996728653954,0.029553986695069367,0.05680189558281048,2.564468516820535
2021-07-29,0.8342772441504471,0.8377333514918721,0.8329178515565449,0.8363739588979698,6198.0,0.0025132110005683383,0.0025100581671871534,0.8218208753170884,0.8174376178507515,0.7991646648370023,74.57929532503371,0.8191105714353176,0.8340869764952372,0.804134166375398,0.03656748083149903,0.003959237441377431,0.0047338124283475246,0.8377333514918721,0.8089996728653954,0.032587253069588984,0.05260988810112058,2.3054113979399715
2021-07-30,0.8363739588979698,0.8370451896297904,0.8335117059179833,0.8341829366498038,1716.0,-0.002619668181746082,-0.0026231055168679566,0.8229982144916327,0.8180942970193418,0.7995131053525526,69.87000360848609,0.8199310453860817,0.8363294736498492,0.8035326171223143,0.03999953009718257,0.003960438797997108,0.004747686177689977,0.8377333514918721,0.8089996728653954,0.024761388967581288,0.05430881532362261,1.7382021050409817
2021-08-02,0.8341829366498038,0.8351858657851727,0.8278235102233229,0.8288264393586918,1212.0,-0.006421250130845935,-0.006441955039323227,0.8235532835265907,0.8185151653463751,0.7998047803177879,59.91008008638858,0.8206778285501384,0.8372771602675377,0.804078496832739,0.04045273587255255,0.004300387763776344,0.005188526281936407,0.8377333514918721,0.8089996728653954,0.01835375535483874,0.05691962788271604,0.9817998636670561
2021-08-03,0.8288264393586918,0.8289893204676084,0.8248988880953027,0.8250617692042193,1692.0,-0.004542169476863589,-0.004552516472401775,0.8236969488292221,0.8187718949094279,0.800056093640041,54.07565883801829,0.8211248540881948,0.8376890169379632,0.8045606912384264,0.040345052929037874,0.004249755869438765,0.005150833583693617,0.8377333514918721,0.8089996728653954,0.010331932391124843,0.05962887133938839,0.4753533458625119
2021-08-04,0.8250617692042193,0.8260396463629608,0.8233835349938504,0.824361412152592,2144.0,-0.0008488540831346203,-0.0008492145637732589,0.8237602310504955,0.8189910916640618,0.8002979376053401,53.04079043378146,0.8214256040909443,0.8379957810983264,0.8048554270835623,0.040344924543032595,0.004342563816103128,0.0052677912285628735,0.8377333514918721,0.8089996728653954,0.0051229186591215115,0.05924864228525564,0.3543484249250581
2021-08-05,0.824361412152592,0.8258834147699052,0.8217838974137205,0.8233059000310338,8330.0,-0.0012803997203144624,-0.0012812201324147424,0.8237169614295943,0.8191602998353157,0.8005268725548494,51.442935122403206,0.8216281044183458,0.8381856206305903,0.8050705882061012,0.04030416224373457,0.004222407726840286,0.005128601321430013,0.8377333514918721,0.8089996728653954,0.0033959507260368227,0.059461122998015585,0.20266271718305578
2021-08-06,0.8233059000310338,0.8261274435064199,0.8223438385883437,0.8251653820637298,4576.0,0.00225855545627196,0.002256008753755825,0.8238549062518928,0.8193957932560378,0.8007720318534454,54.068092756733336,0.8220664793409818,0.8385047693775823,0.8056281893043812,0.03999260509874702,0.004413852254173337,0.005349051656934928,0.8377333514918721,0.8089996728653954,0.00571313656783623,0.05814944101254024,0.37703468132612367
2021-08-09,0.8251653820637298,0.8297162100027148,0.8242648386758027,0.8288156666147877,6971.0,0.00442370054585739,0.004413944743182792,0.8243273596197876,0.8197652000544202,0.8010510729953493,58.779353843488586,0.8228218487852466,0.8390297928188768,0.8066139047516163,0.03939599819221731,0.004482235349214071,0.005408000270459776,0.8377333514918721,0.8089996728653954,0.002072840639933071,0.05785124560229927,0.7396148230897661
2021-08-10,0.8288156666147877,0.8298048747524842,0.8273374421568687,0.8283266502945652,1212.0,-0.000590018190920305,-0.000590192320149424,0.8247082444459569,0.8201009432010926,0.801322471774446,57.922218900888964,0.8236146899510928,0.8392310068455519,0.8079983730566337,0.03792141418795334,0.004322990261056092,0.005218943830334051,0.8377333514918721,0.8089996728653954,-0.0026058925148202405,0.05742107210099498,0.6034662814948788
2021-08-11,0.8283266502945652,0.8307036684501103,0.8276299617574181,0.8300069799129632,5685.0,0.002028583310461407,0.0020265285137526135,0.8252128859190052,0.8204894152290092,0.801607889765874,60.076530319152404,0.824598599064432,0.8391325109307604,0.8100646871981037,0.035250876930468106,0.004407454000936196,0.0053101408874879266,0.8377333514918721,0.8091118881277674,-0.005118519374014974,0.05590030091842095,0.7442429675194557
2021-08-12,0.8300069799129632,0.831832284840141,0.8283489065915234,0.8301742115187012,7795.0,0.00020148216796389562,0.0002014618731578738,0.8256853931189763,0.8208692111619383,0.8018921317733649,60.29440956954437,0.8256083611780619,0.838588717266351,0.8126280050897728,0.03144434261728497,0.0045611438626341205,0.005494200854890531,0.8377333514918721,0.8091118881277674,-0.0074126499436180104,0.05569903728031248,0.7035015541304943
2021-08-13,0.8301742115187012,0.832348694704155,0.8295380973531968,0.8317125805386506,6303.0,0.00185306770386795,0.0018513528920252084,0.826259410968469,0.8212944413335741,0.8021888526566017,62.33097702455946,0.8264926647242297,0.8385260232963445,0.8144593061521148,0.02911909345530596,0.004202373396872057,0.0050526750408782205,0.8377333514918721,0.8130094904575437,-0.002961408106805119,0.0539761387743968,0.8675742159827514
2021-08-16,0.8317125805386506,0.832887903538866,0.8275399306164887,0.8287152536167041,1182.0,-0.003603801351670488,-0.0036103106873691714,0.8264933007444915,0.8215854535799714,0.8024527969447619,56.27453796896885,0.8272340009839685,0.8377260252575927,0.8167419767103443,0.02536652086627058,0.004184425630627153,0.005049292398523325,0.8377333514918721,0.8130094904575437,-0.00013414840153236351,0.056355404610972264,0.2823578356484152
2021-08-17,0.8287152536167041,0.8334755417494473,0.8282805840745194,0.8330408722072626,9930.0,0.005219668120842069,0.005206092871569518,0.8271168789790411,0.8220346856830024,0.8027571559025978,62.01129777031989,0.8280548215698564,0.8375757093951967,0.8185339337445162,0.022995791045066733,0.004155030145483003,0.004987786655021677,0.8377333514918721,0.8160436984341587,0.00967091592516689,0.057795461050482895,1.0473919510186118
2021-08-18,0.8330408722072626,0.834833325015053,0.8317307632660559,0.8335232160738463,4738.0,0.0005790158474525686,0.0005788482824555072,0.8277270063214034,0.8224852162865649,0.8030632858545504,62.600535922362184,0.8287229923631166,0.8377750945399685,0.8196708901862648,0.02184590571341482,0.004032677417887994,0.004838110493050403,0.8377333514918721,0.8193940211308293,0.011113819480379039,0.05644935594294071,1.0605765637521987
2021-08-19,0.8335232160738463,0.8367806147252088,0.8325954227542735,0.835852821405636,6584.0,0.0027948895566014542,0.0027909911149046995,0.8285008934722826,0.8230094360951559,0.8033895498898846,65.39254210155693,0.8294896606140292,0.8382074402224182,0.8207718810056401,0.0210196221178591,0.00407922800782573,0.004880318524217911,0.8377333514918721,0.8198328080437993,0.015239683541839355,0.05685941767488794,1.4598122635455415
2021-08-20,0.835852821405636,0.8366392577056553,0.8344797198553981,0.8352661561554174,5603.0,-0.0007018762576310733,-0.0007021226880874577,0.8291452042040097,0.8234900917837936,0.8037067300517308,64.09486415550808,0.8302290744275471,0.8382056129098358,0.8222525359452585,0.019215271370226463,0.0037075981712833945,0.004438822456723033,0.8377333514918721,0.8198728568055219,0.01224090868478478,0.05705537625996479,1.2629743438346819
2021-08-23,0.8352661561554174,0.8355295789603467,0.8340629198066454,0.8343263426115747,5487.0,-0.001125166555494772,-0.001125800030604827,0.8296386459571112,0.8239150427966478,0.8040114028135203,61.97319053448289,0.8305903306782451,0.8386246457135004,0.8225560156429897,0.01934603555689033,0.003520185798525937,0.004219195318114005,0.8377333514918721,0.8217838974137205,0.006648855974567658,0.05070711665109774,0.9300138012850324
2021-08-24,0.8343263426115747,0.8357649435578343,0.8312453691005252,0.8326839700467847,2921.0,-0.0019685013895750503,-0.0019704414348413854,0.8299286768227944,0.8242589222966532,0.8042967019899708,58.33883222021538,0.8306999881752691,0.8387882703300866,0.8226117060204516,0.019473413434335937,0.0036532903048258464,0.004387367159980976,0.8377333514918721,0.8217838974137205,0.005260388218428114,0.0494593067842905,0.49058176595234526
2021-08-25,0.8326839700467847,0.8335689974853187,0.8283253369157219,0.8292103643542558,6670.0,-0.004171577474145205,-0.0041803027774299705,0.829860266111505,0.8244530964949905,0.804544599127924,51.46457473579118,0.8304466441854595,0.8383790563001676,0.8225142320707515,0.01910396572795728,0.003735014820069565,0.0045043031064598334,0.8377333514918721,0.8217838974137205,-0.0009597697103596037,0.04880972106778694,-0.31170337933186915
2021-08-26,0.8292103643542558,0.8312959552865431,0.8291579904402763,0.8312435813725636,5502.0,0.002451991805349829,0.00244899057843114,0.829992010422082,0.8247193900196014,0.8048102606427961,54.82039286196975,0.8301901253091891,0.8376321260277259,0.8227481245906524,0.017928425047852976,0.0036174691006546117,0.00435187613079837,0.8370451896297904,0.8217838974137205,0.0012881270449320859,0.048763383537602775,0.2831109813656694
2021-08-27,0.8312435813725636,0.8352692968268077,0.8296401596985592,0.8336658751528033,7566.0,0.002914060131736562,0.002909822489011953,0.8303419023011984,0.8250702325738446,0.8050973811851843,58.501665669185215,0.8301642722343392,0.8375512587539438,0.8227772857147346,0.017796445273952632,0.0036301666578929287,0.004354462340476096,0.8367806147252088,0.8217838974137205,0.00234852118370954,0.049230695209420056,0.94804638107058
2021-08-30,0.8336658751528033,0.8372355392945258,0.8333535266077623,0.8369231907494847,3002.0,0.003907219539344142,0.003899606182008482,0.8309686916772256,0.8255350544630854,0.8054140559072172,62.88155407752619,0.8305691098038789,0.8385138037667952,0.8226244158409626,0.019130723425994676,0.003731208092974923,0.004458244357685365,0.8372355392945258,0.8217838974137205,0.009904411795196744,0.044897286377661855,1.5995785300893994
2021-08-31,0.8369231907494847,0.8372149613677958,0.8332847269155517,0.8335764975338628,5280.0,-0.003998805688040452,-0.004006822289864628,0.8312170541397625,0.8258504051717434,0.8056942792069848,56.30606167985437,0.8309948462203609,0.8386023192890619,0.8233873731516599,0.018309314680595965,0.0037923886472286316,0.0045495388347061355,0.8372355392945258,0.8217838974137205,0.0006429760465185286,0.044124320107377345,0.678714545602107
2021-09-01,0.8335764975338628,0.8336515709145949,0.8281336471817818,0.8282087205625139,6205.0,-0.006439453352187097,-0.006460276071345066,0.8309305461800246,0.8259428881282442,0.8059183034990797,47.691902314746606,0.8311872116408571,0.8382645257371291,0.8241098975445851,0.0170294104556796,0.003937713324671156,0.0047544939179059685,0.8372355392945258,0.8217838974137205,-0.006375941796036955,0.05043157259377682,-0.8417009723821859
2021-09-02,0.8282087205625139,0.8304877570277468,0.8276002113666561,0.8298792478318889,7166.0,0.002017036560832519,0.002015005073852321,0.8308304225278212,0.826097255175446,0.8061567208556251,50.24316002997722,0.8315158790308999,0.8375918027328395,0.8254399553289602,0.014614089412269347,0.003943209632537771,0.004751546255481928,0.8372355392945258,0.8223438385883437,-0.007146681115105191,0.0504733984971795,-0.5387267119527704
2021-09-03,0.8298792478318889,0.835785360249125,0.8286038147510765,0.8345099271683125,7521.0,0.005579943526147435,0.005564433311933396,0.8311808515412014,0.8264271638810486,0.8064388423114728,56.56700233689139,0.831983106286129,0.8374047882607184,0.8265614243115397,0.013033153999463021,0.00407417910222857,0.00488212179338982,0.8372355392945258,0.8242648386758027,-0.0009053748694736186,0.05338621827255371,0.9321169681387954
2021-09-06,0.8345099271683125,0.8383193732308396,0.8333883943915141,0.8371978404540412,1063.0,0.0032209482454563787,0.0032157721034019883,0.831753898104329,0.8268495433544993,0.8067449019944835,59.76369961866733,0.8324022149780916,0.838082694104777,0.8267217358514063,0.013648399834771828,0.004055323471114115,0.004843924906584534,0.8383193732308396,0.8273374421568687,0.00344169624739199,0.05239579535298334,1.6884580927059458
2021-09-07,0.8371978404540412,0.8418000555643834,0.8360374349063938,0.840639650016736,4189.0,0.004111106594384184,0.004102679085365173,0.832600160191225,0.8273903318510576,0.8070821631688343,63.47113935251098,0.8330178649642003,0.8394568394687677,0.8265788904596328,0.015459391149658358,0.004245327678899291,0.00505011591924646,0.8418000555643834,0.8275399306164887,0.009554260987520102,0.05372900135894437,2.367390971071339
2021-09-08,0.840639650016736,0.8487984202697473,0.840247935344625,0.8484067055976363,6478.0,0.009239459000947248,0.009197036307910638,0.8341055454680261,0.8282145033705313,0.8074933526457378,70.15442807669281,0.8339378512484338,0.8432030703888614,0.8246726321080061,0.022220406776253906,0.004557134318484067,0.005371402993890674,0.8487984202697473,0.8275399306164887,0.02315014629409462,0.0615448949946903,3.1232621980994493
2021-09-09,0.8484067055976363,0.8496626886325509,0.8478180925567775,0.8490740755916921,7970.0,0.0007866156522013945,0.0007863064322567908,0.8355311197655181,0.8290325258105768,0.8079070911825136,70.65129263738373,0.8348828444520834,0.8461671177880705,0.8235985711160962,0.027031992359102256,0.004534638477449512,0.005340686528780742,0.8496626886325509,0.8275399306164887,0.021450384241989084,0.06146608155796369,2.5152228623088932
2021-09-10,0.8490740755916921,0.8497129225418821,0.8489344366677487,0.8495732836179387,1867.0,0.0005879440211369324,0.0005877712497675493,0.8368684687038439,0.8298380457245911,0.8083216801619706,71.03967642449949,0.8357758796060478,0.8487101149713717,0.8228416442407239,0.030951444474374142,0.004485483243194659,0.005279689615583326,0.8497129225418821,0.8275399306164887,0.01908127577156704,0.061433630504332704,2.133470378756378
2021-09-13,0.8495732836179387,0.8504803981664035,0.8465683297602706,0.8474754443087354,8232.0,-0.0024692858752214386,-0.0024723395896198985,0.8378786568566907,0.8305297084141654,0.8087112698549733,67.02557792923706,0.8367138891406494,0.8502013394356652,0.8232264388456335,0.0322390974264051,0.00444208995382493,0.005241555945551003,0.8504803981664035,0.8276002113666561,0.01260838948649634,0.06041234865294346,1.5957879262121049
2021-09-14,0.8474754443087354,0.8487000582457527,0.8453753798712761,0.8465999938082933,8086.0,-0.0010330098722284298,-0.0010335437946562536,0.838709260375891,0.8311599156845234,0.8090882720833645,65.36568182567592,0.837391845220701,0.8514528422027567,0.8233308482386452,0.03358283714441924,0.004305019797030629,0.005085069487970574,0.8504803981664035,0.8276002113666561,0.015623636598393276,0.05885074066827209,1.3097433417194362
2021-09-15,0.8465999938082933,0.8484454600255337,0.8440765889344461,0.8459220551516865,5821.0,-0.0008007780079908322,-0.0008010988019678141,0.839396193211681,0.8317388231146083,0.809454777387527,64.04299968361002,0.8380117871745929,0.8524430536768529,0.8235805206723329,0.034441679038706347,0.004464370243089251,0.00527751962004197,0.8504803981664035,0.8276002113666561,0.02138752484656492,0.05912700941157336,1.0962680199765997
2021-09-16,0.8459220551516865,0.8471320460461675,0.8446595431026362,0.8458695339971173,1377.0,-6.208746331815007e-05,-6.208939082448377e-05,0.8400127018579131,0.8322929686394126,0.8098171132741896,63.935061940225324,0.8385126228041668,0.8533187966690736,0.82370644893926,0.03531532731228722,0.004238896372752305,0.005011288623579569,0.8504803981664035,0.8276002113666561,0.01926820824475839,0.05868140992507607,0.9937626371371469
2021-09-17,0.8458695339971173,0.8464054010169368,0.8436149250526219,0.8441507920724415,1435.0,-0.0020319231933486614,-0.0020339903499574648,0.8404068056878682,0.8327579813230609,0.8101587419189483,60.350441243878635,0.8389568546000182,0.8538855327287401,0.8240281764712963,0.03558866715700012,0.00416092946400598,0.004929130557101825,0.8504803981664035,0.8276002113666561,0.011552726444900019,0.05926052787040049,0.6958335396662373
2021-09-20,0.8441507920724415,0.8471377442675758,0.84304216800214,0.8460291201972744,7414.0,0.002225109710815465,0.0022226378203420963,0.8409422642125736,0.8332784181416576,0.8105156611057974,62.80479175986254,0.8395419934793031,0.8546230959444424,0.8244608910141639,0.035926975856535426,0.0041727395935196665,0.004932146534798567,0.8504803981664035,0.8276002113666561,0.010548617443212338,0.059208337703668894,0.860298739162678
2021-09-21,0.8460291201972744,0.8498175966297412,0.8451123443528862,0.848900820785353,5202.0,0.003394328303272909,0.0033885805737393637,0.8417002219814097,0.8338910613825868,0.8108976029931563,66.24502866359636,0.8403528360162316,0.8556240279917594,0.8250816440407037,0.03634471455566761,0.004114691632379811,0.0048470816986289885,0.8504803981664035,0.8276002113666561,0.00982724377615618,0.05905863489053631,1.1194914952047748
2021-09-22,0.848900820785353,0.8513847477729553,0.8487143995179613,0.8511983265055636,3356.0,0.0027064477545033494,0.0027027919195114747,0.8426048033646625,0.8345697776619193,0.8112986052171604,68.73642128143679,0.8414522341237969,0.8565103018052175,0.8263941664423763,0.03579066540146641,0.0040991775319443235,0.00481577254595029,0.8513847477729553,0.8276002113666561,0.003290427679918828,0.05608615147890501,1.2944678677187662
2021-09-23,0.8511983265055636,0.8522936263086417,0.8474838512589491,0.8485791510620272,4930.0,-0.003077044869541634,-0.003081788705937264,0.8431737888596496,0.8351191648540804,0.8116695559220845,63.02541285071386,0.8423190126082701,0.8568907293813307,0.8277472958352096,0.034599045147844266,0.003929765357061759,0.004630994471338963,0.8522936263086417,0.8276002113666561,-0.0005828991178655762,0.05800116362899784,0.8592176956568978
2021-09-24,0.8485791510620272,0.8494095020387928,0.8479430055333085,0.8487733565100741,8524.0,0.00022885955635820743,0.00022883337200488933,0.8437070810168329,0.835654623350394,0.8120387479677361,63.269103527630314,0.8430743866761337,0.8573200573675139,0.8288287159847534,0.033794575939009606,0.003682302333215965,0.004338381153193349,0.8522936263086417,0.8276002113666561,-0.00094156339810747,0.057631756725747024,0.80009849411847
2021-09-27,0.8487733565100741,0.8552777168722009,0.847895864054902,0.8544002244170288,7659.0,0.00662941156646446,0.0066075336561573625,0.8447254756263753,0.8363897449608502,0.8124602551960873,69.534324430552,0.8439482383595109,0.8587388893027227,0.8291575874162992,0.035051085530937796,0.0037979617731666265,0.0044451788103848375,0.8552777168722009,0.8276002113666561,0.008171068736913867,0.060262804376251845,1.4133233348076384
2021-09-28,0.8544002244170288,0.8546475262163211,0.8487233827491075,0.8489706845483999,9784.0,-0.006354796866226975,-0.006375074540481301,0.8451297812379968,0.8368831151407541,0.8128235430503392,59.065053239751386,0.8447179477102378,0.8588222870653709,0.8306136083551047,0.0333941983673142,0.0036103659547445815,0.004252639131662213,0.8552777168722009,0.8276002113666561,0.0028002489457179536,0.0633758209289862,0.6030394945955886
2021-09-29,0.8489706845483999,0.8498715936422602,0.848754763261735,0.8496556723555954,1321.0,0.0008068450650446923,0.0008065197405444164,0.8455608184872919,0.8373839997374146,0.8131900318991477,59.8856345753523,0.8457902952998918,0.8577001037535203,0.8338804868462633,0.028162556415726396,0.0035583826907982785,0.004188029111761211,0.8552777168722009,0.8276002113666561,0.004413665752265317,0.05712201145556133,0.6491081818408084
2021-09-30,0.8496556723555954,0.8545364252757678,0.8493104245449601,0.8541911774651325,1201.0,0.005338050762331514,0.00532385386944031,0.8463827574375624,0.8380431047463448,0.8135980034968192,64.90248624215262,0.8470058917815539,0.8568640083536797,0.8371477752094282,0.02327756316166974,0.0038760623234178693,0.004537698849712233,0.8552777168722009,0.8286038147510765,0.009837975164670665,0.05887577542389528,1.4577400522723096
2021-10-01,0.8541911774651325,0.8549751304880061,0.8483319681669936,0.8491159211898672,2864.0,-0.00594159294682306,-0.005959314440999334,0.8466430587473057,0.8384773328421693,0.813951415613168,56.4020158337457,0.8477361914826316,0.8556734856733342,0.8397988972919289,0.01872585898879906,0.004071140460194982,0.004794563802890526,0.8552777168722009,0.8333883943915141,0.005881803540379371,0.062266716974477235,0.3476574444857538
2021-10-04,0.8491159211898672,0.8561871991471004,0.8480391805381362,0.8551104584953694,6674.0,0.007059739613764382,0.007034936320166833,0.8474494777709308,0.8391296122795496,0.8143609583284137,62.62802860984256,0.848631822384698,0.8555376995598216,0.8417259452095744,0.016275319857126557,0.004415664762658382,0.0051638530657525505,0.8561871991471004,0.8360374349063938,0.010734072954814433,0.06558722247985421,1.8762674013400344
2021-10-05,0.8551104584953694,0.8551400218179971,0.8534946146351866,0.8535241779578143,2580.0,-0.0018550592169650493,-0.0018567819701834462,0.8480280206458721,0.8396941050512463,0.8147506421058207,60.17897985226444,0.849276048781752,0.8554026548445494,0.8431494427189546,0.014427831967204765,0.00422113162635288,0.0049455325758346715,0.8561871991471004,0.840247935344625,0.005446286608822071,0.06533335914627854,1.3867805870066485
2021-10-06,0.8535241779578143,0.8574792822267888,0.8528758913208926,0.8568309955898671,2770.0,0.003874310438357842,0.003866824626348277,0.8488663992119668,0.8403661399743294,0.8151693520907367,63.39272221223079,0.8496972632813637,0.8566718896911191,0.8427226368716084,0.01641673266739895,0.004373337909378946,0.00510408462332553,0.8574792822267888,0.84304216800214,0.006617340411637418,0.05852880690949954,2.045624206774854
2021-10-07,0.8568309955898671,0.861349629339258,0.8555427166912637,0.8600613504406546,1603.0,0.0037701190402941176,0.003763029953718601,0.8499325850432704,0.8411385011690873,0.8156160386414822,66.25755874594293,0.8502466270238116,0.8586076348163517,0.8418856192312715,0.01966725306939904,0.0045887976724989,0.005335430629626384,0.861349629339258,0.84304216800214,0.013531088248228906,0.059669195202514146,2.347736938027948
2021-10-08,0.8600613504406546,0.8654950548501624,0.8584288272337085,0.8638625316432164,6988.0,0.004419662853835105,0.004409924825954942,0.8512592466242177,0.8420296396190532,0.8160961032484647,69.30192295727338,0.8509610894250755,0.8612902609974407,0.8406319178527104,0.024276483850380746,0.004800987054714482,0.005557582229642686,0.8654950548501624,0.84304216800214,0.01777762581425124,0.06114835972583311,2.4980594286297975
2021-10-11,0.8638625316432164,0.8653955034969456,0.8629952945896977,0.864528266443427,5812.0,0.0007706490047023618,0.0007703522072327984,0.8525229627974757,0.8429119387102051,0.8165780153200565,69.81557658740162,0.8518137305318101,0.8636384558651844,0.8399890051984358,0.027763641062681196,0.004636341099742544,0.005362856577050898,0.8654950548501624,0.84304216800214,0.011853978658899145,0.05989037711600281,2.1504999994767235
2021-10-12,0.864528266443427,0.8682646174516018,0.8637368751737612,0.867473226181936,3352.0,0.003406435454822443,0.0034006466958660148,0.8539467974055196,0.8438751264541946,0.8170844353286325,72.04399664839772,0.8528573921504922,0.8663162321384682,0.8393985521625161,0.031561759590403214,0.004769012101374449,0.005497589962937069,0.8682646174516018,0.84304216800214,0.021794087793948203,0.059961479968529734,2.171930722781678
2021-10-13,0.867473226181936,0.8679634938776437,0.8666276990949284,0.8671179667906361,7853.0,-0.0004095335516733911,-0.0004096174334407447,0.8552011944898165,0.8447866103889571,0.8175822814128315,71.3595850197605,0.8539171877324397,0.8683774311017538,0.8394569443631257,0.03386802274752884,0.004520870653733212,0.005213674294474361,0.8682646174516018,0.84304216800214,0.020552201324835595,0.059802008670864666,1.825803165416925
2021-10-14,0.8671179667906361,0.8677255609678499,0.8617904658214031,0.8623980599986169,3644.0,-0.005443211849811558,-0.005458080106023027,0.8558866102525593,0.845477255471689,0.8180282095579637,62.82080858342204,0.8547436140325146,0.8691564693110969,0.8403307587539324,0.03372439417379257,0.004840056270944819,0.005612322772331586,0.8682646174516018,0.84304216800214,0.009607781899408918,0.06424712344553661,1.0621692673868455
2021-10-15,0.8623980599986169,0.8626916507658519,0.855309657935285,0.85560324870252,4473.0,-0.00787897330857601,-0.007910176425860975,0.8558596234382698,0.845874353245447,0.8184020905444768,52.990445495337035,0.8553162368640187,0.8688396477046494,0.841792826023388,0.03162201360800471,0.004840066271892532,0.00565690497228973,0.8682646174516018,0.84304216800214,0.007640096423539022,0.07088700748486072,0.04244666406776741
2021-10-18,0.85560324870252,0.8596338945188486,0.8555535244340574,0.859584170250386,9502.0,0.004652765816285598,0.004641975159402394,0.8562143421822809,0.8464119931279936,0.8188118624818491,57.214712790726786,0.8559939893666743,0.8689023326004366,0.8430856461329119,0.030159892228478962,0.004708368173148078,0.005477495207684652,0.8682646174516018,0.8451123443528862,0.005231735515068392,0.07210063510428728,0.5562574249376144
2021-10-19,0.859584170250386,0.8649694122899985,0.858936438013186,0.8643216800527984,7249.0,0.005511397215507641,0.005496265040032768,0.8569864695985207,0.8471143337917114,0.8192646964875302,61.633185561015104,0.8567650323300464,0.8697315279452146,0.8437985367148783,0.03026849865687132,0.005059521308597175,0.005853748003044544,0.8682646174516018,0.8474838512589491,0.012650493534721807,0.0734873690095626,1.1655651529951196
2021-10-20,0.8643216800527984,0.866052909687937,0.860015641271171,0.8617468709063096,6634.0,-0.002978994055004458,-0.0029834400897972963,0.8574398411516434,0.8476881587765976,0.8196874046907022,58.120138430443724,0.8572924595500838,0.870163352480881,0.8444215666192867,0.030026842735912804,0.005117469000451339,0.005938482834372505,0.8682646174516018,0.8474838512589491,0.005737275310702783,0.07441007310641722,0.6921681937960061
2021-10-21,0.8617468709063096,0.8647998944676812,0.860404766450371,0.8634577900117426,8784.0,0.0019854079697829707,0.0019834396522247213,0.8580129791383195,0.8483065756877798,0.8201229309128022,59.761412849816175,0.8580363914975695,0.8705002788105425,0.8455725041845965,0.029052118153681583,0.0049568951216154645,0.0057407497841302155,0.8682646174516018,0.847895864054902,0.003949066621058872,0.07322869090380504,0.8699370233442816
2021-10-22,0.8634577900117426,0.871797343000485,0.8615815534430867,0.8699211064318291,3955.0,0.0074853878149603315,0.007457511324056881,0.8591470864996061,0.8491542043444092,0.8206184351468224,65.29469102051027,0.8590937789936575,0.8718339895063874,0.8463535684809276,0.02965965025996061,0.005104593046503609,0.005867880441987676,0.871797343000485,0.847895864054902,0.007013355211839434,0.07681579560103526,1.6997093458311523
2021-10-25,0.8699211064318291,0.8723128231763168,0.8689970172618577,0.8713887340063454,3834.0,0.0016870812349134567,0.0016856597119587504,0.8603129576907241,0.850026146684093,0.8211236122499024,66.42375118077226,0.8599432044731232,0.8735982985282877,0.8462881104179587,0.03175813003494999,0.005223907241621362,0.005994921712613422,0.8723128231763168,0.8480391805381362,0.007935504053721232,0.07417678290851125,1.6763750563685589
2021-10-26,0.8713887340063454,0.8766629396544845,0.8705209421596204,0.8757951478077595,5344.0,0.0050567715985434525,0.005044029068366521,0.8617874519875847,0.8510366957477663,0.8216676076285876,69.61948367011874,0.8612844276360911,0.8756525421327009,0.8469163131394813,0.03336438935984245,0.005333807712261924,0.0060902457904833205,0.8766629396544845,0.8480391805381362,0.009593289308133857,0.07012913855617108,2.019850297698033
2021-10-27,0.8757951478077595,0.8773595683720207,0.8748724714119993,0.8764368919762605,4801.0,0.000732756021893266,0.0007324876872739932,0.8631826367484109,0.8520327818743739,0.8222125756320471,70.06633136867822,0.8626234886171245,0.877414029209924,0.847832948024325,0.034291995958770555,0.0050966780202638595,0.00581522533672842,0.8773595683720207,0.8480391805381362,0.010747009683256259,0.0701402662051105,1.8678699770934553
2021-10-28,0.8764368919762605,0.8781909373744041,0.868041806221935,0.8697958516200787,7085.0,-0.007577317222700497,-0.007606170939098976,0.8638124667361888,0.8527293728447937,0.8226860410647638,60.19874992610668,0.8634037223248718,0.8779659232811866,0.8488415213685571,0.03373207823821606,0.005316885415693513,0.006112796934809819,0.8781909373744041,0.8480391805381362,0.008578163570397646,0.07568230896991801,0.8779070299033229
2021-10-29,0.8697958516200787,0.8723520318066628,0.8686395223056265,0.8711957024922106,6628.0,0.0016094016423791047,0.0016081079434240053,0.8645156320462861,0.8534535426348885,0.823168724263047,61.431745895439036,0.8645077113899889,0.8778017299565176,0.8512136928234603,0.030755118529027434,0.0054106211723926835,0.006210569171673641,0.8781909373744041,0.8480391805381362,0.018223930090653262,0.07122203430831955,1.0061654523426764
2021-11-01,0.8711957024922106,0.8720105503407836,0.87055437880752,0.871369226656093,8421.0,0.0001991793157221089,0.00019915948215578353,0.8651683553424583,0.8541561184788573,0.8236483312520326,61.590587942479836,0.865320649798025,0.878176339249131,0.8524649603469191,0.029713123000373532,0.005191223262065757,0.005957547160561592,0.8781909373744041,0.8528758913208926,0.013710183148526456,0.06794361395847168,0.9409961062100114
2021-11-02,0.871369226656093,0.8724813825445041,0.8699292165469898,0.871041372435401,4492.0,-0.00037625177784861297,-0.0003763225783085363,0.865727690303691,0.8548182853006826,0.8241199038011209,61.078751565015224,0.8661965095219045,0.8780131247911295,0.8543798942526796,0.02728391338299691,0.005278106920265686,0.0060595364207652784,0.8781909373744041,0.8528758913208926,0.007774527167005774,0.06733363612480357,0.8200085732019075
2021-11-03,0.871041372435401,0.8724776888562036,0.86900519701149,0.8704415134322926,5062.0,-0.0006886687843900008,-0.0006889060256639903,0.8661766258397483,0.855430960913687,0.8245808153397396,60.09472630598177,0.8668770354140257,0.8779680348962067,0.8557860359318448,0.025588403035463555,0.005102206684427592,0.005861630684764517,0.8781909373744041,0.855309657935285,0.010089555088072188,0.0667177991022615,0.6427694860131689
2021-11-04,0.8704415134322926,0.8739367280170743,0.8692423818521263,0.8727375964369081,3099.0,0.0026378372000683825,0.0026343642136292477,0.8668014801823349,0.856109652502833,0.8250599872909553,62.57983226484385,0.8675108477138384,0.8784090081902824,0.8566126872373943,0.02512512784171898,0.0049102319225976755,0.005626240857096668,0.8781909373744041,0.855309657935285,0.010747261224013371,0.06616729831509148,0.9591983407414676
2021-11-05,0.8727375964369081,0.8727614369631921,0.8692999904415002,0.8693238309677842,4349.0,-0.003911559995880887,-0.003919230154739342,0.8670417040666635,0.85662785557989,0.8255004235464463,56.90567965615401,0.8677839126800666,0.8785702826564606,0.8569975427036726,0.02485957579711608,0.004866023096662009,0.00559748039029927,0.8781909373744041,0.855309657935285,-0.0006865857830427036,0.0666295336990078,0.28553040384999
2021-11-08,0.8693238309677842,0.8703912690940487,0.8641998908239062,0.8652673289501708,1062.0,-0.004666272651351888,-0.004677193688515479,0.8668727159603309,0.8569666584571559,0.8258961141474783,50.98939361456855,0.867820865805404,0.878565255701172,0.8570764759096359,0.024761768975896836,0.004877337667614152,0.005636798599031617,0.8781909373744041,0.855309657935285,-0.007024884322328284,0.06890187059985979,-0.4753246819978016
2021-11-09,0.8652673289501708,0.8677120685328068,0.8643645825360239,0.8668093221186599,2842.0,0.0017821003022961968,0.0017805142456142947,0.8668666784516003,0.8573526452674111,0.8263032107442065,52.990166080082176,0.8677876706022403,0.8785406816517383,0.8570346595527423,0.02478258544981507,0.004685210351901075,0.005405122248165789,0.8781909373744041,0.855309657935285,-0.010260191223475434,0.06808938284992068,-0.18196735390242796
2021-11-10,0.8668093221186599,0.8678660416377038,0.8652666830904033,0.8663234026094472,6249.0,-0.0005605840832734188,-0.0005607412692773549,0.8668149378952047,0.8577044396729812,0.8267014216085373,52.266073543644744,0.8677479423931806,0.878517230425583,0.8569786543607782,0.02482123553690384,0.004556941104043232,0.0052600923515598195,0.8781909373744041,0.855309657935285,-0.01153932411951375,0.06810267341258686,-0.2645559816855763
2021-11-11,0.8663234026094472,0.8677045496389825,0.862627314266817,0.8640084612963523,7753.0,-0.0026721444972189756,-0.002675721048120653,0.8665476544095998,0.857951656207231,0.8270726359337892,48.84193016404809,0.8678284624580673,0.8784524298017067,0.857204495114428,0.024484026056365238,0.004189901519383746,0.004849375564097193,0.8781909373744041,0.855309657935285,-0.0066537341066259525,0.06585851105060124,-0.7191289351999103
2021-11-12,0.8640084612963523,0.8645447038662889,0.8633132390416963,0.8638494816116329,3831.0,-0.00018400246275473986,-0.0001840193932847611,0.8662906855716981,0.858182943477992,0.827438574696753,48.60641871779199,0.8682407741035231,0.8774071044765648,0.8590744437304814,0.021114719894389063,0.004041020012964715,0.004677921442316111,0.8781909373744041,0.8555535244340574,-0.008432342881814603,0.05877466156370766,-0.9581353307546188
2021-11-15,0.8638494816116329,0.8672316933887129,0.8628980624425314,0.8662802742196114,6753.0,0.0028139075842743555,0.0028099559576004263,0.8662896940143564,0.8585004858600163,0.8278250592691198,52.38681553639171,0.8685755793019844,0.8768570429219025,0.8602941156820663,0.019069068523831535,0.003911850973773097,0.004515687463040859,0.8781909373744041,0.858936438013186,-0.0058401792039530775,0.057391897331044266,-0.5543235320994324
2021-11-16,0.8662802742196114,0.8676456252590071,0.8595304878922171,0.8608958389316128,6354.0,-0.0062155810864436,-0.006234978228675641,0.8657759935302856,0.8585944212745886,0.8281541217533237,44.56665782450073,0.8684042872459251,0.8771830111968711,0.8596255632949791,0.020218057602610542,0.004313853859970859,0.005010889430391984,0.8781909373744041,0.8595304878922171,-0.011647590831904697,0.05860720954880671,-1.7106013029383782
2021-11-17,0.8608958389316128,0.866190225727364,0.859951281063217,0.8652456678589683,7070.0,0.005052677374714376,0.005039955435628589,0.8657254863234934,0.8588552544739761,0.8285231918638277,50.938318503803174,0.868579227093558,0.8769282841167662,0.8602301700703497,0.019224629746547917,0.004034554825090709,0.004662900925091169,0.8781909373744041,0.8595304878922171,-0.005969206997993748,0.060447069208009054,-0.7985474827452307
2021-11-18,0.8652456678589683,0.8664917407380452,0.8593312875328926,0.8605773604119695,2054.0,-0.005395354892154924,-0.005409962384790636,0.865235188617634,0.858922788040172,0.8288421388145555,44.96484874826423,0.8684352056135693,0.8772430129930622,0.8596273982340765,0.020284316717146235,0.0042808365182418805,0.004974377336852772,0.8781909373744041,0.8593312875328926,-0.013933438956433952,0.06318660907905545,-1.7842908826310582
2021-11-19,0.8605773604119695,0.861585463684379,0.8586093555942503,0.8596174588666599,1464.0,-0.0011154157539656762,-0.0011160382930874581,0.8647001667365889,0.8589500300333677,0.8291483609046262,43.82676708956421,0.8679200232353109,0.8775306476770011,0.8583093987936208,0.022146336492768075,0.004389403415160816,0.005106228788033121,0.8781909373744041,0.8586093555942503,-0.011165427376261694,0.05639545554105792,-1.7277887444306272
2021-11-22,0.8596174588666599,0.8602676245420992,0.8575474588476064,0.8581976245230457,6620.0,-0.0016517048705433357,-0.0016530704389174655,0.8640808770019657,0.8589205239349237,0.8294374083038145,42.12825204894926,0.8672604677611458,0.8776479328700204,0.8568730026522713,0.023954660670029285,0.00440140339351642,0.005128659492576149,0.8781909373744041,0.8575474588476064,-0.008170543588769008,0.055850447034542464,-1.7449576278927261
2021-11-23,0.8581976245230457,0.8617516207410485,0.8575566994778467,0.8611106956958495,3031.0,0.0033944060080832728,0.0033886580156833363,0.8637980025918593,0.8590064130235875,0.8297525653922925,46.69295646080423,0.8665262451555504,0.8764386995795154,0.8566137907315855,0.022878601725872815,0.004453005494837007,0.005171234682247914,0.8781909373744041,0.8575474588476064,-0.006574256041549931,0.053830725151650556,-1.0926757850422935
2021-11-24,0.8611106956958495,0.8634932704274295,0.8601542842415472,0.8625368589731272,3194.0,0.001656190411297942,0.0016548204403719303,0.8636778936757896,0.8591448618843538,0.8300787772687187,48.82128314673682,0.8658312435053939,0.8747135536742202,0.8569489333365675,0.020517416610806357,0.004356194067760888,0.005050443957777122,0.8781909373744041,0.8575474588476064,-0.004370819978906981,0.0542863468965219,-0.7417855196790568
2021-11-25,0.8625368589731272,0.8643678471514216,0.8585921956872088,0.8604231838655032,6580.0,-0.0024505330823083593,-0.0024535405527773466,0.8633679213129052,0.8591949921581243,0.8303807116627165,45.89654269063246,0.865362610117665,0.874352545516017,0.856372674719313,0.02077726791808036,0.0045214944207980935,0.005254965818662633,0.8739367280170743,0.8575474588476064,-0.004149586018486251,0.04853468777789399,-1.0988791427950084
2021-11-26,0.8604231838655032,0.8638642595175018,0.8597870605288102,0.8632281361808087,5814.0,0.003259968313155115,0.003254666136613707,0.8633546084431817,0.8593531546688178,0.8307075517076726,50.16331277922305,0.864964231802095,0.8735634589938948,0.8563650046102953,0.01988342841387514,0.004370481614980175,0.005062950837442061,0.8739367280170743,0.8575474588476064,-0.0007192751099009964,0.04983899132305166,-0.40377945193536297
2021-11-29,0.8632281361808087,0.8635138354954377,0.8624708279400098,0.8627565272546388,4452.0,-0.0005463317359608588,-0.0005464810295220678,0.8632976483299871,0.8594866202604187,0.831026446986747,49.45708634675157,0.8645335968320224,0.8726302229668884,0.8564369706971563,0.018730622302094806,0.004205876012026243,0.004874928069695029,0.8739367280170743,0.8575474588476064,-0.004067675404645366,0.04977950623287688,-0.4389654524694065
2021-11-30,0.8627565272546388,0.86745339942852,0.8613915436468484,0.8660884158207296,4631.0,0.0038619105864003966,0.0038544725535732253,0.8635634357100579,0.8597455142039603,0.831375322298528,54.34719349041307,0.8642859490012885,0.8718284972928411,0.856743400709736,0.017453826017345787,0.004453197243052749,0.0051417351412474145,0.8739367280170743,0.8575474588476064,0.006031597150662149,0.05212790390479517,0.4779463782710675
2021-12-01,0.8660884158207296,0.8746960748425703,0.8646766328320562,0.8732842918538969,9921.0,0.008308477404524783,0.008274152002957025,0.8644892315332806,0.8602764466608206,0.8317923269707207,62.733245652270554,0.8644280879223689,0.8725443846685267,0.8563117911762111,0.018778419765755377,0.0048062120029347954,0.005503605238028133,0.8746960748425703,0.8575474588476064,0.009290568324739512,0.060330156599135494,2.1823263018865067
2021-12-02,0.8732842918538969,0.8741943748595662,0.8708132801444196,0.8717233631500889,9732.0,-0.001787423314914216,-0.0017890226620586264,0.865178196449167,0.8607253453466742,0.832189650713799,60.1520291210775,0.8643773762580279,0.8722850603501329,0.856469692165923,0.018296832631918433,0.004959756995117225,0.005689599711076321,0.8746960748425703,0.8575474588476064,0.012951773136099742,0.05997309177864913,1.8579363582304116
2021-12-03,0.8717233631500889,0.8725554027458546,0.8662730621550421,0.8671051017508078,5008.0,-0.005297852041721618,-0.00531193542298541,0.8653617112397995,0.8609755318723266,0.8325370681370529,53.180057503906426,0.8642664397971791,0.8719407497202638,0.8565921298740944,0.017759129753749714,0.005098950541162305,0.005880429639805835,0.8746960748425703,0.8575474588476064,0.008710436028160462,0.06134279374904499,0.739782985591929
2021-12-06,0.8671051017508078,0.8685088431276243,0.8638855105034716,0.8652892518802882,5474.0,-0.0020941519855588453,-0.002096347787926325,0.8653548103484175,0.8611446973628349,0.8328629605126074,50.69216134965108,0.8642675359436851,0.8719424540431477,0.8565926178442225,0.017760514609824998,0.004849535916688209,0.0056045257769584975,0.8746960748425703,0.8575474588476064,0.008263396628700459,0.05946559205147055,0.2662480363600468
2021-12-07,0.8652892518802882,0.8691305071889711,0.8638901295059563,0.8677313848146393,9369.0,0.00282233129447107,0.0028183559954871305,0.8655811507737721,0.8614029988315332,0.8332099100081501,53.821127167808974,0.8643136390784838,0.8720635566912164,0.8565637214657512,0.01793311423615948,0.004778209703750195,0.005506553972080765,0.8746960748425703,0.8575474588476064,0.0076885459115563215,0.05998955301566648,0.8820082759435688
2021-12-08,0.8677313848146393,0.8768140457719585,0.8667115403622024,0.8757942013195217,9205.0,0.00929183459994909,0.00924893106840272,0.8665538222543197,0.8619673597134151,0.8336336342998056,62.32218101292032,0.8647871790139876,0.8740615939369928,0.8555127640909824,0.021449011151112755,0.0049883562897932955,0.005695808766805663,0.8768140457719585,0.8575474588476064,0.015370174860907193,0.06826168467401639,2.3736316300085316
2021-12-09,0.8757942013195217,0.8805476876868044,0.8744410962417731,0.8791945826090558,3162.0,0.0038826259461537393,0.0038751080073146198,0.8677577041928659,0.8626429370818717,0.834086977069052,65.22933453321428,0.8655464850796228,0.8768229732490794,0.8542699969101663,0.02605634327870732,0.005211962243714904,0.0059281100530079855,0.8805476876868044,0.8575474588476064,0.021816472516722474,0.06811992909988158,2.4206290689685046
2021-12-10,0.8791945826090558,0.8806982380149871,0.8776049704487991,0.8791086258547305,2597.0,-9.776761143165391e-05,-9.777239099610337e-05,0.8688387443511387,0.8632886503670818,0.8345349536738846,65.09260857952646,0.8663094422917776,0.8790697087326715,0.8535491758508837,0.029458911141813853,0.005238612377407422,0.005959004636445331,0.8806982380149871,0.8575474588476064,0.018396631212905135,0.06810274486388047,2.0060997350234295
2021-12-13,0.8791086258547305,0.8804253931985412,0.8782112145441592,0.8795279818879699,6756.0,0.0004770241366152117,0.00047691039677141795,0.8698567669736941,0.8639254868973127,0.8349826454969104,65.47284730829536,0.8669718276751956,0.8810346173112957,0.8529090380390956,0.032441168645144486,0.005097130762491726,0.005795302557117478,0.8806982380149871,0.8575474588476064,0.019439383074503214,0.06772885465769789,1.7857273752487635
2021-12-14,0.8795279818879699,0.8800635115681658,0.8721941062722944,0.8727296359524903,9963.0,-0.007729539111292927,-0.007759566832440694,0.8701303735431032,0.8642707476445746,0.8353582374417421,55.01130028126783,0.8675635175262395,0.8815454798010539,0.8535815552514251,0.03223271147842273,0.005420732127490938,0.006211238743571247,0.8806982380149871,0.8575474588476064,0.007668062533162212,0.06997518963889095,0.7389690123190367
2021-12-15,0.8727296359524903,0.8731574447738962,0.866825808447599,0.867253617269005,6288.0,-0.006274587750774496,-0.006294355710409869,0.8698563967550939,0.864387722923964,0.8356756044051975,48.31461957611779,0.8676639149967414,0.8816045753001831,0.8537232546932998,0.0321337791338113,0.005460445331925539,0.0062962497050407995,0.8806982380149871,0.8575474588476064,-0.0069057403655908844,0.07213154481774983,-0.05886345679554251
2021-12-16,0.867253617269005,0.8685633169826307,0.8665872871031383,0.867896986816764,3220.0,0.0007418470617452932,0.0007415720292267547,0.8696697862847768,0.8645253411158386,0.835996215175462,49.09862214122256,0.8680298963169811,0.8815656638752599,0.8544941287587023,0.031187330334382608,0.005310361824125595,0.006118654523277833,0.8806982380149871,0.8575474588476064,-0.004389438777340771,0.0691283434508116,-0.01963826574960192
2021-12-17,0.867896986816764,0.8692120488682191,0.8618713097569174,0.8631863718083725,7218.0,-0.00542761995944796,-0.005442403004089924,0.8690523182394049,0.8644728325155457,0.8362667639976801,43.85349767929955,0.8682083419640666,0.8813659656092268,0.8550507183189064,0.030309830047002065,0.0057601997924023,0.006673182038700056,0.8806982380149871,0.8575474588476064,-0.004519325205817326,0.0720423135822176,-0.7633551910479359
2021-12-20,0.8631863718083725,0.8654363723732802,0.8622093980837777,0.8644593986486854,9626.0,0.0014747995124688718,0.0014737130637327487,0.868614897326003,0.8644723056972374,0.8365472877255509,45.54649762396018,0.8685214306703488,0.8809541054173247,0.856088755923373,0.028629517494761104,0.005557708257247369,0.006429114271804003,0.8806982380149871,0.8575566994778467,-0.0009590471969916914,0.07182119230187795,-0.6534445892508393
2021-12-21,0.8644593986486854,0.8654080792349884,0.8619080867841145,0.8628567673704175,4161.0,-0.0018539115668972928,-0.0018556321878611692,0.8680665039968997,0.8644089512530484,0.836809073592664,43.75766734663978,0.8686087342540771,0.8808452725984578,0.8563721959096965,0.028175029473745398,0.005092033288701646,0.005901365651010392,0.8806982380149871,0.8585921956872088,-0.005617657180007507,0.07130744670145271,-0.9401297526765187
2021-12-22,0.8628567673704175,0.8637338972521966,0.8600348228943733,0.8609119527761524,1520.0,-0.0022539251794848614,-0.002256469092086836,0.8673851181663523,0.864271814057876,0.8370489032362808,41.62137891718759,0.8685274889442283,0.8809538776332296,0.8561011002552269,0.028614842586287596,0.005114746120321415,0.005941079228634326,0.8806982380149871,0.8585921956872088,-0.0169928603328805,0.07153398298641969,-1.2257038402180942
2021-12-23,0.8609119527761524,0.862906516169951,0.8596948084158846,0.8616893718096832,2761.0,0.0009030180508284857,0.0009026105753151365,0.8668426661323838,0.8641705418128489,0.837294082028056,42.823057447786766,0.8685907983414373,0.8808551825393314,0.8563264141435432,0.028239728584076158,0.004895415203410969,0.005681183223984563,0.8806982380149871,0.8596948084158846,-0.019910508032732643,0.07105174651119839,-1.1254419986189101
2021-12-24,0.8616893718096832,0.8627286858937118,0.8595841347428244,0.8606234488268529,6008.0,-0.0012370153534465578,-0.0012377810884880304,0.8662503597223332,0.8640314401271236,0.8375262150310291,41.559880758160915,0.8684605639737395,0.8810165699751239,0.8559045579723551,0.028915546709301285,0.00478978795532059,0.005565486231928405,0.8806982380149871,0.8595841347428244,-0.021027181947970264,0.07017255577324319,-1.2483452374939077
2021-12-27,0.8606234488268529,0.8613869384076623,0.859770291302415,0.8605337808832244,3704.0,-0.00010418951952884115,-0.00010419494763386869,0.8657059236424182,0.8638942770195197,0.8377551460345336,41.449116974877946,0.8683494266551687,0.8811548854998379,0.8555439678104995,0.029493792364198582,0.00453095005690863,0.005265278548691264,0.8806982380149871,0.8595841347428244,-0.021595903025135255,0.0701562997423217,-1.2206740682623611
2021-12-28,0.8605337808832244,0.8616338846808073,0.8579277882297789,0.8590278920273617,8480.0,-0.0017499474039439633,-0.0017514803505472428,0.8650699206314605,0.8637034383923763,0.8379668151488902,39.543067216203866,0.8679964004655005,0.8814378150610828,0.8545549858699183,0.030971129807390207,0.004074063702713793,0.00474264426164177,0.8806982380149871,0.8579277882297789,-0.015699872401118364,0.06874595642552069,-1.3344590146168809
2021-12-29,0.8590278920273617,0.8599186929805469,0.8580996330602755,0.8589904340134606,5130.0,-4.3605119517953206e-05,-4.360607024881522e-05,0.8644909219059367,0.8635186146912424,0.8381760053863486,39.49441628457385,0.8672817075734786,0.8810552148886928,0.8535082002582643,0.03176247624027577,0.0037678114509452354,0.004386325274125454,0.8806982380149871,0.8579277882297789,-0.009527989380505808,0.06062605989668913,-1.2039451347093564
2021-12-30,0.8589904340134606,0.8644988950522763,0.8581912474919831,0.8636997085307987,4296.0,0.0054823363926590485,0.005467363087366338,0.8644155682511616,0.8635257164104407,0.8384299725818158,48.134079995034014,0.8668805248425141,0.8805764989269612,0.853184550758067,0.031598296863192904,0.003997410021952752,0.004628240559155183,0.8806982380149871,0.8579277882297789,-0.004836148010329944,0.06445509576909961,-0.4644892421821225
2021-12-31,0.8636997085307987,0.8645974025831318,0.8599780088251286,0.8608757028774617,8184.0,-0.003269661463867757,-0.003275018487200984,0.8640784382155712,0.8634217943111082,0.8386533131817725,44.070184856875755,0.8665690548988468,0.8805244031330646,0.8526137066646291,0.03220827735614612,0.0041692111007828325,0.004842988467263414,0.8806982380149871,0.8579277882297789,-0.002676906177364602,0.06281489641792581,-0.8159383665432781
2022-01-03,0.8608757028774617,0.862520128194086,0.8596583487613724,0.8613027740779966,1612.0,0.0004960892717815746,0.0004959662601802619,0.863814089250088,0.8633386954784372,0.8388786809518842,44.82880025461543,0.8663697310087322,0.8805146352670168,0.8522248267504475,0.0326532743516222,0.003811523539128709,0.004425300433066468,0.8806982380149871,0.8579277882297789,-0.0036515590849300894,0.06253491502643611,-0.7164356630788601
2022-01-04,0.8613027740779966,0.8624104395801714,0.8600957427473128,0.8612034082494876,4228.0,-0.00011536689710001102,-0.0001153735523723546,0.8635654529643165,0.8632549587243608,0.8391008175419102,44.67696124880711,0.8660433321804748,0.880356212424102,0.8517304519368476,0.033053496775019425,0.0035245992895973793,0.00409264438091531,0.8806982380149871,0.8579277882297789,-0.0019161455104171887,0.06149800504971343,-0.676303280486423
2022-01-05,0.8612034082494876,0.8634144980333441,0.8605956430106031,0.8628067327944596,1165.0,0.0018617257312427693,0.0018599948678226022,0.8634931939005206,0.8632373812369137,0.839336697295667,47.75209615739882,0.8653939587542215,0.8790054127452289,0.8517825047632142,0.031457242919980075,0.0035848010855437096,0.004154813528092497,0.8806982380149871,0.8579277882297789,0.002200898723960343,0.05072719448146855,-0.380154237963291
2022-01-06,0.8628067327944596,0.864092811207101,0.8595748115045725,0.8608608899172139,3828.0,-0.0022552476739994276,-0.0022577945750172266,0.8632424982830628,0.8631441854988863,0.8395508683665281,44.51791756057769,0.8644772741196295,0.8765588020704156,0.8523957461688434,0.02795105970388809,0.0033831768420599095,0.003929992501326501,0.8806982380149871,0.8579277882297789,-0.0009614623547339329,0.04790609512221164,-0.5986633838280893
2022-01-07,0.8608608899172139,0.8623794267199392,0.8563362350424127,0.857854771845138,7348.0,-0.0034919905263264273,-0.003498101756296924,0.8627293814794509,0.8629367575124649,0.8397329967593501,40.00956065696305,0.8634145814191498,0.8736797040347486,0.8531494588035511,0.023777969092730642,0.0035843352269187634,0.004178254110785335,0.8804253931985412,0.8563362350424127,-0.0032170596623749548,0.04852350018995001,-1.083242700981119
2022-01-10,0.857854771845138,0.8619688289753881,0.8573723530119632,0.8614864101422133,2406.0,0.0042333952275674935,0.0042244596197540734,0.8626110032568568,0.8628798811450041,0.8399494486338064,46.993405581072906,0.8625125028318619,0.8694455932833408,0.8555794123803829,0.01607649843617508,0.0036626554778152543,0.004251553401998096,0.8800635115681658,0.8563362350424127,0.0011070213397212925,0.051973700753358436,-0.2959986449995661
2022-01-11,0.8614864101422133,0.8648405333749328,0.8599535746299787,0.8633076978626982,6129.0,0.0021141224040717166,0.002111890792015881,0.8626773551240798,0.8628966582711882,0.8401818690241436,50.1290094712696,0.8620414059273724,0.8670702838037534,0.8570125280509915,0.011667369668794404,0.0037475043626103116,0.00434086753991428,0.8731574447738962,0.8563362350424127,0.004982150026858756,0.04661538144409377,0.5036081473655085
2022-01-12,0.8633076978626982,0.8643852321393941,0.8622684889681087,0.8633460232448046,4153.0,4.439365269326423e-05,4.439266732422715e-05,0.8627410378022441,0.8629142804270163,0.8404123581208667,50.195774662751376,0.8618460262261622,0.8662921262327578,0.8573999262195667,0.010317620250716994,0.003669292606697389,0.004250083405616093,0.8692120488682191,0.8563362350424127,0.005070591078637943,0.04140802579154095,0.6747473140132596
2022-01-13,0.8633460232448046,0.8635607742062482,0.8582192981159088,0.8584340490773524,3450.0,-0.005689461739791124,-0.0057057083796317465,0.8623308483998734,0.8627385850799707,0.8405916784288914,42.36714775643984,0.8613728793391917,0.8650563325098791,0.8576894261685043,0.008552517171223684,0.0038262158166582467,0.004457204162358978,0.8692120488682191,0.8563362350424127,-0.006096632199174223,0.04551109132111556,-1.595693022637667
2022-01-14,0.8584340490773524,0.8642687631667277,0.8574177700409006,0.8632524841302759,1414.0,0.005613052112858563,0.005597357637729986,0.8624186232313403,0.8627587379839043,0.8408171590826365,50.51956764298686,0.8613761849552869,0.8650666027088756,0.8576857672016982,0.008568655177714853,0.004200097675271091,0.0048654336390386126,0.8654363723732802,0.8563362350424127,0.002760887831855241,0.04665755065590588,1.0168492025947131
2022-01-17,0.8632524841302759,0.8636456486675911,0.8626892339852413,0.8630823985225565,7081.0,-0.00019702880773142528,-0.00019704822045691595,0.8624818399257418,0.8627714305540476,0.8410387037536806,50.24936274029701,0.8613073349489804,0.8648017296114624,0.8578129402864983,0.008114164411914631,0.0040036918346511895,0.004638829202756072,0.8654080792349884,0.8563362350424127,0.002066200757875114,0.0463367269440577,1.01594910994704
2022-01-18,0.8630823985225565,0.8642519636387885,0.8598763109205453,0.8610458760367773,2640.0,-0.00235959218872428,-0.0023623804132849474,0.8623450814601261,0.8627037617494487,0.841237780094806,47.007413001957396,0.8612167903822984,0.8646351595020512,0.8577984212625456,0.007938463713034123,0.004186305605934891,0.004861884508643863,0.8648405333749328,0.8563362350424127,-0.00018292102794914555,0.0466279682469677,-0.09999759507155756
2022-01-19,0.8610458760367773,0.864177674592303,0.860396470785152,0.8635282693406777,8159.0,0.002882997727515324,0.002878849859849885,0.8624577660201787,0.8627360953804774,0.8414595760077003,51.14503217365735,0.8613476062105248,0.8649139010215309,0.8577813113995186,0.008280733086833404,0.004005845337853301,0.004638927849938079,0.8648405333749328,0.8563362350424127,0.0008362667081667219,0.047045541886682384,1.2229292561137144
2022-01-20,0.8635282693406777,0.8644248729386118,0.8609704979111141,0.8618671015090482,8856.0,-0.0019236982628233479,-0.0019255509467110108,0.8624015122572138,0.862702017189441,0.8416626359629376,48.42049805365225,0.8613564926954931,0.8649272561690203,0.8577857292219658,0.00829102352814002,0.003922629714245769,0.004551316214968193,0.8648405333749328,0.8563362350424127,0.0011688434259466973,0.04751779156911445,0.2859941955498674
2022-01-21,0.8618671015090482,0.8638710700500251,0.8614583019075486,0.8634622704485254,3137.0,0.001850829364160811,0.0018491186899453349,0.8625025368468626,0.8627318310427384,0.8418795477488639,51.113611247079476,0.8614984337765765,0.8651707533417113,0.8578261142114417,0.008525423659881423,0.003890557479228832,0.004505764307695671,0.8648405333749328,0.8563362350424127,0.006536652575034774,0.047702860502509166,1.0695347379861162
2022-01-24,0.8634622704485254,0.8641947598281213,0.8610997550091372,0.8618322443887331,4222.0,-0.001887779137061396,-0.0018895632377755418,0.8624386994698978,0.8626965531347383,0.842078082043788,48.33630689323615,0.861563356951852,0.8652096888113808,0.8579170250923233,0.008464454366836674,0.00394629376395209,0.004578958132102676,0.8648405333749328,0.8563362350424127,0.00040143900408451394,0.048255249168624954,0.1474837986445778
2022-01-25,0.8618322443887331,0.8628681756986188,0.857954745466904,0.8589906767767898,2736.0,-0.0032971238085420795,-0.0033025712985750165,0.8621103163562684,0.8625512246501128,0.8422463665684945,43.862021496066035,0.8615614961893234,0.8652133098063093,0.8579096825723376,0.008477197816146113,0.0040959062788787914,0.004768277921534555,0.8648405333749328,0.8563362350424127,-0.0050005590087939256,0.04933380126692511,-1.4079685779010933
2022-01-26,0.8589906767767898,0.8610858301512769,0.8575281957993397,0.8596233491738269,2120.0,0.0007365299928645541,0.0007362588877592199,0.8618734623388931,0.862436406003984,0.84241927186805,45.080951583694244,0.8615931419473417,0.8651611519147053,0.8580251319799781,0.008282354614149619,0.004027308753836556,0.004684969013123191,0.8648405333749328,0.8563362350424127,-0.004311914308687492,0.04940182191740641,-1.1041408468767875
2022-01-27,0.8596233491738269,0.8681030439312427,0.8587713153830725,0.8672510101404883,5820.0,0.008873259403658906,0.008834123376469372,0.8623856097485688,0.8626252140093371,0.8426663538409102,57.15861033779777,0.8617707070278262,0.8660605742670567,0.8574808397885957,0.009955936548425772,0.004262204244596827,0.004914614332828947,0.8681030439312427,0.8563362350424127,0.01027098246232483,0.05545107854321561,2.5549989344869264
2022-01-28,0.8672510101404883,0.8722329749605326,0.8662556543169,0.8712376191369443,3394.0,0.004596834076688205,0.0045863009020927804,0.8632286582617474,0.8629629553868904,0.8429506450378857,61.877483041383705,0.8622888028408005,0.8682864689034008,0.8562911367782001,0.013911037793465681,0.0043608360074688145,0.005005334838259965,0.8722329749605326,0.8563362350424127,0.009250057374249554,0.05593059389739965,2.9840995489715776
2022-01-31,0.8712376191369443,0.8721300858084894,0.8637003404234935,0.8645928070950386,8976.0,-0.007626865387755033,-0.007656098659251063,0.8633585771982514,0.8630268711401512,0.8431659899339768,51.66296693822425,0.8624533044916524,0.8685172090607968,0.856389399922508,0.014061989298582598,0.004613892196043222,0.005336491534720864,0.8722329749605326,0.8563362350424127,0.0017500166554984542,0.06311042084547143,0.7056518053641238
2022-02-01,0.8645928070950386,0.8655380744007265,0.8637207976017209,0.8646660649074088,9361.0,8.473099911210369e-05,8.472740964375649e-05,0.8634830998372188,0.8630911532486711,0.8433799210282399,51.75751893847656,0.8626264373245485,0.868737626836589,0.856515247812508,0.014168797170173563,0.004592501740880376,0.005311301006559284,0.8722329749605326,0.8563362350424127,0.004204408814190597,0.06310123305394919,0.6675059180677657
2022-02-02,0.8646660649074088,0.8691360059277831,0.8644054792929914,0.8688754203133656,9712.0,0.004868186201348879,0.004856374900467229,0.8639966541682804,0.8633179872512082,0.843633607588291,56.96640323531987,0.862929871700494,0.86965096748326,0.8562087759177279,0.01557738584138107,0.004548862494055538,0.005235344892614134,0.8722329749605326,0.8563362350424127,0.006192212996999569,0.06501943872571447,1.7692200215676255
2022-02-03,0.8688754203133656,0.8705016579693364,0.8601095940582161,0.8617358317141869,5710.0,-0.008217045196886597,-0.008250991197882645,0.8637813377440811,0.863255941936031,0.8438137292213845,47.58211943329175,0.8629736187903424,0.8696492481545178,0.856297989426167,0.015471224655819422,0.00480179612157648,0.0055722368095389805,0.8722329749605326,0.8563362350424127,-0.00015230862696991032,0.07133523574643981,-0.3708375671058268
2022-02-04,0.8617358317141869,0.8659505179475361,0.861321447663908,0.8655361338972571,4997.0,0.004410054732794988,0.004400358936963881,0.8639484611872407,0.863345361228628,0.8440298725514928,52.10487647515269,0.8633576868929485,0.8696671259982754,0.8570482477876215,0.014616048947298786,0.005064128664524936,0.005850857597039467,0.8722329749605326,0.8573723530119632,0.0024017997308145578,0.07163007423108657,0.690535867909228
2022-02-07,0.8655361338972571,0.8658358088060769,0.8623306730444679,0.8626303479532876,7458.0,-0.0033572092835518763,-0.0033628573553543205,0.8638229265935309,0.8633173214923402,0.8442149519087246,48.64848227152024,0.8634148837835023,0.8696734319459457,0.8571563356210589,0.014497197766659597,0.005001948881908207,0.005798484708746959,0.8722329749605326,0.8574177700409006,0.0009260544261959769,0.07138740085223315,-0.2507085700554421
2022-02-08,0.8626303479532876,0.8640757972268873,0.8580772233302513,0.859522672603851,2539.0,-0.0036025574069009636,-0.0036090622442350897,0.8634133785945137,0.8631685117320074,0.844367267537532,45.19548188882782,0.86322563252056,0.8697222108502022,0.8567290541909177,0.015051866128378666,0.00516033245972857,0.006003718836288264,0.8722329749605326,0.8574177700409006,0.0006193266602816383,0.07210313686569259,-1.1399723758623252
2022-02-09,0.859522672603851,0.8640444903665045,0.8583275666209208,0.8628493843835744,8857.0,0.0038704177164348152,0.0038629469203147926,0.8633596648601385,0.8631559969340297,0.8445511691976917,49.34072950972192,0.8632008005774983,0.8696992376963879,0.8567023634586086,0.01505660586631074,0.005321943082449003,0.006167870289727374,0.8722329749605326,0.8574177700409006,0.0037528473520966887,0.07354667032176151,-0.10815406458342951
2022-02-10,0.8628493843835744,0.8637558880156981,0.8609987091756279,0.8619052128077517,2712.0,-0.0010942484203048108,-0.0010948475472098047,0.863221145617054,0.8631069465761364,0.8447238462485381,48.22583368596573,0.8633743587640182,0.8695121653775034,0.8572365521505331,0.0142181813744663,0.005346543846562841,0.006203169173494011,0.8722329749605326,0.8574177700409006,-0.00616407161275101,0.07059692927222645,-0.4787201841904714
2022-02-11,0.8619052128077517,0.8628141360693183,0.861265668735865,0.8621745919974316,3099.0,0.00031253922783736066,0.00031249039762686466,0.8631214738437566,0.8630703836514813,0.8448974855097211,48.58280629680018,0.8633204641573761,0.869481661527538,0.8571592667872141,0.014273256863372184,0.005236076883310641,0.006073105067014361,0.8722329749605326,0.8575281957993397,-0.010402474526399086,0.06766394972800772,-0.3719641138242929
2022-02-14,0.8621745919974316,0.8696451379172334,0.8609068959461829,0.8683774418659846,6218.0,0.0071944243383263995,0.007168667928792115,0.8636220422268259,0.8632785035814617,0.8451311169162511,56.09028797508187,0.8635852163245474,0.870145481900211,0.8570249507488839,0.015193093748372234,0.005509277721834619,0.006344335373332806,0.8722329749605326,0.8575281957993397,0.004377360926309359,0.07237898963514508,1.4609852257246434
2022-02-15,0.8683774418659846,0.872475898100205,0.8670611955120411,0.8711596517462614,2061.0,0.003203917727639727,0.0031987961197946467,0.8643399098001054,0.8635875682153755,0.8453901073125697,58.983173629286725,0.8640909051100216,0.8713490845383545,0.8568327256816888,0.01679957371477874,0.005641925452993667,0.0064763392584634575,0.872475898100205,0.8575281957993397,0.007509936034725717,0.07234568620783192,1.9478015681581136
2022-02-16,0.8711596517462614,0.8771338440946864,0.8700829309138411,0.8760571232622661,4552.0,0.005621784142766151,0.00560604089017792,0.8654558348917398,0.8640765703740771,0.8456952517498801,63.53712418425802,0.864717347806101,0.8737233196230283,0.8557113759891737,0.02082986270548778,0.005479010069613314,0.0062541698756018865,0.8771338440946864,0.8575281957993397,0.008265515148662361,0.07412632690514963,2.5182791344852493
2022-02-17,0.8760571232622661,0.87653686439311,0.8697377453891629,0.8702174865200067,3418.0,-0.006665817316242717,-0.006688133100399799,0.8659093255230034,0.864317390615094,0.8459392540859013,55.60900807241616,0.865134867056649,0.8743561460542649,0.8559135880590331,0.021317552554524714,0.005537709952492912,0.006363593053775755,0.8771338440946864,0.8575281957993397,0.009842523072236542,0.07817912314402216,1.1023675706313185
2022-02-18,0.8702174865200067,0.871312520450734,0.8644541251552575,0.8655491590859848,6994.0,-0.005364552547306944,-0.005378993428387999,0.865875023957573,0.8643656952610114,0.846134377518738,50.21472539939737,0.865239211488522,0.8744279716526883,0.8560504513243558,0.021239814474793135,0.005425470660384386,0.006268240923616232,0.8771338440946864,0.8575281957993397,1.504869434976186e-05,0.08067347924445765,0.06746233265975259
2022-02-21,0.8655491590859848,0.8668915169574636,0.8625695687250575,0.8639119265965363,7109.0,-0.0018915534401043876,-0.0018933446864947045,0.865688062304141,0.8643479004114241,0.8463112685543379,48.44001872466641,0.8653431955989122,0.8744159569715783,0.856270434226246,0.02096916326102677,0.005604375762770135,0.006487207306940547,0.8771338440946864,0.8575281957993397,0.001485663756543465,0.08067473425662171,-0.3155090150806632
2022-02-22,0.8639119265965363,0.8640349181717442,0.8621136523442425,0.8622366439194504,2521.0,-0.0019391822540125725,-0.0019410649021787036,0.8653593557913133,0.8642651060391898,0.846469730000757,46.62421279594165,0.8655054939560453,0.8742083742743205,0.85680261363777,0.020110514327289157,0.005403714276535132,0.006267089568324984,0.8771338440946864,0.8575281957993397,0.0031575331310083055,0.08005059536627565,-0.7512110742763005
2022-02-23,0.8622366439194504,0.8624247319830858,0.858175475000452,0.8583635630640873,3519.0,-0.004491900086451062,-0.004502018983062835,0.8646930898172918,0.8640336729813427,0.8465880765984021,42.64425213857697,0.8654425046505582,0.8743406865380293,0.856544322763087,0.02056331146125992,0.004964942353071806,0.005784195143778619,0.8771338440946864,0.8580772233302513,-0.005198846288442027,0.08172037838716144,-1.5910984234741505
2022-02-24,0.8583635630640873,0.8588842076952102,0.8572024553147259,0.8577230999458488,3418.0,-0.0007461443446553639,-0.0007464228488917526,0.8640292812581067,0.8637861995289704,0.8466988728506155,42.005698008951704,0.8649661091408263,0.8744570827755472,0.8554751355061053,0.021945307531524842,0.004754419645704389,0.005543070538737446,0.8771338440946864,0.8572024553147259,-0.004852172605244065,0.07459537844391687,-1.5262942399250212
2022-02-25,0.8577230999458488,0.8613312910558648,0.8573416693356822,0.8609498604456982,3411.0,0.003762007225937003,0.0037549485743463605,0.8637360030854964,0.8636749705453127,0.8468406737222084,46.36338346831255,0.8644517212062638,0.8736212333272042,0.8552822090853234,0.021214630952773615,0.004789025785602498,0.005562490924992201,0.8771338440946864,0.8572024553147259,-0.0014205145490265858,0.07388815498222834,-0.7638052525321081
2022-02-28,0.8609498604456982,0.8616252641864964,0.8564067301858926,0.8570821339266909,4123.0,-0.004492394617504281,-0.00450251574564678,0.8631023012608483,0.8634164279328177,0.8469425787988699,42.26403170255529,0.8640761875478467,0.8738186629213688,0.8543337121743245,0.022550037864531844,0.004733308650171623,0.005522584665819762,0.8771338440946864,0.8564067301858926,-0.013007371443254256,0.07069385960633039,-1.4357857429466185
2022-03-01,0.8570821339266909,0.8582542831646667,0.854458673846928,0.8556308230849038,9748.0,-0.001693315942939977,-0.0016947512228650443,0.8623907319107583,0.8631111100956446,0.8470290289907708,40.80604379871502,0.8636244254567214,0.8740646777352882,0.8531841731781545,0.024177760542253235,0.004596071905325548,0.005371559533999493,0.8771338440946864,0.854458673846928,-0.017825468190853067,0.07080489479786338,-1.5313044471593777
2022-03-02,0.8556308230849038,0.8560986928046328,0.8513521828926957,0.8518200526124247,9087.0,-0.0044537554862034145,-0.004463703002025879,0.8613840005490123,0.8626683235276752,0.8470767008676032,37.179266793419075,0.8627716570716742,0.874150035590718,0.8513932785526305,0.026376338225256566,0.004738166981887472,0.005562403664196577,0.8771338440946864,0.8513521828926957,-0.027666084786329148,0.06911557640358322,-1.9249850830538175
2022-03-03,0.8518200526124247,0.853230455351538,0.8479724104740349,0.8493828132131482,2734.0,-0.0028612139286950944,-0.002865315025880297,0.8602410303265491,0.862147323123184,0.8470996472591013,35.034582409737,0.8621540061466224,0.875013808605406,0.8492942036878388,0.029831798883032952,0.005003136806462448,0.005890320275655185,0.8771338440946864,0.8479724104740349,-0.023941915244861667,0.06411293060995071,-1.986219146741413
2022-03-04,0.8493828132131482,0.8506216984369989,0.8483608462083215,0.8495997314321722,6349.0,0.00025538333911345745,0.000255350734339535,0.8592275732889894,0.8616552607039287,0.8471245237185347,35.39179991589505,0.861357186023368,0.8752666795317432,0.8474476925149927,0.032296691161517455,0.004540466110578646,0.0053442414617113545,0.8771338440946864,0.8479724104740349,-0.018426946045046355,0.06134537372888403,-1.6905654521663807
2022-03-07,0.8495997314321722,0.8499584720679527,0.8451649636551204,0.845523704290901,3537.0,-0.004797585251586911,-0.004809130605056132,0.8579224429082191,0.8610226506485159,0.8471085951670161,31.848079365042082,0.8605018538402487,0.876084893780725,0.8449188138997724,0.036218492431904156,0.004496095098054963,0.005317526966113406,0.8771338440946864,0.8451649636551204,-0.021284834413708653,0.062309330765890625,-1.9223655469742695
2022-03-08,0.845523704290901,0.8503426086716908,0.8439190446362673,0.8487379490170571,4976.0,0.0038014838730651146,0.0037942764932970973,0.8570477292042988,0.8605408976433607,0.8471248076431359,37.18903351015443,0.8599626176609089,0.876410705267801,0.8435145300540168,0.038253029304066155,0.004451284444810545,0.005244592220679751,0.8771338440946864,0.8439190446362673,-0.015655440994751246,0.06372437049126832,-1.3648600265417283
2022-03-09,0.8487379490170571,0.853273342255779,0.8471464266850571,0.851681819923779,3335.0,0.0034685274885273287,0.0034625260205586026,0.8565366902252016,0.8601934828308282,0.8471701510489135,41.69580037651721,0.8594042394379192,0.8761943712351072,0.8426141076407312,0.03907388636613979,0.004403269913865891,0.005170087949347047,0.8771338440946864,0.8439190446362673,-0.0077842809595233264,0.0633634160140646,-0.9198759851823837
2022-03-10,0.851681819923779,0.8519102197493379,0.8490109716062795,0.8492393714318384,8060.0,-0.002867794562245396,-0.002871914563835112,0.8558417074829766,0.8597639098347895,0.847190740306455,39.18375758468891,0.8587709473691236,0.876110370016523,0.8414315247217242,0.04038194980982848,0.004120473688693171,0.004851957913522016,0.8771338440946864,0.8439190446362673,-0.009890987562939713,0.06384165845925098,-1.0994109932160678
2022-03-11,0.8492393714318384,0.8505645452318701,0.8477712453597084,0.8490964191597401,8635.0,-0.00016832977474567912,-0.00016834394379228266,0.8551992990712398,0.8593455768671405,0.8472097022850946,39.03552452607014,0.858117038727239,0.8758968247858013,0.8403372526686766,0.041439070094525465,0.004011284520104289,0.004724180233940721,0.8771338440946864,0.8439190446362673,-0.013767864809016594,0.06376004881396667,-1.0147050743790893
2022-03-14,0.8490964191597401,0.8500237517705139,0.8442833889977978,0.8452107216085716,6463.0,-0.004576273628634331,-0.0045867768247125126,0.8542480059795572,0.8587912688177849,0.8471898119301045,35.143733596107936,0.8569587027143685,0.8749413614136057,0.8389760440151313,0.04196855377576107,0.004284077159048184,0.005068649804743246,0.8771338440946864,0.8439190446362673,-0.013850962291946045,0.05769388790703705,-1.306590010107369
2022-03-15,0.8452107216085716,0.8463524447195143,0.8423592201547869,0.8435009432657297,6033.0,-0.0020229018623757478,-0.0020249506918684325,0.8532244761972879,0.8581916482079004,0.8471531067692649,33.55831087973125,0.8555757672903417,0.8732108411592776,0.8379406934214058,0.04122387412814935,0.004265789129197728,0.005057242867663123,0.8771338440946864,0.8423592201547869,-0.01417653442572453,0.0551555568925018,-1.3694100874600559
2022-03-16,0.8435009432657297,0.8448939300235467,0.8402406921274646,0.8416336788852816,9172.0,-0.002213707519067687,-0.00221616139166401,0.8521205907390016,0.8575423160776017,0.8470981870888273,31.86749695482709,0.8538545950714926,0.8697017426131299,0.8380074475298553,0.037119077728475364,0.004478038094597577,0.005320649834888503,0.87653686439311,0.8402406921274646,-0.011958363384264925,0.048097854660175625,-1.5423490131711548
2022-03-17,0.8416336788852816,0.8463546057298492,0.8413787108171402,0.8460996376617078,2173.0,0.005306297607221788,0.005292268815486721,0.8515471666364022,0.8570935835907039,0.8470882512736322,39.69371397388084,0.8526487026285775,0.8668368297697336,0.8384605754874214,0.033280123683801885,0.004548486179778036,0.0053758280671863815,0.871312520450734,0.8402406921274646,-0.0038653661227502356,0.05135151602481458,-0.9231753989393771
2022-03-18,0.8460996376617078,0.8496141372692192,0.8450675524455071,0.8485820520530185,5597.0,0.00293395042476452,0.0029296547922811242,0.851264774771318,0.8567597980402064,0.8471031149629794,43.573643225648645,0.8518003472769292,0.8647122818212546,0.8388884127326038,0.030316809767929272,0.004500489810000056,0.005303541123821542,0.8668915169574636,0.8402406921274646,-0.001197833922849889,0.051301297711407325,-0.4984993089707215
2022-03-21,0.8485820520530185,0.8495857411503001,0.8453922194047364,0.846395908502018,6510.0,-0.002576231191446343,-0.002579555385511243,0.8508010732218609,0.8563533709994933,0.8470960780827709,41.06781172275361,0.8509245463722033,0.8627039915859086,0.8391451011584979,0.027686227325149648,0.004528912126273266,0.005350819965905433,0.8640349181717442,0.8402406921274646,0.0010315550074950774,0.051518978598603125,-0.7689051204069061
2022-03-22,0.846395908502018,0.8491688020076389,0.846040904134254,0.848813797639875,4778.0,0.0028566881214446838,0.0028526155421487688,0.8506118088807194,0.8560577014559788,0.8471131698196576,44.84570528988756,0.8502534040582246,0.8607822704890182,0.8397245376274309,0.02476641994148992,0.004413296980662388,0.005199369983067607,0.8624247319830858,0.8402406921274646,8.936636202694359e-05,0.05316863005001849,-0.27345895739340226
2022-03-23,0.848813797639875,0.8495331912168834,0.8446942774298812,0.8454136710068897,7458.0,-0.004005739117859952,-0.00401378358066622,0.8501167481308308,0.855640288497191,0.8470962593837097,40.87724399081859,0.8496059094553647,0.8596146870367654,0.8395971318739641,0.023560988618397654,0.004383359045626613,0.0051848688943083,0.8616252641864964,0.8402406921274646,-0.007359730794124886,0.05274464602056273,-0.8377123808336989
2022-03-24,0.8454136710068897,0.8477292283969403,0.8447740269681623,0.8470895843582129,6116.0,0.001982358943080742,0.0019803966624595435,0.8498284468191529,0.8553049667662507,0.8470961929655456,43.52978370043553,0.8490742336759828,0.8583719273803873,0.8397765399715783,0.021900779309133034,0.004432955417062377,0.00523316010362818,0.8616252641864964,0.8402406921274646,-0.0025314265281893844,0.053632171682628516,-0.426912174323338
2022-03-25,0.8470895843582129,0.850344292426817,0.8462420344972544,0.8494967425658585,8674.0,0.002841680799875901,0.002837650857726022,0.8497968559378868,0.8550771932681961,0.8471200790312204,47.19437201743154,0.8485015777819911,0.8559455873294745,0.8410575682345077,0.01754624797974385,0.004383580382543106,0.005160208583381664,0.8616252641864964,0.8402406921274646,0.0004714699026933111,0.052727131503646406,0.26737332280930537
2022-03-28,0.8494967425658585,0.8511885498471543,0.8453282187814297,0.8470200260627255,3466.0,-0.0029155103004305793,-0.002919768679499311,0.8495323959497763,0.8547612259268051,0.8471190834792952,44.02848215693904,0.8479984723887926,0.8542681961666513,0.8417287486109338,0.014787111019662704,0.004343349456136046,0.005127800196561589,0.8582542831646667,0.8402406921274646,0.00214065487800541,0.051491256116463685,-0.31211784146611965
2022-03-29,0.8470200260627255,0.8476084105644787,0.8457750176112464,0.8463634021129995,9459.0,-0.000775216558666525,-0.0007755171944048501,0.8492305870129404,0.8544318995027343,0.8471115642617201,43.201063829543784,0.8475351013401975,0.8527027383910708,0.8423674642893242,0.012194508623186894,0.0040366692691725025,0.004769427953872655,0.8560986928046328,0.8402406921274646,0.003393545520159691,0.05133211150152078,-0.4534758210234342
2022-03-30,0.8463634021129995,0.8480739458123436,0.8449671510747548,0.8466776947740989,3852.0,0.00037134481514056183,0.00037127588371905194,0.8489874544187651,0.8541278130427878,0.8471072471523906,43.74600174020762,0.8472779834482811,0.8520440563474909,0.8425119105490713,0.01125031687903113,0.004051494025924672,0.004785166836130774,0.853273342255779,0.8402406921274646,0.005993125055900661,0.04926790350556897,-0.2519007522027972
2022-03-31,0.8466776947740989,0.8472570015301755,0.845601425815111,0.8461807325711875,8992.0,-0.000586955586498572,-0.0005871279123638852,0.8487201475761387,0.8538161628282154,0.8470980281018314,43.042798085934535,0.8471178794161831,0.8518006446093727,0.8424351142229936,0.011055758134669103,0.003970228014703441,0.004691938568064043,0.853273342255779,0.8402406921274646,9.58455787829493e-05,0.048351549106730854,-0.4002536135523244
2022-04-01,0.8461807325711875,0.8506526395457938,0.8451948257903492,0.8496667327649555,8183.0,0.004119687508335801,0.004111224830183814,0.8488102985465023,0.8536534400806366,0.8471235873522108,49.21027263164755,0.8471212294828223,0.8518115603277223,0.8424308986379223,0.011073576441387277,0.003950045942041188,0.004648935623485091,0.853273342255779,0.8402406921274646,0.0012782272607732015,0.050706106219048,1.0854258969390296
2022-04-04,0.8496667327649555,0.8504974790896472,0.8478882172392217,0.8487189635639134,8869.0,-0.0011154599379898933,-0.0011160825264512433,0.8488015999767319,0.8534599311976279,0.847139461742377,47.69803825807485,0.8472809924464728,0.8519598676976959,0.8426021171952497,0.011044447575091126,0.0038511914624481986,0.004537652188512908,0.853273342255779,0.8402406921274646,0.002744643539223768,0.04767060500933544,0.6146652946409239
2022-04-05,0.8487189635639134,0.848889235143554,0.8426821800970016,0.8428524516766421,9134.0,-0.006912196073287635,-0.006936195959116683,0.8482350144243425,0.8530439516085697,0.8470968049258025,39.588526333223875,0.8469867175794523,0.8520075939263757,0.8419658412325289,0.011855856160937728,0.003962178401767499,0.0047009157936074636,0.853273342255779,0.8402406921274646,-0.007023149222842973,0.051896152429078767,-1.6468304005708074
2022-04-06,0.8428524516766421,0.8472603527880739,0.842062861393102,0.8464707625045338,6211.0,0.004292935045385304,0.004283746687031065,0.8480669904319798,0.8527861794868429,0.847090575647979,45.71847502557838,0.84672616470849,0.8512359940733797,0.8422163353436004,0.010652391653545461,0.003978006721929129,0.004699520524677097,0.8519102197493379,0.8402406921274646,0.0012503837279862484,0.05277425467233654,-0.11326468621834615
2022-04-07,0.8464707625045338,0.8464994758948589,0.8401971885198937,0.8402259019102187,8669.0,-0.00737752663286062,-0.0074048751752257185,0.8473202200965739,0.8522936195818772,0.847022270436658,38.464176719824216,0.8462754912324089,0.8514763664836162,0.8410746159812015,0.012291210852942186,0.004103414047018639,0.004883703344171725,0.8511885498471543,0.8401971885198937,-0.008102664198373244,0.057865063631643815,-2.326373554445751
2022-04-08,0.8402259019102187,0.8469431755468179,0.839675033586024,0.8463923072226232,2916.0,0.007338985025795219,0.00731218571513906,0.847231847441912,0.852062195567789,0.8470160021459712,47.34822121637283,0.846140285635553,0.8511701677432936,0.8411104035278124,0.011889002788615682,0.004323029776677938,0.005107595780098305,0.8511885498471543,0.839675033586024,-0.003654440550129201,0.06426457697866059,0.10020973918347674
2022-04-11,0.8463923072226232,0.847696298179747,0.84446389880969,0.8457678897668138,4795.0,-0.0007377399941858043,-0.0007380122582502768,0.8470924229014265,0.8518153600461821,0.8470035831173229,46.61433313110877,0.8461681440434651,0.8511824962694443,0.8411537918174858,0.01185190499377075,0.00433049416929738,0.0051201922202217184,0.8511885498471543,0.839675033586024,-0.0014782841696578952,0.06216966987323852,-0.15964346284951228
2022-04-12,0.8457678897668138,0.8496499983913987,0.8445647387712659,0.8484468473958507,6200.0,0.0031674856204053636,0.0031624797058170825,0.8472214157104193,0.851683261510875,0.8470179439559152,50.182028016093234,0.8464154392499713,0.8513633391716408,0.8414675393283019,0.011691421711432608,0.004348090300235276,0.005124764519522852,0.8511885498471543,0.839675033586024,0.0024616438726554613,0.0626135494697897,0.8211193346829077
2022-04-13,0.8484468473958507,0.8538607796906,0.8475734792011069,0.8529874114958562,7859.0,0.005351618800802704,0.0053373497745287804,0.8477705581661752,0.851734404647541,0.8470773416428798,55.598197923786046,0.8469831258805,0.8522179961010058,0.8417482556599941,0.01236121490629182,0.0045860973760006385,0.005376512377783102,0.8538607796906,0.839675033586024,0.007452324255974085,0.06432110433170803,2.293957772567702
2022-04-14,0.8529874114958562,0.8556650318456764,0.8522760852324635,0.8549537055822837,9014.0,0.0023051853520079657,0.002302532488367142,0.8484546674438997,0.8518606517430212,0.8471557134233715,57.74084381402591,0.8474258292765289,0.8537336895023263,0.8411179690507314,0.014887108718842407,0.004535146567689956,0.005304552209176287,0.8556650318456764,0.839675033586024,0.010367729579990215,0.0623076141391981,2.386824069109147
2022-04-15,0.8549537055822837,0.8561265163659163,0.8474830146911158,0.8486558254747484,6666.0,-0.007366340500560731,-0.007393605967071851,0.8484738253515997,0.8517349722815203,0.8471706399114449,49.50140016448203,0.8474295179476152,0.8537403106311111,0.8411187252641193,0.014893964748313119,0.004733944468338239,0.005578167646100836,0.8561265163659163,0.839675033586024,-0.0011897691779899633,0.06754009528579052,0.38863819131318095
2022-04-18,0.8486558254747484,0.8502475857218754,0.8478386283506267,0.8494303885977538,4228.0,0.0009126940507031556,0.000912277798742599,0.8485649266131382,0.8516445964507844,0.8471931249730003,50.43811984696982,0.847581241952402,0.8539331786947093,0.8412293052100948,0.014988384423599553,0.004775056212482269,0.005621480319729282,0.8561265163659163,0.839675033586024,0.000838233931822252,0.06689853937131474,0.5822308125442887
2022-04-19,0.8494303885977538,0.8505115022405086,0.8482529969532181,0.849334110595973,4514.0,-0.00011334419285347064,-0.00011335061679191277,0.8486381822305511,0.8515539891623605,0.8472144283125324,50.31318974465097,0.8476072576002069,0.8539846608908901,0.8412298543095238,0.015048014828799859,0.004714464108889538,0.0055507768380825126,0.8561265163659163,0.839675033586024,0.007690146604470538,0.0661533295589817,0.5415536440321486
2022-04-20,0.849334110595973,0.8493880227165458,0.8488048872355718,0.8488587993561446,1195.0,-0.0005596281061817088,-0.0005597847564369732,0.8486591933853695,0.8514482954444696,0.8472307902134639,49.659240594182464,0.8477795140176697,0.8540932356599077,0.8414657923754317,0.01489472566355593,0.004637861235025932,0.005463642761957263,0.8561265163659163,0.839675033586024,0.002821168736584667,0.06446833130086015,0.341885626143104
2022-04-21,0.8488587993561446,0.858770629002018,0.8483829264150616,0.858294756060935,5416.0,0.011116049821180418,0.011054720613186228,0.8495768660211377,0.8517167840960957,0.8473408794258767,60.60598371883061,0.8483397726028059,0.8561959287981055,0.8404836164075064,0.01852124926595378,0.004989996151562481,0.005813849049321484,0.858770629002018,0.839675033586024,0.0215047573630347,0.0750761835205485,2.5343140361912098
2022-04-22,0.858294756060935,0.8591317187097173,0.8545025020590385,0.8553394647078209,1875.0,-0.003443212640232285,-0.0034491541393590515,0.8501256849436789,0.851858850002438,0.8474204673391299,56.46464446215291,0.8486319087099039,0.8570813421166531,0.8401824753031547,0.019913070248782146,0.005134278637294852,0.00600262100504002,0.8591317187097173,0.839675033586024,0.010570934315975888,0.07597188811178422,1.5876936772018697
2022-04-25,0.8553394647078209,0.8568351423083157,0.8511695401837568,0.8526652177842516,2190.0,-0.003126532837442131,-0.0031314306526850117,0.8503675452142097,0.8518904722683914,0.8474726539107232,52.93939265369387,0.8489141682959802,0.8575127287653901,0.8403156078265703,0.020257785275676836,0.0050956034285810315,0.0059760892344389764,0.8591317187097173,0.839675033586024,0.008155107448379884,0.07609591607908932,0.872483132872322
2022-04-26,0.8526652177842516,0.8530191953133629,0.8509930468680833,0.8513470243971946,7707.0,-0.0015459682880961667,-0.001547164530130533,0.8504608289459226,0.8518691605871681,0.8475112048608374,51.24116901264186,0.8491633494101899,0.8577394846743599,0.8405872141460199,0.020199023592167038,0.004869078932174443,0.005719264639025487,0.8591317187097173,0.839675033586024,0.003418218843343368,0.07629506941327475,0.5092445302554355
2022-04-27,0.8513470243971946,0.8521848630220975,0.8494975778936057,0.8503354165185086,7873.0,-0.0011882438649529758,-0.0011889503864296032,0.8504488849052165,0.8518090137609462,0.8475393064693715,49.91777577347861,0.8493462354974104,0.8578549217371226,0.8408375492576982,0.02003584847757456,0.004610864485997774,0.005422406730835505,0.8591317187097173,0.839675033586024,-0.003109066958792317,0.07647758930686435,0.2325108702402214
2022-04-28,0.8503354165185086,0.8513656384247662,0.8489148663588711,0.8499450882651287,7303.0,-0.0004590285736633115,-0.00045913395953034794,0.8504009042728272,0.8517359186434632,0.8475632445966925,49.3877565159647,0.8495344532821075,0.8579138637552767,0.8411550428089384,0.019727064489959114,0.004266766636362147,0.005020049760004246,0.8591317187097173,0.839675033586024,-0.00585834915323713,0.07646088679506467,0.09801047086451621
2022-04-29,0.8499450882651287,0.8563482275454481,0.8487195572739763,0.8551226965542957,5103.0,0.00609169740569393,0.006073218026270678,0.8508505987758241,0.8518687334634959,0.8476384630241315,56.05344676232637,0.8498072514715744,0.8585520731860324,0.8410624297571164,0.020580718037684374,0.004580785986463205,0.00535687569154861,0.8591317187097173,0.839675033586024,0.007620133964118647,0.07809341286349292,1.215678319418032
2022-05-02,0.8551226965542957,0.858536607545179,0.8545658753590613,0.8579797863499445,4138.0,0.003341146021689445,0.0033355767949390666,0.8515295690209784,0.8521083825962978,0.8477413617636919,59.2432811501232,0.8502702926108763,0.8597244409202957,0.8408161443014569,0.02223798336030079,0.004501176884033564,0.005246250501055124,0.8591317187097173,0.839675033586024,0.01006485977774374,0.07859878990610206,1.6309229529194302
2022-05-03,0.8579797863499445,0.858778795139088,0.8554762277287165,0.8562752365178599,2760.0,-0.001986701620717901,-0.0019886777301097117,0.8519815373540147,0.8522717886324376,0.8478262759403503,56.60356286454827,0.8509414318529369,0.8600788137280361,0.8418040499778378,0.02147593602347551,0.004287981664096306,0.005007714203594009,0.8591317187097173,0.839675033586024,0.008172432774443017,0.07421524119545993,1.1674689178655047
2022-05-04,0.8562752365178599,0.8578940690169282,0.8552695245965003,0.8568883570955687,1040.0,0.0007160321256072244,0.0007157758969094642,0.852448853519877,0.8524528305329525,0.8479164459020938,57.339874193251,0.8514623115824888,0.8607136389107516,0.8422109842542259,0.021730444677154872,0.004233381507468802,0.004940411982977443,0.8591317187097173,0.839675033586024,0.009459238386307023,0.07305995283050401,1.173030705875758
2022-05-05,0.8568883570955687,0.8570635282297842,0.8555704841956594,0.8557456553298749,7799.0,-0.0013335480126803745,-0.0013344379791280837,0.8527628346446386,0.8525819609171456,0.8479943484834648,55.45148175586352,0.8522382992534716,0.860005782302622,0.8444708162043212,0.018228429902656208,0.0037226345331348165,0.004350164689646956,0.8591317187097173,0.839675033586024,-0.0029699595774753673,0.06719775064782757,0.9030868955129313
2022-05-06,0.8557456553298749,0.8619640021264874,0.8552917040996902,0.8615100508963027,5907.0,0.006736108480978276,0.0067135222742709605,0.8535959028590829,0.8529320820927988,0.8481288330845876,62.2121979975036,0.8529941864371556,0.8612906405101085,0.8446977323642028,0.019452545409731504,0.004027158865673992,0.004674534976677513,0.8619640021264874,0.84446389880969,0.007214195583258531,0.06646449227173876,2.052892569347057
2022-05-09,0.8615100508963027,0.861915176212636,0.8566030251707173,0.8570081504870506,3364.0,-0.005225592440353366,-0.0052392936004923415,0.8539208788236513,0.8530919279121812,0.8482171845015276,55.17027337301266,0.8535561994731674,0.8612956858446746,0.8458167131016602,0.01813468492475177,0.004245276419576005,0.0049536009863655915,0.8619640021264874,0.8445647387712659,0.0050933620982975825,0.06975343700177197,0.8920362019349157
2022-05-10,0.8570081504870506,0.8576170413322316,0.8546296480274351,0.8552385388726161,8824.0,-0.002064871394080403,-0.002067006180229579,0.8540463702568861,0.8531761087341592,0.8482870487241255,52.6475992148713,0.8538957840470056,0.8612791475324187,0.8465124205615925,0.017293359736289992,0.004417009121277611,0.005164651638711412,0.8619640021264874,0.8474830146911158,0.004571008488785111,0.06974087805718576,0.36372442675031064
2022-05-11,0.8552385388726161,0.8568154944380355,0.8534392685126267,0.8550162240780461,4795.0,-0.00025994478085966666,-0.0002599785723602911,0.8541387372874728,0.8532482701201939,0.8483540056928213,52.323907724745105,0.853997224676115,0.8613837872816493,0.8466106620705808,0.01729879768247651,0.003916189359738499,0.004580251519743125,0.8619640021264874,0.8474830146911158,0.0055046602418395985,0.06726561665196261,0.2759062520278632
2022-05-12,0.8550162240780461,0.8555154292760951,0.8488968485031073,0.8493960537011563,9546.0,-0.006573173956961997,-0.006594872402267579,0.853687053136395,0.8530972028096434,0.8483643743297201,44.82143734354265,0.8537193420820588,0.8613679092370558,0.8460707749270618,0.017918223889231692,0.004058286797046292,0.004777849837378833,0.8619640021264874,0.8474830146911158,-0.0006459647470792307,0.07074564904294468,-1.13048321163735
2022-05-13,0.8493960537011563,0.8512103722209501,0.8485625187598106,0.8503768372796043,7978.0,0.0011546834650035809,0.0011540173307848717,0.8533717944833674,0.8529905218084654,0.8483843988366842,46.269324794997914,0.8538053926723016,0.8612501053362512,0.846360680008352,0.017438898202899938,0.0038427333210877624,0.004518859348733965,0.8619640021264874,0.8478386283506267,-0.005549916162691959,0.06577497850741862,-0.9210712481355378
2022-05-16,0.8503768372796043,0.851341684726991,0.846625677807665,0.8475905252550516,7191.0,-0.0032765615223789846,-0.0032819412045379187,0.8528211974140041,0.8527787572377433,0.848376499597066,42.83087553603822,0.8537133995051664,0.8614263750124714,0.8460004239978615,0.01806923848630142,0.004034866069233938,0.004760395437431054,0.8619640021264874,0.846625677807665,-0.012108981190677381,0.06676985131452749,-1.5876814970605877
2022-05-17,0.8475905252550516,0.854969810830618,0.8471442387638893,0.8545235243394557,6861.0,0.008179656187541573,0.008146384112819252,0.8529833237878567,0.8528471794770262,0.8484376640223634,52.324659382662404,0.8539728701923405,0.8614097496770685,0.8465359907076124,0.017417132895692654,0.004401886564822282,0.005151276049685031,0.8619640021264874,0.846625677807665,-0.0020457349502803757,0.07295090892331324,0.14808741979643011
2022-05-18,0.8545235243394557,0.8548723745177151,0.8497582708326286,0.850107121010888,9221.0,-0.005168264187906946,-0.005181665860797959,0.8527093997138597,0.8527397262038442,0.8484542755346871,46.97333295191398,0.8540352862750777,0.8613106443831435,0.846759928167012,0.017037605412763834,0.004592124537621677,0.005401818693344249,0.8619640021264874,0.846625677807665,-0.007913791835923223,0.07547403451469886,-1.0798548211213959
2022-05-19,0.850107121010888,0.8555210142051608,0.8491197111654912,0.854533604359764,8661.0,0.005206971262177396,0.005193461862393537,0.85288313348966,0.8528100743668214,0.8485147663687675,52.24500765215656,0.8538472286900192,0.8608482721318554,0.8468461852481829,0.016398819851128038,0.004504455449635799,0.005271244368453643,0.8619640021264874,0.846625677807665,-0.0014163682427854596,0.06638588213067194,0.19607810619863936
2022-05-20,0.854533604359764,0.8617804042616148,0.8532532963776807,0.8605000962795315,9077.0,0.006982161835797918,0.0069578994144808125,0.8536085585172669,0.8531116438535944,0.848634023382805,58.26746756072905,0.8541052602686046,0.8616936401244463,0.8465168804127629,0.017769191243372666,0.004829910856622687,0.005612911465676003,0.8619640021264874,0.846625677807665,-0.0011723074103667797,0.06987686013847975,1.6854285453314715
2022-05-23,0.8605000962795315,0.8613514884714321,0.855432543163215,0.8562839353551156,3148.0,-0.004899663512700325,-0.00491170621687151,0.8538633563113478,0.8532360474418894,0.8487101419098928,53.16517678013912,0.8542861961471481,0.8619025195301893,0.8466698727641069,0.01783084736096872,0.005016794992183081,0.005858798448790856,0.8619640021264874,0.846625677807665,-0.0008450504601659192,0.0713023560417968,0.5245941138517747
2022-05-24,0.8562839353551156,0.8569501208087746,0.8495714615043544,0.8502376469580134,7198.0,-0.007061078863513481,-0.007086126258267118,0.8535180506586493,0.8531184631091884,0.848725340965098,46.83178779311755,0.8542307272751888,0.8619526073019634,0.8465088472484141,0.01807914367914575,0.0053563746267539635,0.006299855864907935,0.8619640021264874,0.846625677807665,-0.005847365018413431,0.07566916965368924,-1.034224904642366
2022-05-25,0.8502376469580134,0.8532133164117688,0.8494042871282128,0.8523799565819682,8792.0,0.0025196598052550367,0.0025164907846076637,0.8534096607465844,0.8530895020689052,0.8487617052995943,49.14349829935141,0.8543329542783619,0.861890079839074,0.8467758287176498,0.01769128891228465,0.005521802144570479,0.006478099469528623,0.8619640021264874,0.846625677807665,-0.003083295289420529,0.07607584712318996,-0.516862577101247
2022-05-26,0.8523799565819682,0.8527873581214627,0.8475880263558881,0.8479954278953826,3112.0,-0.005143866479647707,-0.005157141704384776,0.8528940195226605,0.8528897344542573,0.8487540806488062,44.845866814091465,0.8542354712598744,0.8620759064081601,0.8463950361115887,0.018356613397760648,0.005416590268768863,0.006387522963669927,0.8619640021264874,0.846625677807665,-0.0016489666977738127,0.0783415432779585,-1.5917594486719675
2022-05-27,0.8479954278953826,0.8489238223283,0.8458711687376816,0.846799563170599,2321.0,-0.0014102254392475144,-0.0014112207429874165,0.8523135951081785,0.8526509042078394,0.8487346327136996,43.72277655527031,0.8538193145906897,0.862317436286152,0.8453211928952274,0.019906135994443182,0.005255197593675979,0.0062059521783400465,0.8619640021264874,0.8458711687376816,-0.004206692788633837,0.0749247950270473,-1.6520712862558917
2022-05-30,0.846799563170599,0.8480927562386678,0.845774882003843,0.8470680750719117,1849.0,0.0003170902690448063,0.0003170400065503294,0.8518140217713912,0.8524319697319207,0.8487180500505973,44.06151857887505,0.853273729026788,0.8620439211425054,0.8445035369110706,0.02055657362314516,0.0052073748029637145,0.006147528110443349,0.8619640021264874,0.845774882003843,-0.0006163945532339232,0.07363804580402938,-1.415169445092288
2022-05-31,0.8470680750719117,0.8482091761582583,0.8414710822028033,0.8426121832891499,7091.0,-0.005260370345539944,-0.005274254806635747,0.850937656201654,0.8520468800674984,0.8486572951574487,39.782143321845375,0.8525905763653524,0.8624386629058309,0.8427424898248739,0.02310156085107472,0.005447508233681302,0.00646502429197839,0.8619640021264874,0.8414710822028033,-0.01393916107752935,0.07533556326851379,-2.0264633206031295
2022-06-01,0.8426121832891499,0.8439195486965412,0.8402488391729638,0.8415562045803551,9277.0,-0.0012532203185964264,-0.001254006255883571,0.8500441846186731,0.851635481028787,0.8485866375397662,38.81990945418162,0.8518239687395919,0.8626061229708217,0.841041814508362,0.025315451611871775,0.005236946001580557,0.006222930771679092,0.8619640021264874,0.8402488391729638,-0.010058634046453796,0.07513633920040903,-1.9045849167129958
2022-06-02,0.8415562045803551,0.8428217508434943,0.837626325933597,0.8388918721967362,6927.0,-0.0031659589331261007,-0.003170981184070754,0.8489820596261077,0.8511357316628242,0.8484901722129699,36.425926814758746,0.8509812795829349,0.8630326392515849,0.8389299199142849,0.02832344249583579,0.005418915390777546,0.00645961126859828,0.8619640021264874,0.837626325933597,-0.018304408490461777,0.07555960360913852,-2.0063142613936926
2022-06-03,0.8388918721967362,0.8403149612685901,0.8375027293585764,0.8389258184304302,7156.0,4.0465565133152026e-05,4.0464746424257524e-05,0.8480243223693766,0.8506569115360636,0.8483950045136411,36.479675403292845,0.8498520679596412,0.8619815819628074,0.837722553956475,0.028545000854765745,0.005282931461540947,0.006297256974907426,0.861915176212636,0.8375027293585764,-0.025071790162929708,0.07002198478767135,-1.801597248885461
2022-06-06,0.8389258184304302,0.8425504692916661,0.8380656131615011,0.841690264022737,6593.0,0.0032952205446230565,0.003289803203032135,0.8474210787173158,0.8503052783002468,0.8483282906779108,40.864351565353324,0.8490861736364256,0.8612475267151918,0.8369248205576594,0.02864574517020373,0.005044308894643547,0.005993070266174877,0.8617804042616148,0.8375027293585764,-0.017043028287487827,0.07024741358107008,-1.2162971613087916
2022-06-07,0.841690264022737,0.8417724814547478,0.8415050752134666,0.8415872926454775,1147.0,-0.00012233880046008672,-0.0001223462844615311,0.8468654800438074,0.8499633965098637,0.848261216070623,40.751511923582584,0.8484036113250687,0.8606431650518377,0.8361640575982997,0.028853139150722844,0.004698116220086019,0.00558244671841204,0.8617804042616148,0.8375027293585764,-0.010174042920217952,0.0701556248937397,-1.1138181720928808
2022-06-08,0.8415872926454775,0.8492925231388324,0.8408448540852682,0.8485500845786231,3861.0,0.008273404308730248,0.008239367305032164,0.8470259185709327,0.8499079725125602,0.8482640903841355,50.670652344059945,0.8480803043500975,0.8599194540998546,0.8362411546003404,0.027919879023318866,0.004844285221078493,0.005708897222588917,0.8617804042616148,0.8375027293585764,-0.004493151174861931,0.07720375142793148,0.07936046734019167
2022-06-09,0.8485500845786231,0.8500465370552219,0.843821956410779,0.8453184088873777,1940.0,-0.0038084678205532185,-0.003815738500093342,0.8468632986010703,0.8497279896252982,0.8482347801204863,46.75791296162634,0.8478764221094085,0.8597605245210329,0.8359923196977841,0.02803262858060913,0.004679818989686264,0.005536161215092808,0.8617804042616148,0.8375027293585764,-0.0031568790584742823,0.0748443497039352,-0.43049329826182614
2022-06-10,0.8453184088873777,0.8480148001131805,0.8440362431742141,0.8467326344000169,5516.0,0.0016730092445289557,0.00167161132350217,0.8468508543914461,0.8496105247145028,0.8482198333968995,48.62743776991223,0.8476942119654293,0.8595285388574286,0.8358598850734299,0.027921216695725174,0.004541219820454079,0.0053632275832523274,0.8617804042616148,0.8375027293585764,-7.903732298997213e-05,0.07499400438447586,-0.16250650741487516
2022-06-13,0.8467326344000169,0.8472731967012448,0.840379918762392,0.8409204810636199,5944.0,-0.006864213212374182,-0.006887880289977408,0.8462860569316532,0.849269738688978,0.8481472030254242,42.086734190803405,0.8473607097558578,0.8595771081105048,0.8351443114012107,0.028833997644679206,0.004506549722913541,0.0053590676222007695,0.8617804042616148,0.8375027293585764,-0.007257496993697821,0.07796585204571597,-1.0543580039346052
2022-06-14,0.8409204810636199,0.8428533486331563,0.8404555045944531,0.8423883721639894,3462.0,0.001745576583546793,0.0017440548353702397,0.8459148488585424,0.8489998811781942,0.8480899012258081,44.13062799901993,0.8467539521470844,0.8586742751651351,0.8348336291290337,0.028155340728731732,0.004405750776852632,0.0052300707398593525,0.8617804042616148,0.8375027293585764,-0.00026561581899609,0.07168532749760528,-0.7324600141261703
2022-06-15,0.8423883721639894,0.8439119146035268,0.841307329690656,0.8428308721301934,1647.0,0.0005252921108909181,0.0005251541932859423,0.8456211367891758,0.8487579592547432,0.8480375725780906,44.7634922626303,0.8463901397030495,0.8583236979103266,0.8344565814957725,0.02819871746488883,0.004220411715945219,0.005007424212260328,0.8617804042616148,0.8375027293585764,0.00151465528137118,0.06980819080548602,-0.5965140507188796
2022-06-16,0.8428308721301934,0.8472677425283874,0.8423797350520928,0.8468166054502869,8089.0,0.00472898353855955,0.004717837023216949,0.8457349909473769,0.8486818277329998,0.8480254236514458,50.23197525924548,0.8460042897575757,0.8573118080517363,0.834696771463415,0.026731586189476297,0.00435150842206495,0.0051386668542607004,0.8617804042616148,0.8375027293585764,0.009446668296831717,0.06931601380933818,0.14367709546500895
2022-06-17,0.8468166054502869,0.850450214048358,0.8466351815825511,0.8502687901806222,4483.0,0.004076661591324804,0.004068374521211914,0.8461667813505431,0.8487440615544752,0.8480477457064626,54.43925991563599,0.8454927244526305,0.8547851484554905,0.8362003004497705,0.02198108566546424,0.004458448295706526,0.00524357514611282,0.8613514884714321,0.8375027293585764,0.013520828064886414,0.065868766827456,1.0279482999315939
2022-06-20,0.8502687901806222,0.8511251315925061,0.8495364558705898,0.8503927972824737,1844.0,0.00014584458853916793,0.0001458339542511212,0.846569259058346,0.848808717857534,0.8480710795529901,54.587771905371284,0.845198167548998,0.8533543229757289,0.8370420121222671,0.019299983695854478,0.004090632707596623,0.004810286165015393,0.8569501208087746,0.8375027293585764,0.010339353598013856,0.06389534205349176,1.2737937083569766
2022-06-21,0.8503927972824737,0.8524058055289213,0.8497574850220065,0.8517704932684541,8163.0,0.0016200701492097291,0.0016187592512057183,0.8470646146974039,0.8489248659128642,0.8481078896397112,56.29236064868088,0.8452748098645204,0.8536560579897213,0.8368935617393195,0.01983082431273268,0.004017604920692149,0.0047167693086850255,0.8532133164117688,0.8375027293585764,0.012099993324478975,0.05902427530991413,1.5500515691457257
2022-06-22,0.8517704932684541,0.8523671327329259,0.8499553603957386,0.8505519998602104,9550.0,-0.0014305419333887626,-0.00143156613539283,0.8473967466176712,0.8489886750872699,0.8481322091443928,54.349261647907404,0.8451834120284323,0.8532732213909925,0.8370936026658721,0.019143322614779534,0.0038187725940700018,0.004489757939194339,0.8527873581214627,0.8375027293585764,0.002359218763829718,0.058537007672449654,1.3272470564322525
2022-06-23,0.8505519998602104,0.8512507085500771,0.8500678313396702,0.850766540029537,2870.0,0.00025223639396765307,0.0002522045877167824,0.8477176793235631,0.8490583952810844,0.8481584213920063,54.64610693428059,0.84532196763514,0.8537042014242157,0.8369397338460643,0.019832050059045942,0.0037023901155266597,0.004351828546757515,0.8524058055289213,0.8375027293585764,0.006445063877563273,0.05542220091659326,1.2990743354099115
2022-06-24,0.850766540029537,0.856037187231988,0.8497528135788858,0.8550234607813367,9728.0,0.005003629728611569,0.004991153174777277,0.8484134680338273,0.8492923194183493,0.8482267302416514,60.17915510212308,0.8457331625156771,0.8551620968390483,0.8363042281923059,0.022297657798647424,0.003830927081450743,0.004480493526984592,0.856037187231988,0.8375027293585764,0.009791551718323133,0.05763057282757299,1.9705934832173049
2022-06-27,0.8550234607813367,0.8562827704397425,0.8501681386908786,0.8514274483492844,3573.0,-0.004205747089987666,-0.004214616120280755,0.8487005137781566,0.8493760499646604,0.8482585781830209,54.16743873230557,0.8459511311795456,0.85570591952716,0.8361963428319311,0.023062297544334354,0.004248586046278083,0.004989956636369995,0.8562827704397425,0.8375027293585764,0.012494602667275867,0.05999773504468443,1.122795692656541
2022-06-28,0.8514274483492844,0.8595656128192746,0.8502530854982083,0.8583912499681985,5023.0,0.008178972421449604,0.008145705894091426,0.8496234410343511,0.8497295872197012,0.8483594007878485,62.06965752478361,0.846740084513498,0.8578201713439102,0.8356599976830859,0.026171164051547964,0.004310361636813943,0.005021441722493831,0.8595656128192746,0.8375027293585764,0.018997030743788335,0.06250006549286245,2.1030819763471134
2022-06-29,0.8583912499681985,0.8590316521478001,0.8561308314022004,0.856771233581802,4483.0,-0.001887270386850437,-0.0018890535254699845,0.8503041831817274,0.8500057302142934,0.8484431006166442,59.49957830463636,0.8475008359635703,0.8591566547037943,0.8358450172233463,0.02750632977717808,0.004072950215467996,0.004753836328561938,0.8595656128192746,0.8375027293585764,0.016539927419098044,0.06283418498893337,1.590690079323164
2022-06-30,0.856771233581802,0.8594416384807083,0.8562252178309374,0.8588956227298438,9816.0,0.00247952903269244,0.0024764600725840696,0.8511224155196433,0.8503543534501974,0.8485471058118005,61.736988728091035,0.8485010234902257,0.8604750781738383,0.8365269688066131,0.028224019422766203,0.004018511909096888,0.004678696459442624,0.8595656128192746,0.8375027293585764,0.014264029781435372,0.06115768342704073,1.7361870334271845
2022-07-01,0.8588956227298438,0.8609076683706152,0.8582126021407696,0.860224647781541,1722.0,0.0015473650307742393,0.0015461690950454741,0.8519892947826812,0.8507414238161324,0.8486633002592606,63.11001353594955,0.8495659649577814,0.8617411964108029,0.8373907335047598,0.02866223920264182,0.003718639644167806,0.004322870373172772,0.8609076683706152,0.8380656131615011,0.011709070961905876,0.06101707256240743,1.7508797044041997
2022-07-04,0.860224647781541,0.8644510747895938,0.8598745388416261,0.864100965849679,3309.0,0.004506169496694579,0.004496047112323002,0.8531427872652524,0.8512653274252912,0.8488169088721006,66.84677937277486,0.8506865000491285,0.8638913623699395,0.8374816377283175,0.031045190725486702,0.003874260494829553,0.00448357385067838,0.8644510747895938,0.840379918762392,0.016119807941707975,0.06170001152882551,2.0317464089586474
2022-07-05,0.864100965849679,0.8653998607471902,0.8632709169157119,0.8645698118132231,7483.0,0.0005425823857090339,0.0005424352411093658,0.8542310753174401,0.8517870719110925,0.8489736541749974,67.27851300202053,0.8518356260075157,0.8656904432061014,0.83798080880893,0.03252932085858424,0.0038402861318729514,0.004441846198421956,0.8653998607471902,0.840379918762392,0.015026722158048456,0.06153851345641925,1.838232236944607
2022-07-06,0.8645698118132231,0.8652349989903888,0.8632771501121945,0.8639423372893602,3088.0,-0.0007257650166467844,-0.0007260285115744592,0.8551559574100039,0.8522637489847501,0.8491225962955383,66.03902757709758,0.8526052386430525,0.8673716472612998,0.8378388300248052,0.03463832486356403,0.0036309890891515007,0.004202814160657777,0.8653998607471902,0.840379918762392,0.015743114390831536,0.05617750024603409,1.5355255213915844
2022-07-07,0.8639423372893602,0.8696164516660319,0.8635692922345402,0.8692434066112118,8339.0,0.006135906406073088,0.006117158384014033,0.8564976192386904,0.852929617911278,0.849322803363356,70.9142782845169,0.8538014885292442,0.8698987774881715,0.8377041995703169,0.03770733402364149,0.0037904267295575628,0.004360604521965519,0.8696164516660319,0.840379918762392,0.021717904633430152,0.056200771786493235,1.918573757527516
2022-07-08,0.8692434066112118,0.8739949260085095,0.8686051019556459,0.8733566213529436,6524.0,0.0047319481637109195,0.0047207876903382654,0.8581032384876669,0.8537306768697747,0.8495619458309142,74.0295689791274,0.8551326878768905,0.8730672212701894,0.8371981544835915,0.04194561533561896,0.004061937324625223,0.004650949251787604,0.8739949260085095,0.840379918762392,0.02144170471632867,0.057431550551285314,2.032272942530219
2022-07-11,0.8733566213529436,0.8766292760086484,0.8726574586855382,0.875930113341243,7643.0,0.0029466679766081416,0.002942335060216439,0.8598010360927694,0.8546012430059108,0.8498243156568877,75.77764838972286,0.8568831694907717,0.8757850654357728,0.8379812735457706,0.04411779019124427,0.004156472811496321,0.004745210546126128,0.8766292760086484,0.8404555045944531,0.02877833576949329,0.048166488188705774,2.0153474451337843
2022-07-12,0.875930113341243,0.8767408796684987,0.8736692428088944,0.87448000913615,5799.0,-0.0016555021719274476,-0.0016568740299330788,0.8611990335254723,0.8553808024619985,0.8500696459402634,72.80394276435527,0.8584877513393797,0.8776553989274235,0.8393201037513359,0.044654446282172716,0.004203605991668968,0.004806977801381047,0.8767408796684987,0.841307329690656,0.01874292074685946,0.04992849019438382,1.668671935177454
2022-07-13,0.87448000913615,0.8752061723034814,0.8738813528738791,0.8746075160412106,5775.0,0.00014580882779302584,0.00014579819871909065,0.8624760318603045,0.8561347912298108,0.8503138038517156,72.90462923658109,0.8600765835349305,0.8790467267485581,0.841106440321303,0.04411268386277863,0.004213744721611496,0.0048178693234702885,0.8767408796684987,0.8423797350520928,0.020818022081393384,0.050082569389563826,1.5319792099240956
2022-07-14,0.8746075160412106,0.8761782372121971,0.8698472205288166,0.8714179416998031,7338.0,-0.003646863630722752,-0.0036535296495359172,0.8633276423212092,0.8567341304639282,0.8505237952730896,66.29288831826716,0.8613066503474064,0.8798419832255775,0.8427713174692353,0.043040031957711965,0.004217076366631378,0.004839326992057881,0.8767408796684987,0.8466351815825511,0.014579558491821576,0.05247941360562097,1.0910288386894536
2022-07-15,0.8714179416998031,0.8736415765897332,0.8710670253564753,0.8732906602464053,7517.0,0.002149047497173706,0.0021467415976685594,0.8642765011712278,0.8573834061416724,0.8507503312429734,68.12094885793412,0.8624577438506955,0.8809662624836098,0.8439492252177813,0.04292040686023072,0.003964213472659517,0.004539397537517446,0.8767408796684987,0.8495364558705898,0.015189070086006895,0.05163322196206633,1.1705870805290002
2022-07-18,0.8732906602464053,0.8742347344838027,0.8689775739034639,0.8699216481408613,2542.0,-0.003857835951885158,-0.0038652965951408943,0.8648141342159548,0.8578751019063464,0.8509410906150917,61.643944379678764,0.863434186393615,0.881312506844548,0.8455558659426821,0.04141212088348502,0.003674544419750419,0.004223994686881756,0.8767408796684987,0.8497528135788858,0.006736113627021201,0.054726269303202846,0.7257350336740053
2022-07-19,0.8699216481408613,0.8733243005858018,0.868565901988819,0.8719685544337595,2338.0,0.002352977762161368,0.002350213844761803,0.8654955075700314,0.8584277863191863,0.8511503191107999,63.89039228648158,0.8644440894518801,0.881823198156417,0.8470649807473433,0.040208751304104486,0.003807228551992067,0.004366245242025283,0.8767408796684987,0.8497528135788858,0.008557715663260801,0.05487291075995519,0.8659206993641911
2022-07-20,0.8719685544337595,0.8744446546707565,0.87135651634958,0.873832616586577,1217.0,0.0021377630458565555,0.0021354812817717416,0.8662895179525595,0.8590318973100644,0.8513760136130465,65.85184040758732,0.8656081202881986,0.8821687818231511,0.849047458753246,0.03826364643954296,0.003798065528521038,0.0043464451388382525,0.8767408796684987,0.8497528135788858,0.011447846540600937,0.0540790628960518,0.993256975999418
2022-07-21,0.873832616586577,0.8743486441077966,0.8681940132902977,0.8687100408115173,1166.0,-0.00586219337413818,-0.005879443478384266,0.8665200439391268,0.859411432349337,0.8515484914956184,56.731862558803385,0.8665052953272976,0.8815558390845702,0.8514547515700249,0.0347384922825838,0.004045177284781987,0.004656533359512145,0.8767408796684987,0.8497528135788858,-0.0006135977513753721,0.05978903830082971,0.2929788477780809
2022-07-22,0.8687100408115173,0.8694592040298351,0.8626332231600441,0.863382386378362,6241.0,-0.006132833952487093,-0.006151717022707362,0.8662212194095302,0.8595671560367497,0.8516662416934566,49.11353866986931,0.8669232416071487,0.881068287784865,0.8527781954294325,0.032632753394622196,0.004205851922055082,0.0048713663706963116,0.8767408796684987,0.8501681386908786,-0.011420575204582728,0.06300560438314455,-0.5006495113978415
2022-07-25,0.863382386378362,0.8641602967435486,0.858677926801733,0.8594558371669196,4032.0,-0.004547868098066066,-0.0045582411121997,0.8655768972911864,0.8595627905908741,0.8517437501061279,44.383018421676674,0.8673246610480305,0.8799971413273338,0.8546521807687273,0.029221999208440493,0.004445382358507737,0.005172322027809295,0.8767408796684987,0.8502530854982083,-0.018807751809653106,0.06335481429316694,-1.2418758929082376
2022-07-26,0.8594558371669196,0.8610796961236706,0.8578525428363497,0.8594764017931007,2033.0,2.3927496087372546e-05,2.3927209829404323e-05,0.8649958977199401,0.8595594027948831,0.8518206919139585,44.41321610905512,0.8673789186392759,0.8798987244653007,0.854859112813251,0.02886813492231432,0.004536046959159641,0.005277686449210493,0.8767408796684987,0.8561308314022004,-0.017157175906022726,0.056441662720779856,-1.2624024615059513
2022-07-27,0.8594764017931007,0.8603425340637016,0.8581652552326298,0.8590313875032307,9421.0,-0.0005177737154173911,-0.0005179078065154748,0.8644278491278726,0.8595386963128575,0.8518924401287772,43.85826397294909,0.8674919263353471,0.8796439821209485,0.8553398705497457,0.028016527685593196,0.004259626916272511,0.004958639437673039,0.8767408796684987,0.8562252178309374,-0.01780927816454525,0.056019814205464945,-1.3924456867851194
2022-07-28,0.8590313875032307,0.8617786040384309,0.8584872104516311,0.8612344269868313,5870.0,0.0025645622682120006,0.002561279389964137,0.8641237136858687,0.8596051955549742,0.8519853952218922,47.36460533902355,0.8676088665481965,0.8794537459328776,0.8557639871635153,0.02730465268711764,0.0041097390258393795,0.004771916794150891,0.8767408796684987,0.8578525428363497,-0.011686143038445729,0.05606775427052111,-1.0763198770279074
2022-07-29,0.8612344269868313,0.8631255906129143,0.8596500847948392,0.8615412484209222,8372.0,0.00035625774408987176,0.00035619429936776154,0.8638777646130167,0.859681119196776,0.8520804783383005,47.85308342966551,0.8676746965801655,0.8793603438933733,0.8559890492669577,0.026935549369516754,0.004074288204051162,0.004729069225087865,0.8767408796684987,0.8578525428363497,-0.01345418239348628,0.05583066055441539,-1.0497404199955576
2022-08-01,0.8615412484209222,0.8625171789589337,0.8588975352037869,0.8598734657417983,1695.0,-0.0019358129192079687,-0.0019376890266233555,0.8634964028157578,0.8596886621985417,0.8521580205015195,45.38738039204966,0.8674633215747715,0.8795666246538364,0.8553600184957065,0.027905048612528988,0.004113431553732767,0.004783763795041842,0.8767408796684987,0.8578525428363497,-0.011550675190733828,0.05370288872837038,-1.2541792572477626
2022-08-02,0.8598734657417983,0.8600386704574203,0.8586796493296922,0.8588448540453142,6946.0,-0.0011962361178301517,-0.0011969521793643615,0.8630533981709536,0.8596555716827289,0.8522245561586717,43.88545576339424,0.867177073686376,0.8798269671122346,0.8545271802605173,0.029174879755720157,0.004115874532170327,0.004792337653050857,0.8767408796684987,0.8578525428363497,-0.015050657872596851,0.053721611859718514,-1.3173580773462128
2022-08-03,0.8588448540453142,0.8633860039436347,0.8582996902077262,0.8628408401060468,9232.0,0.004652744953772325,0.004641954393507749,0.8630331545457244,0.8597804841699179,0.8523301908248146,50.70938407980574,0.8671219988272105,0.8798405952808024,0.8544034023736187,0.02933519498016164,0.004026967178779468,0.004667103122152327,0.8767408796684987,0.8578525428363497,-0.012578812317016741,0.056511700655005666,-0.67321244711003
2022-08-04,0.8628408401060468,0.8638153321087552,0.8602109285713652,0.8611854205740735,4775.0,-0.0019185688194474082,-0.001920411630021389,0.8628571798817577,0.859835579715179,0.8524183025636133,48.099801218077616,0.8667190995253536,0.8796632616984816,0.8537749373522256,0.029869336397955644,0.004100528057646047,0.004761492658471389,0.8767408796684987,0.8578525428363497,-0.008661831778086104,0.051842834922111954,-0.8550076671270394
2022-08-05,0.8611854205740735,0.8628513724439633,0.8597297384894581,0.8613956903593478,9711.0,0.00024416319674114284,0.000244133393758917,0.862717990403433,0.8598967605247543,0.852507629805362,48.462594127175265,0.8661210529756737,0.8788778685645878,0.8533642373867595,0.029457350205462484,0.003947990441515067,0.004583248425433945,0.8767408796684987,0.8578525428363497,-0.0023010615578431537,0.04820078460980455,-0.7408373325443756
2022-08-08,0.8613956903593478,0.8618704628232161,0.8555470946479433,0.8560218671118116,3688.0,-0.006238507236197566,-0.0062580480351342345,0.8620802643756595,0.8597448039203253,0.8525425973407496,40.643264183757175,0.8651256406642022,0.8777660654598313,0.8524852158685731,0.02922217121185863,0.004059773982821495,0.004742605462310249,0.8767408796684987,0.8555470946479433,-0.003995516589226589,0.05001523067293337,-1.4404220901719214
2022-08-09,0.8560218671118116,0.8590205359619789,0.8555480417906794,0.8585467106408468,6005.0,0.0029495082147303897,0.0029451669496790758,0.8617437354485344,0.8596978198701496,0.852602339761646,45.12334918474748,0.864328975739437,0.8764862020592892,0.8521717494195848,0.028131016455746165,0.004087227972115993,0.004760635526825507,0.8761782372121971,0.8555470946479433,-0.0010816947973374402,0.052021679696986636,-0.9512474221439945
2022-08-10,0.8585467106408468,0.8662069684275485,0.8575901951747545,0.8652504529614563,2822.0,0.007808244138057141,0.007777917562373598,0.8620777085450032,0.8599155701874557,0.8527281916342809,54.864348014509495,0.8638611225854493,0.8750331197124215,0.8526891254584772,0.025865261984554837,0.004263095288922785,0.004927007289428937,0.8761782372121971,0.8555470946479433,0.007239625406821659,0.06050973093273898,0.24871656521514174
2022-08-11,0.8652504529614563,0.8668142798517802,0.8639145141104708,0.8654783410007947,7134.0,0.00026337812197430033,0.00026334344404553784,0.8624015783026977,0.8601337180624886,0.8528550587921567,55.15576270284922,0.863564142550499,0.8741929034975142,0.8529353816034837,0.024616031220619415,0.0039826513511740935,0.004601676509395671,0.8744446546707565,0.8555470946479433,0.0049277105988567715,0.05942109249229638,0.3601922105197525
2022-08-12,0.8654783410007947,0.8717207673860289,0.8643682238233118,0.870610650208546,6469.0,0.0059300261654342545,0.0059125127627900525,0.8631833946746832,0.8605445781466478,0.8530317313435636,61.22724029335386,0.8634301420486057,0.8736002650362465,0.8532600190609648,0.023557488886155536,0.004116235181238492,0.004727986247644099,0.8744446546707565,0.8555470946479433,0.010526950165469895,0.06292978058640676,1.4120789234636317
2022-08-15,0.870610650208546,0.8715823865621143,0.8647884281220443,0.8657601644756125,6206.0,-0.005571360437379824,-0.005586938353006715,0.8634288013223907,0.8607491109438621,0.8531583824195044,53.81201860523874,0.8632220678653434,0.8729955293904986,0.8534486063401882,0.02264414196296897,0.004371006977863428,0.005048750401343459,0.8744446546707565,0.8555470946479433,0.006846005800092758,0.06454347075223786,0.5193853996839336
2022-08-16,0.8657601644756125,0.8692345063006679,0.8654199942640195,0.8688943360890748,9219.0,0.0036201383963658795,0.003613601467003884,0.8639493284430274,0.861068531537792,0.853314959072933,57.401990017688,0.8630683569481091,0.8723467832207671,0.8537899306754512,0.021501022944387268,0.004487952206833179,0.005165130005373974,0.8744446546707565,0.8555470946479433,0.011701161154340944,0.06536800808078146,1.2558119167544508
2022-08-17,0.8688943360890748,0.8700906058933917,0.8673561488803319,0.8685524186846487,6488.0,-0.000393508612295812,-0.0003935860571272593,0.8643877179898485,0.8613620173082569,0.8534665755864824,56.882563299138404,0.8628043470530129,0.8710343984697879,0.8545742956362379,0.01907744541363407,0.004448171022994615,0.005121361621133937,0.8743486441077966,0.8555470946479433,0.006619504215748417,0.06479855466035098,1.3968495068985136
2022-08-18,0.8685524186846487,0.8700998922113908,0.8628860738541989,0.864433547380941,9067.0,-0.0047422253569282535,-0.0047535053833431,0.864392082693762,0.86148246946797,0.8535756996839398,50.90653590760666,0.862590522381484,0.8703852297649295,0.8547958149980386,0.01807278698570772,0.004715193347217246,0.005454662607094934,0.8717207673860289,0.8555470946479433,0.0037716927496314057,0.0636338440251267,0.47289138868028396
2022-08-19,0.864433547380941,0.8675606304684965,0.8634694565504711,0.8665965396380266,1835.0,0.002502207675348922,0.002499082366086538,0.8646020309741681,0.8616830212393448,0.8537052602804979,53.65982919906106,0.8627512300444673,0.8707446817958191,0.8547577782931155,0.018530142810552253,0.004748874073137145,0.00547991349598595,0.8717207673860289,0.8555470946479433,0.00603770060250608,0.06032225696860777,0.9621149193548483
2022-08-22,0.8665965396380266,0.8684512354793121,0.8657645364327565,0.867619232274042,8950.0,0.0011801254554311136,0.0011794296547534282,0.864889383478918,0.8619158138289408,0.8538437077630208,54.94639842921208,0.8631593997998234,0.8712770649721386,0.8550417346275081,0.01880919138272224,0.004843708210196251,0.00558275800030484,0.8717207673860289,0.8555470946479433,0.013547977695195446,0.05772253298013812,1.0987968534175518
2022-08-23,0.867619232274042,0.8713354297098266,0.8665406439201491,0.8702568413559336,1695.0,0.0030400537283830076,0.003035442109063657,0.8654005699433958,0.8622429129476464,0.8540070225251394,58.171875138037414,0.8636984217779649,0.8722085597044016,0.8551882838515281,0.0197062718000994,0.004822884785465466,0.005541909648134456,0.8717207673860289,0.8555470946479433,0.013639480030557705,0.0583960547779878,1.5413192205957273
2022-08-24,0.8702568413559336,0.8719418726121779,0.8679387983918965,0.8696238296481408,6534.0,-0.0007273849255887699,-0.0007276495983575277,0.8658027851533714,0.8625323606613914,0.8541624136407912,57.11505521128965,0.8642280438852105,0.8728331327557246,0.8556229550146963,0.01991393112361695,0.004851361262814856,0.005578689425723039,0.8719418726121779,0.8555470946479433,0.005054463331068959,0.058455401516266416,1.254091815697403
2022-08-25,0.8696238296481408,0.8748745747164383,0.8691361560591748,0.8743869011274723,2359.0,0.005477163018012821,0.005462217907020582,0.8666203200080477,0.8629972446012377,0.8543636523222506,62.618169518343635,0.8648856675922426,0.8744808104782444,0.8552905247062408,0.022188234226874798,0.0050382744558690185,0.005762065339007766,0.8748745747164383,0.8555470946479433,0.010293221337435376,0.06061524495480315,1.9804256482914688
2022-08-26,0.8743869011274723,0.8755952099706575,0.8710662801809468,0.872274589024132,2711.0,-0.00241576366322116,-0.0024186863281867805,0.8671588218191033,0.8633610620295865,0.8545418705978913,59.00217807315742,0.865422334622403,0.8754219970753501,0.855422672169456,0.023109323743788143,0.00491010028547173,0.005629076379451757,0.8755952099706575,0.8555470946479433,0.0019112318637355408,0.06165293623376583,1.3704971410729065
2022-08-29,0.872274589024132,0.8753181880041935,0.8710519061932461,0.8740955051733076,4558.0,0.0020875492328771283,0.0020853733296544797,0.8678194583290275,0.8637820205842422,0.854736434126005,61.08822745226886,0.8661334365939786,0.8764880801477057,0.8557787930402514,0.023910042301209914,0.004966799402589436,0.005682215928572547,0.8755952099706575,0.8555470946479433,0.009627771107652894,0.06108675931903962,1.5378740056123004
2022-08-30,0.8740955051733076,0.8753242868381438,0.8737258330686734,0.8749546147335096,3297.0,0.0009828554833166692,0.0009823727971140896,0.8684989970342163,0.8642201615312723,0.8549376100524478,62.06885269059498,0.8669389246283883,0.8774119685590216,0.856465880697755,0.02416097289696055,0.004465490868066325,0.005103682857226152,0.8755952099706575,0.8555470946479433,0.006974701517462156,0.060617150147854265,1.530727868270586
2022-08-31,0.8749546147335096,0.8764544216661084,0.8742968673818166,0.8757966743144154,6532.0,0.0009624037255491213,0.0009619409120021645,0.8691940139180448,0.864674142424729,0.8551451629306764,63.05172075064527,0.8675867163388066,0.8785821683585995,0.8565912643190137,0.025347211552969432,0.0044124757639936495,0.005038242200962673,0.8764544216661084,0.8555470946479433,0.008340608435283059,0.059010592874597645,1.4933370562356305
2022-09-01,0.8757966743144154,0.8765923347547001,0.8698234847776031,0.8706191452178877,5126.0,-0.005911793511411467,-0.005929337340506993,0.869329740708506,0.8649072797891666,0.8552991329036835,53.81773737896452,0.8680584025709972,0.8787013554034862,0.8574154497385083,0.024521282902087868,0.004370783365020788,0.005020316161238245,0.8765923347547001,0.8555470946479433,0.007155666107230285,0.06297659704866196,0.4812090567710779
2022-09-02,0.8706191452178877,0.872553452680928,0.8668389331152457,0.868773240578286,4895.0,-0.0021202205921394546,-0.0021224714419139142,0.869276740696104,0.8650588860946223,0.855433203626814,50.95269718181013,0.8684272800819445,0.8785988810088186,0.8582556791550704,0.02342533718174835,0.004293680588278804,0.004942233931400534,0.8765923347547001,0.8555470946479433,0.00251178125078666,0.06368531641288172,0.06802478760790759
2022-09-05,0.868773240578286,0.8693772655969084,0.8602247317781114,0.8608287567967339,4989.0,-0.009144484901795535,-0.009186552357050652,0.868472170800926,0.8648929986711758,0.8554868907230321,40.86861624735195,0.8686676245661904,0.8777766708096173,0.8595585783227635,0.020972454793571765,0.004674967858432276,0.005430775658364965,0.8765923347547001,0.8555480417906794,-0.00782656172744145,0.06838554955156963,-1.7211171312502784
2022-09-06,0.8608287567967339,0.8611424277068176,0.8583202502576582,0.858633921167742,6799.0,-0.002549677402924111,-0.0025529333659680543,0.8675351946453846,0.8646475446514332,0.8555182044588004,38.59596868314283,0.8686719850925353,0.8777606925031312,0.8595832776819394,0.020925522099409455,0.004681233603867955,0.005451955121341442,0.8765923347547001,0.8575901951747545,-0.013355735497674659,0.06833374951557951,-2.2089090277217323
2022-09-07,0.858633921167742,0.8599631254259976,0.8551822912463354,0.856511495504591,3992.0,-0.002471863282857978,-0.0024749233807050118,0.8664853185367377,0.8643284839005767,0.8555280879517934,36.4832078099285,0.868235037219692,0.8787454232349488,0.8577246512044352,0.024210923458960355,0.004507449019758691,0.005262566869698867,0.8765923347547001,0.8551822912463354,-0.01507816793481287,0.062254375239191403,-2.2308489332519583
2022-09-08,0.856511495504591,0.8652444842689991,0.8552821916786021,0.8640151804430102,2459.0,0.008760752164801433,0.008722599444647245,0.866250067289716,0.8643161974904761,0.8556125366332981,47.43806104402524,0.8681618791918027,0.8787729438502532,0.8575508145333521,0.02444489884381625,0.00492681463921381,0.005702231570384751,0.8765923347547001,0.8551822912463354,-0.011861706380880577,0.07040944672654585,-0.7815801490739402
2022-09-09,0.8640151804430102,0.865030651498545,0.8625233004620216,0.8635387715175564,2670.0,-0.0005513895313846717,-0.0005515416024951803,0.8659918486447484,0.8642857101974204,0.8556914046420967,46.88516505664804,0.8678082852572533,0.8785463225599977,0.8570702479545089,0.024747487400540724,0.004914004067068648,0.005690542485351212,0.8765923347547001,0.8551822912463354,-0.010014985666782827,0.06674072795020419,-0.7952130579031782
2022-09-12,0.8635387715175564,0.86586354768294,0.8627380789859405,0.8650628551513241,2293.0,0.001764927857366816,0.001763372202339598,0.865903373073946,0.8643161864701225,0.8557846529058701,48.93561062542151,0.8677734197910387,0.8785439364674253,0.8570029031146521,0.02482333851382583,0.004794767131877368,0.005542680631037644,0.8765923347547001,0.8551822912463354,-0.010333710639768845,0.06423369679102356,-0.5033304754371367
2022-09-13,0.8650628551513241,0.8673394826660409,0.8640954379720367,0.8663720654867535,2423.0,0.0015134279869182254,0.001512283908956705,0.8659480104465943,0.8643968091766571,0.8558900002947347,50.69635670649389,0.8676473062609228,0.8784216264920327,0.8568729860298129,0.02483571412799341,0.0047405507371432775,0.005471726208623654,0.8765923347547001,0.8551822912463354,-0.009809136499463023,0.06306954690428707,-0.23671855798143865
2022-09-14,0.8663720654867535,0.8682090183715089,0.8657715853740897,0.8676085382588451,4495.0,0.0014271844872986161,0.001426167027471764,0.8661061559525229,0.8645227593367429,0.8560066026625368,52.366861033770995,0.8676001122396325,0.8783660049427104,0.8568342195365546,0.024817637875326534,0.0045047660471544005,0.005192164263614513,0.8765923347547001,0.8551822912463354,-0.009349357328834462,0.06330235420525827,0.0015653173303822325
2022-09-15,0.8676085382588451,0.8714966801877594,0.8656947199281643,0.8695828618570786,2777.0,0.0022755926332809207,0.0022730073935900313,0.8664372708005759,0.8647211947296973,0.8561416898187014,54.989285350146346,0.8678575779634394,0.8785506599189534,0.8571644960079254,0.02464248104074161,0.0045956967950032835,0.005284944076736664,0.8765923347547001,0.8551822912463354,-0.0011902832214306658,0.06126704609290333,0.3226916058095792
2022-09-16,0.8695828618570786,0.8705858437402201,0.8687701325810395,0.869773114464181,8134.0,0.00021878605875036428,0.00021876212857094198,0.8667549701971097,0.8649193092290889,0.8562773258848256,55.244986345702934,0.8680164067047471,0.8787249771942006,0.8573078362152936,0.024673659176803996,0.004420656034162799,0.005082539297488081,0.8765923347547001,0.8551822912463354,0.001150903180707541,0.060714128878238606,0.3280937938754864
2022-09-19,0.869773114464181,0.8705128644495838,0.8676638886482875,0.8684036386336902,1701.0,-0.0015745207660672333,-0.0015757616265667503,0.8669119862386888,0.8650559495978968,0.8563979857131726,52.91474113090259,0.8680556270227295,0.878763818432532,0.857347435612927,0.024671670976961747,0.004509979036436074,0.005193413334301415,0.8765923347547001,0.8551822912463354,0.008799522294240747,0.06090533399103759,0.06499913900345002
2022-09-20,0.8684036386336902,0.8691232771418572,0.8648095903607064,0.8655292288688734,4631.0,-0.003309992769421455,-0.003315482913727833,0.8667802950606112,0.8650745095693076,0.8564888438540254,48.30884248588286,0.8678192463983766,0.8785315639777588,0.8571069288189944,0.024687900444338932,0.004663988500497429,0.005388597340141378,0.8765923347547001,0.8551822912463354,0.00803055589948487,0.06094459126346678,-0.4275484763279896
2022-09-21,0.8655292288688734,0.8669733902485935,0.8625267605001983,0.8639709218799184,8538.0,-0.001800409433880712,-0.0018020321189029607,0.8665127357100689,0.8650312316207042,0.8565632923915966,45.97255970129377,0.8675366010099654,0.8783463005063442,0.8567269015135867,0.024920445970335735,0.004498115627018732,0.005206327566246397,0.8765923347547001,0.8551822912463354,0.008709079112747764,0.06117109183137732,-0.6597184558629979
2022-09-22,0.8639709218799184,0.8646626034766183,0.8615292296095731,0.862220911206273,4344.0,-0.002025543486854353,-0.0020275976744291583,0.8661039905192313,0.864921022977001,0.8566195871061705,43.432267675827624,0.8669283015139054,0.8774810761159818,0.856375526911829,0.024345207287957273,0.004313748077116082,0.005003065944064171,0.8765923347547001,0.8551822912463354,-0.0020766640185849727,0.05742492344667997,-0.892161632393098
2022-09-23,0.862220911206273,0.8651262965945447,0.8620565866934118,0.8649619720816835,4926.0,0.003179070282087748,0.003174027722433087,0.8659952268585125,0.8649226288242434,0.856702595911897,48.25523221019103,0.8665626706667829,0.8768386000167608,0.856286741316805,0.023716528989348246,0.003879260654425787,0.004484891567070472,0.8765923347547001,0.8551822912463354,0.0016481026805847954,0.058621820111228996,-0.3115433223765628
2022-09-26,0.8649619720816835,0.8714526988103192,0.8643917793039982,0.870882506032634,8841.0,0.0068448488396566365,0.006821529214234045,0.8664606820179527,0.8651563494990824,0.8568436895449393,56.8189998456733,0.8664020207097491,0.8762746426378121,0.8565293987816862,0.022789932830432142,0.004182027944223042,0.004802057585557164,0.8765923347547001,0.8551822912463354,0.006727431245781457,0.06354058277529023,0.9076586453997659
2022-09-27,0.870882506032634,0.8758679154536299,0.8701464031381596,0.8751318125591555,1185.0,0.004879310925511193,0.004867445668489911,0.8672865039742578,0.8655475441288891,0.8570256609182151,61.716274826721474,0.8664108806010317,0.8763160837417946,0.8565056774602687,0.02286490939239282,0.004249219239637899,0.004855519109986267,0.8765923347547001,0.8551822912463354,0.01011083738887697,0.06594340805200324,1.760878971221607
2022-09-28,0.8751318125591555,0.8780130725818408,0.8741184178605849,0.8769996778832702,1951.0,0.00213438169805813,0.0021321071413813795,0.8682115681560685,0.8659966474133747,0.8572244073556784,63.66691110589747,0.8664710307794744,0.876627637417093,0.8563144241418558,0.023443615024224845,0.003815816534699249,0.00435098966502373,0.8780130725818408,0.8551822912463354,0.01082416690281951,0.06629622521051615,2.0732607807806773
2022-09-29,0.8769996778832702,0.8782573084412861,0.8715579974721314,0.8728156280301473,2591.0,-0.004770868175483778,-0.004782285093939974,0.868650050048838,0.8662640584179541,0.8573795438798024,56.69798719169855,0.8665808549200875,0.8769711333865511,0.856190576453624,0.023979940030920053,0.004115242244172923,0.004714904399066032,0.8782573084412861,0.8551822912463354,0.0037176056645882305,0.06504110512761072,1.20011665330889
2022-09-30,0.8728156280301473,0.8730866950303128,0.8694017510517016,0.869672818051867,2407.0,-0.003600771889675336,-0.0036072702729297605,0.8687474565253169,0.8663977352663428,0.8575018650158429,52.08608962147259,0.8666258337937662,0.8770637523254626,0.8561879152620698,0.024088639236619722,0.004155204764288037,0.004777894258666162,0.8782573084412861,0.8551822912463354,-0.00011531330486780345,0.06592795237572706,0.583829860110161
2022-10-03,0.869672818051867,0.87053923253253,0.867395160978612,0.868261575459275,8385.0,-0.001622728183862665,-0.0016240462333256768,0.8687011821380749,0.8664708270386146,0.8576089268113001,50.114818285235835,0.8669974747268935,0.8770898938722491,0.8569050555815378,0.023281311513703714,0.0041480638257104475,0.004777435674861335,0.8782573084412861,0.8551822912463354,-0.00016359117822073443,0.056770195116347344,0.2505050006693773
2022-10-04,0.868261575459275,0.8692514626130159,0.8653596673681337,0.8663495545218747,6220.0,-0.0022021254785907773,-0.0022045537224225395,0.8684772176031987,0.8664660712536444,0.8576958982313059,47.49227148820973,0.8673832563946,0.8766887682024518,0.8580777445867482,0.021456517033846,0.004251946843386375,0.004907888301198424,0.8782573084412861,0.8551822912463354,0.0009477734842915364,0.05654070238221683,-0.22216980518000515
2022-10-05,0.8663495545218747,0.867170461643192,0.8627800957550507,0.863601002876368,1845.0,-0.003172566582577141,-0.0031776098414788767,0.8680128162006434,0.8663537156310062,0.8577546554914558,43.93313060229626,0.8677377317631889,0.8757497203279225,0.8597257431984553,0.018466382805444586,0.00415111867399682,0.0048067552725979045,0.8782573084412861,0.8552821916786021,-0.000428161404721239,0.05707372072330252,-1.0326347456434468
2022-10-06,0.863601002876368,0.8673584171920269,0.8626313417234128,0.8663887560390717,4838.0,0.0032280568843929824,0.0032228578941880578,0.8678581438043033,0.8663550897646558,0.8578405669396908,48.17535531665508,0.867856410542992,0.8757048762694775,0.8600079448165066,0.018087014467231745,0.004359073267527784,0.0050313132957270305,0.8782573084412861,0.8615292296095731,0.004833848006501995,0.049180885627844256,-0.3739978118188167
2022-10-07,0.8663887560390717,0.8690237323635241,0.86499839013647,0.8676333664609224,5445.0,0.0014365496010597667,0.0014355187508085306,0.867836736438267,0.8664052182625486,0.8579380077309469,49.994506849479066,0.8680611402901602,0.8756445282881076,0.8604777522922129,0.01747201353907512,0.004443099440796207,0.005120941186159789,0.8782573084412861,0.8615292296095731,0.00308845297881688,0.0493153447010787,-0.1128186581917361
2022-10-10,0.8676333664609224,0.8682166233812701,0.8637618352416889,0.8643450921620367,5534.0,-0.003789935272197509,-0.0037971352743330217,0.8675041988881498,0.866324429003705,0.8580017598148383,45.45476413621871,0.8680252521406959,0.875674888733186,0.8603756155482059,0.01762537800282834,0.004453178109255519,0.005152083525014905,0.8782573084412861,0.8615292296095731,-0.007506654256242751,0.05095354315135698,-0.9621790353471562
2022-10-11,0.8643450921620367,0.8649238925899557,0.8572107235552647,0.8577895239831838,6639.0,-0.007584433854370687,-0.007613341933182833,0.8665789917543435,0.8659897268460375,0.8579996480155183,38.03886970280005,0.8675961250655175,0.8764968591435256,0.8586953909875095,0.020518150832764304,0.004686502343990928,0.005463464186679439,0.8782573084412861,0.8572107235552647,-0.019816773115877928,0.057141086093138144,-2.203548830104671
2022-10-12,0.8577895239831838,0.8581935056791605,0.8564268951438405,0.8568308768398173,1694.0,-0.001117578516131701,-0.0011182034726702848,0.865650599857722,0.8656305562575582,0.857988018451581,37.08601340513002,0.867057241994566,0.8771764481715205,0.8569380358176115,0.023341495086705976,0.0045888763917248465,0.005355638453004451,0.8782573084412861,0.8564268951438405,-0.022997501084757954,0.05672020214933503,-2.0211793249233936
2022-10-13,0.8568308768398173,0.860572880496266,0.8550324690711648,0.8587744727276135,4018.0,0.0022683541645518446,0.002265785333190038,0.8649957306072354,0.8653616902367761,0.8579958438672629,40.34853070167815,0.8665168225380928,0.8772064784540421,0.8558271666221435,0.02467270256713188,0.004765355072008299,0.0055490180755754445,0.8782573084412861,0.8550324690711648,-0.01608719510926171,0.05671530878659843,-1.4485685734612734
2022-10-14,0.8587744727276135,0.8591432330694971,0.856389911831066,0.8567586721729497,1084.0,-0.0023472991089981132,-0.002350058334215254,0.8642112488515892,0.8650243169793712,0.8579835337011504,38.13947532066173,0.8658661004235313,0.8772810104159362,0.8544511904311264,0.026366455475786383,0.004457669481444738,0.005202946437809608,0.8782573084412861,0.8550324690711648,-0.014849430280971632,0.05694348393464602,-1.5957074136618465
2022-10-17,0.8567586721729497,0.8573201455270042,0.853340318587325,0.8539017919413795,8108.0,-0.0033345215220575986,-0.003340093428824856,0.8632293958125216,0.864588139526901,0.8579429193552821,35.19824492645863,0.8651410080889157,0.8776656466071037,0.8526163695707277,0.028953981838994593,0.004333263383173953,0.005074662477662808,0.8782573084412861,0.853340318587325,-0.016538545438106844,0.05762121939466481,-1.7947370107671987
2022-10-18,0.8539017919413795,0.8546542180412384,0.8504575953593735,0.8512100214592324,1759.0,-0.0031523185775582663,-0.0031572976001624704,0.8620846934931606,0.864063507445816,0.8578759253463663,32.64385906877315,0.8644250477184336,0.8784083904075348,0.8504417050293325,0.03235293268284822,0.004354832523217452,0.0051160494042961895,0.8782573084412861,0.8504575953593735,-0.017475086105397164,0.05753406117132913,-1.8901097617383344
2022-10-19,0.8512100214592324,0.8633980918751816,0.8501219323766321,0.8623100027925813,4391.0,0.013040238076990951,0.01295594617261721,0.8621061515216769,0.8639947425574538,0.8579200455199605,49.06063653578135,0.8643420017640668,0.8783563939736146,0.850327609554519,0.03242788660263028,0.004824607418174214,0.005594980230485297,0.8782573084412861,0.8501219323766321,-0.0014949034096611857,0.07551331189721884,-0.2899874559099553
2022-10-20,0.8623100027925813,0.8631143139432671,0.860487210539327,0.8612915216900128,9453.0,-0.0011811078374021067,-0.0011818058949722053,0.862028567728185,0.8638887338959855,0.8579535925465283,47.90685447832529,0.864295532288254,0.8783456558168258,0.8502454087596821,0.03251231321622966,0.004749047377126281,0.00551386755532874,0.8782573084412861,0.8501219323766321,-0.005883310827303867,0.07528471504709186,-0.42761340740276427
2022-10-21,0.8612915216900128,0.8653140544375224,0.8607317151696137,0.8647542479171233,3930.0,0.004020388149550191,0.004012327985217447,0.8622881563176077,0.8639226756223046,0.8580212607591711,52.036837600461375,0.8642851460800258,0.8783335022948784,0.8502367898651733,0.03250861426594921,0.004851780785268481,0.005610589132062255,0.8782573084412861,0.8501219323766321,-0.0033183584853854198,0.07581965457836402,0.0667838756254655
2022-10-24,0.8647542479171233,0.8683104520767876,0.8641109699718853,0.8676671741315496,6929.0,0.003368501769655863,0.003362841076045425,0.8628004437284593,0.8640695187010986,0.8581172399967073,55.25085654683041,0.8641243794849716,0.8779262750149524,0.8503224839549908,0.03194423362573542,0.004873758418127062,0.0056170828670627304,0.8782573084412861,0.8501219323766321,0.0038434671517635355,0.07259190101505444,0.5133779833186365
2022-10-25,0.8676671741315496,0.86908659443159,0.8614941004700692,0.8629135207701096,3442.0,-0.005478659909196049,-0.005493722807920907,0.8628112129705212,0.864024185448903,0.8581649641835074,49.42967568916164,0.8635134648955193,0.8763088323489954,0.8507180974420432,0.02963559451855048,0.005102481851939876,0.005913085991961456,0.8782573084412861,0.8501219323766321,0.005973489584172542,0.07233729609993769,-0.09377520850277112
2022-10-26,0.8629135207701096,0.8638378658877551,0.8629056651885556,0.8638300103062011,1692.0,0.0010620873517819263,0.0010615237360479793,0.862908241288205,0.8640165707374245,0.8582213328016437,50.5122420805017,0.862854981516666,0.8739737379533935,0.8517362250799384,0.025772016561076767,0.004831419368410266,0.00559302097723796,0.8782573084412861,0.8501219323766321,0.00816862890398884,0.07188012376931284,0.17538450366885083
2022-10-27,0.8638300103062011,0.8645881951637993,0.8606202008563227,0.8613783857139209,8202.0,-0.002838086849299426,-0.0028421218540524706,0.8627625407573207,0.8639131125012087,0.8582527462634575,47.57812610460949,0.8622831194008544,0.8723737859369705,0.8521924528647384,0.023404532244878856,0.004827323088440432,0.005604184140793697,0.8730866950303128,0.8501219323766321,0.00303212667469821,0.07076366002586419,-0.17932089692893494
2022-10-28,0.8613783857139209,0.8624975808623501,0.8593742370592126,0.8604934322076417,9837.0,-0.0010273690644625466,-0.0010278971697968936,0.8625464351811609,0.8637790073916571,0.8582750416459867,46.527515781401085,0.8618241501086434,0.8713169135108922,0.8523313867063946,0.022029467150699193,0.004732219921551595,0.005499425962393266,0.87053923253253,0.8501219323766321,0.004359173891079315,0.06992497866323832,-0.28036470406213915
2022-10-31,0.8604934322076417,0.8617233801770215,0.8571935823797407,0.8584235303491206,1246.0,-0.002405482460465458,-0.0024083802814370164,0.8621537775781094,0.8635689886841067,0.8582765191455204,44.07591553445145,0.8613322478531356,0.8704319188573334,0.8522325768489377,0.021129293665432137,0.004504836261736581,0.0052478014668405765,0.8692514626130159,0.8501219323766321,0.005295384610284781,0.07014338040883447,-0.6393016852308498
2022-11-01,0.8584235303491206,0.8596662618387129,0.8578506756550477,0.85909340714464,2985.0,0.0007803569821145384,0.000780052661913409,0.8618623137273028,0.863393475682559,0.8582846473843176,45.08439127697031,0.8609694404842738,0.869801505470196,0.8521373754983517,0.020516558592263933,0.004508334522332664,0.005247781539049368,0.86908659443159,0.8501219323766321,0.009261387303562296,0.07001633171660694,-0.42482326446286517
2022-11-02,0.85909340714464,0.8644444466533565,0.8587853600726844,0.8641363995814009,8030.0,0.005870132857289878,0.005852970757195256,0.862078893332455,0.8634226099531018,0.8583428737743385,52.08894363470396,0.8609962103195254,0.869865028473944,0.8521273921651069,0.020601294287061298,0.004516811319159161,0.005226965698178163,0.86908659443159,0.8501219323766321,0.0021180280675219265,0.07259639248829257,0.7081415375082336
2022-11-03,0.8641363995814009,0.8649810822210539,0.8551714284416179,0.8560161110812708,1375.0,-0.00939699855724585,-0.00944142890854981,0.861501485499009,0.8631321590169516,0.8583197219067459,42.65448272610106,0.8604775780716354,0.8692310188306935,0.8517241373125772,0.02034554062100017,0.005020835072088082,0.0058653511389476646,0.86908659443159,0.8501219323766321,-0.006125000044573281,0.0788112100779952,-1.0193630397847246
2022-11-04,0.8560161110812708,0.8568200135972931,0.8532277609235573,0.8540316634395796,2557.0,-0.002318236322894185,-0.0023209275928562866,0.8607900738743014,0.8627752768374468,0.8582770546583164,40.71375091926099,0.8597974929205682,0.868320553107942,0.8512744327331944,0.019825738636251658,0.004993151195949262,0.005846564489002127,0.86908659443159,0.8501219323766321,-0.012399574218190268,0.07865726598003155,-1.3529951341960862
2022-11-07,0.8540316634395796,0.8580416892768528,0.8534819759199174,0.8574920017571905,6772.0,0.004051768178798598,0.004043581871341079,0.8604759717679098,0.8625680895793976,0.8582692431866634,45.38047736942827,0.8594548384003259,0.8677562463251381,0.8511534304755136,0.019317845578165325,0.00501908624416858,0.005853216396051932,0.86908659443159,0.8501219323766321,-0.011727045435991568,0.07959442146818146,-0.47289246858200423
2022-11-08,0.8574920017571905,0.8598018404574096,0.8568602248036093,0.8591700635038284,1207.0,0.0019569415728650785,0.0019550292571589114,0.860351599552283,0.8624348336548655,0.8582782065729039,47.53715038958849,0.859523865376358,0.8677898521764605,0.8512578785762556,0.019233873852898955,0.004280904540972209,0.0049826044025719635,0.86908659443159,0.8501219323766321,-0.004338160402145963,0.07523593720490303,-0.08560426748449672
2022-11-09,0.8591700635038284,0.8606126376959516,0.8528365229637507,0.8542790971558739,1324.0,-0.005692663834222067,-0.005708928801686808,0.8597732659907202,0.8621150008509835,0.8582384144394011,42.29513553777354,0.859396276392161,0.8679122784428316,0.8508802743414904,0.019818568650126583,0.0046486910644194124,0.005441653763853244,0.86908659443159,0.8501219323766321,-0.011056472959236174,0.07791573638144214,-1.201779709736951
2022-11-10,0.8542790971558739,0.8546985654685048,0.85123678009677,0.8516562484094008,5001.0,-0.0030702480667094134,-0.0030749709477265724,0.8590002166972612,0.8617048536964116,0.8581729202500479,39.76288734064845,0.8590403651762504,0.868233827606384,0.8498469027461167,0.02140402896724743,0.004568651500406988,0.005364431375851054,0.86908659443159,0.8501219323766321,-0.011286720755666835,0.07803358901825151,-1.6063842807790272
2022-11-11,0.8516562484094008,0.8570507802350446,0.850916163271305,0.8563106950969488,1661.0,0.005465170596987701,0.005450290741507383,0.8587440717829458,0.8614933180650601,0.8581543906465344,45.94748245490314,0.8590179663224502,0.8682369828359894,0.849798949808911,0.02146408311576252,0.004706875418895362,0.005496691149422657,0.86908659443159,0.8501219323766321,-0.0048608588446305,0.0803472882731872,-0.5873232185939734
2022-11-14,0.8563106950969488,0.8579432211272323,0.852365392298717,0.8539979183290005,2992.0,-0.0027008617096466736,-0.0027045156172496626,0.8582920571682844,0.8611993808205088,0.8581130327130266,43.55454709253297,0.8590227726418312,0.868230651882891,0.8498148934007715,0.021438032923718355,0.004562970766537833,0.0053430701276955105,0.86908659443159,0.8501219323766321,-0.005155511077754471,0.08003082229292018,-1.0914248941111087
2022-11-15,0.8539979183290005,0.8570834838080015,0.8524002267000755,0.8554857921790765,2610.0,0.0017422452890603068,0.0017407293402510575,0.8580247938359788,0.8609753185208449,0.8580868910161715,45.520265513763675,0.8592365611778237,0.8678607130604633,0.850612409295184,0.02007398724006307,0.004830903367161148,0.005646970892241198,0.86908659443159,0.8501219323766321,-0.004199327960802468,0.07934237192212526,-0.8698290683626325
2022-11-16,0.8554857921790765,0.858657195787534,0.8542894189830456,0.857460822591503,5894.0,0.002308665357721118,0.0023060044844445144,0.8579710822888859,0.8608374951510668,0.8580806614796077,48.103834005628286,0.8589941021677696,0.8675266091269104,0.8504615952086289,0.01986627600261284,0.004859459259804855,0.005667266808899928,0.86908659443159,0.850916163271305,-0.0077251426894314745,0.06410037415629186,-0.359397204973625
2022-11-17,0.857460822591503,0.8623310144385344,0.8566469290239888,0.8615171208710202,2333.0,0.004730593133407401,0.004719439040860436,0.8583088002490892,0.8608641471400845,0.8581148551053929,53.03038288684903,0.85900538212682,0.8675512632332296,0.8504595010204103,0.019897153811192204,0.005042369374905439,0.005852895145957691,0.86908659443159,0.850916163271305,0.006426292354241747,0.06638511724688033,0.5878244063836374
2022-11-18,0.8615171208710202,0.8623594339194686,0.8538799445668497,0.8547222576152981,2526.0,-0.007887090216909809,-0.007918357828451301,0.8579672247601566,0.8606232887273478,0.8580810979164367,45.27655101292698,0.8585037826117287,0.8668030033067694,0.8502045619166879,0.019334150560858254,0.005324490200286731,0.00622949753893414,0.86908659443159,0.850916163271305,0.0008086283041746078,0.07021673909369178,-0.9112964061047987
2022-11-21,0.8547222576152981,0.8560873776086028,0.854228281910044,0.8555934019033486,8792.0,0.0010192132944812915,0.001018694249260056,0.8577411463928416,0.8604260382636616,0.8580563447222767,46.35942787484825,0.8579000940003187,0.8650728469419794,0.8507273410586581,0.016721650905094733,0.005327598022779133,0.006226787175926539,0.86908659443159,0.850916163271305,-0.0022141312688063186,0.06895103702556457,-0.643181806408644
2022-11-22,0.8555934019033486,0.8563724523704072,0.8546005406442041,0.8553795911112626,1238.0,-0.00024989766355187903,-0.00024992889317591844,0.8575162363660245,0.8602281383753322,0.858029710357988,46.118213988815405,0.8575233975173765,0.8643715291819439,0.8506752658528091,0.015971882946619352,0.005049942676031339,0.005903744639816258,0.8649810822210539,0.850916163271305,-0.004411783596262264,0.06659384786118033,-0.6260996461870142
2022-11-23,0.8553795911112626,0.8607658504578329,0.8544212331263418,0.8598074924729121,3909.0,0.005176533795828497,0.005163181603652212,0.857734451233347,0.8602116424575902,0.858047399732266,51.720670180567176,0.8573222716257118,0.8636033208519114,0.8510412223995123,0.014652714467078982,0.0048024400726067095,0.0055854829303642155,0.8649810822210539,0.850916163271305,0.006471415882050469,0.06936056922726293,0.7913393949641029
2022-11-24,0.8598074924729121,0.8689988226462677,0.8590562506172501,0.8682475807906057,2039.0,0.009816253512072715,0.009768387086635189,0.8587357016673717,0.860526777294179,0.858148894071155,60.212751264600634,0.8576657313795462,0.8654516299534674,0.849879832805625,0.018156021137506955,0.0052560343122696985,0.006053612389548702,0.8689988226462677,0.850916163271305,0.019481254804613712,0.07714380503197196,2.7182089030811203
2022-11-25,0.8682475807906057,0.8688832036919671,0.8624170668272585,0.8630526897286199,8594.0,-0.005983190943365968,-0.006001161948791696,0.8591468433874906,0.860625832683765,0.8581976880577965,53.9254948137017,0.857793694255595,0.8658545413730818,0.8497328471381083,0.01879437251979823,0.005392207419967788,0.00624783108162646,0.8689988226462677,0.850916163271305,0.007873304246080792,0.08030801526830224,1.304824516921134
2022-11-28,0.8630526897286199,0.8657434870045443,0.8619646294388262,0.8646554267147506,3047.0,0.0018570557802612964,0.0018553335839891906,0.8596714703710391,0.8607838559790979,0.8582619441638359,55.4703661849557,0.8581052890738766,0.8667306716822057,0.8494799064655475,0.02010331999617017,0.005452010413676204,0.006305413977902228,0.8689988226462677,0.850916163271305,0.012479548435672339,0.07992594908012784,1.5188051216531027
2022-11-29,0.8646554267147506,0.865342257560845,0.8638308072218965,0.864517638067991,5089.0,-0.00015935671309341704,-0.00015936941172351354,0.8601330101517012,0.8609302788061133,0.8583241898743251,55.298700917967565,0.8583765006200441,0.867461566997699,0.8492914342423892,0.021168022123374496,0.005004534385586742,0.005788816983272648,0.8689988226462677,0.850916163271305,0.01055756386778639,0.0799321543023678,1.351919114878732
2022-11-30,0.864517638067991,0.8657941138106753,0.8609540360859428,0.8622305118286271,4831.0,-0.0026455518530253963,-0.0026490575096248265,0.8603327722161703,0.860981268336408,0.8583630587494924,52.39993255162965,0.8582812062324054,0.8671492789905159,0.849413133474295,0.02066472548557498,0.0051029838393722915,0.0059183521916312525,0.8689988226462677,0.850916163271305,0.005562573952601957,0.07778611932537755,0.8906795656609283
2022-12-01,0.8622305118286271,0.8655665933582437,0.8615123374776155,0.8648484190072321,1381.0,0.00303620336173549,0.0030316034048928522,0.860762833815319,0.8611329213038913,0.8584275896973306,55.289025479404955,0.8587228216287034,0.8679867873365996,0.8494588559208072,0.021576148844689263,0.0049543866191500575,0.0057286184610677165,0.8689988226462677,0.850916163271305,0.0038667811184573964,0.07022744560707407,1.3224568336446891
2022-12-02,0.8648484190072321,0.8652225725173396,0.861712265895339,0.8620864194054465,6615.0,-0.0031936227679714158,-0.003198733264730009,0.8608888895858073,0.8611703133863052,0.858463995963083,51.722176005589056,0.8591255594269969,0.8682297852612015,0.8500213335927922,0.0211941682663401,0.004806706461541862,0.005575666607597059,0.8689988226462677,0.850916163271305,0.008615853541353413,0.07076381658472997,0.6504364088433832
2022-12-05,0.8620864194054465,0.864474439222678,0.8607198541758788,0.8631078739931103,9053.0,0.0011848633323423563,0.0011841619357689085,0.8611002214341219,0.8612462961551997,0.8585102037046753,52.931537112515855,0.859406353038793,0.8686438774939742,0.8501688285836118,0.021497454428904477,0.004740372742889949,0.00549221352941543,0.8689988226462677,0.850916163271305,0.008782760681703472,0.06956557023129684,0.8014097223290522
2022-12-06,0.8631078739931103,0.8649784195984781,0.8578295450063035,0.8597000906116713,7505.0,-0.003948270528077891,-0.003956085525424242,0.8609668756415075,0.8611856606436887,0.8585220433753918,48.56101181544192,0.859432854394185,0.8686705657576637,0.8501951430307064,0.02149722649360499,0.004939022584867535,0.005745053000231105,0.8689988226462677,0.850916163271305,0.005050973328456054,0.07088562162674646,0.05785766776450216
2022-12-07,0.8597000906116713,0.8637404006878002,0.8583843911686924,0.8624247012448213,6594.0,0.0031692571199002373,0.0031642456102708425,0.8611057161751565,0.8612342504711842,0.8585608757920031,51.97530563487648,0.8598401345986323,0.8688362170088407,0.8508440521884238,0.020925011634651717,0.004915588592336262,0.005699730753584766,0.8689988226462677,0.850916163271305,0.0030439473891785696,0.06831268810065365,0.5745982591836039
2022-12-08,0.8624247012448213,0.8631564438639611,0.8622995179986047,0.8630312606177445,2625.0,0.0007033186457294782,0.0007030714330768171,0.8612891013601649,0.8613047214573238,0.8586053572330553,52.72756909048347,0.8604088852090495,0.8686314839268073,0.8521862864912916,0.019113235251539906,0.00437111977181751,0.00506484523942821,0.8689988226462677,0.850916163271305,-0.006007871819362132,0.06700991793136027,0.6378458924504352
2022-12-09,0.8630312606177445,0.8701644273598884,0.8624504151555293,0.8695835818976733,2554.0,0.0075922177781124756,0.007563541943379643,0.8620790518875466,0.861629382651063,0.8587145932993699,60.01407116686041,0.8610725295490859,0.8700135560635671,0.8521315030346046,0.020767185591586256,0.0047893280936603866,0.005507610991468744,0.8701644273598884,0.852365392298717,0.007567199832384519,0.06941019438391928,1.9038199550806716
2022-12-12,0.8695835818976733,0.8722736430618262,0.8695166071427199,0.8722066683068729,3103.0,0.0030164856648688954,0.003011945200524554,0.8630435867846253,0.8620441781669771,0.8588488428019322,62.505673940294514,0.8619829670479794,0.8715753464800798,0.8523905876158789,0.022256540555438895,0.004859694107439186,0.005571723175280031,0.8722736430618262,0.8524002267000755,0.008733237956781492,0.06857094775274943,2.131629869577578
2022-12-13,0.8722066683068729,0.8726586809858359,0.8663082335351926,0.8667602462141556,5912.0,-0.0062444169376620895,-0.006263994853439768,0.8633975543493425,0.8622291220119646,0.8589275632338946,54.86162180078635,0.8625466897497333,0.8718522481262554,0.8532411313732111,0.021576938355005765,0.00486011054452148,0.005607214412231666,0.8726586809858359,0.8538799445668497,0.002594057133613159,0.07322608936336783,0.905599920807142
2022-12-14,0.8667602462141556,0.8676585960660376,0.8597885055894077,0.8606868554412896,9859.0,-0.007007001993219464,-0.007031666314513646,0.8631393925485755,0.8621686409699773,0.8589450686289931,47.83629760081538,0.8627079913922227,0.8717504794502261,0.8536655033342192,0.02096303302676227,0.004712076147922358,0.005474785769217298,0.8726586809858359,0.8538799445668497,-0.0017903059172235114,0.07777745982691509,-0.447030936168969
2022-12-15,0.8606868554412896,0.8630110110619907,0.8588281154917778,0.8611522711124789,4813.0,0.0005407491333775383,0.0005406029812502979,0.8629501428879949,0.8621287833285067,0.8589670308427593,48.38179798670548,0.8626897489042957,0.8717438173826285,0.8536356804259629,0.020990323554516285,0.004548987484029805,0.005282442648793341,0.8726586809858359,0.8538799445668497,-0.004273752270942399,0.07594008999633285,-0.33962141892257797
2022-12-16,0.8611522711124789,0.8624354221821702,0.8600274222272875,0.8613105732969787,4055.0,0.00018382600825672668,0.00018380911432640167,0.8627939934031362,0.8620966966606036,0.8589903496731496,48.57876782195156,0.8630191646883796,0.8712989772185304,0.8547393521582287,0.019188015443760288,0.004451069083255853,0.005167786419035553,0.8726586809858359,0.854228281910044,-0.0008999632647070932,0.07000931946418307,-0.41271257898148705
2022-12-19,0.8613105732969787,0.8623186793931278,0.8556246894027967,0.8566327954989458,8084.0,-0.005431000086446147,-0.0054458015830268006,0.8622072126503562,0.8618824260268131,0.85896689142266,43.31850253027023,0.8630711343681595,0.8711656730770405,0.8549765956592785,0.018757523885460207,0.004821250486926039,0.005628141383634397,0.8726586809858359,0.8544212331263418,-0.007502050078871392,0.07292753654886724,-1.590785862114622
2022-12-20,0.8566327954989458,0.8573370901294645,0.855780141172834,0.8564844358033527,6625.0,-0.00017318937165688997,-0.00017320437066792194,0.861662186283975,0.861670740135697,0.8589421903717217,43.15888067509607,0.8631263766027638,0.8710122883785254,0.8552404648270022,0.018272901835766554,0.004586741289204467,0.005355311897643841,0.8726586809858359,0.8544212331263418,-0.003740437907864713,0.07292357186036647,-1.6845080158837302
2022-12-21,0.8564844358033527,0.8577189719001047,0.8509350227567196,0.8521695588534717,3860.0,-0.005037893007166838,-0.005050625973024576,0.860758126528689,0.8612981447912961,0.8588748010033809,38.693171726299866,0.8627444799217919,0.8719384262523863,0.8535505335911976,0.02131325449089578,0.004781719379401385,0.005611229983191161,0.8726586809858359,0.8509350227567196,-0.011891058287810341,0.07245740990742543,-2.3004095712698462
2022-12-22,0.8521695588534717,0.8541800753990249,0.852148168726875,0.8541586852724282,8045.0,0.002334190887589127,0.0023314708958702365,0.860129608313807,0.8610181659866346,0.8588278744786948,41.68855696176115,0.8620400351458832,0.8716099219637741,0.8524701483279924,0.02220288252916542,0.0046761193829834725,0.005474532383279642,0.8726586809858359,0.8509350227567196,-0.01028071142981013,0.06261491072401996,-1.6471145424041806
2022-12-23,0.8541586852724282,0.85692593448893,0.8529789928999313,0.855746242116433,8531.0,0.0018586205015271862,0.0018568954036469515,0.8597121448664381,0.8608114238740777,0.8587972114701151,44.03864244691655,0.8616747127652739,0.871631832806177,0.8517175927243708,0.023111087962530214,0.004689859135997724,0.005480432054716076,0.8726586809858359,0.8509350227567196,-0.01591260468722666,0.060161523343653454,-1.1908002764829841
2022-12-26,0.855746242116433,0.8557661367705567,0.8554283077488952,0.8554482024030189,2468.0,-0.0003482804816963281,-0.0003483411454290316,0.8593060551080173,0.860601101463448,0.8587638879968107,43.68270886172772,0.8612143515496872,0.8714389994199215,0.8509897036794528,0.02374472244183092,0.0042033558809610695,0.004913629918390762,0.8726586809858359,0.8509350227567196,-0.019213870419479306,0.0595616429237004,-1.1278919763006177
2022-12-27,0.8554482024030189,0.8576006196063504,0.8499963379119545,0.852148755115286,3367.0,-0.003856980794938236,-0.0038644381267307387,0.858624407489662,0.8602696369007751,0.8586980657790841,39.84347960742453,0.8605959074020519,0.8714558302276807,0.8497359845764232,0.025238146573140118,0.004363946750624499,0.005121109107334325,0.8726586809858359,0.8499963379119545,-0.016857592584212155,0.06069316522120073,-1.5556560433065236
2022-12-28,0.852148755115286,0.8531801570769789,0.8509765995366064,0.8520080014982994,6229.0,-0.00016517493705381359,-0.00016518857993605779,0.8579942735857227,0.8599456511987172,0.8586314979752953,39.68324926460913,0.8600847818855355,0.8715652948784389,0.8486042688926321,0.026696235614668298,0.004460134727411366,0.005234850752068047,0.8726586809858359,0.8499963379119545,-0.010083637141804047,0.06028306105656906,-1.4070417223043457
2022-12-29,0.8520080014982994,0.8531951227388093,0.8498963531733787,0.8510834744138887,4996.0,-0.0010851154951418973,-0.0010857046592067292,0.8573361022360242,0.8595981148542142,0.8585563932632415,38.58561492245069,0.8593965346558685,0.8713166014240064,0.8474764678877307,0.027740551159916037,0.004144760253202183,0.004869980886488877,0.8726586809858359,0.8498963531733787,-0.011692237292230456,0.058751246190696604,-1.394800952659181
2022-12-30,0.8510834744138887,0.8544372431046152,0.8505727726617631,0.8539265413524897,9636.0,0.0033405265453649857,0.0033349593812925194,0.8570113821518781,0.8593757002070878,0.858510325085025,43.73918961660055,0.8589885407532206,0.8710783287634308,0.8468987527430104,0.02814889241621093,0.004223862719184028,0.004946400556298523,0.8726586809858359,0.8498963531733787,-0.00857301904030261,0.0597828210555623,-0.8374008537545793
2023-01-02,0.8539265413524897,0.8543843071146737,0.853440400183696,0.8538981659458801,4748.0,-3.322932973215398e-05,-3.322988183856199e-05,0.8567148853703545,0.8591608949419424,0.8584644329542873,43.69977499514532,0.858528055350859,0.8706587142069913,0.8463973964947267,0.028259201969060396,0.0038376812534936283,0.004494307877148971,0.8726586809858359,0.8498963531733787,-0.0031923007937991743,0.05949162120342723,-0.7633368409562289
2023-01-03,0.8538981659458801,0.8549064648192551,0.8502384266458591,0.8512467255192342,1847.0,-0.0031051014422882606,-0.0031099322725088837,0.8561941082416763,0.8588505353567382,0.858392614969859,40.06654427678089,0.8581053870962372,0.8706462451944978,0.8455645289979765,0.029229179275282183,0.0036089632318340647,0.004239620692382351,0.8726586809858359,0.8498963531733787,-0.00611535956191156,0.05892153667323589,-1.0938105707382548
2023-01-04,0.8512467255192342,0.8520425582671842,0.8479978616672197,0.8487936944151697,3818.0,-0.002881692264446789,-0.00288585233354841,0.8554893069248661,0.858456149437461,0.8582971033225486,37.001485537902504,0.8574238367547548,0.8704485764309602,0.8443990970785493,0.030381100029834702,0.0035990918768163244,0.004240243418980801,0.8726586809858359,0.8479978616672197,-0.003961493816845518,0.057845953892356514,-1.3251922962193534
2023-01-05,0.8487936944151697,0.852065935883349,0.8486535370788553,0.8519257785470346,5661.0,0.003690041705626479,0.003683250203887494,0.8551499232698345,0.8582000564613659,0.8582337070561256,42.99753990830283,0.8568685626512191,0.8698335122610548,0.8439036130413835,0.03026123299405699,0.00367083465178854,0.004308866739599281,0.8726586809858359,0.8479978616672197,-0.0026141591297892397,0.05980685796632089,-0.7624841211006038
2023-01-06,0.8519257785470346,0.8530283222401459,0.844661061064735,0.8457636047578464,6884.0,-0.007233228462340646,-0.0072595150941792705,0.8542559881734547,0.8577123524729926,0.8581096264362422,35.78177548093707,0.8556775637942277,0.8680889840205253,0.8432661435679301,0.029009572650854923,0.00379035402215138,0.004481576176639346,0.8726586809858359,0.844661061064735,-0.01166541769894025,0.05575464035691297,-1.5975543258740554
2023-01-09,0.8457636047578464,0.8526484073765356,0.8433423393155096,0.8502271419341988,6173.0,0.005277523354330738,0.005263646031802672,0.8538722885316208,0.8574188148048046,0.8580311937546299,43.215378594669765,0.8545785874755941,0.8644626176108473,0.8446945573403409,0.023131939601834368,0.004343862529608199,0.00510906123242109,0.8726586809858359,0.8433423393155096,-0.006103304038928115,0.05862419604559101,-0.8805002578604241
2023-01-10,0.8502271419341988,0.8515206700166131,0.8470055223830338,0.8482990504654482,4856.0,-0.0022677369065922104,-0.0022703121159324455,0.8533415039538901,0.857061176987575,0.8579343565079713,41.007199244383585,0.8536555276881588,0.8620916122583689,0.8452194431179486,0.019764610657548223,0.004181805278907784,0.004929635694644824,0.8676585960660376,0.8433423393155096,-0.004517643928631854,0.055778092983737926,-1.2698965208636228
2023-01-11,0.8482990504654482,0.8512160862984584,0.8476584602991103,0.8505754961321205,1282.0,0.0026835414532448976,0.0026799471846891,0.853078074637531,0.856806836561871,0.8578611340166694,44.606118938521796,0.8531499597227002,0.8610036317263597,0.8452962877190408,0.01841100011588157,0.004290785230850517,0.005044567178765782,0.8630110110619907,0.8433423393155096,-0.0016813285364218888,0.05261452772630495,-0.6556076162539499
2023-01-12,0.8505754961321205,0.8508915918260002,0.8494719300841138,0.8497880257779935,9741.0,-0.000925808887873969,-0.0009262377136166213,0.8527647366509084,0.8565315890801504,0.8577808045814588,43.61489991613957,0.8525817474559758,0.8595973554296081,0.8455661394823435,0.01645732622019235,0.004110265241771065,0.004836812378013983,0.8624354221821702,0.8433423393155096,-0.001522117013007751,0.05245546217125654,-0.7964303845033327
2023-01-13,0.8497880257779935,0.8509959096317481,0.8449823751661167,0.8461902590198713,8220.0,-0.0042337225860865635,-0.004242710165804129,0.8521385959241429,0.8561260467248453,0.8576654757699008,39.31626181643241,0.8518257317421206,0.8581004364500049,0.8455510270342363,0.014732367135825989,0.0045156727734832,0.005336474540269032,0.8623186793931278,0.8433423393155096,-0.00905965789559049,0.053839764438169714,-1.7962511335930094
2023-01-16,0.8461902590198713,0.8486665483727479,0.8449657262017857,0.8474420155546623,4779.0,0.0014792849733826774,0.0014781919092026034,0.8516913025556209,0.8557854964828774,0.85756374979761,41.47744139190234,0.8513661927449064,0.8575032621623461,0.8452291233274668,0.014416991113196515,0.004236854236095084,0.004999580099084426,0.8577189719001047,0.8433423393155096,-0.0075607966484694256,0.05163448386419543,-1.2788439964824019
2023-01-17,0.8474420155546623,0.8508292844434542,0.8461354170868974,0.8495226859756894,3832.0,0.002455236326305288,0.0024522271580692764,0.8514847676432464,0.8555398960708308,0.8574837392123172,44.984717716228694,0.8510181052535233,0.8567061537965729,0.8453300567104737,0.0133676322699506,0.004414733508679674,0.005196722326030984,0.8577189719001047,0.8433423393155096,-0.0020253112192510914,0.052709933562115854,-0.5258110111107347
2023-01-18,0.8495226859756894,0.8528237733625867,0.848832862739934,0.8521339501268314,2433.0,0.003073801552624822,0.0030690870830576886,0.851546594546445,0.855406329563223,0.8574305074801234,49.106992968344045,0.8510163248171911,0.8567028778952925,0.8453297717390897,0.013364145697963995,0.004464172155624121,0.005238815041883585,0.8576006196063504,0.8433423393155096,0.003935297509441549,0.051088673425093906,0.39307654190167945
2023-01-19,0.8521339501268314,0.8533639569359708,0.8508689674997476,0.852098974308887,2726.0,-4.104497648416139e-05,-4.104581885225874e-05,0.851599202142868,0.8552766293571706,0.8573774573988177,49.053974204678696,0.850913339269014,0.8564324121946224,0.8453942663434056,0.01297211518707557,0.004366352083722055,0.005124231122638632,0.8576006196063504,0.8433423393155096,0.0002032991209022228,0.050341320241941656,0.429650071979187
2023-01-20,0.852098974308887,0.8529482585074047,0.8492702097807808,0.8501194939792985,4546.0,-0.0023230638567474093,-0.0023257663557851456,0.8514582775558613,0.8550743887541169,0.85730523885733,46.025311002371495,0.8506320018621574,0.8556661173488376,0.8455978863754772,0.011836177044032647,0.004561647926268215,0.005365890276101935,0.8576006196063504,0.8433423393155096,0.005150244343629984,0.050354266678923336,-0.20361387584964585
2023-01-23,0.8501194939792985,0.8527328923982084,0.8494246659326187,0.8520380643515285,8032.0,0.002256824347421249,0.002254281544408216,0.8515134953459249,0.8549553172089174,0.8572528291607548,49.29310751659451,0.850461494959583,0.855017018754773,0.845905971164393,0.010713063018582564,0.004464518518567765,0.005239811113328174,0.8576006196063504,0.8433423393155096,0.002129927789896291,0.051180611316416234,0.6921572415493319
2023-01-24,0.8520380643515285,0.8522709960977691,0.8496129159185418,0.8498458476647824,1727.0,-0.0025729093317146123,-0.002576224951342741,0.8513546717572447,0.8547549458542455,0.8571791278523373,45.87539812477219,0.8503463495870577,0.8548382789955781,0.8458544201785373,0.010564940769609336,0.004365474488515105,0.005136783924414779,0.8549064648192551,0.8433423393155096,0.0018234102684491216,0.05015464888049414,-0.22284496338071538
2023-01-25,0.8498458476647824,0.8509623070567266,0.8491511242606533,0.8502675836525975,9256.0,0.0004962499834222367,0.0004961268921202342,0.8512511395568021,0.8545789708659456,0.8571103562682604,46.64186160982488,0.8502593286947727,0.8546826271993371,0.8458360301902084,0.010404586824950289,0.004251101916485074,0.004999722438227152,0.8549064648192551,0.8433423393155096,-0.0003620048789592101,0.05020352209961677,0.0037324895962734467
2023-01-26,0.8502675836525975,0.8505277062221648,0.8487026036777298,0.8489627262472971,5923.0,-0.0015346432468882343,-0.0015358220179856044,0.8510331954320873,0.8543587259789397,0.8570292853227781,44.54023141365623,0.850153291286443,0.8545950438800519,0.8457115386928341,0.010449298118666793,0.00378380487141537,0.004456974086649327,0.8549064648192551,0.8433423393155096,-0.0009711828193164074,0.050345969468052344,-0.5360789526454088
2023-01-27,0.8489627262472971,0.8499828394647432,0.8408733092599744,0.8418934224774205,8075.0,-0.008326989573647525,-0.008361852622387034,0.8501627408649762,0.8538698905475076,0.8568786797223268,35.26841812825727,0.8495516353426895,0.8549895482197278,0.8441137224656512,0.012801841938294407,0.0037697664531112863,0.004477724082958245,0.8549064648192551,0.8408733092599744,-0.005077861032609654,0.0563822636323774,-2.8166000590432234
2023-01-30,0.8418934224774205,0.8430995169190547,0.834987827023151,0.8361939214647852,2350.0,-0.006769860484078238,-0.006792879940729083,0.8488323771125771,0.8531767152893617,0.856672861232202,29.869728526684057,0.8486664231186349,0.8564032242569257,0.8409296219803442,0.018232843735846157,0.0040266623289916025,0.0048154647213148605,0.8549064648192551,0.834987827023151,-0.013272995536473431,0.060258021128344275,-3.2242011733043188
2023-01-31,0.8361939214647852,0.8368269148091655,0.8330904598763135,0.8337234532206937,2174.0,-0.0029544202375495487,-0.0029587931520949273,0.8473934319800167,0.8524138422670611,0.8564445089136796,27.877739006688046,0.8477902595037078,0.8579012964289666,0.837679222578449,0.023852684816590797,0.004039435824241885,0.004845054806407865,0.8533639569359708,0.8330904598763135,-0.01859777615809044,0.0601918732409175,-2.782465613961547
2023-02-01,0.8337234532206937,0.835463928801959,0.826184444759057,0.8279249203403222,3984.0,-0.006954983523579372,-0.006979282151398296,0.8455392880143315,0.8514534923875812,0.8561607319129498,23.856292813682316,0.8467468207999655,0.8601824889887769,0.8333111526111542,0.031734794530714615,0.004600851702885862,0.005557088076289166,0.8533639569359708,0.826184444759057,-0.028409887650768906,0.06349729947119898,-2.8017810793090896
2023-02-02,0.8279249203403222,0.8294069701096601,0.8273981236560459,0.8288801734253839,7586.0,0.001153791921940206,0.001153126815587704,0.843952705672527,0.8505682641929853,0.85588928356979,25.756360088971178,0.8455945405438829,0.8609725637743849,0.830216517313381,0.036372096774917415,0.004314802559170351,0.005205580610450892,0.8533639569359708,0.826184444759057,-0.027248948283660646,0.061494116499663146,-2.1737991766518396
2023-02-03,0.8288801734253839,0.8299920009774742,0.8267182884607774,0.8278301160128677,9733.0,-0.0012668386169459867,-0.0012676417353392636,0.8424172209430357,0.8496765721074905,0.8556100878727063,25.017341442746982,0.8446978661066339,0.862004772474058,0.8273909597392097,0.040977743787124356,0.004284294726722815,0.005175330836425163,0.8533639569359708,0.826184444759057,-0.0262191116946362,0.057454471017361224,-1.9492507483042059
2023-02-06,0.8278301160128677,0.8308284591177258,0.8267078560870321,0.8297061991918903,1773.0,0.0022662659194598866,0.0022637018120864,0.8412066474429266,0.8488934202284474,0.8553523377365788,28.94033668528887,0.8436718189695185,0.8620014585800966,0.8253421793589404,0.04345206085694878,0.004243347274875456,0.005114276932013228,0.8533639569359708,0.826184444759057,-0.0262099383748009,0.0539319986096011,-1.523829172240642
2023-02-07,0.8297061991918903,0.8305643319757137,0.8273514804489853,0.8282096132328087,5247.0,-0.0018037541005950786,-0.0018053828238616437,0.8399688346610106,0.848082290542344,0.8550822608758448,27.69553281009364,0.8426673471078866,0.8620980541119329,0.8232366401038403,0.04611714710611314,0.0041877716251665685,0.0050564151372502735,0.8533639569359708,0.826184444759057,-0.025459010585773933,0.05383698077358703,-1.4881325596713695
2023-02-08,0.8282096132328087,0.8311924236957796,0.8269277288271243,0.8299105392900952,1468.0,0.0020537386068812946,0.002051632568756843,0.8390109017685424,0.8473696728461774,0.8548317959844444,31.311700555413452,0.8416340992657853,0.861487345493054,0.8217808530385166,0.04717785613626642,0.004314179156054579,0.005198366512786938,0.8533639569359708,0.826184444759057,-0.023941926934403446,0.05327916683526608,-1.181021969050847
2023-02-09,0.8299105392900952,0.8311599296846747,0.8287098982627384,0.8299592886573179,4360.0,5.874050866316871e-05,5.8738783507047076e-05,0.8381488433769972,0.8466869126819083,0.8545843083493486,31.41756851626924,0.8406426624097515,0.8607600799836362,0.8205252448358668,0.04786199528874013,0.004226463634291173,0.005092374640602689,0.8533639569359708,0.826184444759057,-0.022384301456885858,0.05346645329459974,-1.0621019038051955
2023-02-10,0.8299592886573179,0.8302872506423665,0.8278739483274606,0.8282019103125092,6629.0,-0.0021174271663996214,-0.002119672084829442,0.8372015164184745,0.8459620106282064,0.8543217969260964,29.643801205379006,0.8397432449743836,0.8604171149651934,0.8190693749835738,0.04923855027006603,0.0041625404806709,0.005025997198074839,0.8533639569359708,0.826184444759057,-0.016262761769324174,0.052377011890236386,-1.1165141956493734
2023-02-13,0.8282019103125092,0.8292549452262727,0.8270824435747005,0.828135478488464,3651.0,-8.0212111585376e-05,-8.021532874883663e-05,0.836338084234664,0.8452629309364519,0.8540612365436325,29.575825059878284,0.8387779181210735,0.8597391571993279,0.8178166790428191,0.04998042658349709,0.00412785630012411,0.004984518122153622,0.8533639569359708,0.826184444759057,-0.009637050413144554,0.05165844357855411,-1.015439935862391
2023-02-14,0.828135478488464,0.8327408604371963,0.8276211360986903,0.8322265180474225,9640.0,0.004940060733088725,0.0049278986708369815,0.8359465065025459,0.8447516990584507,0.8538439756630734,38.872013500149556,0.8379131097246602,0.8584303028638691,0.8173959165854512,0.048972125871024876,0.004364180696012164,0.005243981778244035,0.8533639569359708,0.826184444759057,-0.0017954816641999605,0.054624158292444054,-0.5543245256457997
2023-02-15,0.8322265180474225,0.8332415773776689,0.8313887496727999,0.8324038090030462,6152.0,0.00021303209135847823,0.0002130094032446443,0.8356091067406888,0.8442674680758858,0.8536306406714314,39.24629083993198,0.836926602668471,0.8564374279348876,0.8174157774020543,0.046624937489638946,0.004366161064614594,0.005245243975810082,0.8533639569359708,0.826184444759057,0.005409776360980834,0.052688510223513604,-0.4636188991154219
2023-02-16,0.8324038090030462,0.83797897285043,0.831950531633877,0.8375256954812608,2536.0,0.006153127151531157,0.006134273962513256,0.8357916390016956,0.8440030848368809,0.8534703924605839,48.967651378039655,0.8361979387270896,0.8543651878335282,0.818030689620651,0.043452030350837514,0.004146083279742038,0.0049503953157635444,0.8529482585074047,0.826184444759057,0.010430364162468564,0.05868772935841007,0.14617036915078258
2023-02-17,0.8375256954812608,0.838251297433228,0.8331035478497398,0.8338291498017071,3384.0,-0.004413650470066588,-0.0044234193802698794,0.8356047352683634,0.8436041069923643,0.8532749572102468,43.55130713336062,0.8353834215182101,0.8523432201771108,0.8184236228593094,0.0406036275608111,0.003934373257426642,0.004718440532286831,0.8527328923982084,0.826184444759057,0.007246696722913226,0.05983890075977855,-0.18328893494113635
2023-02-20,0.8338291498017071,0.834232102033124,0.8311640339338824,0.8315669861652993,7914.0,-0.0027129821941889176,-0.00271666900005075,0.8352201877347383,0.8431320630383619,0.8530589574983568,40.592253928759646,0.8343598676088986,0.8494560501790361,0.819263685038761,0.03618626244188871,0.0038866313407401876,0.004673864409484386,0.8522709960977691,0.826184444759057,0.0022427058821803403,0.05888802644065656,-0.3700116146083136
2023-02-21,0.8315669861652993,0.83912727128594,0.8305798547781068,0.8381401398987475,7057.0,0.007904539072383976,0.007873461863329729,0.8354982784170248,0.8429363013466122,0.8529105115520921,51.00841181488619,0.8337745822205969,0.8471526763298872,0.8203964881113065,0.03209043402033294,0.0038343408025209857,0.004574820629619526,0.8509623070567266,0.826184444759057,0.011990354262100711,0.06687175885356667,0.6526426922230978
2023-02-22,0.8381401398987475,0.8386598940261847,0.8307720251152603,0.8312917792426975,4047.0,-0.008170901654796392,-0.008204466433097827,0.8350976594480414,0.8424796534209685,0.8526953997878195,42.62329663702472,0.8328257920001019,0.843744292149914,0.8219072918502898,0.026220369865324174,0.004254270978043143,0.0051176627560527085,0.8505277062221648,0.826184444759057,0.0016643239086755468,0.07174122388264456,-0.28099331160073027
2023-02-23,0.8312917792426975,0.8373047330371411,0.8307896337357563,0.8368025875302,7829.0,0.006629210615462622,0.006607334028549042,0.8352600335511041,0.8422570233860365,0.8525372623524203,49.77775435456192,0.832217785064247,0.8403519964203955,0.8240835737080986,0.01954827570891311,0.004485798605520864,0.005360641413359604,0.8499828394647432,0.826184444759057,0.008245342833565816,0.07678791501843275,1.1272887475409339
2023-02-24,0.8368025875302,0.8405724148871184,0.8355862010262045,0.839356028383123,6989.0,0.003051425618148862,0.0030467794681851667,0.8356501282970107,0.8421432588761183,0.852406105795512,52.7195845195354,0.8320909153595322,0.8396484179158928,0.8245334128031715,0.018165088494194667,0.004547627950536592,0.005417996412436361,0.8430995169190547,0.826184444759057,0.013467872908437206,0.07230948150630946,1.922622710190465
2023-02-27,0.839356028383123,0.8401825347319423,0.8371148634967736,0.8379413698455929,8966.0,-0.0016854093968386996,-0.0016868312971368522,0.8358683417778281,0.8419784789141369,0.8522621780746173,50.93931769713832,0.8321782877785724,0.8399722225732996,0.8243843529838452,0.018731406260387932,0.004537257929710904,0.005414767778498611,0.8405724148871184,0.826184444759057,0.01184092652934865,0.06826677943317982,1.4788633004523801
2023-02-28,0.8379413698455929,0.8403019321181131,0.8366253146597715,0.8389858769322918,8871.0,0.001246515716119001,0.001245739460413396,0.8361652498877771,0.8418611219736725,0.8521300755756888,52.22219108991966,0.8324414089641523,0.8407905257999236,0.824092292128381,0.020059350113686793,0.0044952524004027794,0.0053579595604629675,0.8405724148871184,0.826184444759057,0.008122018150452659,0.06738604088787883,1.56770305096223
2023-03-01,0.8389858769322918,0.8398602160453045,0.8310626079320896,0.8319369470451023,9908.0,-0.008401726514114194,-0.008437219962304968,0.8357625543789509,0.8414719386431403,0.8519291489236432,43.88269210654579,0.8326420102993914,0.8407226931278482,0.8245613274709347,0.019409740869431265,0.004948650735494109,0.005948348313019237,0.8405724148871184,0.8267078560870321,-0.0005608599490949384,0.06961727368862698,-0.1745058602736301
2023-03-02,0.8319369470451023,0.8323247140620905,0.8254078151994507,0.8257955822164389,5040.0,-0.00738200755535201,-0.007409389411731133,0.8348133189349021,0.8408571795675833,0.8516691134340193,38.16436149054632,0.8324877807389441,0.8409781373963728,0.8239974240815154,0.020397552622075422,0.0052703362031893885,0.00638213174868747,0.8405724148871184,0.8254078151994507,-0.014005675680292429,0.07456646880095526,-1.576423416005693
2023-03-03,0.8257955822164389,0.8274719141043319,0.8230046615388525,0.8246809934267455,2432.0,-0.001349715127685558,-0.001350626813585012,0.8338483355531728,0.8402228193267662,0.8514005749264842,37.21649765091905,0.832330324609638,0.8412883023019215,0.8233723469173544,0.021525054242099977,0.0054342469827541795,0.006589514037632409,0.8405724148871184,0.8230046615388525,-0.010971259972306191,0.07458312888031206,-1.7078254591952389
2023-03-06,0.8246809934267455,0.8259618198460708,0.8216245727518903,0.8229053991712155,9100.0,-0.002153067998029057,-0.002155389181306563,0.8328061511358436,0.8395437048108623,0.8511170408393672,35.69554492704694,0.8319902846086042,0.8418396353417781,0.8221409338754304,0.0236766003531094,0.005378355751016639,0.006535812933580724,0.8405724148871184,0.8216245727518903,-0.010415982281867575,0.07430981428570878,-1.8447683879892065
2023-03-07,0.8229053991712155,0.829846094193351,0.8212232401538989,0.8281639351760344,9945.0,0.006390207197710662,0.006369876389780074,0.8323640353301475,0.8390974393349867,0.8508886517282893,43.110645178251765,0.8319880007057655,0.8418410631894833,0.8221349382220478,0.023685587954055877,0.005861929060629711,0.007078223056626707,0.8405724148871184,0.8212232401538989,-0.011902788385625196,0.07786548464974143,-0.776218670296759
2023-03-08,0.8281639351760344,0.8337649874686545,0.826311852159183,0.8319129044518031,8552.0,0.004526844404268537,0.0045166290613817125,0.8323210704845908,0.8388156928689795,0.8506998383225532,47.73761730451058,0.8320881189638509,0.8418928741116558,0.822283363816046,0.023566626957765357,0.005963692924409601,0.007168650579280812,0.8405724148871184,0.8212232401538989,0.0007471807428089949,0.079210223701232,-0.03574072160018283
2023-03-09,0.8319129044518031,0.833855489423358,0.831084654106929,0.8330272390784839,2657.0,0.0013394847233618723,0.0013385884140056598,0.8323883246363901,0.838588694681117,0.8505239915639058,49.06373300276552,0.8322415164849092,0.8420019330397741,0.8224810999300443,0.02345573096638927,0.005793913333905372,0.00695525075544318,0.8405724148871184,0.8212232401538989,-0.004511635728635777,0.0793248214565098,0.1610018566642111
2023-03-10,0.8330272390784839,0.8344848923009567,0.8302441425912751,0.8317017958137479,3577.0,-0.0015911163555734076,-0.0015923835255234914,0.8323229409389956,0.8383186202157299,0.8503367060340535,47.51921950078308,0.8324165107599713,0.8419957937156657,0.8228372278042768,0.023015600560226362,0.005877676306079652,0.0070670477515668425,0.8405724148871184,0.8212232401538989,-0.009119172687804045,0.07914300001690358,-0.14922096978009416
2023-03-13,0.8317017958137479,0.8329188025844071,0.8313316821272042,0.8325486888978634,9911.0,0.0010182653066017622,0.0010177472261501872,0.8323444407446021,0.838092348399343,0.8501597108386686,48.63191573276966,0.8326371712804411,0.8420021570947394,0.8232721854661429,0.022494757950564773,0.005380512302463202,0.006462699868743989,0.8405724148871184,0.8212232401538989,-0.006435630393476277,0.0791832832791576,-0.01889642639771112
2023-03-14,0.8325486888978634,0.8364057160674875,0.832228895705408,0.8360859228750321,8410.0,0.004248681217492889,0.004239681054991121,0.8327007723760715,0.8380136650454485,0.8500196731474882,53.10420719824741,0.8328301415218217,0.8423177462651504,0.8233425367784929,0.022784009056137595,0.005115437406117133,0.006118315434048667,0.8405724148871184,0.8212232401538989,-0.0034564992534357186,0.07867977488156695,0.6863231429407453
2023-03-15,0.8360859228750321,0.8378769159695153,0.8306606523701495,0.8324516454646327,4133.0,-0.004346775027502359,-0.004356249720279485,0.8326770460035536,0.8377955466305146,0.8498448669018877,48.43802074110086,0.832832533344901,0.842319709657323,0.8233453570324791,0.022782914769956475,0.005165520570258629,0.006205189933134789,0.8405724148871184,0.8212232401538989,0.0006186747942358295,0.08034994404229628,-0.08029530973713264
2023-03-16,0.8324516454646327,0.833089906090955,0.8293905848760174,0.8300288455023397,8578.0,-0.0029104392735517237,-0.002914682837691488,0.8324248364320095,0.8374909701156843,0.8496476925596037,45.56369326878693,0.8324576908459548,0.8417546139364946,0.8231607677554149,0.0223360855278836,0.005073599666974611,0.006112558249591953,0.8405724148871184,0.8212232401538989,0.0051262847332491646,0.07755930370799455,-0.522505203057252
2023-03-17,0.8300288455023397,0.8303930040258327,0.8286443440815349,0.8290085026050279,8077.0,-0.001229286069804325,-0.0012300422617060056,0.8320994713056303,0.8371583243309526,0.8494423274854288,44.369572178112755,0.8322166584861209,0.8416132958231073,0.8228200211491346,0.022582189965001952,0.004979384574769549,0.00600643366035767,0.8405724148871184,0.8212232401538989,0.005247494743756187,0.07620631103708078,-0.6828306267531092
2023-03-20,0.8290085026050279,0.8309891272864255,0.8280685266099742,0.8300491512913718,5529.0,0.0012552931400267031,0.0012545059183201404,0.8319042027328438,0.8368795332313612,0.8492493605581248,45.92611021850741,0.8321407667424247,0.8415838994751028,0.8226976340097465,0.022695998345676833,0.004925383376063098,0.0059338454456586065,0.8405724148871184,0.8212232401538989,0.008681134097979104,0.0758261000722155,-0.4429918566779814
2023-03-21,0.8300491512913718,0.8340564976689987,0.8286851302092899,0.8326924765869168,8424.0,0.0031845406882624605,0.003179480778045555,0.8319792764332318,0.8367153349315791,0.8490846154439835,49.77058169297123,0.8318683835768329,0.8408876453483376,0.8228491218053282,0.021684348028047536,0.004680651900812667,0.005621105068701913,0.8405724148871184,0.8212232401538989,0.0054681702722538805,0.07092633549756173,0.18274067899604104
2023-03-22,0.8326924765869168,0.8338534187158985,0.8267699329914857,0.8279308751204674,1805.0,-0.005718319307947306,-0.00573473149244812,0.8315937144034448,0.8363708463115355,0.8488741304656401,43.73809943135806,0.8317003383707215,0.8408884927612945,0.8225121839801486,0.02209486750617972,0.004692550962367877,0.005667805252081089,0.8405724148871184,0.8212232401538989,-0.004786594017266443,0.06778897071766402,-0.8205049871869056
2023-03-23,0.8279308751204674,0.8296456215357761,0.8264954993664777,0.8282102457817865,8420.0,0.0003374323505913601,0.0003373754330992561,0.8312714792966202,0.8360508227613492,0.848668519672766,44.165698607180744,0.8312707212833009,0.8402556413187551,0.8222858012478468,0.02161731384351752,0.00459847021978353,0.00555229815521398,0.8405724148871184,0.8212232401538989,-0.005782515949929845,0.06289179380514301,-0.6812471317358242
2023-03-24,0.8282102457817865,0.8319028993475666,0.8274310986003429,0.831123752166123,8947.0,0.003517834268744524,0.00351166116284621,0.8312574100460965,0.8358576043066345,0.8484939448717049,48.55677049477668,0.830859107472451,0.8389989721246813,0.8227192428202206,0.019593850699892036,0.004608081195000898,0.005544398391925449,0.8403019321181131,0.8212232401538989,-0.0006950131050990072,0.06326264260620196,0.0650243474501829
2023-03-27,0.831123752166123,0.8341837098112819,0.8296894348730323,0.8327493925181911,3517.0,0.001955954631101875,0.0019540442425257172,0.8313995036148675,0.8357357136482642,0.8483372826592323,50.87810513397234,0.8305995086060808,0.8380939211134824,0.8231050960986792,0.01804579085287146,0.004313182687772151,0.005179448615062102,0.8403019321181131,0.8212232401538989,0.0002410713307272605,0.06366549684626051,0.5737298047010613
2023-03-28,0.8327493925181911,0.8334249037584422,0.830488458397924,0.8311639696381751,4561.0,-0.0019038415329513114,-0.0019056561427613964,0.8313770718075635,0.8355564295694372,0.8481664039227044,48.57594201356062,0.830208413241375,0.8365945474037733,0.8238222790789766,0.015384412059774198,0.0039905619771326405,0.004801172960937929,0.8398602160453045,0.8212232401538989,-0.005886898824862485,0.06363059441533278,0.29925973131803446
2023-03-29,0.8311639696381751,0.8334188337894011,0.8302228052268408,0.8324776693780668,8564.0,0.0015805542442648424,0.0015793064830018576,0.831481890623802,0.835435693875658,0.848010297111315,50.57173815472143,0.8302354493580232,0.8366568764102229,0.8238140223058235,0.015468930065959173,0.004020932923284878,0.004830079017361348,0.8378769159695153,0.8212232401538989,3.1261771870960686e-05,0.05658296806023472,0.6983556775827588
2023-03-30,0.8324776693780668,0.8371097160274484,0.8308892349622314,0.8355212816116131,2220.0,0.0036560887402783404,0.0036494214935954283,0.8318665945274031,0.8354390502574601,0.8478860283003729,54.93551136333309,0.8307217343277818,0.8372002508332275,0.8242432178223362,0.01559732034864363,0.004162342305823122,0.0049817310431572726,0.8378769159695153,0.8212232401538989,0.0066171629323910075,0.050636729394426094,1.481680961929149
2023-03-31,0.8355212816116131,0.840368884244331,0.8342363975050556,0.8390840001377735,8912.0,0.004264066762355023,0.0042550013907748105,0.8325539664902956,0.8355819894684527,0.8477984459305958,59.44855975970471,0.8314418846633332,0.8382849017765571,0.8245988675501094,0.016460602333005513,0.004487011325971156,0.005347511483039137,0.840368884244331,0.8212232401538989,0.012153672128916604,0.0516937981782251,2.233551472397231
2023-04-03,0.8390840001377735,0.8453146207783647,0.8382987577349698,0.844529378375561,4932.0,0.00648966996974476,0.006468702726357112,0.8336944819079398,0.83593286746481,0.8477659178952224,65.18716281291839,0.8325230836235505,0.8404365468820917,0.8246096203650094,0.019010796010839368,0.0046898000889222646,0.005553152097494846,0.8453146207783647,0.8212232401538989,0.017445023661142534,0.05403799221295722,3.0343970420414568
2023-04-04,0.844529378375561,0.845506833662631,0.8433823157643432,0.8443597710514132,6286.0,-0.000200830579125566,-0.00020085074828675673,0.8347102237311278,0.8362633342721277,0.8477320258868263,64.87919411077101,0.8333328754173195,0.842571792164344,0.824093958670295,0.022173412377131493,0.004326103967416696,0.005123531598420122,0.845506833662631,0.826311852159183,0.014011528616565627,0.0507748879916387,2.387053793432045
2023-04-05,0.8443597710514132,0.8473040159621485,0.8437900336098839,0.8467342785206192,7049.0,0.0028121987221740863,0.002808251889135326,0.8358553718063174,0.8366739595367745,0.8477220980523367,67.21448073050686,0.8340739441207603,0.8450480394438136,0.823099848797707,0.026314442263561222,0.004312865477225766,0.005093528851531834,0.8473040159621485,0.8264954993664777,0.022711320431691773,0.049533070898776475,2.3073126352863595
2023-04-06,0.8467342785206192,0.8480409253783774,0.8410376560360797,0.8423443028938379,8504.0,-0.0051845965589716325,-0.005198083215154757,0.8364733652432241,0.8368963259429338,0.8476685876527497,59.35639940518965,0.834539797311528,0.8461020681469501,0.822977526476106,0.02770933362955232,0.004688194719940039,0.0055656513658772855,0.8480409253783774,0.8264954993664777,0.017065783940778845,0.053960062616158905,1.3499952895758174
2023-04-07,0.8423443028938379,0.8446213864413007,0.8391602461310352,0.841437329678498,8370.0,-0.0010767250543797235,-0.0010773051392330682,0.8369461237608693,0.8370744045207992,0.8476065850858417,57.8515747689387,0.8350265740047655,0.8469012855417449,0.8231518624677862,0.028441517687343966,0.0048696618366410515,0.005787313760493231,0.8480409253783774,0.8264954993664777,0.01240919596569734,0.053718212760546044,1.0797324471872116
2023-04-10,0.841437329678498,0.8415008407624559,0.8391060792416046,0.8391695903255625,4554.0,-0.002695078139452245,-0.002698716400944039,0.8371578824813163,0.8371565686700057,0.8475226348892222,54.1546751577581,0.8353576190761505,0.8473103728197013,0.8234048653325996,0.02861709397412288,0.004657047126722658,0.005549589952271649,0.8480409253783774,0.8264954993664777,0.007709639736820373,0.05492681191803068,0.6378398369444841
2023-04-11,0.8391695903255625,0.8401085077104437,0.8387565825990246,0.8396954999839058,5772.0,0.0006267024739770033,0.0006265061779900643,0.8373995603387058,0.837256134603884,0.8474447529498659,54.87485959436296,0.8355380979315941,0.8476451629569375,0.8234310329062506,0.028980282419951684,0.004247649940080248,0.005058559847184678,0.8480409253783774,0.8264954993664777,0.010264557484902515,0.0530344510610249,0.6867728955959416
2023-04-12,0.8396954999839058,0.8405703752489873,0.8381230883136871,0.8389979635787685,1726.0,-0.000830701611656437,-0.0008310468354387836,0.8375517892187117,0.837324441622507,0.8473607052944321,53.67058527766237,0.8358654138373011,0.8479751022524382,0.8237557254221639,0.02897521111573178,0.004197447423366085,0.005002929215062406,0.8480409253783774,0.8264954993664777,0.007832395318871477,0.050422419938507865,0.5173625669099459
2023-04-13,0.8389979635787685,0.8396778311726111,0.8387155025072047,0.8393953701010473,5517.0,0.00047366804155712927,0.0004735558962620304,0.8377273683503628,0.8374056545040184,0.8472814482278314,54.28612045420676,0.8363337400672363,0.8482153499291236,0.8244521302053489,0.028413560980888188,0.0039467708460934215,0.004701921152624782,0.8480409253783774,0.8264954993664777,0.00463673227085426,0.04888618019024685,0.515356095579571
2023-04-14,0.8393953701010473,0.8395651991660815,0.8393054234605858,0.83947525252562,3888.0,9.51666251902683e-05,9.516209713427085e-05,0.8378938335099111,0.837486815210748,0.8472037746387546,54.4172189812256,0.8368570775632659,0.8482938829257913,0.8254202722007404,0.02733275649846155,0.0036443066151824305,0.00434117218371629,0.8480409253783774,0.8264954993664777,0.00046628512494861774,0.048465422132828305,0.4578507510380568
2023-04-17,0.83947525252562,0.8435770075317478,0.8387997587536459,0.8429015137597736,4744.0,0.004081432089683812,0.00407312563953674,0.8383707554384694,0.8376991563303177,0.8471609660727946,59.74908695169162,0.837499695686686,0.8487689425492576,0.8262304488241144,0.026911644077271347,0.003775792573581262,0.004479518083600643,0.8480409253783774,0.8264954993664777,-0.0019275405420691172,0.04996262625979983,0.9586830671051447
2023-04-18,0.8429015137597736,0.8439181004075611,0.837951581153374,0.8389681678011615,9678.0,-0.0046664359885503215,-0.004677357791476473,0.8384276518539638,0.8377489214860371,0.8470794456919823,52.2002885120631,0.8378134802473982,0.8488665434846567,0.8267604170101397,0.02638549867685265,0.003973684765840321,0.004736395155795826,0.8480409253783774,0.8264954993664777,-0.006385433597266288,0.052637758886513376,0.2089353021831867
2023-04-19,0.8389681678011615,0.840144520571388,0.8328013741642832,0.8339777269345098,9417.0,-0.00594830776444244,-0.005966069416613418,0.8380038494806825,0.8376010315036243,0.8469490803312115,44.51569099518458,0.8381158228381004,0.8483296151792326,0.8279020304969682,0.024373223993183542,0.004053875147403733,0.004860891384119751,0.8480409253783774,0.8264954993664777,-0.015065590126334794,0.052996309090185004,-0.8102956796812847
2023-04-20,0.8339777269345098,0.8346498240308045,0.8281876205513018,0.8288597176475965,9308.0,-0.006136865675928527,-0.006155773632842736,0.8371329797822933,0.8372582348818193,0.8467690866726681,38.29008795141192,0.8381482964313909,0.8482327953985216,0.8280637974642602,0.024063758191880315,0.004077426343134254,0.004919320189315606,0.8480409253783774,0.8274310986003429,-0.016008400840268888,0.05781189351403084,-1.8421497813762486
2023-04-21,0.8288597176475965,0.8305642851474438,0.8231157482791966,0.824820315779044,5292.0,-0.004873444543808669,-0.004885358498428646,0.8359603451153171,0.8367704733483772,0.8465506909423834,34.222133649729685,0.837833124612037,0.8491595306277538,0.8265067185963201,0.02703737936110281,0.004108331616337986,0.004980880729711004,0.8480409253783774,0.8231157482791966,-0.019748367838402392,0.05879217201038738,-2.297782511934666
2023-04-24,0.824820315779044,0.8323043274250541,0.8240018184396394,0.8314858300856495,3239.0,0.008081171352223304,0.008048693542183346,0.8355342008267774,0.8365632324361133,0.8464007918293812,44.66846316178562,0.8377699464904099,0.8492290681997299,0.82631082478109,0.027356249188275523,0.0045496166939899075,0.00547167074816087,0.8480409253783774,0.8231157482791966,-0.009156385465460049,0.06563406348154927,-1.0967884911545074
2023-04-25,0.8314858300856495,0.8320061156872232,0.8291503022433141,0.8296705878448878,7333.0,-0.0021831306981799914,-0.0021855172020018004,0.8349757614951689,0.8362929326482221,0.8462343221379933,42.68054062122364,0.8376952774007455,0.8493533774084003,0.8260371773930906,0.027833748911247014,0.004502604629107366,0.005426978725138509,0.8480409253783774,0.8231157482791966,-0.011938747009136219,0.06574507902855538,-1.3766719363512958
2023-04-26,0.8296705878448878,0.8309749594521283,0.8272500859516209,0.8285544575588614,4341.0,-0.0013452691976529874,-0.0013461748846130357,0.8343642087393301,0.8359894630368746,0.8460584030874547,41.458796862043556,0.8374991168097852,0.849648539402518,0.8253496942170523,0.0290135770865351,0.004268433497550921,0.0051516631871450485,0.8480409253783774,0.8231157482791966,-0.01244759400292239,0.06558400591686994,-1.4724418683524878
2023-04-27,0.8285544575588614,0.8296204527724702,0.8244738209333196,0.8255398161469284,2653.0,-0.0036384348481026674,-0.0036450700515676775,0.8335237903971967,0.8355796729627591,0.8458542380432704,38.272118907053844,0.837000043536551,0.8502607634263705,0.8237393236467315,0.03168630633228967,0.004245968606757007,0.0051432632608495715,0.8480409253783774,0.8231157482791966,-0.016506588489344276,0.06496258979654468,-1.7284472464305458
2023-04-28,0.8255398161469284,0.8278990979942715,0.8244216825221156,0.8267809643694587,9482.0,0.0015034383542191776,0.0015023093222550179,0.8328816164897931,0.8352346255669435,0.8456644542256206,40.30644965565201,0.8363848917481352,0.8503607375011623,0.8224090459951082,0.033419651385179806,0.004323301031850199,0.005229076645647432,0.8480409253783774,0.8231157482791966,-0.0151216943179322,0.06293249973121985,-1.3743608148503526
2023-05-01,0.8267809643694587,0.828180014810778,0.8244936790305786,0.8258927294718978,8482.0,-0.001074329158313736,-0.0010749066635414592,0.8322160082023744,0.8348682767004711,0.8454677206459816,39.308036240902496,0.8354530593029521,0.8496262499263392,0.821279868679565,0.03392935238088004,0.004490044651048797,0.005436595444931298,0.8480409253783774,0.8231157482791966,-0.02017885127766339,0.05685632606291131,-1.3490723557021627
2023-05-02,0.8258927294718978,0.8322077637094797,0.8250157320591618,0.8313307662967436,2349.0,0.006584434794967953,0.006562852092313284,0.8321316994494572,0.8347295508022858,0.8453270544335515,47.8285834382714,0.8348016090652186,0.8484386550976966,0.8211645630327407,0.032671345824903796,0.0048289549878357775,0.005808704770240732,0.8480409253783774,0.8231157482791966,-0.00910332691696103,0.06305716972691412,-0.5090314662293921
2023-05-03,0.8313307662967436,0.8344877695423824,0.8302796978666522,0.833436701112291,8386.0,0.0025332092843484144,0.0025300061180958382,0.8322559853221081,0.8346788508144429,0.8452087424602057,50.71424361655024,0.8341367301948022,0.8465674727434679,0.8217059876461364,0.02980504777858823,0.005060793774287475,0.00607219932543578,0.8480409253783774,0.8231157482791966,-0.0006487293422181573,0.06285442628366503,-0.11262868324569221
2023-05-04,0.833436701112291,0.8343796637765913,0.8315683690708521,0.8325113317351525,7185.0,-0.0011103055287864372,-0.0011109223746038832,0.8322803040281123,0.8345938500662354,0.8450824000649316,49.42071377185779,0.8336450816368679,0.845472162657097,0.8218180006166388,0.02837437965088586,0.005243045131447728,0.006297866385217807,0.8446213864413007,0.8231157482791966,0.004405587591974847,0.060697664782625,-0.19172100026646755
2023-05-05,0.8325113317351525,0.8328545904445981,0.8321936136532055,0.8325368723626512,7458.0,3.067901483744251e-05,3.067854424609164e-05,0.8323047391075922,0.8345131842739381,0.8449575689435159,49.4590307446125,0.8332000587710755,0.8444482385738813,0.8219518789682697,0.026999949614492924,0.004949025703825628,0.005944512331064472,0.8439181004075611,0.8231157482791966,0.009355439525418063,0.06070475008697644,-0.1179188846641488
2023-05-08,0.8325368723626512,0.8330305874537629,0.8284657265227567,0.8289594416138685,9176.0,-0.004297023792628307,-0.004306282532234548,0.8319861393462852,0.8342953904441314,0.8447983835969523,44.38682427631412,0.8326895513354909,0.8437216817039854,0.8216574209669965,0.026497583284912953,0.004848907252169846,0.005849390221950666,0.8439181004075611,0.8231157482791966,-0.0030384023159129026,0.0617222164988464,-0.6762265486410276
2023-05-09,0.8289594416138685,0.8299619023248397,0.8239686398504548,0.824971100561426,6471.0,-0.004811261989703275,-0.004822873369233538,0.8313180404143938,0.8339297320173586,0.8446010971985889,39.52071505343454,0.8319533313643669,0.8429821290388787,0.8209245336898551,0.0265130200426629,0.004752486971261286,0.005760792066566971,0.8439181004075611,0.8231157482791966,-0.005664280923431297,0.06328191761716473,-1.2661816834444728
2023-05-10,0.824971100561426,0.8288246442985149,0.8248061262884913,0.8286596700255802,9589.0,0.004471149912577577,0.00446118401677462,0.8310648622821258,0.8337230629196418,0.8444424760326883,45.47431032290011,0.8314364166867074,0.8420357279104974,0.8208371054629174,0.02549638435619281,0.00457793800915564,0.005524509246376528,0.8439181004075611,0.8231157482791966,0.00012698316418302547,0.06606996067214425,-0.5239485099550439
2023-05-11,0.8286596700255802,0.8315950782687567,0.8283245879580758,0.8312599962012523,3622.0,0.003137990504101573,0.0031330772876340947,0.8310834464648998,0.8336264720679403,0.8443113070791417,49.265947381214346,0.8310296479917177,0.8409452668438723,0.8211140291395632,0.023863453911943586,0.004279506112186614,0.005148216119798123,0.8439181004075611,0.8231157482791966,0.0069290177680609855,0.06731550896902899,0.04646169098856652
2023-05-12,0.8312599962012523,0.8314693293539687,0.8299692026923003,0.8301785358450167,3502.0,-0.0013009892947788426,-0.0013018363160748685,0.8309972645011015,0.8334912588827276,0.8441706824897475,47.77788887342039,0.8305648121576874,0.8396502814204508,0.821479342894924,0.0218778092444362,0.003793621660490441,0.004569645560191476,0.8439181004075611,0.8231157482791966,0.0041093973155865715,0.06734017966350704,-0.0850316701315327
2023-05-15,0.8301785358450167,0.8313613528000507,0.8276374405927162,0.8288202575477502,1670.0,-0.0016361279394966344,-0.0016374678585325928,0.8307899305055443,0.8333080823597873,0.844017941943061,45.90257876704162,0.8298607493470863,0.8368649209797586,0.822856577714414,0.016880354055021914,0.003855628715020836,0.004651947970514831,0.8439181004075611,0.8231157482791966,0.0035446831911505328,0.06514949025443596,-0.29710631146801064
2023-05-16,0.8288202575477502,0.8294473077178783,0.825548570436299,0.8261756206064271,1835.0,-0.0031908449597357613,-0.003195946560683326,0.8303504724199141,0.8330283779773026,0.8438404064073731,42.412004231682694,0.8292211219873498,0.8349423683731946,0.823499875601505,0.013799085030861273,0.0038680475565259697,0.004681870851728542,0.840144520571388,0.8231157482791966,-0.006201076514081971,0.06420188047166624,-1.0646286405205787
2023-05-17,0.8261756206064271,0.8270440826353825,0.8229339227161683,0.8238023847451237,2203.0,-0.002872556151634509,-0.002876689859159195,0.829726845022315,0.8326665743211388,0.8436410231072512,39.50857825145395,0.8287123548778803,0.8344622414530404,0.8229624683027202,0.013876676367416716,0.0037940138479590846,0.004605490246465983,0.8346498240308045,0.8229339227161683,-0.01155974575430796,0.06178828734978077,-1.7078493874881067
2023-05-18,0.8238023847451237,0.8254629704757751,0.8206395067671146,0.822300092497766,6211.0,-0.0018236075485779102,-0.001825272345088389,0.8290195352580721,0.832260045622183,0.8434286755389976,37.74699739940352,0.8283843736203889,0.8348077624320014,0.8219609848087763,0.015508232690434786,0.003890160150566551,0.0047308278158525435,0.8344877695423824,0.8206395067671146,-0.0122655858823012,0.05847598528297228,-1.894414708828879
2023-05-19,0.822300092497766,0.8223430205024865,0.8170928919139255,0.817135819918646,8367.0,-0.006280277268890133,-0.006300081169709865,0.8278877528447934,0.8316669387318483,0.8431670550850638,32.399094995955394,0.8280001488273688,0.8360376859785978,0.8199626116761398,0.019414337455402494,0.0040018596368780945,0.004897422851046377,0.8344877695423824,0.8170928919139255,-0.01849894335646496,0.0600971182762049,-2.70339749709561
2023-05-22,0.817135819918646,0.8198486153744786,0.816076928219557,0.8187897236753896,9989.0,0.002024025524799855,0.0020219799448762616,0.8270212738762788,0.8311619499061048,0.8429244945735249,35.548440111596264,0.827365343506856,0.8362087998229478,0.8185218871907641,0.0213773912226203,0.0037575493157783585,0.004589150556154323,0.8344877695423824,0.816076928219557,-0.012268052485993608,0.051975240783127645,-1.939427193384092
2023-05-23,0.8187897236753896,0.8229216869001533,0.8178793574919613,0.822011320716725,5937.0,0.003934584116266571,0.003926863884158423,0.8265441354801307,0.8308031017025999,0.8427164032913678,41.286335173325114,0.8269823801504478,0.8360656221881863,0.8178991381127093,0.021967196050987237,0.0038171391538113536,0.004643657645107768,0.8344877695423824,0.816076928219557,-0.0035877376100650338,0.05424661595787406,-1.0945561976812554
2023-05-24,0.822011320716725,0.8230297467489993,0.820749846526473,0.8217682725587473,7968.0,-0.0002956749522206037,-0.00029571867267753075,0.82608929139238,0.8304487946773508,0.8425079641796004,40.989851140589806,0.8266430709004421,0.8359824384363219,0.8173037033645623,0.02259588899887997,0.00377918240501043,0.004598841949985676,0.8344877695423824,0.816076928219557,-0.008316318165478176,0.054146791106232314,-1.0439247246597552
2023-05-25,0.8217682725587473,0.8251167620426798,0.8201228220718009,0.8234713115557334,7745.0,0.002072407823294764,0.0020702633485081712,0.825839959979366,0.8301751678882677,0.8423185447505073,44.02318426192483,0.8265396456708822,0.8359757681359637,0.8171035232058007,0.0228328369111017,0.004088679774973744,0.004965175735447606,0.8344877695423824,0.816076928219557,-0.009369733514318246,0.05341416360759447,-0.6503379171907196
2023-05-26,0.8234713115557334,0.8238279449994791,0.821738985638824,0.8220956190825697,6968.0,-0.0016706015787784079,-0.0016719985897118309,0.825483356084433,0.8298583228370638,0.8421173216095328,42.138851730777944,0.826305378406538,0.8359466869950141,0.8166640698180618,0.023335945379100855,0.0039118296628058115,0.004758363348501088,0.8344877695423824,0.816076928219557,-0.009736359606334122,0.053322800556801594,-0.8732755072273123
2023-05-29,0.8220956190825697,0.8232083578664786,0.8177709728084945,0.8188837115924035,8411.0,-0.003906975558087278,-0.003914627724814725,0.8248548185137635,0.8294279459255085,0.8418861414103574,38.04442189765282,0.8259549275125633,0.8361528632298035,0.815756991795323,0.024693685763101502,0.0038721241330628947,0.004728539691592048,0.8344877695423824,0.816076928219557,-0.011988782688234778,0.05481059321024683,-1.3867935857264573
2023-05-30,0.8188837115924035,0.8193591881573808,0.8133685174132598,0.8138439939782371,3302.0,-0.0061543752095960524,-0.006173391438859528,0.8238061685579992,0.8288168105550273,0.8416071150677493,32.67896312589076,0.8250805888966379,0.8362865619220995,0.8138746158711764,0.02716334180264029,0.004012992185498427,0.004930910856615276,0.8344877695423824,0.8133685174132598,-0.014926156522433232,0.05178676663600891,-2.0054652805016815
2023-05-31,0.8138439939782371,0.8205955653519683,0.8122127901346157,0.8189643615083468,2930.0,0.006291583605698481,0.006271874219201734,0.8233450440770799,0.8284304400041771,0.8413818140373075,41.6785720423339,0.8243569719164408,0.8351525547831228,0.8135613890497587,0.026191524386783016,0.004378155393117843,0.005345965708512972,0.8343796637765913,0.8122127901346157,-0.005872795862655433,0.0567257490639946,-0.9990401583108376
2023-06-01,0.8189643615083468,0.8197244540552654,0.8118032493808021,0.8125633419277206,3413.0,-0.007815992833726026,-0.007846697803576082,0.8223182153009504,0.8278082008639239,0.841095063071043,35.321654435510965,0.8233595724260689,0.8346573309759028,0.8120618138762351,0.027443073301606107,0.004836803822603201,0.005952525265449946,0.8330305874537629,0.8118032493808021,-0.011840872521939882,0.06186465117323207,-1.911216362206132
2023-06-02,0.8125633419277206,0.8204775925820594,0.8117413122456847,0.8196555629000235,5111.0,0.008728206905664004,0.008690336309829152,0.822064629358005,0.827488489571222,0.8408817347111324,45.28020240775777,0.8227155069529377,0.8332535318348754,0.812177482071,0.02561766441225103,0.00519483011753464,0.006337820851425458,0.8330305874537629,0.8117413122456847,0.0030836281068040705,0.07117165396926285,-0.5807433721586658
2023-06-05,0.8196555629000235,0.820831981635124,0.8165637598720002,0.8177401786071008,7332.0,-0.00233681607204117,-0.0023395506877450403,0.821652776905538,0.8271062028667467,0.8406514704712913,43.33941267680388,0.8221545438025993,0.8324854980962874,0.8118235895089113,0.02513141688886293,0.00522122186621639,0.006384939865752919,0.8315950782687567,0.8117413122456847,-0.001281824915410068,0.0702169090549292,-0.8545900155991583
2023-06-06,0.8177401786071008,0.8186865559899035,0.8128064935159445,0.8137528708987471,6981.0,-0.004876008067923765,-0.004887934580237502,0.8209004049048912,0.8265825427895703,0.8403838227143506,39.54000927742087,0.8215936323194655,0.8324837399570971,0.8107035246818338,0.02650971772234277,0.005347643477269586,0.006571581703132298,0.8315950782687567,0.8117413122456847,-0.010046637570364836,0.0702678912883991,-1.4399786818679257
2023-06-07,0.8137528708987471,0.8159755727493719,0.8130680656222924,0.8152907674729172,5437.0,0.0018898815957129056,0.0018880980163057117,0.8203661537208937,0.8261397280712702,0.8401341405726448,41.66422877006129,0.820925187191832,0.831628698168612,0.8102216762150521,0.026076702588195125,0.00521078943572809,0.006391326436676698,0.8315950782687567,0.8117413122456847,-0.007882398605705498,0.06833126507985314,-1.0528171048057267
2023-06-08,0.8152907674729172,0.816208223216734,0.8141594262937688,0.8150768820375857,2870.0,-0.0002623425210547259,-0.00026237693887353906,0.8198624135605787,0.82570589097191,0.8398848146170721,41.446129576427005,0.8201160314836488,0.8299406427501735,0.810291420217124,0.02395907625107964,0.004982122888185535,0.006112457607349725,0.8314693293539687,0.8117413122456847,-0.010193955029579205,0.06677780825763092,-1.0258216451235904
2023-06-09,0.8150768820375857,0.8212486649910311,0.8147819151290326,0.8209536980824781,5334.0,0.007210137073451417,0.007184268305624388,0.8199663454198072,0.8255195304664421,0.8396964452983199,49.29938163733919,0.8196547895955218,0.8282837127554905,0.8110258664355532,0.02105501796488448,0.005174627367262453,0.0063031902765636584,0.8313613528000507,0.8117413122456847,-0.0013890367173662321,0.07278883664359477,0.30105923134931717
2023-06-12,0.8209536980824781,0.822109947312964,0.8162758275342611,0.817432076764747,5397.0,-0.004289671056914135,-0.004298898092555262,0.8197249865002776,0.8252023754193168,0.8394749092930107,45.37229970193988,0.8190853805563718,0.8265985565229204,0.8115722045898233,0.018345281566239522,0.005231183822298947,0.006399533332485626,0.8294473077178783,0.8117413122456847,-0.0017726995995970274,0.07391540376097427,-0.4401078316243066
2023-06-13,0.817432076764747,0.8194041479730181,0.8162830165657832,0.8182550877740542,3862.0,0.001006824949376206,0.001006318441085143,0.8195849961453991,0.8249299327665615,0.8392637667903345,46.44596365768633,0.8186893539147532,0.8254235283824268,0.8119551794470795,0.016451110388751584,0.005291271764063846,0.006466530844871363,0.8270440826353825,0.8117413122456847,0.005420072923626007,0.07352593911643453,-0.12897383124942596
2023-06-14,0.8182550877740542,0.8216052726730211,0.8167450397111027,0.8200952246100696,8350.0,0.0022488547440886464,0.002246329854956025,0.8196335893325106,0.8247403363682677,0.8390730350273469,48.86585364910176,0.8185039959080005,0.8248377731744774,0.8121702186415236,0.015476472437866498,0.005281721263423808,0.006440375586792504,0.8254629704757751,0.8117413122456847,0.001380845314977952,0.07355501245967362,0.5024580546875365
2023-06-15,0.8200952246100696,0.8212495933610476,0.8151601153284112,0.8163144840793892,6758.0,-0.004610123821264689,-0.00462078321545674,0.8193174840703086,0.8244099107883117,0.8388465817840837,44.424295047453036,0.8182047154870815,0.8243459775897213,0.8120634533844417,0.015011553921401787,0.005567472597136762,0.0068202545780080845,0.8251167620426798,0.8117413122456847,0.004616430446849229,0.07501369888004593,-0.6155840203855729
2023-06-16,0.8163144840793892,0.8209360939004915,0.8153372025842233,0.8199588124053255,9086.0,0.004464368079964087,0.004454432348985609,0.8193785629593578,0.8242353579105476,0.838658643780315,49.21591984752583,0.8183458651114155,0.824513396050414,0.812178334172417,0.015073164543108615,0.005579008758442773,0.006804010974742636,0.8251167620426798,0.8117413122456847,0.00036997187480691807,0.07343558642905801,0.5230447353611342
2023-06-19,0.8199588124053255,0.821315381151883,0.8197115003447847,0.8210680690913421,7196.0,0.0013528200066081908,0.001351905770061825,0.819539468305261,0.8241111505058729,0.8384836131863949,50.611712891844306,0.8184597823822133,0.8247448762120775,0.8121746885523491,0.015358344942914043,0.005265666620084002,0.00641319132762208,0.8251167620426798,0.8117413122456847,0.004069618408514497,0.07325077654615617,0.8299913349695234
2023-06-20,0.8210680690913421,0.8228057394727413,0.8201878563104564,0.8219255266918556,9653.0,0.0010443197498379853,0.0010437748273172702,0.8197667119611272,0.8240254397680683,0.8383188561068472,51.71644744665885,0.8184554926809696,0.8247304892158567,0.8121804961460826,0.015333751415931966,0.004853888616150588,0.0059055090254793085,0.8251167620426798,0.8117413122456847,0.010043166771359191,0.07197709869353265,1.1059875464770916
2023-06-21,0.8219255266918556,0.8259476893299151,0.8212369173668612,0.8252590800049208,3097.0,0.004055785110461674,0.004047582585004549,0.8202897946319647,0.8240738178165723,0.8381889080859325,55.851050166773575,0.8186300330532784,0.8254624482894997,0.8117976178170572,0.016692315112696518,0.004624571993907057,0.005603782019435015,0.8259476893299151,0.8117413122456847,0.012226696204228338,0.07338005799019662,1.9404695769950262
2023-06-22,0.8252590800049208,0.8279731920261517,0.8242892566529991,0.8270033686742301,5083.0,0.0021136255408409355,0.0021113949768758198,0.82092918263599,0.8241887021639314,0.8380776091863136,57.88333323927465,0.8188066359092032,0.8263150875096058,0.8112981843088006,0.018339987174298363,0.004263690210819761,0.005155589895183724,0.8279731920261517,0.8117413122456847,0.014632345609937758,0.07339398710477188,2.183335047291857
2023-06-23,0.8270033686742301,0.8288306057812613,0.8262876543007431,0.8281148914077744,8995.0,0.0013440365246955022,0.0013431341160952252,0.8216135358523504,0.8243426703695723,0.8379784776661291,59.17305313401341,0.8191075995254634,0.8275904570872545,0.8106247419636723,0.02071243769855274,0.004140456619205075,0.004999857703520345,0.8288306057812613,0.8117413122456847,0.008723017317569637,0.07314141523937481,2.123645674043143
2023-06-26,0.8281148914077744,0.828329196498877,0.8176365674820159,0.8178508725731185,9583.0,-0.012394438188651935,-0.01247188988323994,0.8212551869686141,0.8240880900638291,0.8377782029885867,45.35979168060363,0.8190559575744991,0.8275571097313228,0.8105548054176754,0.020758416023243284,0.0044842113722695165,0.0054829205698115994,0.8288306057812613,0.8117413122456847,0.0005123310184118601,0.08497859079913471,-0.28351098278209697
2023-06-27,0.8178508725731185,0.8188229523682626,0.8168415122940527,0.8178135920891968,8603.0,-4.558347392158435e-05,-4.558451287970473e-05,0.8209274160277172,0.8238420313197259,0.8375795501438167,45.31841118252402,0.8192544374800471,0.8274220444217361,0.8110868305383582,0.01993912164043143,0.004418063725635976,0.005402286986145015,0.8288306057812613,0.8117413122456847,-0.0005395575187420176,0.0818675579984042,-0.3528194735953771
2023-06-28,0.8178135920891968,0.8195034658789344,0.8172324073310561,0.8189222811207937,4827.0,0.0013556744988361125,0.0013547564018295086,0.8207364507984864,0.8236490999393756,0.837393905675926,46.87069694661563,0.8192523334606696,0.8274202767078155,0.8110843902135237,0.019939993854257345,0.004433939555986913,0.005414359406509899,0.8288306057812613,0.8117413122456847,-0.0014302527975742496,0.07886077577782534,-0.08081651154744762
2023-06-29,0.8189222811207937,0.8222477126627307,0.818312089562849,0.8216375211047859,1178.0,0.0033156259715831915,0.0033101414036316836,0.820822267018134,0.8235702144948819,0.8372371257299445,50.5714616286053,0.8197060424195227,0.82729727193236,0.8121148129066854,0.018521833730614713,0.004253144787264288,0.0051764247347728795,0.8288306057812613,0.8117413122456847,0.006520816583819311,0.07395743370870092,0.5088711076372949
2023-06-30,0.8216375211047859,0.822441455851888,0.819357292449674,0.8201612271967761,6306.0,-0.0017967703154850856,-0.0017983864434323424,0.8207593108446714,0.8234365287184856,0.8370672162918035,48.58970243340949,0.8197313256343604,0.827325215094546,0.8121374361741747,0.018527752259093068,0.004056719331800788,0.004946246173653226,0.8288306057812613,0.8128064935159445,0.00024685970610738295,0.0677244726613006,0.11322302350322083
2023-07-03,0.8201612271967761,0.8219404446457721,0.818139681346289,0.819918898795285,3950.0,-0.0002954643470763907,-0.0002955080052664248,0.8206792716018726,0.8232985824469876,0.8368965862669626,48.255424514389915,0.8198402616437696,0.8273761710815402,0.812304352205999,0.01838384814783602,0.0041052644669613714,0.005006915285149882,0.8288306057812613,0.8128064935159445,-0.0013996041732921016,0.0671597565808379,0.020869983155934316
2023-07-04,0.819918898795285,0.820622332747581,0.8175150892116728,0.8182185231639688,6314.0,-0.002073833928958768,-0.002075987300212544,0.8204449146077865,0.8230993644358888,0.8367107348928036,45.87077390888434,0.8200635442570308,0.8270872451800246,0.8130398433340369,0.017129650433021677,0.003980050936532071,0.004864288480223613,0.8288306057812613,0.8130680656222924,-0.004510145271685362,0.06508768257913809,-0.5253700615360232
2023-07-05,0.8182185231639688,0.8221346649577068,0.8179893037023256,0.8219054454960636,6564.0,0.004506036257695412,0.004495914471019196,0.8205840127876224,0.8230525440853074,0.8365634185803982,51.470747944429334,0.820394278158188,0.8270868393592179,0.8137017169571581,0.016315475081213192,0.00384118545244241,0.004673512596237941,0.8288306057812613,0.8141594262937688,-0.004063735365186338,0.06659014945622418,0.45159612067291555
2023-07-06,0.8219054454960636,0.8232849024045223,0.8184723875610436,0.8198518444695023,8253.0,-0.002498585497656358,-0.002501712171661661,0.820514282471611,0.8229270264533151,0.8363971342608869,48.46326200656012,0.8206330262797839,0.8268507226340731,0.8144153299254946,0.015153414876503932,0.0037850157043860205,0.004616706945186143,0.8288306057812613,0.8147819151290326,-0.008647515204433076,0.06735939941876777,-0.25127692501182625
2023-07-07,0.8198518444695023,0.8221944705279438,0.8187991558291975,0.821141781887639,8890.0,0.0015733786864520205,0.001572142222986798,0.8205740443207565,0.8228570168625042,0.8362453397099094,50.42283769453344,0.8206424304700419,0.826862737381911,0.8144221235581729,0.015159603454347855,0.003912975268075166,0.004765285793983138,0.8288306057812613,0.8151601153284112,-0.008420461451044914,0.06248608252494349,0.16055523454774537
2023-07-10,0.821141781887639,0.8248033871057462,0.82019522274801,0.8238568279661173,8158.0,0.003306427876848428,0.0033009736635311628,0.8208866903822195,0.8228962251410773,0.8361220709363394,54.35666868635732,0.8209636680301104,0.8271493925942212,0.8147779434659997,0.015069423422727723,0.004055138210607402,0.0049221394700562915,0.8288306057812613,0.8151601153284112,0.007343582545926486,0.061346465159765,0.9354312194218243
2023-07-11,0.8238568279661173,0.8240754631030576,0.821587369833479,0.8218060049704193,2105.0,-0.002489295380073364,-0.0024923988271521066,0.8209742441525243,0.8228534714088946,0.8359796225187681,51.06088979161516,0.8211412138899286,0.8272021816551097,0.8150802461247474,0.014762303152387192,0.003896375446787733,0.004741235064263107,0.8288306057812613,0.8151601153284112,0.0048818128236576275,0.06213690559503293,0.21936796440655904
2023-07-12,0.8218060049704193,0.822840441057837,0.8143187835182595,0.8153532196056772,8780.0,-0.00785195694082863,-0.007882945877180957,0.820438908481396,0.8225593438871999,0.8357743846788369,42.35831713560488,0.820904113639709,0.8274859910295066,0.8143222362499115,0.016035678906796892,0.004241927030103803,0.005202563659655741,0.8288306057812613,0.8143187835182595,-0.004358242042494909,0.0678524236051233,-1.686720582986311
2023-07-13,0.8153532196056772,0.8164015691608799,0.8082221892388187,0.8092705387940214,2064.0,-0.007460178810108187,-0.007488145119977281,0.8193752542254555,0.8220382142757028,0.8355106648192865,36.11053725369526,0.8205519163754407,0.8287285168568937,0.8123753158939876,0.019929514070409902,0.004644529061642588,0.005739155003175929,0.8288306057812613,0.8082221892388187,-0.015051627990571359,0.0709476706392626,-2.7594298160974753
2023-07-14,0.8092705387940214,0.8159026284083262,0.8081558202652757,0.8147879098795804,9385.0,0.006817709061522237,0.006794573577571336,0.8189383642877531,0.8217538886131097,0.8353044682527223,44.15655644621233,0.8202933712491534,0.8288663381276812,0.8117204043706255,0.02090219713825749,0.004434113284941825,0.0054420459989362804,0.8288306057812613,0.8081558202652757,-0.006551537842822808,0.07354245996292542,-1.284377146810671
2023-07-17,0.8147879098795804,0.8162172737444809,0.8136249344989359,0.8150542983638365,7809.0,0.0003269421171154807,0.0003268886831877258,0.8185684532473801,0.8214911595837264,0.8351029740249722,44.51984974925246,0.8199926827127781,0.8288677728829286,0.8111175925426277,0.0216467545558797,0.004477748940037186,0.005493804460667159,0.8288306057812613,0.8081558202652757,-0.005933026350040449,0.07332538440056002,-1.112864039522878
2023-07-18,0.8150542983638365,0.8161721721049118,0.8110522668022586,0.8121701405433339,8951.0,-0.0035386081961561455,-0.0035448838793022625,0.8179590901327091,0.8211256294252797,0.8348747866271451,41.380973711756845,0.8195049134053519,0.8289844450777655,0.8100253817329384,0.023134776905784558,0.004681237993949673,0.005763863703260465,0.8288306057812613,0.8081558202652757,-0.007392136024061635,0.07396524170215076,-1.5474968839152672
2023-07-19,0.8121701405433339,0.8150529740830836,0.8113819168975314,0.8142647504372811,4143.0,0.0025790284441458144,0.0025757084572898595,0.817607248256954,0.8208565753473189,0.8346697116401813,44.44446481266327,0.81895519692697,0.8283039636230436,0.8096064302308965,0.022830960060217342,0.004662340428640428,0.005725828640054271,0.8288306057812613,0.8081558202652757,-0.009296318817027638,0.072914226229856,-1.0034364194068452
2023-07-20,0.8142647504372811,0.8151029989249697,0.8122702957717814,0.8131085442594701,6150.0,-0.0014199388800633095,-0.0014209479485984117,0.8171788002571936,0.8205527309909327,0.8344551726612689,43.10532546858362,0.8182604557062321,0.8271445551116906,0.8093763563007735,0.021714600390387338,0.004644378982281451,0.005711880677027283,0.8288306057812613,0.8081558202652757,-0.008225022917885294,0.07220665523282536,-1.1598049980387521
2023-07-21,0.8131085442594701,0.8197465535000136,0.8128119940850821,0.8194500033256256,5238.0,0.007799031397377476,0.007768776157903045,0.81739510531133,0.8205094867687638,0.8343058674937501,51.70108159685618,0.8178272113021248,0.8254423680989071,0.8102120545053424,0.018622899046505693,0.004868221561956336,0.005940840249190708,0.828329196498877,0.8081558202652757,-0.002060275824869562,0.07818091729826271,0.42620055418595426
2023-07-24,0.8194500033256256,0.820727290521231,0.8160001079888074,0.8172773951844128,7894.0,-0.002651300423937464,-0.002654821345630846,0.8173838948230522,0.8203827380791815,0.8341364299583338,48.971281590356135,0.8177985374326893,0.8254176367858701,0.8101794380795084,0.01863319388439954,0.004983931490278862,0.006098212821797517,0.8248033871057462,0.8081558202652757,-0.007986136132351218,0.06509935484911301,-0.1367989112936075
2023-07-25,0.8172773951844128,0.8297698704255667,0.8161161782111084,0.8286086534522623,6971.0,0.013864641717262538,0.013769406827776828,0.8184529194544056,0.8207053229957729,0.8340814272070296,60.64299598605331,0.8183382905008425,0.8273619135362231,0.8093146674654619,0.022053527593968385,0.005663097987355798,0.0068344663838127056,0.8297698704255667,0.8081558202652757,0.008277681643477308,0.0816647328961898,2.2763280139586506
2023-07-26,0.8286086534522623,0.8292621309479701,0.821062234410735,0.8217157119064428,5765.0,-0.0083186936524271,-0.008353487076049387,0.8187636615926948,0.820744946090309,0.8339583852637402,52.74032449529244,0.8184779620401251,0.8276252732675176,0.8093306508127327,0.022352003723086173,0.0059050538226241055,0.007186249133442919,0.8297698704255667,0.8081558202652757,0.007803357057745597,0.08759018552799624,0.707912912511805
2023-07-27,0.8217157119064428,0.8225831488803578,0.8202754213601487,0.8211428583340638,5013.0,-0.0006971432626619034,-0.0006973863800245619,0.8189902517585393,0.8207605504920249,0.833830867582848,52.13229612027446,0.8184532289015889,0.8275671836384656,0.8093392741647122,0.022271168137752123,0.005827369024157155,0.007096656769298016,0.8297698704255667,0.8081558202652757,0.014670396327209012,0.08684274638145591,0.5902222493144763
2023-07-28,0.8211428583340638,0.8224024913921301,0.8164288309497925,0.8176884640078588,1561.0,-0.004206812847661223,-0.004215686379765344,0.8188662719727603,0.8206400765122538,0.8336702466517536,48.50113188051094,0.8183295907421432,0.8274130249555559,0.8092461565287304,0.022199940748018083,0.005924904458771545,0.0072459190994708725,0.8297698704255667,0.8081558202652757,0.0035598885220413656,0.08791300042497678,-0.1411639516996134
2023-07-31,0.8176884640078588,0.8227180995813617,0.8167931556781368,0.8218227912516397,1780.0,0.005056115410405404,0.005043376181513957,0.8191478452374155,0.8206864574824259,0.8335523615233943,52.743588407797496,0.8184247853649609,0.8276175972096592,0.8092319735202625,0.022464646743558667,0.00617039378974628,0.007508180419709148,0.8297698704255667,0.8081558202652757,0.0083043459820904,0.08981634665629902,0.7392745427806191
2023-08-01,0.8218227912516397,0.8288679225020122,0.821163174246458,0.8282083054968306,7954.0,0.0077699405676807665,0.007739910036124669,0.8200107462145027,0.8209814319143633,0.8334991868365629,58.43849603135366,0.8189242744816039,0.829102651305764,0.8087458976574438,0.024857919447077673,0.006112043126601756,0.007379838002149987,0.8297698704255667,0.8081558202652757,0.019747296967562944,0.09333890907292802,1.8242655338107394
2023-08-02,0.8282083054968306,0.8284585796424289,0.8236978491686195,0.8239481233142179,9736.0,-0.005143853489922523,-0.0051571286474967875,0.8203857345097136,0.8210977727535733,0.8334041513786291,53.78179641139322,0.8190264083725116,0.8293703868906378,0.8086824298543854,0.025259206326889307,0.005867853880298051,0.0071216302510592735,0.8297698704255667,0.8081558202652757,0.011892167592587821,0.09429523154502374,0.9516096602640335
2023-08-03,0.8239481233142179,0.8287884316793778,0.8226989805877891,0.827539288952949,4262.0,0.004358485124386524,0.004349014436692625,0.8210670254090694,0.8213503812319802,0.8333457945385726,56.899624710621126,0.8194107805966839,0.8304329872332753,0.8083885739600926,0.026902762076342582,0.005749471233765061,0.006947671621778378,0.8297698704255667,0.8081558202652757,0.017747623973895843,0.0948891056359635,1.4749330373248823
2023-08-04,0.827539288952949,0.8281064770949854,0.8216940613355818,0.8222612494776181,3310.0,-0.006377992617134787,-0.0063984189108670375,0.8211807610346454,0.8213861015553385,0.8332355005578667,51.4103887282325,0.8194667539761828,0.8305372370912177,0.808396270861148,0.027018748622367285,0.00602233384189782,0.0073241124347326395,0.8297698704255667,0.8081558202652757,0.0034306499976612947,0.09783011853452733,0.5048552032277717
2023-08-07,0.8222612494776181,0.8273922586807803,0.8213315252441032,0.8264625344472654,8393.0,0.00510942838704409,0.00509641955081823,0.8216837870739426,0.821585177355022,0.8331681078602488,55.12174503705395,0.8195970393002403,0.8309429663909399,0.8082511122095407,0.02768659852745826,0.006089535851470952,0.007368193472367877,0.8297698704255667,0.8081558202652757,0.01123870465153387,0.09882160439870986,1.2102131614529459
2023-08-08,0.8264625344472654,0.8284207872698729,0.8247974636277684,0.8267557164503759,6221.0,0.00035474324714135363,0.0003546803406323239,0.8221668279669363,0.8217879435940555,0.8331043029705983,55.377886105814426,0.8198445248742381,0.8316018065093206,0.8080872432391556,0.02868173483719009,0.006086126312653254,0.007361456584520101,0.8297698704255667,0.8081558202652757,-0.0022362028131934775,0.09831851052821014,1.175644471340311
2023-08-09,0.8267557164503759,0.8274761924902234,0.8207375586426388,0.8214580346824862,1042.0,-0.0064077957520934925,-0.006428413799980158,0.8220993238446077,0.8217750059896803,0.8329884197040499,49.84217423875794,0.8201497656280786,0.8317317670177247,0.8085677642384326,0.02824362543291453,0.006365121362252995,0.007748565469583934,0.8297698704255667,0.8081558202652757,-0.0003135843944844785,0.0968494334869578,0.22591415946075957
2023-08-10,0.8214580346824862,0.827446993771273,0.820123555212048,0.8261125143008348,7426.0,0.00566611977950604,0.005650127703070902,0.8224815324594864,0.8219451043548237,0.8329200027348637,54.17626076917104,0.8209918644034193,0.8316560423166145,0.8103276864902241,0.025978766357068344,0.006392898443988239,0.007738532383084345,0.8297698704255667,0.8081558202652757,0.006052121036348668,0.09389982795887673,0.9603459242891078
2023-08-11,0.8261125143008348,0.8286426855461252,0.824715379491737,0.8272455507370274,8323.0,0.0013715279899271238,0.0013705883045186432,0.8229352484859189,0.8221529649972631,0.8328635405259299,55.19129044306773,0.8216147464462915,0.832208211963635,0.811021280928948,0.02578694105275778,0.006335764409842856,0.0076588679192025385,0.8297698704255667,0.8110522668022586,0.011687931467597279,0.09141787299887258,1.0630712454800002
2023-08-14,0.8272455507370274,0.8285548653575191,0.8266515741992273,0.827960888819719,3144.0,0.000864722792469852,0.0008643491351071205,0.8234138808986619,0.8223807267157908,0.8328147579218881,55.85612083107536,0.8222600759690858,0.8327427154573098,0.8117774364808618,0.025497138422705432,0.005496450048688103,0.006638538272651313,0.8297698704255667,0.8110522668022586,0.007468882140310162,0.09140286758592768,1.0876674442610212
2023-08-15,0.827960888819719,0.8293435722302527,0.8242221815140118,0.8256048649245455,7229.0,-0.0028455738996705504,-0.00284963024198853,0.8236225460439841,0.822507163508291,0.8327430176930588,53.06358935902565,0.8229318121881464,0.8323609210464259,0.8135027033298668,0.02291589344008432,0.005276556775759944,0.006391140604824542,0.8297698704255667,0.8113819168975314,-0.003143461077371401,0.09099861213922054,0.5669788686450509
2023-08-16,0.8256048649245455,0.8262035720341945,0.8221002960633779,0.8226990031730268,2587.0,-0.0035196761489338924,-0.0035258847815623656,0.8235345895800834,0.8225146866323984,0.8326430772500735,49.75927547884463,0.8233535248249335,0.8318597807954998,0.8148472688543672,0.02066246324110889,0.005404810236517629,0.006569608344816374,0.8297698704255667,0.8122702957717814,-0.0015160179456039646,0.09201875734326498,-0.1538918307117755
2023-08-17,0.8226990031730268,0.8232795570662998,0.8214504665314991,0.8220310204247722,9542.0,-0.0008119406316019484,-0.0008122704339285953,0.8233913925176729,0.8224957193301385,0.8325374846448467,49.00385303962235,0.8237996486331987,0.8308558399061234,0.8167434573602739,0.01713084312340267,0.005108769528836424,0.006214813555571838,0.8297698704255667,0.8128119940850821,-0.006656201828370345,0.09187295560919476,-0.5012982613475587
2023-08-18,0.8220310204247722,0.8288316012046947,0.8211034728574523,0.8279040536373748,6454.0,0.007144539642272685,0.007119138334264158,0.8238211697671682,0.8227078108715988,0.8324913808537276,55.41307417943795,0.8242223511487861,0.8311937950886762,0.8172509072088959,0.01691641564966895,0.005237568417694817,0.006326298795957933,0.8297698704255667,0.8160001079888074,0.006862544189382147,0.0912161615227571,1.056223795338108
2023-08-21,0.8279040536373748,0.8309296107322864,0.8270795349176588,0.8301050920125704,3649.0,0.002658566974669707,0.0026550392365923435,0.8244196385524447,0.8229979003281075,0.832467636686154,57.565540705546134,0.8248637359901941,0.8314970114660923,0.8182304605142959,0.016083324278852913,0.004962234671914344,0.005977839094907274,0.8309296107322864,0.8161161782111084,0.004407407974931665,0.09070664636736928,1.5803221323825858
2023-08-22,0.8301050920125704,0.8306906379763944,0.8290195784556975,0.8296051244195215,9018.0,-0.0006022943334039743,-0.0006024757854980363,0.8249134943493092,0.8232570071552218,0.8324391539770333,56.893660758352475,0.8249135595385569,0.8316789255422959,0.8181481935348179,0.01640260588642388,0.004741543889549171,0.005715422614905918,0.8309296107322864,0.8164288309497925,0.0034464932173428053,0.07647901367593526,1.3869360145102758
2023-08-23,0.8296051244195215,0.8325335634786745,0.8280566948562511,0.8309851339154041,7952.0,0.0016634534373787258,0.0016620714310993634,0.8254917457365563,0.8235600709497388,0.8324246861157236,58.33904467775383,0.825377030639005,0.8324815142973858,0.8182725469806242,0.01721512325798675,0.004626359427465936,0.005567319123589651,0.8325335634786745,0.8164288309497925,0.011597791768632737,0.06987853144056443,1.5787504190493713
2023-08-24,0.8309851339154041,0.8318144348885571,0.8271825726415943,0.8280118736147474,8373.0,-0.003577994574520682,-0.0035844109067484473,0.8257317579154316,0.8237346514464059,0.8323807775336244,54.127912300351,0.8257204814030393,0.8326244090738887,0.81881655373219,0.016722190683991285,0.004499177033720159,0.005433710768033635,0.8325335634786745,0.8164288309497925,0.002299153300588941,0.07130519504076177,0.6637938057732156
2023-08-25,0.8280118736147474,0.8315714407215914,0.8266504915657767,0.8302100586726208,2700.0,0.002654774802053339,0.002651257111836705,0.8261582627494496,0.8239885889846889,0.8323591783409776,56.620986772989106,0.8263465611362774,0.8324025892957776,0.8202905329767771,0.01465735671767745,0.004417763870801418,0.005321260354114172,0.8325335634786745,0.8167931556781368,0.003583588854545239,0.06952979243585822,1.2759179563201526
2023-08-28,0.8302100586726208,0.8310136550786412,0.8291497025220301,0.8299532989280506,4147.0,-0.00030927081873799445,-0.0003093186528203673,0.8265196947664591,0.8242224991785462,0.8323352392423415,56.2365255054607,0.826753086520098,0.8326190870737213,0.8208870859664747,0.014190453351227244,0.00429209450755189,0.005171489182699153,0.8325335634786745,0.820123555212048,0.002406406069701994,0.06772733179206558,1.091105388994842
2023-08-29,0.8299532989280506,0.833889608624415,0.8290615308109683,0.8329978405073327,8758.0,0.0036683287881551507,0.003661616879423528,0.8271366610274947,0.8245666302110477,0.8323418322897544,59.728363570778626,0.826992563270623,0.8334680982765512,0.8205170282646947,0.015660443137042325,0.004155626219399173,0.004988759895065528,0.833889608624415,0.820123555212048,0.00895461727137814,0.06330954187885128,1.8547586357612147
2023-08-30,0.8329978405073327,0.8377935142625543,0.8318749270455048,0.8366706008007264,4975.0,0.004409087412707846,0.00439939586361711,0.8280446552916121,0.8250412957243685,0.8323849046132468,63.51072395273988,0.8276286871449484,0.8352442163455938,0.8200131579443031,0.018403250923832663,0.004055279694958074,0.004846925051599773,0.8377935142625543,0.820123555212048,0.016982635901846566,0.06147761057670895,2.374598906406066
2023-08-31,0.8366706008007264,0.8375714933084109,0.8358276312992875,0.8367285238069719,4063.0,6.92303592240151e-05,6.922796291329362e-05,0.828871690388313,0.8254996183942745,0.8324281247047267,63.56883782934302,0.8280881488876496,0.8367217343129595,0.8194545634623397,0.020851851187357724,0.0038993194060105867,0.004660196581167508,0.8377935142625543,0.820123555212048,0.017879499698934875,0.06002850876638846,2.0015728098299843
2023-09-01,0.8367285238069719,0.8373334545486412,0.8327273591224037,0.8333322898640729,8322.0,-0.004058943667232362,-0.004067203537554631,0.8292965093860044,0.8258067819813255,0.832437121372979,57.760197850388124,0.8286417009069723,0.8371205184541322,0.8201628833598125,0.020464375707569468,0.0040923768537209915,0.004910858373660896,0.8377935142625543,0.820123555212048,0.006556600614345598,0.056960017439138776,1.1064252606005969
2023-09-04,0.8333322898640729,0.8333997635012504,0.83028056638138,0.8303480400185576,9179.0,-0.0035811042987451414,-0.003587531802373084,0.8293966551605332,0.8259848705318051,0.8324163344938306,53.16330456878695,0.828835976185537,0.8372825527859679,0.820389399585106,0.020381780818211306,0.003949363025408817,0.004756274279060805,0.8377935142625543,0.820123555212048,0.0002926713838100614,0.05633663047854345,0.3580299817427706
2023-09-05,0.8303480400185576,0.8321883070697296,0.8295907034251758,0.8314309704763478,6795.0,0.0013041886120019885,0.0013033388967465525,0.8295903994763251,0.82619844307865,0.8324065298767412,54.576071474996624,0.8290697388868355,0.8375326702199928,0.8206068075536783,0.020415487229144626,0.003841815002104327,0.004620726360365496,0.8377935142625543,0.820123555212048,0.0022008615943687193,0.05646282651091052,0.558017428372872
2023-09-06,0.8314309704763478,0.8328267750708339,0.8307294228933659,0.832125227487852,3538.0,0.0008350146147506621,0.0008346661839969287,0.8298318116678991,0.8264308659966579,0.8324037308479961,55.50273480339379,0.8296030985271038,0.8373614115781453,0.8218447854760623,0.018703674238478015,0.00386097654800913,0.004639898443729727,0.8377935142625543,0.820123555212048,0.001371978301315746,0.05062208644631326,0.6501745789723309
2023-09-07,0.832125227487852,0.8350212845940805,0.8308844861784122,0.8337805432846407,8966.0,0.0019892628442308435,0.0019872868809387564,0.8302078813456839,0.8267190886354024,0.8324174304742314,57.71757521161131,0.829986499976294,0.8377763203873997,0.8221966795651884,0.01877095690430662,0.003604452981468133,0.004323023618743313,0.8377935142625543,0.8211034728574523,0.006966892448908579,0.047367841524406484,0.9741028953472729
2023-09-08,0.8337805432846407,0.8360013032307876,0.8329957157711361,0.835216475717283,4727.0,0.001722194700041202,0.001720713423203003,0.8306848903334553,0.8270523195013585,0.8324452816706798,59.59632033397578,0.8303850462253068,0.8383968696716643,0.8223732227789494,0.0192966467370213,0.003544132384684127,0.004243369818154545,0.8377935142625543,0.8211034728574523,0.006030301599412979,0.0474729626181159,1.2060748777914547
2023-09-11,0.835216475717283,0.8365291578548874,0.8319155513423053,0.8332282334799097,9794.0,-0.0023805112748354063,-0.0023833491964978075,0.8309271134902604,0.8272945122063998,0.8324530722359458,55.89304721639858,0.8306484134583163,0.8386710022857042,0.8226258246309284,0.019316448926897333,0.0037543143126759215,0.004505745439033353,0.8377935142625543,0.8211034728574523,0.003945926302225677,0.04851381945057865,0.643139035815047
2023-09-12,0.8332282334799097,0.8388206049059616,0.832036699651003,0.8376290710770549,7105.0,0.005281671240021879,0.005267772133339298,0.8315653951651931,0.8276997890248569,0.8325045747119768,61.583363029240175,0.8312496237659419,0.8394802763190949,0.8230189712127889,0.019803082775218347,0.003919102643571292,0.004678804471926891,0.8388206049059616,0.8211034728574523,0.005559714977053876,0.050030556256090424,1.5501680504467648
2023-09-13,0.8376290710770549,0.8396164257709586,0.8367183054438428,0.8387056601377466,9603.0,0.0012852813946719888,0.0012844561275981673,0.8322454204006744,0.8281313918135977,0.8325662770545219,62.84615661017324,0.8320499566141779,0.8398830982086475,0.8242168150197083,0.01882853675359737,0.003795263935010792,0.004525144058748177,0.8396164257709586,0.8211034728574523,0.002432330399888105,0.04746124788512002,1.6993701552051037
2023-09-14,0.8387056601377466,0.8404469488419818,0.8379117420799999,0.839653030784235,5991.0,0.0011295627196945546,0.0011289252437265919,0.8329509071038707,0.8285832207928385,0.8326367920170066,63.96856079330195,0.8329310571321511,0.8399401024368808,0.8259220118274214,0.016829833020904243,0.0036248537640227413,0.0043170853091986485,0.8404469488419818,0.8211034728574523,0.0034951682583463928,0.04699348074048702,1.9180853767767652
2023-09-15,0.839653030784235,0.8444103826377557,0.8389155865880199,0.8436729384415406,5261.0,0.004787581905767668,0.0047761578833007984,0.8339720529455535,0.829174974426121,0.8327466044192408,68.33922912434524,0.8337195013723593,0.8418115541979534,0.8256274485467652,0.019411931260511568,0.003884199727817363,0.004603916459608602,0.8444103826377557,0.8266504915657767,0.012408793830795073,0.04356945912718737,2.4600524202461753
2023-09-18,0.8436729384415406,0.8449990216029154,0.8425260452226538,0.8438521283840287,9533.0,0.00021239266346406716,0.00021237011133553506,0.8349130125111226,0.829750549091137,0.8328571071452586,68.52252318433285,0.8344068531909322,0.8434819015696987,0.8253318048121657,0.02175209454251667,0.0037159781968755723,0.004403589292346333,0.8449990216029154,0.8266504915657767,0.016263166424971942,0.04315853713800522,2.0815922513859437
2023-09-19,0.8438521283840287,0.8440499756583584,0.8427545884753197,0.8429524357496494,8746.0,-0.0010661733307495425,-0.001066742097840618,0.8356786718671727,0.8302682701365689,0.8329575581761481,66.44263971707811,0.8350742187574387,0.8446136795796952,0.8255347579351822,0.02284697720988423,0.003385749623017655,0.004016536971041148,0.8449990216029154,0.8266504915657767,0.013857392474447616,0.04339279518170972,1.651711168796886
2023-09-20,0.8429524357496494,0.8442366290308023,0.8415578894502692,0.8428420827314221,7842.0,-0.00013091250887620198,-0.00013092107866662878,0.8363609014732917,0.8307613608265632,0.83305591165431,66.17730780545293,0.8356670661982395,0.8456020757451704,0.8257320566513086,0.023777434695683285,0.0034525265924040655,0.004096291183296597,0.8449990216029154,0.8266504915657767,0.012878897177440285,0.043387733621876375,1.4443904657140678
2023-09-21,0.8428420827314221,0.8440066594278847,0.8422234904839362,0.8433880671803987,4090.0,0.0006477897344745465,0.0006475800092715027,0.837030155350159,0.8312565257816155,0.8331587191719826,66.88198091694204,0.836435875876522,0.846255689210168,0.826616062542876,0.02348013426218856,0.0032508889865262808,0.0038545589071405763,0.8449990216029154,0.8266504915657767,0.011522844917812192,0.04033102459644217,1.4159518246759624
2023-09-22,0.8433880671803987,0.8450565196974195,0.8423208802101572,0.8439893327271779,6418.0,0.0007129168293658061,0.0007126628248785561,0.8376929341479704,0.8317558515441866,0.8332664864710393,67.68055309621496,0.8371248395792499,0.8470385406452772,0.8272111385132226,0.023685119822773507,0.0032234920127685585,0.0038193516052537147,0.8450565196974195,0.8290615308109683,0.01050369247369165,0.039811101517889705,1.3848497351713733
2023-09-25,0.8439893327271779,0.8443215184875339,0.8407724216029435,0.8411046073632995,1039.0,-0.0034179642467245808,-0.0034238188308333565,0.8380178554065731,0.832122469419446,0.8333444777236987,60.182586362106846,0.8376824050010125,0.8471417579246743,0.8282230520773508,0.02258458066491274,0.0032914558156283175,0.003913253817437044,0.8450565196974195,0.8290615308109683,0.00945284085069309,0.04243039103502127,0.7235595055823767
2023-09-26,0.8411046073632995,0.8412991077580578,0.8387610505680857,0.838955550962844,8994.0,-0.002555040575978218,-0.0025583102627931213,0.8381071597452656,0.8323904334015401,0.8334003092982175,55.27013608371512,0.8379802905237879,0.8471904449849126,0.8287701360626631,0.021981792567860568,0.0033229347450928997,0.0039607995218331506,0.8450565196974195,0.8295907034251758,0.0015836125220480834,0.042350004223704114,0.21177938832028292
2023-09-27,0.838955550962844,0.8399684644960056,0.8377710628906236,0.8387839764237852,5159.0,-0.0002045096892938636,-0.0002045306042519608,0.8381716184765532,0.832641160578883,0.8334538781253377,54.8849502506392,0.838085959304941,0.8472813276552904,0.8288905909545916,0.02194373559956903,0.0031844064015010116,0.003796455930259843,0.8450565196974195,0.8295907034251758,9.337755754001975e-05,0.03957468438156495,0.15181928385015406
2023-09-28,0.8387839764237852,0.8426859621962628,0.8374629975975355,0.8413649833700131,8106.0,0.003077081845592966,0.003072357318607061,0.8384757484664065,0.8329832712765743,0.8335325955904589,59.46178667825286,0.8383177822830931,0.8476024025660359,0.8290331620001502,0.022150598446467204,0.003342790482863567,0.003973056341701214,0.8450565196974195,0.8295907034251758,0.0020388809698919097,0.040931325999020024,0.656397568033697
2023-09-29,0.8413649833700131,0.8424830931509003,0.8413562565111549,0.8424743662920421,2215.0,0.001318551334981155,0.001317682809549413,0.8388565692117051,0.8333554710811025,0.8336215684332609,61.28004578692465,0.8387748861044914,0.8479252442043019,0.8296245280046808,0.02181838834566789,0.003093735491946668,0.003672201334223421,0.8450565196974195,0.8295907034251758,-0.0014206597069623683,0.037694522926476806,0.8085979034257311
2023-10-02,0.8424743662920421,0.8429190224605879,0.8416807824039636,0.8421254385725094,2349.0,-0.0004141701320461433,-0.0004142559241844614,0.8391678901032104,0.8336993913748832,0.8337061840565371,60.362979941789526,0.839363756032189,0.8477113634988779,0.8310161485655002,0.019890321464794598,0.0026976165492085097,0.00320334290551922,0.8450565196974195,0.8295907034251758,-0.0020461995098902674,0.03464597797965595,0.6616704370302249
2023-10-03,0.8421254385725094,0.8431579264492087,0.837883476566818,0.8389159644435173,4141.0,-0.003811159219263671,-0.003818440191745178,0.8391438971832397,0.8339039628677709,0.8337580226673529,52.57001645412348,0.8397380057305475,0.8472137530212356,0.8322622584398593,0.01780495163889703,0.002867354374585288,0.0034179280119997547,0.8450565196974195,0.8307294228933659,-0.004788492369136255,0.038065373394572555,-0.21992217100598407
2023-10-04,0.8389159644435173,0.8424630185744004,0.8377907632341683,0.8413378173650514,9695.0,0.0028868838169513467,0.002882724770398482,0.8393528419624599,0.8341954865735467,0.833833443510116,57.07356981243461,0.8401986352244075,0.8467812871050586,0.8336159833437564,0.01566927534675881,0.0030200007016031555,0.0035895221149827325,0.8450565196974195,0.8308844861784122,-0.0017847535109967172,0.0390246743731639,0.34611647746172897
2023-10-05,0.8413378173650514,0.8427964852725491,0.8405361442976809,0.8419948122051786,7263.0,0.0007808930331751895,0.0007805882948455984,0.8396044581760521,0.8345013424806695,0.8339146511588231,58.23219474795095,0.8406093486704342,0.8464939286870671,0.8347247686538014,0.014000748447397812,0.002788968196255475,0.0033123341804816905,0.8450565196974195,0.8319155513423053,-0.001651973782221039,0.03866914789571479,0.47087932556896617
2023-10-06,0.8419948122051786,0.8449791844823081,0.8408055308330801,0.8437899031102096,2221.0,0.002131950077375988,0.002129680696708242,0.8400030719793052,0.8348655997602594,0.8340129123722698,61.30530863821887,0.8410380200400807,0.8465025854026819,0.8355734546774795,0.012994811726444384,0.0029104451440387963,0.0034492533429363106,0.8450565196974195,0.8319155513423053,-0.00023629400187308303,0.038868724396314815,1.0071736313971174
2023-10-09,0.8437899031102096,0.8495913212820052,0.8432987906303337,0.8491002088021293,3190.0,0.0062933980038701876,0.006273677271682287,0.8408694659624314,0.8354238197226858,0.8341630347248058,68.65299777712076,0.8418316188061917,0.8471281349570642,0.8365351026553193,0.012583314840047198,0.003267383963226852,0.0038480545986866775,0.8495913212820052,0.832036699651003,0.009506072572702307,0.042342199841975736,2.744668302291599
2023-10-10,0.8491002088021293,0.8506125999607954,0.8443362212870443,0.8458486124457104,3864.0,-0.003829461261122713,-0.0038368124212211367,0.8413436703894104,0.8358326351235887,0.8342793091299889,61.013151273773225,0.8422425958746246,0.8474407520926219,0.8370444396566272,0.01234360799004553,0.003524358184170993,0.00416665362136206,0.8506125999607954,0.8367183054438428,0.008216241581518124,0.0423234108317861,1.387421393224358
2023-10-11,0.8458486124457104,0.8458567097022986,0.845691654130069,0.8456997513866572,4659.0,-0.00017599019122671589,-0.0001760056793176146,0.8417585352462911,0.8362195808593953,0.8343929453713489,60.68023003243393,0.84259230043707,0.8477292681587497,0.8374553327153903,0.012193246292459728,0.0034087786576196505,0.0040307197111391175,0.8506125999607954,0.8374629975975355,0.008245001284309161,0.04227785326001116,1.2098386121729896
2023-10-12,0.8456997513866572,0.8475505428052612,0.84283306658367,0.844683858002274,2661.0,-0.0012012459300331235,-0.0012019680042423939,0.8420371374135276,0.836551513296371,0.8344953425119551,58.34063385441469,0.842843841797972,0.8478662111980416,0.8378214723979024,0.011917674783874063,0.003550338424357432,0.004203156471764699,0.8506125999607954,0.8374629975975355,0.003944631281144417,0.042566609905778215,0.7327283430312681
2023-10-13,0.844683858002274,0.845015650160573,0.8389570343738988,0.8392888265321978,8809.0,-0.006387042227651518,-0.0064075266516983665,0.8417753935200677,0.8366588589134623,0.8345430388703655,47.80029058117822,0.8426246362025049,0.8478722849750491,0.8373769874299608,0.01245548384674332,0.003729589774506278,0.004443750061485179,0.8506125999607954,0.8374629975975355,-0.0037811711397993664,0.04534009906396763,-1.2713540158252095
2023-10-16,0.8392888265321978,0.8442062014565465,0.8384705979783849,0.8433879729027335,5500.0,0.004884071181398442,0.004872182799168714,0.8419289725088931,0.8369227457365709,0.83463104816422,54.52320508227601,0.8426014284284401,0.8478302917976649,0.8373725650592153,0.012411237847002685,0.003957985937948383,0.004692959901154353,0.8506125999607954,0.8374629975975355,0.0014992235982851376,0.048875677324695846,0.30084720856265007
2023-10-17,0.8433879729027335,0.843588956968175,0.8374172102466738,0.8376181943121154,2671.0,-0.006841191451616213,-0.006864699679394208,0.8415184222044381,0.8369500182297296,0.8346607710114627,45.61744716788617,0.8423347163565633,0.8480130503815073,0.8366563823316193,0.013482369691481026,0.004241867731956902,0.005064201996520012,0.8506125999607954,0.8374172102466738,-0.0015469608237373977,0.05448720032088924,-1.6612344478958359
2023-10-18,0.8376181943121154,0.8429375191897749,0.8371204291156092,0.8424397539932688,9128.0,0.005756273817706381,0.005739769777801393,0.8416061680890886,0.8371653019851626,0.8347381738272022,52.58693160379136,0.8423145999196556,0.847988214492313,0.8366409853469983,0.013471485768378082,0.004284305265916785,0.005085592465940321,0.8506125999607954,0.8371204291156092,0.0013097433699920114,0.058598631952876824,0.044117932936890786
2023-10-19,0.8424397539932688,0.8489581100852472,0.8416141249859838,0.8481324810779622,9417.0,0.0067574293089911475,0.006734700219581946,0.8422277217070766,0.8375953874397821,0.8348714505162644,59.230401836605594,0.8425518206145337,0.8487836906906454,0.836319950538422,0.014792846976620023,0.004728387298739502,0.005575057440000176,0.8506125999607954,0.8371204291156092,0.007289437872793014,0.06333982272637555,1.791006678659949
2023-10-20,0.8481324810779622,0.8493254449769648,0.8455995074407114,0.846792471339714,5996.0,-0.0015799533305752567,-0.0015812027730526099,0.8426624597673278,0.8379560573966423,0.834990067638886,57.19872082398145,0.8426919775451607,0.8491807657746047,0.8362031893157167,0.015400142406354513,0.004906079975855864,0.0057937217699797604,0.8506125999607954,0.8371204291156092,0.003558431095746606,0.06365795782278975,1.2638704329867587
2023-10-23,0.846792471339714,0.8501443597976163,0.8466862848919373,0.8500381733498396,7716.0,0.003832936782008023,0.0038256097964342478,0.843364908679948,0.8384298658653951,0.8351398000340199,60.71380837689085,0.8431386558444878,0.8503563561475194,0.8359209555414562,0.017121028084763457,0.004776338906090741,0.005618969895514332,0.8506125999607954,0.8371204291156092,0.0011046570687263113,0.0634351487837304,1.9118326380090305
2023-10-24,0.8500381733498396,0.8509241644461765,0.8456970736288587,0.8465830647251956,9724.0,-0.004064651133287356,-0.004072934280727362,0.8436713997318763,0.8387495991540148,0.8352536633642804,55.489509346399004,0.8435200315326054,0.8506120407747808,0.8364280222904299,0.01681527166412366,0.004815970011596861,0.005688715274690907,0.8509241644461765,0.8371204291156092,0.000868302280902844,0.0646259300798874,0.8637984210101548
2023-10-25,0.8465830647251956,0.8480028530750496,0.8456970165216953,0.8471168048715493,5801.0,0.0006304640012222418,0.0006302653422876423,0.8439995335547024,0.839077724868428,0.835371704573308,56.11768760976963,0.8439366729549933,0.8508335614318231,0.8370397844781635,0.01634456398886127,0.004819219695774439,0.00568896717437354,0.8509241644461765,0.8371204291156092,0.0016755987956347251,0.06457991998125152,0.9221932258988002
2023-10-26,0.8471168048715493,0.8479346727564641,0.845810988690093,0.8466288565750077,9548.0,-0.0005760106442647128,-0.0005761766021279231,0.8442499452709219,0.8393738476804509,0.8354837160360116,55.34863498836875,0.844199866615243,0.8510852811448294,0.8373144520856567,0.016312285281903476,0.004672793296998942,0.005519293679526209,0.8509241644461765,0.8371204291156092,0.002302634949522764,0.06394689448577709,0.7055464705363544
2023-10-27,0.8466288565750077,0.8518155682266857,0.8455201730785284,0.8507068847302064,6972.0,0.004816783793191393,0.004805220208128723,0.8448648918860919,0.8398182805059315,0.8356351903513767,60.25138136274049,0.8446114925371514,0.8520265220583544,0.8371964630159484,0.01755843861164801,0.004672997903890784,0.005493076390668663,0.8518155682266857,0.8371204291156092,0.013604444426105422,0.06584905068760034,1.6440641741547972
2023-10-30,0.8507068847302064,0.8514450475706438,0.8453545045942131,0.8460926674346505,5233.0,-0.00542398019620971,-0.005438743384487346,0.8449818228907165,0.8400643348952931,0.8357392448497177,53.14137512475576,0.8448098539802584,0.8521568063426309,0.837462901617886,0.017393150252113816,0.0046597239255107515,0.0055073446501303636,0.8518155682266857,0.8371204291156092,0.003206939888658944,0.06908756005302627,0.3492096834497029
2023-10-31,0.8460926674346505,0.846896903782217,0.8393514281777155,0.840155664525282,4949.0,-0.00701696532528695,-0.007041700002638388,0.8445221887606751,0.8400679164494104,0.8357831893241016,45.67314349599879,0.8448718389843467,0.8520278569981804,0.837715820970513,0.016939890013226683,0.0051868967849587454,0.006173733040161704,0.8518155682266857,0.8371204291156092,0.003029387649883253,0.07243913872408285,-1.3181002199680387
2023-11-01,0.840155664525282,0.8448529211969829,0.8391302283314941,0.8438274850031949,1103.0,0.004370404953452978,0.0043608824683871675,0.844456026498058,0.8402153505103431,0.835863232067177,50.32299669403225,0.844996322366254,0.8519779865443234,0.8380146581881845,0.01652472086155027,0.005258697973808568,0.006231958625747605,0.8518155682266857,0.8371204291156092,0.0016472762631964954,0.0733857618726591,-0.3348305885953582
2023-11-02,0.8438274850031949,0.8442920950716136,0.838270681616061,0.8387352916844797,2988.0,-0.006034637896033868,-0.006052919910634331,0.8439111946110505,0.8401573089877603,0.8358918097748119,44.61931022664524,0.8448333463402189,0.8522487284051559,0.8374179642752819,0.017554662341537727,0.00525604066444274,0.0062666263319941335,0.8518155682266857,0.8371204291156092,-0.011079860284962662,0.07653840866884361,-1.6447041035345553
2023-11-03,0.8387352916844797,0.8424135970638662,0.837406435383059,0.8410847407624455,2075.0,0.00280118066004742,0.0027972646647379984,0.843642008530231,0.8401936788612774,0.8359434807299128,47.57187421875727,0.8446980882228307,0.8522901874109379,0.8371059890347234,0.0179758881758104,0.005204009107488853,0.006187258970804065,0.8518155682266857,0.8371204291156092,-0.006740412521899608,0.07684311532749069,-0.9518704566044935
2023-11-06,0.8410847407624455,0.8497745994885997,0.8392656400288158,0.8479554987549699,6108.0,0.00816892479382747,0.008135739729387314,0.8440528171230632,0.8404980639551477,0.8360630032973263,55.10926412320283,0.8446408527204726,0.8521094733585033,0.837172232082442,0.017684725085165512,0.0055138100173661875,0.006502475690601648,0.8518155682266857,0.8371204291156092,-0.0024500953723787244,0.07918157023779715,0.8876193329780078
2023-11-07,0.8479554987549699,0.8537330103661974,0.8468777987050399,0.8526553103162674,8785.0,0.005542521474532602,0.005527218222081433,0.8448721021890827,0.8409748187144074,0.8362281008796044,59.408150491350874,0.8449811876140005,0.8532581396060172,0.8367042356219839,0.01959085507072293,0.005587961559294181,0.006553599668805782,0.8537330103661974,0.8371204291156092,0.007172651856723444,0.0802386488779883,1.854335438859322
2023-11-08,0.8526553103162674,0.853099918992563,0.8487947338374408,0.8492393425137363,6914.0,-0.00400627048374802,-0.004014317083770284,0.8452880298390497,0.8412989176869301,0.8363575659704914,55.2655616091724,0.8451581671703545,0.8536484315864047,0.8366679027543044,0.020091539656952335,0.005370904420426949,0.006324370706294821,0.8537330103661974,0.8371204291156092,0.0025056020964062675,0.08174922524429376,0.961377677629615
2023-11-09,0.8492393425137363,0.8526528975274094,0.8484499747768343,0.8518635297905073,7036.0,0.003090044402562997,0.0030852800275883944,0.8459142679296647,0.841713216200796,0.8365118541677055,57.70548182500395,0.8455171507597662,0.8545149438943437,0.8365193576251887,0.02128352600888637,0.0054049747928785,0.006344883427757151,0.8537330103661974,0.8371204291156092,0.006182961016325539,0.08217675016092879,1.4106523534871336
2023-11-10,0.8518635297905073,0.8557374298650573,0.8517875439909876,0.8556614440655376,3275.0,0.004458359986328153,0.0044484509405899415,0.8468425704187955,0.8422602055288251,0.8367023973507685,61.01922693129999,0.8463357816364331,0.8559084716272374,0.8367630916456288,0.0226214942071692,0.005440104147763557,0.006357776414367554,0.8557374298650573,0.8371204291156092,0.0058240498863513235,0.07919689958356878,1.9483891023448674
2023-11-13,0.8556614440655376,0.8625424335032607,0.8551006615065303,0.8619816509442534,5881.0,0.007386340617016041,0.0073591951914451495,0.8482843876116962,0.8430335955451164,0.8369539322123952,65.81870827911824,0.8472654655385092,0.8590001669052969,0.8355307641717216,0.02770017625899403,0.0055982956605787415,0.006494680779394918,0.8625424335032607,0.8371204291156092,0.01877924738170611,0.0813037037864404,2.5081482597239146
2023-11-14,0.8619816509442534,0.8632234037209784,0.8515342156709528,0.8527759684476778,1693.0,-0.010679673385728394,-0.010737110402627132,0.848712157215123,0.8434156493844325,0.8371113654087663,55.16466972732609,0.8480233542452872,0.8590725092132675,0.8369741992773069,0.026058610090552745,0.0062685350531981165,0.007350740739808645,0.8632234037209784,0.8371204291156092,0.015021387649069462,0.08720587416518509,0.8602674532420514
2023-11-15,0.8527759684476778,0.8537258655662129,0.850237080880976,0.8511869779995112,3718.0,-0.0018633152281003484,-0.0018650533593798993,0.8489478544326838,0.8437204073693375,0.8372514212554404,53.55327866093457,0.8484607154455993,0.8592691370962701,0.8376522937949286,0.025477718541145007,0.006366042240259955,0.007479017424845532,0.8632234037209784,0.837406435383059,0.008721561133183897,0.08577393730619216,0.5044700590011938
2023-11-16,0.8511869779995112,0.8561227964393682,0.8507335250973322,0.8556693435371893,6358.0,0.005266017518515964,0.00525220053402459,0.8495879962521605,0.8441889931014102,0.8374346841637165,57.33894383280069,0.8488375585685608,0.8601132498380696,0.837561867299052,0.02656737123772791,0.00630131911125129,0.0073641987513573,0.8632234037209784,0.837406435383059,0.020189983682098234,0.08449169676862557,1.2117722639502728
2023-11-17,0.8556693435371893,0.856083522267503,0.8528146872538753,0.853228865984189,7277.0,-0.0028521269009261774,-0.002856201965100198,0.8499347457504489,0.8445434979203428,0.8375918402017312,54.723684861595224,0.8491593783007845,0.8605560593030397,0.8377626972985293,0.02684226611277759,0.006099768542479646,0.007149041465496643,0.8632234037209784,0.837406435383059,0.014438646468291294,0.08501730370944463,0.7141531262653119
2023-11-20,0.853228865984189,0.853808652917905,0.8463380867613646,0.8469178736950805,1729.0,-0.007396599600306364,-0.007424090084419039,0.8496474246023186,0.8446366106958226,0.8376846365548989,48.55608500148692,0.8490033633180465,0.8604347683846202,0.8375719582514728,0.026928998306668332,0.006094417867625276,0.007195996278878246,0.8632234037209784,0.837406435383059,-0.001223678673483275,0.088272009505036,-0.36487021688420046
2023-11-21,0.8469178736950805,0.8478500467353323,0.8443635673040256,0.8452957403442773,3743.0,-0.0019153372495562815,-0.001917173853464664,0.8492329784825051,0.8446624589173306,0.8377603689309127,47.08710319409317,0.8489389970990006,0.8604420549639922,0.8374359392340089,0.02709984558207347,0.005934688336612267,0.007020842591960951,0.8632234037209784,0.837406435383059,-0.008631354174361783,0.08733875915111777,-0.6334414374826497
2023-11-22,0.8452957403442773,0.846510001754152,0.8445143058912424,0.8457285673011171,4868.0,0.0005120420418343041,0.0005119109930410873,0.8488992250366586,0.8447042670892438,0.8378396544868352,47.54312707177978,0.8488695852204792,0.8604355218763953,0.8373036485645631,0.027250208647567567,0.005647137079994908,0.006677245275060308,0.8632234037209784,0.837406435383059,-0.004134023280442212,0.08732732261739934,-0.5431497703656164
2023-11-23,0.8457285673011171,0.8529450639993635,0.84541215839447,0.8526286550927165,5459.0,0.008158749814516586,0.008125647144298984,0.8492544088515213,0.8450150274031055,0.8379868087217196,54.30435877740195,0.8491695751463645,0.8608018496064058,0.8375373006863231,0.02739682343903189,0.005827547360286789,0.006834801206221588,0.8632234037209784,0.837406435383059,0.0008981782591366283,0.0920304056164783,0.5947383649232902
2023-11-24,0.8526286550927165,0.8579308296253526,0.8514582016446495,0.8567603761772856,2581.0,0.004845862333960449,0.004834158936553738,0.8499692628825465,0.8454756293158184,0.8381736103879441,57.81094321449255,0.8494722497187184,0.8615783273127873,0.8373661721246495,0.02850258521823997,0.005539237968923876,0.006465329306706483,0.8632234037209784,0.837406435383059,0.0012843071513501947,0.09204910048280711,1.2040442334745827
2023-11-27,0.8567603761772856,0.8573244108993829,0.8548077130610182,0.8553717477831155,8950.0,-0.0016207897012766592,-0.0016221046018815126,0.8504837852540292,0.8458637123929673,0.8383447361331697,56.2486541636263,0.8499362037361416,0.8622070397586279,0.8376653677136554,0.028874722522811043,0.005229344124438674,0.00611353383834768,0.8632234037209784,0.837406435383059,-0.007668264346343157,0.08983710128453128,0.8859288865099788
2023-11-28,0.8553717477831155,0.8614938234346561,0.8543454912334926,0.8604675668850331,2295.0,0.005957432093267601,0.005939756759687136,0.8514346215998392,0.8464364125691268,0.8385648638023425,60.47035006425266,0.8509517988541292,0.8631764135648897,0.8387271841433687,0.028731626696651667,0.005432426056298766,0.006313342030966509,0.8632234037209784,0.837406435383059,0.009019483102175707,0.08708479349693356,1.5568209315468742
2023-11-29,0.8604675668850331,0.8625527332316205,0.8598290801510934,0.8619142464976808,3965.0,0.0016812715183267546,0.001679859763508198,0.8524326811139193,0.847043386448678,0.8387971959684652,61.603101744327766,0.8518561369288535,0.8645294290807862,0.8391828447769208,0.029754536247453615,0.005326763937009625,0.0061801553445189035,0.8632234037209784,0.837406435383059,0.012602716882935905,0.08630989557206617,1.5872923070416847
2023-11-30,0.8619142464976808,0.8631212840857785,0.8613886140187063,0.862595651606804,5896.0,0.0007905718137182216,0.0007902594764277636,0.8534005830656226,0.8476532791999771,0.8390339965220807,62.15322291258371,0.8530491549249698,0.8649930883611635,0.8411052214887761,0.028002919567382357,0.005168391379366945,0.005991673352096663,0.8632234037209784,0.837406435383059,0.008094608182388052,0.08215331206979942,1.598551554700639
2023-12-01,0.862595651606804,0.8654622014199117,0.8616636032348968,0.8645301530480045,4375.0,0.0022426515107014655,0.002240140521284274,0.8544605421115637,0.8483151173900958,0.8392876896218411,63.741479439870744,0.8542214255392478,0.8658182044654096,0.8426246466130861,0.027151692943878074,0.004908164678530129,0.005677262569993432,0.8654622014199117,0.8392656400288158,0.013245317305081494,0.08205229260622975,1.7778604859838723
2023-12-04,0.8645301530480045,0.8661234270880055,0.8631282577649386,0.8647215318049396,2630.0,0.00022136735920708084,0.00022134286106854516,0.8554377792252186,0.8489585061906779,0.8395407626783893,63.90286838933197,0.8550597271917463,0.8671622757433533,0.8429571786401393,0.028308077592088463,0.00428716334089022,0.004957854272394018,0.8661234270880055,0.8443635673040256,0.021021705483888597,0.07809584316199164,1.5966562037729586
2023-12-05,0.8647215318049396,0.8667979412981285,0.8641952191995314,0.8662716286927202,2060.0,0.0017925966114722414,0.001790991827700262,0.8564695744125997,0.8496374521711502,0.8398067414447011,65.25196712968913,0.8557405431105687,0.8687700302783175,0.8427110559428199,0.030451957132677888,0.004223873156130241,0.004875922304536783,0.8667979412981285,0.8443635673040256,0.02481485159253216,0.07631113420441875,1.6165003958434567
2023-12-06,0.8662716286927202,0.8704542655209746,0.8651613709879479,0.8693440078162022,3682.0,0.0035466694529964204,0.003540394852471442,0.8576957109272285,0.8504102582748777,0.8401006445926763,67.8192178467078,0.856745776375692,0.8707305392098773,0.8427610135415068,0.032646237004739655,0.0042169890983438695,0.004850771455751991,0.8704542655209746,0.8443635673040256,0.027923191231965294,0.07468964238775393,1.8017082720508146
2023-12-07,0.8693440078162022,0.8706560837459737,0.8682171146357454,0.8695291905655168,6005.0,0.00021301435064779994,0.00021299166631234446,0.8588227089880179,0.8511600203254911,0.8403934659456399,67.97280939207971,0.8576290594144427,0.8725177702763082,0.8427403485525772,0.03472063055333259,0.004157712962386777,0.004781568011170183,0.8706560837459737,0.8443635673040256,0.01982168365073611,0.07441204388211922,1.5985441938501141
2023-12-08,0.8695291905655168,0.8703219239022417,0.8680514026789771,0.868844136015702,6904.0,-0.0007878453733902724,-0.0007881558866581316,0.8597771306097022,0.8518535150584405,0.8406765571901181,66.70447148338748,0.8582881940119508,0.8739569184252681,0.8426194695986334,0.03651156924360345,0.0037862811814385095,0.0043578370670733085,0.8706560837459737,0.8443635673040256,0.01410401341426648,0.07353807474248576,1.347390090641887
2023-12-11,0.868844136015702,0.8696772572114373,0.8626822904544307,0.863515411650166,7548.0,-0.006133118869826482,-0.006152003698220913,0.8601331573754607,0.8523108443365474,0.8409038094733027,57.68743608096034,0.8583648820472464,0.8741244702835762,0.8426052938109165,0.03672002097462881,0.004036887418988507,0.0046749454202259936,0.8706560837459737,0.8443635673040256,0.009520613567325142,0.07307417481351713,0.6536375856631023
2023-12-12,0.863515411650166,0.8720928326874557,0.8622386550501344,0.8708160760874242,8034.0,0.008454584989174396,0.008419045161335098,0.8611505782051715,0.8530365396993269,0.8412014439669756,64.72334271045185,0.8592668874292337,0.8757290031413687,0.8428047717170988,0.03831665330753415,0.0045982075457322025,0.005280342970230803,0.8720928326874557,0.8443635673040256,0.01202661157799767,0.06694864392695375,1.4031232510019376
2023-12-13,0.8708160760874242,0.8719209448504582,0.8674800922035613,0.8685849609665953,1744.0,-0.0025620968446669057,-0.0025653846317408736,0.8618586146586404,0.853646281709808,0.8414739167729419,61.365067986654694,0.8601367865775881,0.8766398199361314,0.8436337532190448,0.03837304395317746,0.004377346620161022,0.005039629762055447,0.8720928326874557,0.8443635673040256,0.007739417808697802,0.06739718342884231,1.0238329167084652
2023-12-14,0.8685849609665953,0.8700274199988096,0.8652452057774648,0.8666876648096791,1500.0,-0.0021843529904143066,-0.00218674216924835,0.8623185241968345,0.8541577084980383,0.8417247998379841,58.58142799816724,0.8606877026412125,0.8772980913420539,0.8440773139403711,0.0385979459213109,0.004256602780206857,0.0049113457512304495,0.8720928326874557,0.8443635673040256,0.004743837040277921,0.06635348230908467,0.7224348901796138
2023-12-15,0.8666876648096791,0.8723967132316705,0.8654397894769624,0.8711488378989538,2100.0,0.005147382696688574,0.005134180208501099,0.8631595064541792,0.8548240272980742,0.8420175763361032,62.84882485350641,0.8615837012369507,0.8784315881742696,0.8447358142996318,0.03910911247074624,0.004573761774231379,0.005250264449944543,0.8723967132316705,0.8443635673040256,0.0076558172408611735,0.06683052652766432,1.1354701865687205
2023-12-18,0.8711488378989538,0.8787758220846894,0.8700367499851358,0.8776637341708714,7849.0,0.00747851112059128,0.007450685698672019,0.8645408614748166,0.8557197020773996,0.8423722644737626,68.02923406813034,0.8631209942607402,0.8799452199803041,0.8462967685411763,0.038984628647513696,0.004687386052687814,0.0053407539473144415,0.8787758220846894,0.8443635673040256,0.014966901933062049,0.06262700385069585,1.7287856395341115
2023-12-19,0.8776637341708714,0.8780613674078913,0.8720804708548534,0.8724781040918733,4991.0,-0.005908447480625356,-0.005925971416705632,0.8652967893431076,0.8563768943132612,0.8426718250669777,60.765987579629986,0.8644801124481202,0.8795405590397275,0.8494196658565129,0.03484278325144499,0.004920046300724298,0.0056391630662701525,0.8787758220846894,0.8445143058912424,0.0071645834788784946,0.06719920943113815,1.0621187884574657
2023-12-20,0.8724781040918733,0.8746840357534519,0.8717403483311302,0.8739462799927088,4983.0,0.001682765325513369,0.0016813510623027675,0.8661205503573554,0.8570658898301023,0.8429830136732038,62.00292191361868,0.8658909980826996,0.8786689141628045,0.8531130820025948,0.02951391366441811,0.005006547540384971,0.005728667373498907,0.8787758220846894,0.84541215839447,0.005293959738754683,0.06707798258712151,1.26081308712791
2023-12-21,0.8739462799927088,0.8755528840540135,0.8707497864559723,0.8723563905172771,5084.0,-0.0018192073263872954,-0.001820864093675858,0.8667144398963955,0.8576655173080308,0.8432752860796126,59.8041080649758,0.8668773848539276,0.878320694022111,0.8554340756857443,0.026401217445790475,0.005078297498458276,0.0058213564475030925,0.8787758220846894,0.8514582016446495,0.0032514146533959565,0.06349333327740543,0.9575911273258468
2023-12-22,0.8723563905172771,0.880900888998796,0.8707684610240793,0.8793129595055983,9284.0,0.007974457531280565,0.007942829577406243,0.8679142989067957,0.8585144366098962,0.8436338698947965,65.55931488040184,0.8680050140203435,0.8796927763475179,0.8563172516931691,0.02693017238008826,0.005588101687861835,0.0063550771400023446,0.880900888998796,0.8543454912334926,0.012049138684302685,0.06679290707794619,1.9350060633870814
2023-12-25,0.8793129595055983,0.8842799066300477,0.8782307671034268,0.8831977142278763,5416.0,0.004417943213827158,0.004408212751267817,0.8693698622707082,0.8594824082811896,0.844027539987663,68.28975150342465,0.8693963123425814,0.8813732418970424,0.8574193827881205,0.02755228975423005,0.005834274361292103,0.006605853103223483,0.8842799066300477,0.8543454912334926,0.02279322674750839,0.06672000585644147,2.3046644505234513
2023-12-26,0.8831977142278763,0.8839373680764679,0.8814950609865913,0.8822347148351829,8197.0,-0.0010903553951510103,-0.0010909502650472583,0.8705950863244677,0.8603746555970324,0.8444077108816682,66.87439042703893,0.8704846697400889,0.8829896931012203,0.8579796463789574,0.02873117424311502,0.0056306609724956725,0.00638227092837486,0.8842799066300477,0.8598290801510934,0.013112572288585422,0.06530478350443582,1.879252002297887
2023-12-27,0.8822347148351829,0.886680671777798,0.8815586492181515,0.8860046061607666,4559.0,0.004273116056522364,0.004264012221388064,0.8720626596422105,0.8613797516975711,0.8448216103371817,69.53623556449672,0.8716891877232431,0.8853094755670954,0.8580688998793908,0.031250331048448536,0.005822307647454109,0.006571419163025936,0.886680671777798,0.8613886140187063,0.020055200097853332,0.06616996046166045,2.1020728198464615
2023-12-28,0.8860046061607666,0.8877812795137596,0.8849002069184555,0.8866768802714485,8336.0,0.0007587704465725764,0.0007584827258107553,0.8734544901783284,0.8623717959553702,0.8452380806847863,69.9992066675729,0.8728932491564754,0.8873600997912936,0.8584263985216571,0.0331468954509577,0.005865918459742643,0.006615621304963813,0.8877812795137596,0.8616636032348968,0.023063920571846364,0.06617386169436558,1.90554688963184
2023-12-29,0.8866768802714485,0.8914313293641193,0.8850058071891331,0.8897602562818039,8770.0,0.003477451683877586,0.0034714193295394416,0.8750074202834214,0.8634458532230734,0.8456810874071448,72.09396190406983,0.8741547543181654,0.8898951016828544,0.8584144069534764,0.03601272494815028,0.0058252438467411806,0.006546981398207357,0.8914313293641193,0.8622386550501344,0.021364223394635173,0.06653009514964851,1.982866273796096
2024-01-01,0.8897602562818039,0.8906006080403255,0.8844668784305899,0.8853072301891115,5447.0,-0.005004748258031877,-0.005017313953555878,0.8759883545601538,0.8643031621237024,0.8460753773850748,65.0317694196859,0.8751840392373739,0.8910190871354275,0.8593489913393202,0.03618678400911463,0.005559497559056484,0.006279738117431746,0.8914313293641193,0.8622386550501344,0.008708911762727478,0.07028789967012125,1.2785804017658675
2024-01-02,0.8853072301891115,0.8922003118174011,0.8832957724104636,0.8901888540387533,3269.0,0.005514044936240969,0.005498898244643544,0.8773407830819251,0.8653182872968417,0.8465143174512806,68.65654617459475,0.8763799005046756,0.8929751962634738,0.8597846047458775,0.037872378746343936,0.005878332327630805,0.006603466557642272,0.8922003118174011,0.8622386550501344,0.020299363231945255,0.07193562719465535,1.6642009560759643
2024-01-03,0.8901888540387533,0.8959012415524027,0.888665772326343,0.8943781598399925,7385.0,0.004706086559309819,0.004695047554085601,0.8789633903922172,0.8664578901416711,0.8469905745894768,71.39676471161961,0.877631608105865,0.8957031988439879,0.8595600173677422,0.04118263419688255,0.006053564827967579,0.006768462267739838,0.8959012415524027,0.8622386550501344,0.023378873867915706,0.07251579795177732,1.8533566830727115
2024-01-04,0.8943781598399925,0.8979292893418733,0.8933893231590466,0.8969404526609275,9186.0,0.0028648875117807115,0.0028607915426821276,0.8806754915606658,0.8676532847502694,0.8474875883016305,72.95419847558935,0.8790021712106355,0.8985813212628813,0.8594230211583898,0.04454858177489984,0.005880925001404628,0.006556650426411092,0.8979292893418733,0.8622386550501344,0.028181214020880807,0.07253629054860311,1.8323861252837563
2024-01-05,0.8969404526609275,0.8979043241677835,0.8943646100967328,0.8953284816035889,1663.0,-0.0017971884895551238,-0.0017988053703053425,0.8820710144218966,0.8687385865876545,0.8479636170907048,70.35867337801085,0.88032638849003,0.9005835328235823,0.8600692441564777,0.046021895057123396,0.005509542285082991,0.00615365466226994,0.8979292893418733,0.8622386550501344,0.018213676854024197,0.07305677012703994,1.4811656437388998
2024-01-08,0.8953284816035889,0.8987280848041579,0.8941845836414178,0.8975841868419868,7738.0,0.002519416375940331,0.0025162479670809653,0.8835484594142862,0.8698697865976284,0.8484573541031554,71.86701774653014,0.8820298272496212,0.9020632734839198,0.8619963810153226,0.045425779526680275,0.005406871185776001,0.006023803967401937,0.8987280848041579,0.8622386550501344,0.01628907364948029,0.06727392325379791,1.5528391281711182
2024-01-09,0.8975841868419868,0.8989472442543422,0.8961830954722009,0.8975461528845563,8040.0,-4.2373693730390904e-05,-4.237459152071297e-05,0.8848815730781214,0.870955134295155,0.8489457998621743,71.80067319896996,0.8833663310894776,0.903812117652765,0.8629205445261902,0.046290617705728364,0.005394046997191696,0.0060097711742802,0.8989472442543422,0.8652452057774648,0.017355288555193527,0.06299443244949422,1.3870654231067916
2024-01-10,0.8975461528845563,0.902786706036338,0.89629621552936,0.9015367686811417,7487.0,0.004446139938052651,0.00443628505786519,0.8864677821831709,0.8721544140749976,0.8494690930842537,74.46431715854263,0.8850139214752047,0.905753043985646,0.8642747989647634,0.04686733622420728,0.005514575062115755,0.006116860957521486,0.902786706036338,0.8652452057774648,0.017530566333824327,0.06187263654781846,1.593398871877863
2024-01-11,0.9015367686811417,0.9021648613493731,0.8964116318425096,0.897039724510741,1525.0,-0.004988198292765644,-0.0050006808815896975,0.8874746338334156,0.8731303086018894,0.8499424327004377,66.8061348910114,0.8865315244602578,0.9060290767534025,0.8670339721671132,0.0439861454560575,0.005201775171554813,0.005798823652310314,0.902786706036338,0.8654397894769624,0.011687283687965344,0.0650298172114566,1.0778994093712784
2024-01-12,0.897039724510741,0.9027977514206514,0.8957366976511031,0.9014947245610135,3301.0,0.004966335301039626,0.004954043737099015,0.8888098805693774,0.8742426386395021,0.8504553908284037,70.0880507724943,0.888048818793361,0.9072264415004868,0.8688711960862351,0.04319046949059291,0.005274054760335346,0.005850344562918622,0.9027977514206514,0.8700367499851358,0.013188348430223762,0.06490670683120425,1.4022494834728907
2024-01-15,0.9014947245610135,0.9048201244290706,0.9007864164321062,0.9041118163001632,5054.0,0.0029030582962359386,0.002898852560198746,0.8902672077818332,0.8754139789399202,0.8509892856092173,71.84889517585482,0.8893712228998256,0.9091710400929288,0.8695714057067224,0.04452542804015001,0.00538772625369875,0.005959137085218712,0.9048201244290706,0.8707497864559723,0.021240746115938514,0.061464845039500976,1.4889625754193463
2024-01-16,0.9041118163001632,0.9054308659433766,0.9032600332353545,0.9045790828785679,7389.0,0.0005168238817150339,0.0005166903742505951,0.8916302435053318,0.8765577085061417,0.8515225174228428,72.16397022622662,0.8909762718391603,0.9102063662051966,0.871746177473124,0.04316634454549811,0.005176926978582725,0.005723023090594373,0.9054308659433766,0.8707497864559723,0.016165366230465272,0.05510594207065377,1.4147419955913008
2024-01-17,0.9045790828785679,0.9053089174204966,0.9034345719381006,0.9041644064800293,9435.0,-0.0004584191768165491,-0.0004585242830104097,0.8928239733124459,0.8776403241129608,0.8520463173139592,71.400226871205,0.8924871781635263,0.9108104910615051,0.8741638652655475,0.0410612350435841,0.005105017899089285,0.005646116859392255,0.9054308659433766,0.8707497864559723,0.010941956187511925,0.05569455395497569,1.274576096748423
2024-01-18,0.9041644064800293,0.9098676390266295,0.9035125963448596,0.9092158288914598,6643.0,0.0055868405958336975,0.005571292086392821,0.8943851024152092,0.8788785792023137,0.8526151681754269,74.88693644206376,0.8943301500822356,0.9115069475470693,0.8771533526174019,0.03841265434974824,0.005099983649573837,0.00560921124282655,0.9098676390266295,0.8707684610240793,0.013685831867784826,0.05568002526959629,1.733230986707487
2024-01-19,0.9092158288914598,0.9128824247054957,0.9089757613472333,0.9126423571612693,8634.0,0.0037686632380644625,0.003761579618370157,0.8961238885815006,0.8802026489261944,0.8532124536379727,76.94058787660154,0.8959966199650189,0.9135028879603364,0.8784903519697014,0.03907663847214287,0.004940907488754325,0.0054138485355016645,0.9128824247054957,0.8782307671034268,0.01933801494471643,0.05162577283090552,1.9016888351877974
2024-01-22,0.9126423571612693,0.9187973782540219,0.9119845391019331,0.9181395601946857,9238.0,0.006023392394930216,0.006005324284867725,0.8982206192113278,0.8816903709367234,0.8538584944992336,79.79523817685347,0.8977437122633594,0.916779307313333,0.8787081172133857,0.04240763770315203,0.004791500327693702,0.005218705886801887,0.9187973782540219,0.8814950609865913,0.022900774828731985,0.05297486448704135,2.142916770164698
2024-01-23,0.9181395601946857,0.9236221829818474,0.9166470560244129,0.9221296788115746,9699.0,0.0043458737537056535,0.004336457715117052,0.9004976725065894,0.883276226147502,0.854537809766023,81.57791334861182,0.8997384604621791,0.9202361978496941,0.879240723074664,0.045563768335491014,0.004772904451363334,0.005175957960180367,0.9236221829818474,0.8815586492181515,0.027389706755481136,0.05235146335777568,2.1847502410713675
2024-01-24,0.9221296788115746,0.9230816737941749,0.9138576503129507,0.9148096452955511,1858.0,-0.007938182323181997,-0.007969857432368633,0.9018607175341096,0.8845128308199746,0.8551375295225357,69.46861290975914,0.9011787124189183,0.9216612195889897,0.880696205248847,0.045457148261065373,0.005107479972677441,0.005583106823307867,0.9236221829818474,0.8832957724104636,0.014722501705422664,0.06288214081610191,1.3309828492627105
2024-01-25,0.9148096452955511,0.9179240641140815,0.9134767911447189,0.9165912099632493,1569.0,0.001947470358298009,0.0019455764963278571,0.90326362157498,0.885770806472652,0.855749008929906,70.61199091178233,0.9026744289035082,0.9230667949351088,0.8822820628719077,0.04518210636889638,0.005172305608271144,0.005642979718819829,0.9236221829818474,0.8832957724104636,0.021795562580210204,0.06281063675985632,1.364901065249142
2024-01-26,0.9165912099632493,0.9177544091433386,0.9134844037488238,0.9146476029289131,7767.0,-0.002120473132634637,-0.0021227245190203452,0.9043478102753546,0.8869032298630937,0.8563350645915877,67.6361236161255,0.9039187962358637,0.9240284579845692,0.8838091344871581,0.04449439890496145,0.005152770196255057,0.005633612529847227,0.9236221829818474,0.8832957724104636,0.014590078022147512,0.06380681876416551,1.067030050243389
2024-01-29,0.9146476029289131,0.9185802711953942,0.9138054640777404,0.9177381323442215,9354.0,0.0033789291147889866,0.003373233360567869,0.9056230790438181,0.8881124417250987,0.8569460403901213,69.81454519519106,0.9055403413436194,0.9245300246555115,0.8865506580317273,0.04194110951195318,0.005296388648791657,0.005771132812431846,0.9236221829818474,0.8832957724104636,0.015071494253686923,0.059457963747372805,1.2846755578028406
2024-01-30,0.9177381323442215,0.9185496380096982,0.9144759341925996,0.9152874398580764,1540.0,-0.0026703614024244926,-0.002673933177471424,0.9065434943594617,0.8891781279263921,0.8575265518276134,66.0196876046802,0.9067952706345854,0.9248053798415999,0.8887851614275709,0.039722547724385104,0.0051237610280859824,0.0055979802682318775,0.9236221829818474,0.888665772326343,0.011837944500587172,0.059786961564850374,0.9430447229252146
2024-01-31,0.9152874398580764,0.9160146273389634,0.9134670898855796,0.9141942773664666,4182.0,-0.0011943379139772725,-0.0011950517038978325,0.9072721403601288,0.8901591533946303,0.8580904097931741,64.33968827658163,0.9077860765109091,0.9250862492771462,0.8904859037446721,0.03811508727415291,0.004894783024266007,0.00535420440211733,0.9236221829818474,0.8933893231590466,0.011092972488802477,0.059121651446559995,0.7408250706101281
2024-02-01,0.9141942773664666,0.9193073096657177,0.9136834396213632,0.9187964719206143,4649.0,0.005034153754938542,0.005021524769361353,0.9083696957468417,0.8912821854936885,0.8586944502123526,68.02832562948419,0.9088788774738935,0.9260551944969377,0.8917025604508493,0.03779671295868046,0.004792127043895018,0.005215656775300576,0.9236221829818474,0.8941845836414178,0.010537259388494702,0.06046528139961469,1.1547987188889288
2024-02-02,0.9187964719206143,0.9191869996875516,0.9168157578386585,0.9172062856055958,7592.0,-0.0017307274936465555,-0.0017322269328053277,0.9092112757333898,0.8922988168706261,0.8592766575296984,65.50695909134978,0.9099727676739938,0.9262801663714142,0.8936653689765734,0.035841509277479054,0.004673379461889925,0.005095232703081917,0.9236221829818474,0.8941845836414178,0.005000785256694007,0.0604218661660956,0.8871455301753578
2024-02-05,0.9172062856055958,0.9245992196607763,0.9163301897857006,0.9237231238408811,6721.0,0.0071050954813098866,0.0070799732176072844,0.9105933565055317,0.8935311426341654,0.8599179159009539,70.35600740901268,0.9112797145239385,0.9275963615390669,0.8949630675088102,0.03581040322762443,0.005108964973822326,0.00553084018572473,0.9245992196607763,0.8957366976511031,0.006081388808703014,0.06383155569770615,1.5252409769489224
2024-02-06,0.9237231238408811,0.924460286905999,0.9175438901470894,0.9182810532122073,8261.0,-0.005891452198409142,-0.005908875268069603,0.9113255180966437,0.8945017273627162,0.8604986436353942,62.45949353284243,0.912316459540321,0.9275584916618669,0.8970744274187752,0.033413914573514725,0.005469111493573304,0.005955814371255939,0.9245992196607763,0.8957366976511031,-0.00417362729754811,0.06881969509213649,0.7826507153799828
2024-02-07,0.9182810532122073,0.9191100860335453,0.9144325271077339,0.9152615599290719,8165.0,-0.003288201659582435,-0.0032936196749377526,0.9117003792235416,0.8953158384437497,0.8610435482751323,58.533976864015635,0.9130026991027178,0.9274144721899726,0.898590926015463,0.03157005582002869,0.00534929122529055,0.005844549208102974,0.9245992196607763,0.8957366976511031,0.0004939985447736106,0.06938262887170916,0.3134743813516905
2024-02-08,0.9152615599290719,0.9158077878334147,0.9138938358139508,0.9144400637182936,8425.0,-0.0008975534937160079,-0.0008979565360391261,0.9119613015563751,0.8960658080623594,0.861574856886507,57.4756054473479,0.9138727160630953,0.9261731831975715,0.9015722489286191,0.026919431816425834,0.005206954701090656,0.005694145420442485,0.9245992196607763,0.8957366976511031,-0.0023468981827154956,0.06633650469431089,0.09224814781352442
2024-02-09,0.9144400637182936,0.9158585667684818,0.9083970987975002,0.9098156018476884,7815.0,-0.005057151424229134,-0.005069982090520544,0.9117569492031669,0.8966050156617841,0.8620548642990562,51.79778586283481,0.9142887599274291,0.9253242599436714,0.9032532599111868,0.024140075870818428,0.005253285331011571,0.005774011041735268,0.9245992196607763,0.9007864164321062,-0.005282910123802331,0.06785066959777154,-0.8106851657209878
2024-02-12,0.9098156018476884,0.9103520556927305,0.9064107932144831,0.9069472470595252,4772.0,-0.003152677072516652,-0.0031576572288495096,0.9112988823323438,0.8970105933636563,0.8625015546747823,48.59141378640077,0.9144305314653971,0.9249775827780207,0.9038834801527735,0.023068020915097097,0.005036580725355344,0.005553333715587959,0.9245992196607763,0.9032600332353545,-0.011758131109941616,0.06837140085363755,-1.4190287283262362
2024-02-13,0.9069472470595252,0.9175323136514948,0.9057511659167813,0.9163362325087508,7042.0,0.010352294998045686,0.010299076962931726,0.9117786299681921,0.8977684615654247,0.8630372231109412,57.79987285884268,0.9150183889469062,0.9245114391798441,0.9055253387139683,0.020749419569290703,0.005219232457747437,0.005695761307460462,0.9245992196607763,0.9034345719381006,0.0011458615130095495,0.07736419180079648,0.2776438614581658
2024-02-14,0.9163362325087508,0.9255256110976887,0.9152789810724054,0.9244683596613432,4592.0,0.008874610502225933,0.008835462590934349,0.9129871756532542,0.8988155163927156,0.863648478200995,63.84123736826096,0.916033586605972,0.9249653866640389,0.9071017865479051,0.019501031815133445,0.005633472247456068,0.006093742623619651,0.9255256110976887,0.9035125963448596,0.01123840145277799,0.08250189158019093,1.8887061959595102
2024-02-15,0.9244683596613432,0.9249519189005628,0.9206616713697624,0.921145230608982,5555.0,-0.003594637953405533,-0.003601114188886077,0.9137641332680854,0.8996911914600202,0.8642205851901292,60.05753871420009,0.9166300566918479,0.925232046072645,0.9080280673110509,0.018768726419122535,0.00563491811433361,0.006117296086533811,0.9255256110976887,0.9057511659167813,0.0025563427376444903,0.08235145310267115,1.0497976031483276
2024-02-16,0.921145230608982,0.9268589107061171,0.9198950970317451,0.9256087771288802,5739.0,0.004845649058994983,0.004833946690082818,0.9148921945881611,0.9007075673686029,0.8648314129706143,63.2114231358132,0.9172783776902286,0.9265438406918247,0.9080129146886324,0.020202074369020294,0.0057912757255277735,0.006256720839976873,0.9268589107061171,0.9057511659167813,0.009160961558104308,0.08297620729866165,1.7981615030391032
2024-02-19,0.9256087771288802,0.9263989968488059,0.9230687160856944,0.9238589358056201,8255.0,-0.0018904761563389716,-0.0018922653617101488,0.9157461699422048,0.9016154641700546,0.865418751506286,61.172183698829556,0.9175643464707754,0.9272836530189906,0.9078450399225603,0.02118501353196321,0.005738174078814408,0.006211093335164449,0.9268589107061171,0.9057511659167813,0.00014702670230271053,0.08099731280652707,1.2952753992517094
2024-02-20,0.9238589358056201,0.9270359011406039,0.9229505940144569,0.9261275593494407,9637.0,0.002455595173566527,0.002452585126369513,0.916734873695275,0.9025767228045403,0.866022819246019,62.84570088350204,0.9177642404976686,0.9280280816984953,0.9075003992968419,0.022367054081908866,0.0058480147697260575,0.006314480884073898,0.9270359011406039,0.9057511659167813,0.00854477625318073,0.08002415612120409,1.6296664549132995
2024-02-21,0.9261275593494407,0.9262465127803867,0.9197121065327206,0.9198310599636667,2538.0,-0.0067987388154143735,-0.006821955529574472,0.9170297485779789,0.9032533634774472,0.8665582246262942,55.67343118702914,0.9180153112310743,0.9282203352936899,0.9078102871684587,0.022232797073788398,0.0059130530699626005,0.00642841205013904,0.9270359011406039,0.9057511659167813,0.004992561945843077,0.07857091254755133,0.35585388558643033
2024-02-22,0.9198310599636667,0.9264045814992444,0.9188827898431732,0.925456311378751,1388.0,0.006115526709118191,0.006096902767225585,0.9178322783685287,0.904124067316714,0.8671442752407464,60.059013627354254,0.9184585663018495,0.9291611274236166,0.9077560051800825,0.023305484894894354,0.006280949484761045,0.006786867632253374,0.9270359011406039,0.9057511659167813,0.012046987109973317,0.08109286957948907,1.3076767321925078
2024-02-23,0.925456311378751,0.933706877190943,0.9241013833326683,0.9323519491448604,3403.0,0.007451067847639825,0.007423445766081219,0.9192151041567507,0.9052310430746806,0.8677931078169069,64.67310148923947,0.9193437836126469,0.9315431651364903,0.9071444020888035,0.026539324551485544,0.006376411197846686,0.006839060296591901,0.933706877190943,0.9057511659167813,0.024770236135107426,0.0840633616227022,2.132594264191085
2024-02-26,0.9323519491448604,0.9332863378730637,0.9287740724729079,0.9297084612011112,1100.0,-0.0028352897703209923,-0.00283931681806123,0.9202144714943088,0.9061909418247367,0.8684091809849089,61.72905747844267,0.9199423000554914,0.9329572898530916,0.9069273102578912,0.028295230683087653,0.006204687529364269,0.006673799140591121,0.933706877190943,0.9057511659167813,0.02509651384397671,0.08459617209518012,1.5007558665041052
2024-02-27,0.9297084612011112,0.9311207979613062,0.9293865800215214,0.9307989167817164,7853.0,0.0011729005662661773,0.0011722132557757492,0.9212225139026333,0.9071559604505006,0.869029974375922,62.48765283006109,0.9207178739016733,0.9343966735932844,0.9070390742100621,0.02971333582054893,0.005994448887505229,0.006440111585251232,0.933706877190943,0.9057511659167813,0.015783163166395386,0.08368354258144468,1.473966006860331
2024-02-28,0.9307989167817164,0.9315729069901835,0.9293078859214887,0.9300818761299557,4268.0,-0.0007703496843763924,-0.0007706465561676871,0.9220662626861879,0.908055015967342,0.8696374559854149,61.622680751314846,0.9215122538398479,0.9354389555766964,0.9075855521029994,0.03022575484768078,0.006019525248164578,0.006472038002946204,0.933706877190943,0.9057511659167813,0.006072156402052498,0.0835593528967909,1.2306750660759185
2024-02-29,0.9300818761299557,0.9336752695034095,0.9286481847362794,0.9322415781097332,7991.0,0.002322055762191466,0.002319363956919392,0.9230353403455731,0.9090035086003769,0.8702603825737165,63.27176435807967,0.9221845091493037,0.9368382762945777,0.9075307420040297,0.03178055367421385,0.0058456407336037585,0.006270521365778082,0.933706877190943,0.9057511659167813,0.01204625191775155,0.08231418736614071,1.3726257365394257
2024-03-01,0.9322415781097332,0.9374680768764336,0.9304119734281969,0.9356384721948974,9997.0,0.0036437916575786655,0.0036371691312853272,0.9242356386169374,0.9100480169766326,0.8709109108286537,65.76365134874813,0.923106118478769,0.9387281027971682,0.9074841341603698,0.03384656217888242,0.006068129374317285,0.006485549231512648,0.9374680768764336,0.9057511659167813,0.010835782150994788,0.08238585311784466,1.6044509405079903
2024-03-04,0.9356384721948974,0.9361617999569642,0.9347851244312718,0.9353084521933387,7653.0,-0.000352721709683923,-0.00035278393061771046,0.9252901922908804,0.9110386222792486,0.8715516823845212,65.30011355144606,0.9236853848963916,0.9402353133905835,0.9071354564021997,0.035834557447389476,0.005324952787958637,0.005693258491860511,0.9374680768764336,0.9057511659167813,0.01239314352437848,0.07925951240391975,1.404606346308519
2024-03-05,0.9353084521933387,0.9368039648163251,0.9340414009438783,0.9355369135668647,9512.0,0.00024426313371850306,0.00024423330633631044,0.9262660705076409,0.9119993395846454,0.8721883513515097,65.48150146117726,0.9245481779141247,0.9417000648906829,0.9073962909375665,0.037103284363730275,0.004790376634184594,0.005120457102991924,0.9374680768764336,0.9057511659167813,0.010159890095521762,0.07545963301631867,1.2813442238464543
2024-03-06,0.9355369135668647,0.9365170939062123,0.9280479762250154,0.929028156564363,7932.0,-0.006957242315202894,-0.006981556765494319,0.9265291263225668,0.912667136328948,0.8727539215526326,56.43108362008435,0.9252365077458891,0.9419176808936361,0.908555334598142,0.03605818189856485,0.005088867359212911,0.005477624465152962,0.9374680768764336,0.9057511659167813,0.009998680193577858,0.07921795628361161,0.454602177543613
2024-03-07,0.929028156564363,0.9297340148036383,0.9256228270384117,0.926328685277687,7801.0,-0.002905693726936054,-0.002909923450461243,0.9265100366992449,0.9132028833465456,0.8732870037787526,53.14999068430583,0.9258309388238588,0.9417207235961426,0.909941154051575,0.03432545642181616,0.004885108365702519,0.005273623113849812,0.9374680768764336,0.9057511659167813,0.0009426419034694877,0.08009065944910186,0.06264986731555623
2024-03-08,0.926328685277687,0.9298815618629191,0.9251704653835241,0.9287233419687563,3666.0,0.002585104757229395,0.0025817691213352494,0.9267208276772936,0.9138115287827108,0.873838609133877,55.615360472983774,0.9267763258299121,0.9407936446754886,0.9127590069843355,0.030249626484630556,0.004983738059722774,0.0053662246166420085,0.9374680768764336,0.9057511659167813,-0.003891885654802585,0.0774066944304753,0.2778015054510375
2024-03-11,0.9287233419687563,0.9300203791068444,0.9244673291057999,0.925764366243888,9426.0,-0.003186068004488507,-0.003191154325603057,0.9266297361122073,0.9142802675066785,0.8743552833339766,51.97574159779349,0.9277171817891304,0.9382146233800959,0.917219740198165,0.022630693485100294,0.005088576836501173,0.005496622058534291,0.9374680768764336,0.9057511659167813,-0.004242292204297726,0.07743077055718277,-0.3720555200655908
2024-03-12,0.925764366243888,0.925959008307172,0.9179444883091997,0.9181391303724837,9382.0,-0.008236691915829764,-0.008270800888547699,0.9258211069941384,0.9144315954622003,0.8747909435035139,43.98694263388047,0.927807326682317,0.9379170704988612,0.9176975828657729,0.0217927656439078,0.005194299247237332,0.005657420618953507,0.9374680768764336,0.9152789810724054,-0.013600989624058202,0.0758741897877021,-1.9126491205468013
2024-03-13,0.9181391303724837,0.9196119375179788,0.9173545285938313,0.9188273357393263,9182.0,0.000749565446103384,0.0007492846622262219,0.9251550335412991,0.9146039774338522,0.8752291165605868,44.81142137676551,0.9275252754862162,0.938318873483434,0.9167316774889984,0.02327397060216975,0.004818271909242777,0.0052439361802027774,0.9374680768764336,0.9173545285938313,-0.012100591011900197,0.06855287867864544,-1.6116849541982057
2024-03-14,0.9188273357393263,0.9196661833039498,0.9167121295352539,0.9175509770998774,1022.0,-0.001389116964420567,-0.0013900826818242105,0.9244308376897352,0.9147195460482063,0.8756502296007788,43.5316434979675,0.9273455628107609,0.938691965643898,0.9159991599776237,0.024470711433063827,0.0043431690457014305,0.004733436238528104,0.9374680768764336,0.9167121295352539,-0.015758362805103898,0.06758600802928709,-1.7264653573339368
2024-03-15,0.9175509770998774,0.9186416391547794,0.9143713513202366,0.9154620133751386,9356.0,-0.0022766732060397477,-0.002279268766727266,0.9235766639454879,0.9147486624139683,0.8760463667527625,41.44539964221588,0.926838224623074,0.9393583015851423,0.9143181476610056,0.027016747107425392,0.004325884933871926,0.004725357110038014,0.9374680768764336,0.9143713513202366,-0.021564374936857034,0.06523994969194485,-1.817274970817111
2024-03-18,0.9154620133751386,0.9179205441260658,0.9146406383372805,0.9170991690882078,4132.0,0.0017883382261087988,0.0017867410532100426,0.922959759673366,0.9148408391462916,0.8764548523481401,43.721776488608256,0.9265002362872032,0.9397051944664253,0.9132952781079812,0.02850502927476578,0.004436291208800537,0.004837308066924929,0.9374680768764336,0.9143713513202366,-0.019468746446618113,0.0655383659304416,-1.4238692877934285
2024-03-19,0.9170991690882078,0.9199144543939446,0.9156069326245502,0.918422217930287,3171.0,0.0014426453394289496,0.0014416057263830937,0.9225276128406917,0.914981285373115,0.8768724380753257,45.56357987869756,0.9261149692162455,0.939806370671571,0.9124235677609199,0.029567390465381062,0.004582184115993371,0.004989191274487637,0.9374680768764336,0.9143713513202366,-0.018293982191814995,0.06505826362180864,-1.1237346755274975
2024-03-20,0.918422217930287,0.919230116920509,0.9132774366559467,0.9140853356461688,4240.0,-0.004722100793567052,-0.004733285134466105,0.9217235864412133,0.9149461500897053,0.8772427156630953,40.84483522386921,0.9258276830003707,0.9402934876992988,0.9113618783014426,0.031249453790468083,0.004648298080095671,0.005085190516495683,0.9374680768764336,0.9132774366559467,-0.016084357414369643,0.06272932820291513,-1.6234627244859656
2024-03-21,0.9140853356461688,0.9150147649986093,0.911084970932256,0.9120144002846966,5726.0,-0.002265582085952844,-0.002268152399952343,0.9207989020453545,0.9148311795091166,0.8775887025747531,38.779527612176196,0.925155587445668,0.9408876684158556,0.9094235064754803,0.034009589702902895,0.004424990267104,0.004851886401928176,0.9374680768764336,0.911084970932256,-0.015452706172754849,0.058244601541569574,-1.6706228738428135
2024-03-22,0.9120144002846966,0.916631611757623,0.9111999499559357,0.915817161428862,6593.0,0.004169628399484093,0.0041609595877837285,0.9203244505580696,0.9148698454667537,0.8779690852499183,44.34461485473645,0.924328848059868,0.9402057819006366,0.9084519142190994,0.03435343140938141,0.004714632143960776,0.005148005893015791,0.9374680768764336,0.911084970932256,-0.013896690173130555,0.05307010749887439,-1.0722078603300307
2024-03-25,0.915817161428862,0.916475999395143,0.9116540683921269,0.9123129063584079,2238.0,-0.0038263697362765914,-0.00383370901680515,0.919561446348578,0.9147695733448578,0.878310814813187,40.67528114919247,0.9234590703177329,0.9399876945154781,0.9069304461199876,0.03579719931075729,0.0048617297961442985,0.0053290156943525,0.9374680768764336,0.911084970932256,-0.014530111955007419,0.053665453554336995,-1.3487104342109093
2024-03-26,0.9123129063584079,0.9179440121172954,0.9116860697804743,0.9173171755393618,8996.0,0.005485255273795175,0.005470266049252173,0.9193477062715097,0.9148694793132697,0.8786989378054872,47.372420756106486,0.9227849832556151,0.9391520869307912,0.906417879580439,0.03547327703021881,0.004703788700117458,0.005127766955144754,0.9374680768764336,0.911084970932256,-0.0008952399543068479,0.05792946030704908,-0.6681460354584656
2024-03-27,0.9173171755393618,0.9183221238669782,0.9162998520554155,0.917304800383032,4327.0,-1.3490596992848936e-05,-1.3490687991770968e-05,0.9191531438059405,0.9149649821003192,0.8790830757415822,47.358182939023635,0.9221461294682689,0.9383101894608415,0.9059820694756963,0.03505748053596065,0.004554580417712895,0.004965176695697082,0.9374680768764336,0.911084970932256,-0.0016570418587614766,0.05798350998976744,-0.5990238946726877
2024-03-28,0.917304800383032,0.9186039033696993,0.9139461985315369,0.9152453015182043,9747.0,-0.0022451630733510974,-0.002247687230768468,0.9187809683499656,0.9149759750186677,0.8794428988836381,44.9375826328588,0.9212963156386925,0.937006350250077,0.9055862810273081,0.03410419502327735,0.00455076672905342,0.004972182562974791,0.9374680768764336,0.911084970932256,-0.0025128582925830756,0.0571016725926021,-0.7703374652151728
2024-03-29,0.9152453015182043,0.9160595192134695,0.9143341638200877,0.9151483815153529,3760.0,-0.00010589511105996152,-0.00010590071834309413,0.9184350076990502,0.9149827360577534,0.8797981773177845,44.821477674239674,0.9202718111047151,0.9346606378304566,0.9058829843789736,0.03127081923430604,0.004277359971363225,0.004673952396965984,0.9368039648163251,0.911084970932256,-0.0003425940729416821,0.054630344444932595,-0.7121400079405215
2024-04-01,0.9151483815153529,0.9192249743321378,0.9137103802335458,0.9177869730503306,7481.0,0.002883239033443452,0.002879090472064514,0.9183732901134578,0.9150927061358938,0.8801761752852726,48.70694330967604,0.919395737147565,0.9319458960682759,0.906845578226854,0.02730088560046621,0.004098793835693203,0.004465953381393689,0.9368039648163251,0.911084970932256,0.0007499777399282426,0.05639713605295808,-0.2563735021043344
2024-04-02,0.9177869730503306,0.9212426597615408,0.9167149079384714,0.9201705946496817,2762.0,0.0025971403706339657,0.0025937736295877623,0.9185444619740506,0.9152918390187874,0.880574129706809,51.99549613541851,0.9186274212017056,0.928642278191915,0.9086125642114962,0.02180395829488404,0.004260961185616197,0.004630620898332867,0.9365170939062123,0.911084970932256,0.0019036742418261365,0.05765629659322683,0.308176831578257
2024-04-03,0.9201705946496817,0.9212804608544696,0.9148803696216047,0.9159902358263926,4844.0,-0.004543025877588036,-0.004553376781162802,0.9183012023409403,0.9153192271288896,0.8809265287726755,46.379425756840455,0.9179755251648072,0.9267617888974086,0.9091892614322058,0.019142697145490797,0.004507106718771129,0.004920474632248547,0.9300203791068444,0.911084970932256,0.0020839412973157057,0.054815596851808736,-0.45190752265907486
2024-04-04,0.9159902358263926,0.9191307595460171,0.9146214927140113,0.9177620164336358,4635.0,0.0019342789234479962,0.0019324106148032295,0.9182498513021494,0.9154150227878993,0.8812930510379587,48.89872423108401,0.9175471917226046,0.9254050534332486,0.9096893300119605,0.01712797288582335,0.0045241766471613475,0.004929574950968234,0.9300203791068444,0.911084970932256,0.00630211118064028,0.05492561575237838,0.05467765123435123
2024-04-05,0.9177620164336358,0.9187133607222346,0.9138345393516798,0.9147858836402787,2453.0,-0.003242815392297538,-0.0032480847128380486,0.9179199496200665,0.9153903506644633,0.8816263130539023,45.06830399756737,0.9168503188061807,0.9227672758196288,0.9109333617927327,0.012907138476327242,0.004638384903002025,0.005070459640833262,0.9300203791068444,0.911084970932256,-0.0011260738846325946,0.054536397377542005,-0.697802996104245
2024-04-08,0.9147858836402787,0.9150910124016329,0.910670421741388,0.9109755505027423,1114.0,-0.004165273213851628,-0.004173972128298087,0.9172585782755595,0.9152172212463566,0.8819183452673236,40.67517779029073,0.9161108780191233,0.920932245236578,0.9112895108016685,0.010525728562201613,0.0046464612523484895,0.005100533433399212,0.925959008307172,0.910670421741388,-0.001465896016974999,0.05522293402039703,-2.13023704055966
2024-04-09,0.9109755505027423,0.9149261069345317,0.9099770910264908,0.9139276474582803,9450.0,0.0032405885689343883,0.0032353491778868743,0.916941346769152,0.9151666497252555,0.8822368457866366,45.137210057100845,0.9159003038734133,0.9207165564551446,0.9110840512916819,0.010516979984312802,0.004574770941168387,0.005005616094327882,0.9212804608544696,0.9099770910264908,-0.003695044823605942,0.049446656593854554,-0.8191665124107267
2024-04-10,0.9139276474582803,0.9149149150690951,0.9124039749601156,0.9133912425709304,9662.0,-0.0005869227053603154,-0.0005870950119150673,0.9166032416074166,0.9150970259152821,0.8825468397844903,44.482524915488675,0.9156284992149933,0.9203620900418434,0.9108949083881432,0.010339544544339552,0.0044734242299273985,0.004897599212070406,0.9212804608544696,0.9099770910264908,-0.004266365782090498,0.049324628959018874,-0.9452682861275806
2024-04-11,0.9133912425709304,0.9164533457511863,0.9124393347624707,0.9155014379427266,3314.0,0.002310286406793871,0.0023076217983697637,0.9164983079250651,0.9151128852104761,0.882874746233826,47.69650447644839,0.9155260222571359,0.9201723084449909,0.9108797360692809,0.010149981704288569,0.004372163457572274,0.0047757035394692575,0.9212804608544696,0.9099770910264908,0.0002798554923990615,0.04997701539225545,-0.010582350468843782
2024-04-12,0.9155014379427266,0.9162971124363,0.9139195707335374,0.9147152452271107,1465.0,-0.0008587563962572098,-0.000859125338767549,0.9163284924300219,0.9150972914856382,0.8831915671193313,46.61377803998301,0.9154886838497344,0.9201491166731961,0.9108282510262726,0.01018130077559033,0.004197564221839882,0.004588929990772907,0.9212804608544696,0.9099770910264908,-0.00047329624025016503,0.0494108472541974,-0.33191707805765114
2024-04-15,0.9147152452271107,0.9163191710919664,0.9141445481204548,0.9157484739853105,1690.0,0.0011295632860510718,0.0011289258094440955,0.9162732525781446,0.9151228280542528,0.8835155164413809,48.275582612485906,0.9154211490945896,0.9200220842702995,0.9108202139188797,0.010052062223514369,0.0039058985528892054,0.004265252592658822,0.9212804608544696,0.9099770910264908,-0.002221102635881933,0.04914281700122431,0.14228624321808467
2024-04-16,0.9157484739853105,0.9167428371877415,0.91452227406504,0.9155166372674711,2718.0,-0.0002531663709254284,-0.00025319842294088793,0.9162011939771282,0.9151382715528105,0.8838339355540783,47.91517475076087,0.915275870061449,0.9196560035662111,0.9108957365566868,0.00957117662124779,0.003920062217970548,0.004281803364787231,0.9212804608544696,0.9099770910264908,-0.005057711482273963,0.0488184977598628,0.10993601257149285
2024-04-17,0.9155166372674711,0.9236511211567372,0.9136275208765972,0.9217620047658632,6851.0,0.006821686514657532,0.006798524089409791,0.9167307950046267,0.9153980257964596,0.8842113292775786,57.18766016079377,0.9156597035174336,0.9208677431322273,0.91045166390264,0.011375491560428814,0.004303340463826093,0.004668602569400965,0.9236511211567372,0.9099770910264908,0.006301124961515914,0.05160882316899966,2.343415833894889
2024-04-18,0.9217620047658632,0.9231235620745273,0.9210555833424857,0.9224171406511498,7265.0,0.0007107429921164865,0.0007104905339309069,0.917272351732867,0.9156732852025259,0.8845914866046789,58.03170276659638,0.9161798405357562,0.9219069934904357,0.9104526875810767,0.012502246177629137,0.0043278135594446475,0.004691818233548404,0.9236511211567372,0.9099770910264908,0.005072256352037341,0.050624117131042035,2.178150353151373
2024-04-19,0.9224171406511498,0.9236134461728318,0.9187551426443966,0.9199514481660787,2976.0,-0.0026730774791657863,-0.002676656530247275,0.9175275037741253,0.9158410562991358,0.8849433270182252,53.73766002402309,0.916386554872617,0.9223520734450578,0.9104210363001762,0.013019655386083236,0.004280935661576303,0.004653436515709975,0.9236511211567372,0.9099770910264908,0.005646747089323556,0.04999768262734582,1.1951662710197826
2024-04-22,0.9199514481660787,0.9212641884556392,0.9152878952739374,0.9166006355634979,8530.0,-0.003642379833479925,-0.003649029450770865,0.9174392306112084,0.9158708437212677,0.885258325113203,48.486908622557074,0.9166009413328714,0.9222498293178827,0.9109520533478601,0.012325730272100701,0.004384402901478616,0.004783329545460352,0.9236511211567372,0.9099770910264908,0.006174792570065479,0.049803591032983284,-0.0001082582534116146
2024-04-23,0.9166006355634979,0.9184635850333166,0.9157693352513447,0.9176322847211634,3973.0,0.0011255165201049522,0.0011248836012490069,0.9174576167169184,0.9159399198389107,0.885580454064526,50.103424652201376,0.9166166967919617,0.9222757446293991,0.9109576489545242,0.012347686567882411,0.004119699940700542,0.004489488882741714,0.9236511211567372,0.9099770910264908,0.004053534514669943,0.04596942787550026,0.3589253734464437
2024-04-24,0.9176322847211634,0.91914800234173,0.9089307534842136,0.9104464711047802,6318.0,-0.007830820401623972,-0.007861642288254636,0.9167898885633814,0.915724490476788,0.8858278771196529,40.55671388701109,0.9162737803280491,0.9225543145155156,0.9099932461405825,0.013708859343804333,0.004527412942522727,0.004972739294633042,0.9236511211567372,0.9089307534842136,-0.0032239979199510937,0.05376212858032896,-1.855673116117381
2024-04-25,0.9104464711047802,0.911224134065999,0.9073490541116938,0.9081267170729126,2441.0,-0.0025479301699666834,-0.0025511816682769186,0.9159648246119082,0.9154265385785968,0.886049756124163,38.03704323907268,0.9159178511057844,0.9231747524276168,0.908660949783952,0.015846183832035156,0.004455717127076327,0.004906492721013715,0.9236511211567372,0.9073490541116938,-0.008055389717777195,0.05391274229605144,-2.1472343876117206
2024-04-26,0.9081267170729126,0.9098193114464819,0.9072705957750526,0.9089631901486219,8920.0,0.0009210973094211372,0.0009206733596071416,0.9152980022820715,0.915173073934284,0.8862777504925656,39.49671328842653,0.9156085915374479,0.9235027576144242,0.9077144254604715,0.017243538669118055,0.004322011770732349,0.004754880965009892,0.9236511211567372,0.9072705957750526,-0.006288355975810345,0.054106123300754795,-1.6836234059497528
2024-04-29,0.9089631901486219,0.9117454343693667,0.9080662081876856,0.9108484524084304,7637.0,0.002074079875005852,0.0020719319408205113,0.914874235627439,0.9150034809332702,0.8865222350887434,42.769050174637734,0.9152616655053528,0.9233599596833523,0.9071633713273534,0.017696128840986824,0.004231312504563799,0.004645462692916176,0.9236511211567372,0.9072705957750526,-0.005350837829470101,0.05354136840958104,-1.0899117764607256
2024-04-30,0.9108484524084304,0.9120885264080835,0.9100408633083005,0.9112809373079536,6609.0,0.000474815429921005,0.00047470274074438827,0.914532016739869,0.9148574988303166,0.8867685903347058,43.52367198029112,0.9148171826382665,0.9227552794812877,0.9068790857952453,0.01735449878658436,0.0041982212896211945,0.004606945144735831,0.9236511211567372,0.9072705957750526,-0.0046265679804134985,0.05249920451126657,-0.8909554519788611
2024-05-01,0.9112809373079536,0.913544398147247,0.9107326860496522,0.9129961468889456,1167.0,0.0018821962698560846,0.0018804271579862914,0.9143857434207334,0.9147845046365374,0.8870295610466883,46.534611635487266,0.9146674781913943,0.9226253336425687,0.9067096227402198,0.01740054312832857,0.004112342797398282,0.0045042279876110975,0.9236511211567372,0.9072705957750526,-0.009509892826559119,0.05083167659041614,-0.4200456549388624
2024-05-02,0.9129961468889456,0.9165824259161836,0.9123501705300744,0.9159364495573123,3543.0,0.003220498441735886,0.0032153237437239773,0.9145334297194552,0.9148296789471559,0.8873171917781373,51.3253049177631,0.9145761998475779,0.9224257447587889,0.9067266549363668,0.01716542571853331,0.00424482234620875,0.004634407057673428,0.9236511211567372,0.9072705957750526,-0.0070257704548536415,0.051731207626711344,0.3465805279467122
2024-05-03,0.9159364495573123,0.9239784346097064,0.9142961613739693,0.9223381464263634,8233.0,0.0069892369412147826,0.006964925438208052,0.915276736072494,0.9151241286522229,0.8876656589885674,59.77609995605347,0.9149538129868823,0.9235380697088588,0.9063695562649058,0.018764349850519862,0.004781083079367714,0.005183655363157444,0.9239784346097064,0.9072705957750526,0.0025943741542475696,0.056042510255857,1.720436300693679
2024-05-06,0.9223381464263634,0.9235148264914487,0.9198296342347845,0.9210063142998698,6136.0,-0.001443973809013288,-0.001445017343872823,0.9158224101893869,0.9153548025991896,0.8879974068026102,57.53795695949522,0.9154553511767387,0.9242309194157712,0.9066797829377062,0.019172028931290285,0.004885699446079338,0.005304740445556387,0.9239784346097064,0.9072705957750526,0.004806541219190219,0.053882172734535674,1.2650948569783134
2024-05-07,0.9210063142998698,0.9282284371833651,0.9191229720277858,0.9263450949112811,5224.0,0.0057966818777672735,0.0057799457621839235,0.9168245706390912,0.9157857944545656,0.8883789758385173,63.44633707632793,0.9160762235493886,0.9260693088429439,0.9060831382558332,0.021817148042193677,0.004820118365753571,0.005203372255363653,0.9282284371833651,0.9072705957750526,0.0094948819207743,0.05628347439428119,2.0551953796521882
2024-05-08,0.9263450949112811,0.9272791605408455,0.9249839430704385,0.9259180087000028,8016.0,-0.0004610443922296037,-0.0004611507058735355,0.917690612359178,0.9161831361896808,0.888752498553557,62.694788353049255,0.9167025618558423,0.9275230973870374,0.9058820263246472,0.023607516726666923,0.004836349704208241,0.005223302342934792,0.9282284371833651,0.9072705957750526,0.016993352257655303,0.05624762697527899,1.7033254625138987
2024-05-09,0.9259180087000028,0.92714102654049,0.9202319448789142,0.9214549627194014,3182.0,-0.004820130874079842,-0.004831785170137981,0.9180491219172945,0.9163898744849641,0.8890778962069485,55.32024435156417,0.917000238094676,0.9280075977480963,0.9059928784412558,0.024007321254989243,0.004982833856575426,0.00540757178394272,0.9282284371833651,0.9072705957750526,0.014676636416389721,0.05913907962296274,0.8094083894753448
2024-05-10,0.9214549627194014,0.9221944903709253,0.9202086695421723,0.9209481971936961,8786.0,-0.0005499623380503804,-0.0005501136228068391,0.9183252243245709,0.9165686322382477,0.8893950136297023,54.53582908809368,0.9173118856930053,0.92839949893525,0.9062242724507605,0.02417414058440618,0.004697800117079083,0.005101047085378061,0.9282284371833651,0.9072705957750526,0.013185360171861893,0.0590668165374767,0.6559232219313406
2024-05-13,0.9209481971936961,0.9268509983793966,0.9197907488276966,0.925693550013397,2526.0,0.0051526815885636346,0.005139451950734223,0.9190269696282686,0.9169264721509987,0.8897561930962067,60.22350206676905,0.9178091394944097,0.929478305873758,0.9061399731150613,0.025428307209441153,0.00500965724348823,0.005411787997675611,0.9282284371833651,0.9072705957750526,0.016298098290350893,0.06145264201236901,1.3513236957424641
2024-05-14,0.925693550013397,0.9265135517094066,0.9244812072974352,0.9253012089934448,3453.0,-0.0004238346696339157,-0.000423924512934208,0.9196245162344758,0.9172548932036436,0.890109874846428,59.56006399490204,0.9182983680807084,0.9303761293378128,0.9062206068236041,0.0263046558219362,0.004425021211663589,0.004782249464990095,0.9282284371833651,0.9072705957750526,0.015385235344556936,0.06148510600594304,1.1596256563884664
2024-05-15,0.9253012089934448,0.932613264401078,0.9241992935884532,0.9315113489960863,8258.0,0.006711479399661657,0.0066890576877914375,0.9207565955451054,0.9178139699013865,0.8905218298130912,65.95343668682534,0.9187858352922195,0.9321686766678849,0.905402993916554,0.02913157966003921,0.004749227701543552,0.005098410992696887,0.932613264401078,0.9072705957750526,0.020279605965733527,0.06133680776850669,1.901765603679076
2024-05-16,0.9315113489960863,0.9372634742557246,0.9302917657048742,0.9360438909645125,5146.0,0.004865793608753055,0.004853993896195161,0.9222125284421918,0.9185288687666072,0.8909747856454437,69.71657113794997,0.9194671728078877,0.9348643481905594,0.904069997425216,0.033491517344010235,0.005065155764359357,0.0054112374571882,0.9372634742557246,0.9072705957750526,0.02195287829949155,0.06323997270935963,2.1532154755190342
2024-05-17,0.9360438909645125,0.942936311887123,0.9350660871609165,0.9419585080835271,8682.0,0.0063187390848948866,0.00629885955152553,0.9240930979318428,0.9194476781515846,0.8914820863662207,73.78799390108756,0.9205675258037601,0.9389637891653676,0.9021712624421526,0.039967222058035254,0.005364512803254022,0.00569506274131804,0.942936311887123,0.9072705957750526,0.021272416990648857,0.0648359700876126,2.3255790438844595
2024-05-20,0.9419585080835271,0.9435719793876253,0.9355572458714193,0.9371707171755175,5672.0,-0.00508280446211018,-0.005095765851502481,0.9253385854788594,0.920142699289778,0.8919366996081043,66.0471476225813,0.9215960298843611,0.9413112670299286,0.9018807927387935,0.04278498714461988,0.005790732118712806,0.006178951190627408,0.9435719793876253,0.9072705957750526,0.01755080570531753,0.06644178876798504,1.5799644890051907
2024-05-21,0.9371707171755175,0.9442229641343428,0.9359732294975514,0.9430254764563767,8474.0,0.006247270826498452,0.006227837524844654,0.9270230512862421,0.9210400631002328,0.8924450456463956,70.16847193589764,0.9228656894711216,0.9446664592785937,0.9010649196636494,0.04724581281153878,0.006179162300083997,0.006552487132482934,0.9442229641343428,0.9072705957750526,0.01800666040844434,0.06889104925123953,1.8494564332627734
2024-05-22,0.9430254764563767,0.9440979641057237,0.9381841931498929,0.9392566807992399,3730.0,-0.003996493998549178,-0.004004501321956358,0.9281881588589086,0.9217544402648997,0.8929108330608518,64.72228437707047,0.9243061999558446,0.9464562890976301,0.9021561108140591,0.04792803324881657,0.006299270555064114,0.006706655043117593,0.9442229641343428,0.9072705957750526,0.014405889046228415,0.06320540867279464,1.3499251174742766
2024-05-23,0.9392566807992399,0.9405553966311528,0.93683104648802,0.938129762319933,6681.0,-0.0011997982046270117,-0.0012005185387209375,0.929134978236149,0.922396609757254,0.8933607726554696,63.1440992709825,0.9258063522181958,0.9473996343439328,0.9042130700924589,0.046647513433020434,0.005873704619878096,0.006261079070077483,0.9442229641343428,0.9072705957750526,0.018096163431928103,0.062214873750157336,1.1414114843661383
2024-05-24,0.938129762319933,0.9390888662059984,0.935366616430615,0.9363257203166805,7603.0,-0.0019230196884396644,-0.0019248710646701016,0.9298198108152472,0.9229428493870355,0.8937882845724967,60.59672879459299,0.9271744787265987,0.9477161503666551,0.9066328070865424,0.04431026114581745,0.005876351585500895,0.006275969417473033,0.9442229641343428,0.9080662081876856,0.016697489793500386,0.06345378656167941,0.8909928802714163
2024-05-27,0.9363257203166805,0.9440450237290104,0.9355417073428156,0.9432610107551456,2605.0,0.007406920784061688,0.00737962425227301,0.9310999250952375,0.9237396400289222,0.8942805505046624,66.23592145354857,0.9287951066439344,0.9490254641391884,0.9085647491486804,0.043562584149163926,0.005833340959116291,0.0061842277933721644,0.9442229641343428,0.9100408633083005,0.018977620338279655,0.0668364564389406,1.4301184855091997
2024-05-28,0.9432610107551456,0.9434460067525121,0.9411245955558963,0.9413095915532629,7795.0,-0.0020688008723274143,-0.002070943796884977,0.9320722742817161,0.924428657735759,0.8947485011618623,63.48288529360866,0.9302965393561999,0.9494842557232138,0.911108822989186,0.041250752970214216,0.005835211939559778,0.006199035887790165,0.9442229641343428,0.9107326860496522,0.01730072586550735,0.06808253403434408,1.1479273496032907
2024-05-29,0.9413095915532629,0.9423592014299789,0.9357015199189478,0.9367511297956638,6818.0,-0.004842680663730614,-0.004854444435897025,0.9325178795687588,0.9249118919341867,0.8951664377651838,57.47339534850242,0.9314842885015358,0.9490338776683261,0.9139346993347454,0.03768091289016188,0.005817254785949443,0.006210032313724967,0.9442229641343428,0.9123501705300744,0.005625031627606525,0.07183493646533583,0.6002238849094664
2024-05-30,0.9367511297956638,0.9381833895747855,0.9312133390599979,0.9326455988391197,8254.0,-0.0043827339257542786,-0.004392366258356565,0.9325300433087932,0.9252151745579095,0.8955393647410439,52.64020166870253,0.9323197459656262,0.9482709672817672,0.9163685246494851,0.034218349198686014,0.0061732711920947725,0.006619096471134106,0.9442229641343428,0.9142961613739693,-0.003630483739273327,0.07416383903735167,0.04085616606219178
2024-05-31,0.9326455988391197,0.9384268936984809,0.9311658864327752,0.9369471812921364,7481.0,0.004612236907964862,0.004601633135556578,0.9329507231167307,0.9256752532533693,0.8959513828161793,56.74461535124676,0.9330501977089147,0.9484036240391257,0.9176967713787038,0.03291018289886437,0.006187611028809469,0.006604012640580426,0.9442229641343428,0.9191229720277858,-0.0053201141540581975,0.07203087568285571,0.5076369924742548
2024-06-03,0.9369471812921364,0.9374901025119337,0.9362723711346242,0.9368152923544215,4271.0,-0.0001407645386509726,-0.00014077444690847518,0.9333187773298441,0.926112117531842,0.8963579888812364,56.58269935873047,0.9338406466116422,0.9481774318060789,0.9195038614172055,0.03070499286244705,0.006129424383476467,0.006542831264071154,0.9442229641343428,0.9191229720277858,-0.00037925301610697293,0.0716408954707587,0.4149669123777585
2024-06-04,0.9368152923544215,0.938524088864183,0.9336330774481478,0.9353418739579094,5690.0,-0.001572794988016435,-0.0015740331284512766,0.9335114531991837,0.9264740687642368,0.8967458882352332,54.70471382973538,0.9342904855639738,0.9481950814169997,0.9203858897109478,0.029765037893182862,0.005877784426577215,0.0062841027331592735,0.9442229641343428,0.9197907488276966,-0.0081478207008151,0.06965528682648052,0.15122890374505768
2024-06-05,0.9353418739579094,0.940696856394923,0.9349634528308326,0.9403184352678462,1759.0,0.005320580045110601,0.005306475765615359,0.934159737205723,0.9270169850977117,0.8971794459171497,59.5839355619244,0.9350105068923659,0.9485769025060548,0.921444111278677,0.02901870195828845,0.005789334070380062,0.006156780355721721,0.9442229641343428,0.9197907488276966,0.0011304199270669724,0.07160166869601552,0.7825112176626287
2024-06-06,0.9403184352678462,0.9445837321879542,0.9396702306227906,0.9439355275428987,2313.0,0.003846667404773463,0.003839287897996888,0.9350907648568826,0.9276804573504642,0.897644680560192,62.726689816623924,0.9361345351335408,0.9486570042300498,0.9236120660370318,0.02675356719901944,0.005578139558876998,0.005909449741124921,0.9445837321879542,0.9197907488276966,0.006188659027945631,0.0691765932030999,1.2459192111773891
2024-06-07,0.9439355275428987,0.9508673523621377,0.9431726123373598,0.9501044371565989,6342.0,0.006535308221482072,0.0065140456825941865,0.9365206384092366,0.9285598291075676,0.8981666681880169,67.38480181004957,0.9375923471316859,0.9494412830321107,0.9257434112312611,0.02527524021857358,0.005555282880917849,0.005847023404651474,0.9508673523621377,0.9197907488276966,0.014715730371326563,0.07131780247997883,2.1119347982065486
2024-06-10,0.9501044371565989,0.9541665682090048,0.9487799003959052,0.9528420314483111,6846.0,0.002881361442648389,0.0028772182774963006,0.9380750567939105,0.9295120723366164,0.8987107016532936,69.2229651554278,0.9389497712034316,0.9512701145517929,0.9266294278550703,0.02624281665795728,0.005350778107797002,0.005615598316610643,0.9541665682090048,0.9241992935884532,0.010157337771753427,0.07025188250694085,2.255174202872731
2024-06-11,0.9528420314483111,0.9560470111857924,0.9522155947273556,0.9554205744648369,1866.0,0.0027061600259241647,0.0027025049675116035,0.9397270108578083,0.9305280920279191,0.8992749789947021,70.88728490831615,0.9404557394770011,0.9531102738164818,0.9278012051375204,0.026911493669054657,0.005202038500840286,0.00544476290324198,0.9560470111857924,0.9241992935884532,0.014990799029561908,0.07001943047907672,2.3651340438734465
2024-06-12,0.9554205744648369,0.9583523023808435,0.954310772305698,0.9572425002217047,3121.0,0.0019069358621341959,0.0019051199681055337,0.9413951527019889,0.9315757158786558,0.8998517702506922,72.03787630402928,0.9417422970382822,0.9557298139915722,0.9277547800849921,0.029705614789268486,0.005224694210269752,0.005458067531539473,0.9583523023808435,0.9302917657048742,0.021874935374255333,0.06740681491405998,2.216290887822902
2024-06-13,0.9572425002217047,0.9609231407720912,0.9559192475956741,0.9595998881460607,9293.0,0.0024626862303021024,0.0024596587879759497,0.9431289370299957,0.9326747030263972,0.900446278886467,73.49740256615468,0.9429200968973594,0.9587349331907923,0.9271052606039266,0.033544382701081274,0.005316240167486441,0.005540059177953194,0.9609231407720912,0.9311658864327752,0.028900891550329044,0.06628516217224742,2.1093852556194443
2024-06-14,0.9595998881460607,0.9606029345639724,0.953819335355815,0.9548223817737267,5929.0,-0.004978644152995981,-0.004991078891056556,0.9442425984341606,0.9335432394478612,0.9009873346365891,65.98091413484121,0.9435632905818695,0.9602365199480298,0.9268900612157092,0.035340987790820934,0.005193403226198053,0.005439130172619669,0.9609231407720912,0.9311658864327752,0.019078130377572444,0.06695824344538352,1.3505591441941602
2024-06-17,0.9548223817737267,0.9556263685977582,0.9535339033130221,0.9543378901370536,5172.0,-0.0005074154585411605,-0.0005075442373296851,0.945204054786817,0.9343587159454766,0.9015181859351012,65.25211592986648,0.9444216492299464,0.9614725029054616,0.9273707955544312,0.036108561656581974,0.005177049946778074,0.005424755739326866,0.9609231407720912,0.9311658864327752,0.018704431840127267,0.06361541355202825,1.1631371772718675
2024-06-18,0.9543378901370536,0.9573862863375495,0.9527041267132511,0.955752522913747,4554.0,0.0014823185700929553,0.0014812210203996562,0.9462086707989057,0.9351976887677618,0.9020578310791675,66.41847298744857,0.9450580015528148,0.9628244137843047,0.9272915893213249,0.03759856474903781,0.005035941240582883,0.005269084956459338,0.9609231407720912,0.9311658864327752,0.02182159221576363,0.06049051106842767,1.2039033229204028
2024-06-19,0.955752522913747,0.9574819203459851,0.9549507927470939,0.956680190179332,1702.0,0.0009706145088237417,0.0009701437671425507,0.9472059583589463,0.9360401398035096,0.9026013371398657,67.19608337979881,0.9459291770218196,0.9641994098093776,0.9276589442342615,0.03862917696455954,0.0047188753180188526,0.0049325525567057976,0.9609231407720912,0.9311658864327752,0.017400227729051476,0.05791496375695227,1.1768884701714224
2024-06-20,0.956680190179332,0.9571169306767233,0.9566528187370186,0.9570895592344099,3896.0,0.0004279058553529058,0.000427814329751013,0.948147253680419,0.9368656072321724,0.9031435085039906,67.55314379174092,0.9468771668675432,0.9654091093937078,0.9283452243413786,0.03914328737585249,0.004233382794733073,0.0044231835504708866,0.9609231407720912,0.9311658864327752,0.01393530734641546,0.057408628714358236,1.1021394386959833
2024-06-21,0.9570895592344099,0.9588044131236204,0.9515175776328162,0.9532324315220267,5630.0,-0.004030059334748648,-0.004038201907934362,0.9486315563320006,0.9375074434788334,0.9036419057479512,60.834248937578664,0.9477225024278108,0.9657638045505035,0.929681200305118,0.03807296350245088,0.004666890231411274,0.004895857586338777,0.9609231407720912,0.9311658864327752,0.003292263716596411,0.05929133505008496,0.6108127957444357
2024-06-24,0.9532324315220267,0.9565696727670546,0.9518701383830768,0.9552073796281046,8083.0,0.002071843173573562,0.002069699866392629,0.9492578252173438,0.9382015586219421,0.9041549950402911,62.870572940238475,0.9483198208714585,0.966529439256064,0.9301102024868529,0.038403960317673895,0.004653213300550034,0.004871416825068596,0.9609231407720912,0.9311658864327752,0.0024824137703058913,0.054346031032882096,0.7564748048173153
2024-06-25,0.9552073796281046,0.9567379278379564,0.9524710396306264,0.9540015878404782,5831.0,-0.0012623350838180114,-0.001263132499891428,0.9497096121338328,0.9388211676109043,0.9046509810383029,60.79235677801563,0.9489544206858194,0.9670194394000747,0.930889401971564,0.03807352243788397,0.004548462203638581,0.004767772152177115,0.9609231407720912,0.9311658864327752,-0.0014851957999266752,0.0538873264528952,0.5587779602659376
2024-06-26,0.9540015878404782,0.9619815579886046,0.9538227719838457,0.9618027421319721,5368.0,0.008177296967768255,0.00814404403134744,0.9508613388003222,0.9397224058274167,0.9052196552780409,68.13192291247124,0.9502070013026348,0.9681831151139464,0.9322308874913232,0.03783620576709751,0.004780268235038251,0.004970112919871811,0.9619815579886046,0.9311658864327752,0.00476393589838664,0.05598229070819801,1.2901276606338168
2024-06-27,0.9618027421319721,0.9631760941738765,0.958623010252145,0.9599963622940494,3973.0,-0.0018781188270670102,-0.0018798847035949974,0.95173134103782,0.9405174629437553,0.9057646971388968,65.09333994281309,0.9515745394753813,0.968021863307627,0.9351272156431356,0.03456865048388822,0.004555864227677794,0.004745709886640509,0.9631760941738765,0.9311658864327752,0.0004131661048385471,0.053233034974819224,1.024096431074915
2024-06-28,0.9599963622940494,0.9637519476572137,0.959066771832831,0.9628223571959953,7478.0,0.0029437558442333422,0.00293943147950214,0.9527876282909795,0.9413921646791373,0.9063324350499128,67.53289695863432,0.9528682982705741,0.9685225981712436,0.9372139983699045,0.03285721632062193,0.004505757657055164,0.0046797393344470885,0.9637519476572137,0.9336330774481478,0.008378495911886219,0.05223931697360692,1.2717347934538354
2024-07-01,0.9628223571959953,0.9632123181536678,0.9608033606345151,0.9611933215921876,7832.0,-0.001691937865414661,-0.0016933708088137662,0.9535881705101422,0.9421686806365118,0.9068783145179952,64.7247679017047,0.9540871997324626,0.968198888425778,0.9399755110391472,0.029581549144087557,0.0044041534471063026,0.004581964260645253,0.9637519476572137,0.9336330774481478,0.007183442600345202,0.05311639466507843,1.0071256550736072
2024-07-02,0.9611933215921876,0.9618585878873053,0.9590705285928133,0.9597357948879309,9688.0,-0.0015163720674238323,-0.0015175229231113429,0.954173658546122,0.9428575870777439,0.907404259596303,62.2314247411705,0.9553068957789635,0.966514788386738,0.9440990031711891,0.023464485930744693,0.004314619819916773,0.00449563290532536,0.9637519476572137,0.9349634528308326,0.004167681359647624,0.05307641533028283,0.7903179061325464
2024-07-03,0.9597357948879309,0.9611806171434979,0.9521027610343195,0.9535475832898864,8510.0,-0.006447828278372314,-0.006468705312532893,0.9541140323312425,0.943276802615475,0.9078633971454929,52.911818578159576,0.9559683531800657,0.9647507612353065,0.9471859451248249,0.018373846845506456,0.004605617172256874,0.004829981484895367,0.9637519476572137,0.9396702306227906,-0.003274455687075961,0.05748897302484739,-0.5512770244681794
2024-07-04,0.9535475832898864,0.9543494362905115,0.9484671816786965,0.9492690346793216,3978.0,-0.004486979659476642,-0.00449707636650857,0.9536526039834404,0.9435117921081749,0.9082753935388644,47.60365702590234,0.9562350285368867,0.9637048336364765,0.9487652234372969,0.015623366383093517,0.004541235415375274,0.004783928738294278,0.9637519476572137,0.9431726123373598,-0.008171152301926776,0.05903854243184885,-1.8651072590763034
2024-07-05,0.9492690346793216,0.949820043298129,0.9465231447980857,0.9470741534168932,2128.0,-0.0023121804064427653,-0.002314857623160235,0.9530260848818645,0.943651492551654,0.9086614508510836,45.10386190458373,0.9560835143499015,0.9641740389622292,0.9479929897375737,0.01692430523253811,0.004627266359325787,0.004885854336359349,0.9637519476572137,0.9465231447980857,-0.006460416055400708,0.05482463376129661,-2.227138872868761
2024-07-08,0.9470741534168932,0.9479275387055415,0.9393681757540324,0.9402215610426807,2940.0,-0.007235539423697035,-0.007261842895745937,0.9518066064209898,0.9435169854336551,0.9089754817982637,38.335364766541886,0.9554524908296198,0.9661546729292413,0.9447503087299983,0.022402332302946373,0.004904209454126547,0.005216014668593548,0.9637519476572137,0.9393681757540324,-0.015688549842714172,0.058998104134200174,-2.8463223004732265
2024-07-09,0.9402215610426807,0.9468362845847191,0.9389530775421036,0.945567801084142,4371.0,0.005686149162046794,0.005670044037818128,0.951212434484147,0.9435974095768116,0.9093395844777252,45.23971000333422,0.9549598521605851,0.9665393399102714,0.9433803644108988,0.02425125563862787,0.005286500842964004,0.005590821553888319,0.9637519476572137,0.9389530775421036,-0.008840432619643068,0.062118828505821656,-1.62218766140109
2024-07-10,0.945567801084142,0.9461935230802049,0.945045571713367,0.9456712937094299,5150.0,0.00010945024266817427,0.00010944425342737612,0.9506847067913169,0.9436787383663261,0.9097010940223194,45.3672320193436,0.9543812918349713,0.9666181967025949,0.9421443869673478,0.025643639439108974,0.005335346516330656,0.005641861555723623,0.9637519476572137,0.9389530775421036,-0.016772096518236745,0.06151564901358643,-1.4235622847058902
2024-07-11,0.9456712937094299,0.9466551350152,0.9413105884907336,0.9422944297965037,3833.0,-0.003570864353596215,-0.003577255107925799,0.9498856327918109,0.9436244517557448,0.9100254058210675,41.935669979736275,0.9535160189174936,0.9666161055829843,0.9404159322520029,0.02747743384607827,0.005196611590163673,0.005514849102191897,0.9637519476572137,0.9389530775421036,-0.0184395828909647,0.061258163098420096,-1.7132083790790162
2024-07-12,0.9422944297965037,0.9432275673633753,0.9365454386591958,0.9374785762260675,8674.0,-0.005110773679810721,-0.005123878352693693,0.9487040083569782,0.9433834370290908,0.9102985716957441,37.57104220004904,0.9526488286401106,0.9675563392175689,0.9377413180626523,0.031296969311847105,0.005338225470178077,0.005694237293045933,0.9637519476572137,0.9365454386591958,-0.026322385204822107,0.061376454947334944,-2.0352495925083733
2024-07-15,0.9374785762260675,0.9423542837130422,0.9362484329617532,0.9411241404487279,2078.0,0.0038886907019637373,0.003881149288769065,0.9479821161752401,0.9432948371631942,0.9106052937728882,42.453709405805846,0.9519881411556943,0.9677284430340792,0.9362478392773094,0.03306827301288969,0.005469579937603719,0.005811751821599033,0.9637519476572137,0.9362484329617532,-0.020879442972216777,0.06369779965506608,-1.3804056352801115
2024-07-16,0.9411241404487279,0.9433534452398948,0.9403500207303409,0.9425793255215078,3944.0,0.0015462201108622509,0.0015450259433520323,0.9474675646844084,0.9432667778831281,0.9109234433425263,44.32553446579135,0.9513294812860824,0.9675030453267847,0.9351559172453802,0.034002024238411165,0.005101339830803361,0.00541210664469105,0.9637519476572137,0.9362484329617532,-0.017876242042661805,0.06372709074502886,-1.0820318567452503
2024-07-17,0.9425793255215078,0.9473222156369431,0.9410986403180523,0.9458415304334876,2485.0,0.0034609340812508105,0.003454958831554745,0.9473127042795588,0.9433677485713775,0.9112708869951727,48.37922103693552,0.9507875482987901,0.9669325394861829,0.9346425571113973,0.03396130127341364,0.005220660644886165,0.00551959337468877,0.9637519476572137,0.9362484329617532,-0.008081456019018662,0.06518221552847699,-0.6126999770882114
2024-07-18,0.9458415304334876,0.9472994771034028,0.9452165752987404,0.9466745219686555,3016.0,0.0008806882636949176,0.0008803006853264668,0.9472519250118537,0.943497425959506,0.9116231619700332,49.39248627912454,0.9502667964355025,0.9662267232971742,0.9343068695738308,0.0335904125484299,0.005034783929191854,0.005318389596798039,0.9637519476572137,0.9362484329617532,-0.002733169013084402,0.06529309476469085,-0.45016177053717127
2024-07-19,0.9466745219686555,0.9533829270240792,0.9454240598207583,0.952132464876182,5162.0,0.005765384808472884,0.005748828582341224,0.947716738332266,0.9438360549366306,0.9120262396108905,55.54922860029975,0.9502117981032102,0.9661362364009971,0.9342873598054233,0.033517660651182966,0.005431206049489585,0.005704254659771395,0.9637519476572137,0.9362484329617532,0.005340987757969318,0.067565037801421,0.2412225457570685
2024-07-22,0.952132464876182,0.9532042578654594,0.9462647002354799,0.9473364932247573,3383.0,-0.005037084469174502,-0.005049813341409632,0.9476805245125033,0.943973327026361,0.9123775854179936,49.81436756049687,0.9498182537830429,0.9656113618232681,0.9340251457428176,0.033255010581914386,0.0057277416448815455,0.006046153279057337,0.9637519476572137,0.9362484329617532,0.007567293153952326,0.06929530855179353,-0.31428399678700936
2024-07-23,0.9473364932247573,0.947669168930257,0.9463512882654135,0.9466839639709131,8108.0,-0.0006888040928550998,-0.0006890414273851886,0.9475856139847328,0.9440796265143827,0.9127189424185203,49.07205438474186,0.9494523725895645,0.9651763191297547,0.9337284260493743,0.033122138601442856,0.005173457684571907,0.005464820237232688,0.9637519476572137,0.9362484329617532,0.0011804154979595527,0.06923102402120102,-0.3521264348712133
2024-07-24,0.9466839639709131,0.9487114086580651,0.9418733637190296,0.9439008084061816,2669.0,-0.002939899344082564,-0.002944229336736661,0.9472346801201089,0.9440726140395513,0.9130292097417806,45.92839153213553,0.9485572759032751,0.9633304103088612,0.933784141497689,0.031148639688664548,0.005241728422230514,0.005553261927046555,0.9637519476572137,0.9362484329617532,-0.001872199478852199,0.06186980641061665,-0.6303966875618113
2024-07-25,0.9439008084061816,0.9451094863459517,0.9404900094832005,0.9416986874229706,7906.0,-0.002333000420806308,-0.002335726106463801,0.9467074427203814,0.9439795188781168,0.9133144781764194,43.551064780552935,0.9476423921597211,0.9616807862723223,0.9336039980471199,0.029628041608833186,0.005336198305281085,0.005666566574372099,0.9637519476572137,0.9362484329617532,-0.0006322252946584506,0.06198305605667668,-0.8467784404792177
2024-07-26,0.9416986874229706,0.943560385872437,0.938549014044408,0.9404107124938744,3519.0,-0.0013677144784185469,-0.0013686506535766929,0.9461077541273808,0.9438395656865779,0.9135840924482349,42.175997581412254,0.9465218099246151,0.9589430581063454,0.9341005617428848,0.02624608973927304,0.005082770367889645,0.005404840991666982,0.9632123181536678,0.9362484329617532,0.0031276834928970487,0.06025184143362319,-0.9839747731196863
2024-07-29,0.9404107124938744,0.9409513258715376,0.9329319752588173,0.9334725886364805,8345.0,-0.007377759276045115,-0.0074051095475253575,0.9449044050330093,0.9434330175669662,0.9137819879326952,35.646733851085884,0.9451357732768295,0.9568289755323697,0.9334425710212894,0.024743962901751744,0.005092494908611411,0.005455430583184019,0.9618585878873053,0.9329319752588173,-0.008130225847356454,0.06415866269679174,-1.9948658007387206
2024-07-30,0.9334725886364805,0.9345588039265379,0.9311251137282489,0.9322113290183063,4690.0,-0.001351147996768276,-0.0013520616202759715,0.9436955406506566,0.9429929513493718,0.9139653644609103,34.59816011050539,0.9437595499833484,0.9546704134011036,0.9328486865655933,0.02312212558367789,0.005255761968000776,0.005637951185956426,0.9611806171434979,0.9311251137282489,-0.010999601012323446,0.06415922536036667,-2.116829901151519
2024-07-31,0.9322113290183063,0.9326156485405213,0.9316700750507119,0.9320743945729268,8481.0,-0.00014689206311579994,-0.00014690285281152986,0.94258876483373,0.9425647726522564,0.9141455538152587,34.47957394563244,0.9426858905475004,0.9537660324499402,0.9316057486450606,0.023507601022870018,0.004941549608382413,0.005301668662024144,0.9543494362905115,0.9311251137282489,-0.014555435998090727,0.061487050244559714,-1.9154079556033525
2024-08-01,0.9320743945729268,0.937345538597277,0.9311306261164504,0.9364017701408005,1401.0,0.004642736237654654,0.004631991980103207,0.9419995272439272,0.9423230862792581,0.9143670087040701,41.324014804293775,0.9420425273205744,0.9530068656334565,0.9310781890076922,0.023277799026903155,0.004908177021000064,0.005241528986283371,0.9533829270240792,0.9311251137282489,-0.010851408366301385,0.06338895004355165,-1.0289279697155067
2024-08-02,0.9364017701408005,0.9377987697683162,0.9329386694842992,0.9343356691118149,9381.0,-0.002206425804465284,-0.002208863548341345,0.9412696359932498,0.942009854233476,0.9145657018424556,39.21755385376434,0.9414056031053205,0.9526164469882393,0.9301947592224017,0.023817244864357573,0.004819194844766355,0.005157883835632124,0.9533829270240792,0.9311251137282489,-0.018691512390223375,0.0633538156049313,-1.2612670495354288
2024-08-05,0.9343356691118149,0.9350303641257572,0.9264331020171451,0.9271277970310875,2741.0,-0.00771443531378746,-0.007744345495969346,0.9399227941873296,0.9414262441471078,0.9146906978144818,32.9141668687177,0.940750914904741,0.9536544093770218,0.9278474204324603,0.02743232936124728,0.0052187546732705105,0.005628948554861979,0.9533829270240792,0.9264331020171451,-0.021332120464270243,0.06403131318776249,-2.1115393047857953
2024-08-06,0.9271277970310875,0.9284923775921431,0.9266288345126963,0.9279934150737519,7098.0,0.0009336555817183179,0.0009332199964490087,0.9387866628431794,0.940899466536388,0.9148230631603451,34.28029978556772,0.9398721956042214,0.9537512541410179,0.9259931370674249,0.029533927275876014,0.004907323799024517,0.005288101962053803,0.9533829270240792,0.9264331020171451,-0.019743176824040476,0.05983620740475767,-1.7117559521744563
2024-08-07,0.9279934150737519,0.9284034962273661,0.9257996000477899,0.9262096812014041,4431.0,-0.0019221406567911936,-0.001923990339757376,0.9375888550677722,0.9403233965232514,0.9149363628423457,32.79812442310036,0.9388991149788201,0.9537604481043646,0.9240377818532756,0.03165693286627444,0.004944537682946924,0.0053384646946610095,0.9533829270240792,0.9257996000477899,-0.018742570243847734,0.05980229037796851,-1.707711370200651
2024-08-08,0.9262096812014041,0.9262531801253737,0.9220579287152373,0.9221014276392069,9108.0,-0.004435554546210696,-0.004445420803969354,0.9361138619793374,0.9396088095081908,0.915007657019429,29.62144702319779,0.9378894648709553,0.9544285896248418,0.9213503401170687,0.03526881444640633,0.0046757079834337445,0.005070708973311797,0.9533829270240792,0.9220579287152373,-0.020810541679093797,0.060365213193253345,-1.9091744535076849
2024-08-09,0.9221014276392069,0.9265398392610479,0.9213191325016975,0.9257575441235385,9463.0,0.003964982999421274,0.003957143170687374,0.9351275459930709,0.9390656226303614,0.9151146210702161,35.599513236538286,0.9373034132658289,0.9547116576410647,0.9198951688905931,0.0371453771081033,0.0045529329212459545,0.004918061916045682,0.9533829270240792,0.9213191325016975,-0.015581668919399272,0.06091285021669368,-1.326482888615127
2024-08-12,0.9257575441235385,0.9273067520054937,0.9228146562352734,0.9243638641172286,1161.0,-0.001505448176098212,-0.001506582501792306,0.9341024334334669,0.9384890830808269,0.9152066533393407,34.39999595737102,0.9364653994492539,0.9546935543687888,0.918237244529719,0.03892969228816159,0.0047796625716300155,0.005170758785767349,0.9533829270240792,0.9213191325016975,-0.009757891801147611,0.058579792176996576,-1.3277849991340862
2024-08-13,0.9243638641172286,0.9267456642071691,0.9221017132109791,0.9244835133009196,9356.0,0.0001294394862625392,0.00012943110969506851,0.9331863458017957,0.9379398450502423,0.915298960403635,34.60372213304902,0.9355606088382243,0.9543002338053683,0.9168209838710804,0.04006073960385054,0.004622941575712477,0.005000566812928884,0.9533829270240792,0.9213191325016975,-0.00828976807815096,0.05801091356153355,-1.1822110161463877
2024-08-14,0.9244835133009196,0.925293074038451,0.9191693561783096,0.919978916915841,1693.0,-0.004872554588880362,-0.004884464185513893,0.9319284954317048,0.9372354949273246,0.9153455271350998,30.73389633068635,0.9342674781623421,0.9535805354797265,0.9149544208449577,0.041343743133116964,0.004730387361240341,0.005141843225167163,0.9533829270240792,0.9191693561783096,-0.01297694446657116,0.05711817123507408,-1.4796788526733633
2024-08-15,0.919978916915841,0.9207104872209108,0.9142308340113086,0.9149624043163783,9021.0,-0.005452856046179955,-0.0054677771321188645,0.9303126772302451,0.936362040393562,0.9153417149677494,27.09929117639537,0.9326818722797283,0.952892294754406,0.9124714498050507,0.04333829803141314,0.004835264602781291,0.005284659325859403,0.9533829270240792,0.9142308340113086,-0.022895477676423526,0.058208782002999504,-1.7534980266297127
2024-08-16,0.9149624043163783,0.915413062051293,0.9146470875871181,0.9150977453220328,9102.0,0.00014791974513483908,0.0001479088060880594,0.9288636360961297,0.9355281464691882,0.9153392874090857,27.34891950505974,0.9308301363020208,0.950310155943003,0.9113501166610386,0.04185515462224283,0.004317166306456621,0.004717710570838926,0.9532042578654594,0.9142308340113086,-0.020589949014864994,0.051711453187755996,-1.6152335849692927
2024-08-19,0.9150977453220328,0.9160293221483264,0.9108255418433793,0.9117571186696729,5284.0,-0.0036505681162882775,-0.003657247701215629,0.9272344439602767,0.9345959493005798,0.9153036439390418,25.06725337959186,0.9290511675742665,0.9486820434847919,0.9094202916637412,0.04226005325795173,0.004443601314075063,0.0048736678037223724,0.9487114086580651,0.9108255418433793,-0.016578812986338676,0.05085013968646487,-1.76192330728566
2024-08-20,0.9117571186696729,0.9158929199666629,0.9107228629210427,0.9148586642180326,2844.0,0.0034017234248580053,0.0033959506516092713,0.9260557982705391,0.9338219381208721,0.9152992162801264,30.83655744566788,0.9274599025866225,0.9462124899469212,0.9087073152263238,0.040438594289627046,0.004745350139490123,0.005186976223858763,0.9487114086580651,0.9107228629210427,-0.01415392678694316,0.05411822752856682,-1.3439466380269278
2024-08-21,0.9148586642180326,0.9161945666612412,0.9124885834087894,0.9138244858519979,9600.0,-0.001130424191717827,-0.0011310636030605582,0.9248909113735351,0.9330377243064065,0.9152845423455183,30.006944499942136,0.9259560864589134,0.9439664619878422,0.9079457109299846,0.038901144000910395,0.004566140908891926,0.004996737316175891,0.9451094863459517,0.9107228629210427,-0.013371913078409126,0.05395051582336609,-1.3471790843482763
2024-08-22,0.9138244858519979,0.9175679798118062,0.9125345825993594,0.9162780765591676,9728.0,0.002684969318678343,0.0026813712276276182,0.9240706413912143,0.9323804832182796,0.9152944282580919,34.50872611704841,0.9246850559157231,0.9415704201448485,0.9077996916865978,0.036521330416448936,0.00457851926092262,0.0049968665387215205,0.943560385872437,0.9107228629210427,-0.006315304266417243,0.05596425940879755,-0.9957711592687448
2024-08-23,0.9162780765591676,0.9173847195824203,0.9121923472946397,0.9132989903178924,7456.0,-0.00325129053885298,-0.0032565874682908506,0.9230447698604218,0.9316321893790488,0.9152745731542093,31.83168671436202,0.9233294698069241,0.9392231473680465,0.9074357922458017,0.034426882452795245,0.004335312845148939,0.004746871387255059,0.9409513258715376,0.9107228629210427,-0.013457685421771282,0.056365021202691344,-1.2621974304508754
2024-08-26,0.9132989903178924,0.9140547983763408,0.9108155989266318,0.9115714069850802,6001.0,-0.0018915857250766388,-0.0018933770326519629,0.9219520686341988,0.9308454920302658,0.915237725729641,30.360798596185134,0.9222344107243542,0.9382033198544566,0.9062655015942518,0.03463091150016812,0.004433574014453386,0.004863660685800724,0.9377987697683162,0.9107228629210427,-0.01383920080472345,0.05190772930313125,-1.3354705261830968
2024-08-27,0.9115714069850802,0.9134519905900554,0.911241022164101,0.9131216057690762,6485.0,0.001700578552724874,0.0016991342062691048,0.9211110721708538,0.9301504376670819,0.9152166698096355,33.33749594593644,0.9212799245618924,0.9370183269294716,0.9055415221943133,0.03416638515175168,0.004405507746337555,0.004824667074465967,0.9377987697683162,0.9107228629210427,-0.0122900055743288,0.052896188981823786,-1.0367404012521975
2024-08-28,0.9131216057690762,0.914262667618596,0.9076927107256635,0.9088337725751833,8474.0,-0.004695796449018963,-0.004706856338072143,0.9199418055426947,0.9293144900164193,0.9151531583943674,29.57219546124331,0.9201178934620055,0.9359322241319905,0.9043035627920204,0.03437457478515622,0.004575129566537273,0.00503406640971718,0.9377987697683162,0.9076927107256635,-0.012114564948967455,0.054335326661054645,-1.4270753688284734
2024-08-29,0.9088337725751833,0.9095719514418781,0.9060348888491391,0.9067730677158339,8118.0,-0.002267416684472834,-0.002269991166034528,0.9186876400353746,0.9284305126712983,0.9150697744075164,27.938993056783772,0.918636458340757,0.9335535537487245,0.9037193629327895,0.032476602191275475,0.004454869268922175,0.00491288220562617,0.9377987697683162,0.9060348888491391,-0.008950462403603532,0.049726336872779685,-1.5905764896545085
2024-08-30,0.9067730677158339,0.9108636268989305,0.9064749035466454,0.910565462729742,6094.0,0.004182297808492663,0.004173576309826722,0.9179140993396001,0.9277299224775117,0.9150249553858469,35.048331795113555,0.9174479480216535,0.9308045419693404,0.9040913540739667,0.02911684303504836,0.004447485524783944,0.004884311679745719,0.9350303641257572,0.9060348888491391,-0.004952785224813128,0.053707527616199215,-1.0305749083737656
2024-09-02,0.910565462729742,0.9116375855656332,0.900191511496479,0.9012636343323702,8671.0,-0.010215441698706917,-0.010267977413189319,0.916328340767483,0.9266920288247611,0.9148880268181506,27.80297747485521,0.9161547398867176,0.9305343903186631,0.901775089454772,0.031391313728778174,0.0049333514585671034,0.00547381617391185,0.9284923775921431,0.900191511496479,-0.01150907859388417,0.05822405637944919,-2.071135960477246
2024-09-03,0.9012636343323702,0.9021292046545348,0.898776709227573,0.8996422795497376,8047.0,-0.0017989794782229396,-0.0018005995851220844,0.9147391920800787,0.9256312543433876,0.9147363278403554,26.76438778304849,0.9147371831105169,0.929777451291285,0.8996969149297488,0.032884348550529956,0.004735406999054281,0.005263655462507061,0.9284034962273661,0.898776709227573,-0.01663249774357345,0.057571192315231584,-2.00726521353934
2024-09-04,0.8996422795497376,0.9076035810896993,0.8982698045955597,0.9062311061355214,8259.0,0.007323829410375682,0.007297140403029039,0.913928898180597,0.9248704642175889,0.9146516987686656,37.05474398064699,0.9137382543572228,0.9282134518596354,0.8992630568548101,0.03168346609849528,0.004939272947949809,0.0054503458494296825,0.9273067520054937,0.8982698045955597,-0.008309450921964445,0.06556542090022095,-1.037242941997877
2024-09-05,0.9062311061355214,0.911728738020393,0.9047242715184992,0.9102219034033708,5916.0,0.0044037301752613,0.004394062128786612,0.9135758510589564,0.9242960108523255,0.9146076212028418,42.339475764378925,0.9131442781454309,0.9271415694613548,0.8991469868295069,0.030657348791260156,0.005384879522072584,0.005916007406477714,0.9273067520054937,0.8982698045955597,-0.006609536243122882,0.06705883767065984,-0.417562895006035
2024-09-06,0.9102219034033708,0.9112280002583012,0.9086732647524641,0.9096793616073945,8464.0,-0.0005960544279891566,-0.0005962321390502047,0.9132047568254743,0.9237228089211518,0.9145585837939318,41.825363589160304,0.9123403690196236,0.9250775962664196,0.8996031417728275,0.02792209504109333,0.005195662036421863,0.0057115311786794624,0.9273067520054937,0.8982698045955597,-0.003963246153636968,0.0648220937167873,-0.41783150456053053
2024-09-09,0.9096793616073945,0.9103332627623667,0.9059641404998461,0.9066180416548183,6512.0,-0.0033652736137345096,-0.0033709488831154917,0.9125774506187452,0.9230520337342367,0.9144795734243885,38.95131108484956,0.9114530778965031,0.9230884182150781,0.899817737577928,0.025531408255107697,0.005138452409057605,0.005667714707815175,0.9267456642071691,0.8982698045955597,-0.005433875275492217,0.06539839187502916,-0.831094941669389
2024-09-10,0.9066180416548183,0.9110204102162445,0.9060551965441315,0.9104575651055576,2019.0,0.0042349956368958885,0.004226053281208418,0.9123755567603463,0.9225581330037003,0.9144395534411166,44.1361920964687,0.9107517804867351,0.920639815503199,0.9008637454702713,0.021714006446804556,0.005228397439033401,0.00574260420190723,0.925293074038451,0.8982698045955597,-0.0029175091758723015,0.0678826245340014,-0.05950937283041339
2024-09-11,0.9104575651055576,0.9184693756525364,0.909273577551803,0.9172853880987818,8432.0,0.007499331385568242,0.007471351201327678,0.9128431597449592,0.9223513586937035,0.9144678702038794,51.95128032226429,0.9106171040458821,0.9200383353899746,0.9011958727017897,0.020691970977118293,0.005525711788196727,0.006023983222549345,0.9207104872209108,0.8982698045955597,0.00929940741490154,0.07201031014731779,1.415586521411762
2024-09-12,0.9172853880987818,0.9178424478571441,0.9145846060175865,0.9151416657759488,6338.0,-0.00233702874879127,-0.002339763862668396,0.913062065081244,0.9220686256381053,0.9144745746374323,49.604897523175566,0.9106260671188606,0.9200650291253492,0.9011871051123721,0.020730709008479314,0.005387531041895084,0.005887100591499126,0.9184693756525364,0.8982698045955597,0.00922898833022856,0.06977415040575657,0.9567998375211271
2024-09-13,0.9151416657759488,0.915210663356254,0.9107338929478708,0.910802890528176,4171.0,-0.004741096826898383,-0.0047523714767122765,0.9128469055999995,0.9216268321043827,0.914438040467191,45.159272250451394,0.9104113243791678,0.919614408410765,0.9012082403475706,0.020217419940097976,0.005475928967514666,0.006012199812342676,0.9184693756525364,0.8982698045955597,0.00026074764325256794,0.07178356998172167,0.08509455040587986
2024-09-16,0.910802890528176,0.911869219528024,0.9069171655506938,0.9079834945505418,2142.0,-0.003095506181364005,-0.003100307170845177,0.9123837235952892,0.9210917992591341,0.9143738161297119,42.494185151204036,0.9102226431732111,0.9194642057318495,0.9009810806145727,0.02030615834038259,0.005671720792612934,0.006246502085834144,0.9184693756525364,0.8982698045955597,0.00745604278502765,0.07145860824751823,-0.48458225726692844
2024-09-17,0.9079834945505418,0.9085605387741601,0.9051415158969035,0.9057185601205218,1009.0,-0.0024944665223691764,-0.002497582887509184,0.9117489461215018,0.9204889271360512,0.9142876941793718,40.42998279155277,0.9097656379683358,0.9189456823538114,0.9005855935828602,0.02018111918576354,0.005446654077207513,0.0060136275406377235,0.9184693756525364,0.8982698045955597,0.006754107392357378,0.07057906230894236,-0.8817120436186938
2024-09-18,0.9057185601205218,0.9065924088973082,0.9047404775547633,0.9056143263315497,6109.0,-0.00011508408192295594,-0.00011509070460402695,0.911164696617697,0.9199056094574434,0.9142013920117319,40.33288270826953,0.9093551299923133,0.9185051840854769,0.9002050758991497,0.02012427002691666,0.005326287559336507,0.005881408237999238,0.9184693756525364,0.8982698045955597,-0.0006805988006766128,0.07054936610966041,-0.8176571685097425
2024-09-19,0.9056143263315497,0.9084622992974313,0.9044343146895173,0.9072822876553989,1927.0,0.0018418009469944874,0.0018401069113623267,0.9107949433831923,0.9194105772299123,0.9141325452022162,42.70425924820313,0.9089053405471249,0.9174894121163107,0.9003212689779391,0.0188888131387116,0.005300520506167139,0.005842195508814305,0.9184693756525364,0.8982698045955597,-0.0032295594480649115,0.07011588846605757,-0.378154557227204
2024-09-20,0.9072822876553989,0.9074629939647794,0.905228919250521,0.9054096255599015,1490.0,-0.0020640346681259913,-0.002066167723320259,0.9102820559714503,0.9188615203016766,0.9140457499818947,40.74626506963516,0.9085108723092254,0.9169689872354252,0.9000527573830257,0.018619732980632724,0.00464252055224601,0.005127536113143369,0.9184693756525364,0.8982698045955597,-0.004693671449188974,0.06961928122490928,-0.7333186593900785
2024-09-23,0.9054096255599015,0.9063818366538149,0.9034795814947528,0.9044517925886663,9796.0,-0.0010579001417649891,-0.0010584601130839567,0.9097267927921375,0.9182964329403821,0.9139502877192756,39.7425487965957,0.9081548915894047,0.9166697507218536,0.8996400324569557,0.018751997509030043,0.004610360533110314,0.005097408807068449,0.9184693756525364,0.8982698045955597,-0.002389373436908482,0.06944896702584476,-0.8697968910903924
2024-09-24,0.9044517925886663,0.9055894821379229,0.9016180293465289,0.9027557188957855,7698.0,-0.001875250518356908,-0.0018770110018528799,0.9090628809924849,0.9176869931739273,0.9138388989747632,37.959421441635136,0.9076365972457401,0.9161404497375958,0.8991327447538844,0.018738452190361174,0.004227337411485629,0.0046827035520266075,0.9184693756525364,0.8982698045955597,-0.008459313761514098,0.06918559468425235,-1.1479216871715625
2024-09-25,0.9027557188957855,0.90737706679133,0.902701436649874,0.9073227845454185,3172.0,0.005059027103388791,0.005046273222506095,0.9088971575213357,0.9172805536198682,0.9137740620152672,45.102078053330125,0.9075610478442518,0.9160469464210618,0.8990751492674419,0.018700446866834253,0.004060991957168644,0.004475796294703718,0.9184693756525364,0.8982698045955597,-0.010860963973286841,0.07011329488084729,-0.05615511349251438
2024-09-26,0.9073227845454185,0.9080404179906167,0.9051142415290776,0.9058318749742759,2473.0,-0.001643196441814876,-0.001644547969841683,0.9086052258501871,0.916831585829845,0.913695035278541,43.347600849201136,0.907513988207174,0.9160286763036736,0.8989993001106744,0.018764863588098837,0.004087523454004506,0.004512452660291497,0.9184693756525364,0.8982698045955597,-0.01017305970194149,0.06988893564227619,-0.395108596776353
2024-09-27,0.9058318749742759,0.9092432277715136,0.9041210959028955,0.9075324487001332,7525.0,0.0018773613214986273,0.0018756012812096601,0.9085030565978011,0.9164669137855426,0.9136337160091041,45.93120920299056,0.9073623375056934,0.9157553605967202,0.8989693144146665,0.018499826902886388,0.0041413098544400406,0.004563263672138308,0.9184693756525364,0.8982698045955597,-0.0035907240326678025,0.06850605988703577,0.040536334189676934
2024-09-30,0.9075324487001332,0.9167663932844523,0.9059926557296516,0.9152266003139707,7043.0,0.008478100838000824,0.008442363588363165,0.9091433940945791,0.9164182740415594,0.9136495656041775,55.76135850563851,0.9080604858047735,0.9166383974884567,0.8994825741210903,0.018892820066013418,0.0045562044174891625,0.004978225519151372,0.9184693756525364,0.8982698045955597,0.00797713373304676,0.06410086626571246,1.6708296316056832
2024-10-01,0.9152266003139707,0.919250028311871,0.9151708378287299,0.9191942658266301,6610.0,0.0043351728536935585,0.004325803061875543,0.9101006199738221,0.9165271364645033,0.9137047367506697,59.818317098449874,0.9090380851186181,0.9180233192596813,0.9000528509775548,0.019768663795622525,0.004190732444804002,0.004559136844740085,0.919250028311871,0.8982698045955597,0.014878469206057954,0.06452847212301796,2.2606379641455256
2024-10-02,0.9191942658266301,0.9204573222219414,0.9172006347395707,0.918463691134882,6377.0,-0.0007947990092073143,-0.0007951150293992851,0.9108971029415421,0.9166030797849104,0.913752089530612,58.74994989407659,0.9096497143685861,0.9194580852905684,0.8998413434466038,0.0215651602304752,0.004190649990719227,0.004562673550590913,0.9204573222219414,0.9016180293465289,0.01418856176379446,0.0604193628721652,1.7972356136210714
2024-10-03,0.918463691134882,0.9227687844500231,0.9175388337770768,0.9218439270922179,3703.0,0.0036803152807913797,0.0036735594910588185,0.9119396576225588,0.9168086032087264,0.913832605327245,62.120905429478206,0.9102308155530284,0.9214566083873575,0.8990050227186993,0.024665815840367193,0.00424444858104516,0.004604302806911653,0.9227687844500231,0.9016180293465289,0.01604973406286736,0.05987978439932074,2.069005140318614
2024-10-04,0.9218439270922179,0.9227540676634992,0.918058969127971,0.9189691096992524,2161.0,-0.003118551100112499,-0.0031234239139776906,0.9126091292489106,0.9168933289534529,0.9138837148234839,57.79509525974993,0.9106953029576215,0.9225747520832316,0.8988158538320113,0.026088745790232588,0.004226094620916443,0.0045987341427607955,0.9227687844500231,0.9016180293465289,0.014976076856887621,0.06122546989910789,1.3929613493262036
2024-10-07,0.9189691096992524,0.9205373007985654,0.915644745066633,0.917212936165946,4434.0,-0.0019110256425062255,-0.0019128539817161228,0.913047587050533,0.916905862569629,0.9139168414040059,55.26341282073114,0.9112250476831779,0.9232825338764509,0.899167561489905,0.026464343191464165,0.004331346967679006,0.004722291625960409,0.9227687844500231,0.9016180293465289,0.014109257875155157,0.060212230808079456,0.9932233612855069
2024-10-08,0.917212936165946,0.9182933241958245,0.9149402873047995,0.916020675334678,4389.0,-0.0012998735454514687,-0.0013007191139026873,0.9133307383156897,0.916871149344729,0.9139377750749579,53.548453931510814,0.9115032031946338,0.923741458389102,0.8992649480001657,0.02685290660872193,0.004438568792570445,0.004845489749397596,0.9227687844500231,0.9016180293465289,0.014693849245416724,0.05895800793341765,0.7382542802483976
2024-10-09,0.916020675334678,0.9214674326561411,0.914781130064089,0.9202278873855521,7375.0,0.004592922588059434,0.004582407304073179,0.9139876096556766,0.9170027861306437,0.914000363257153,58.44860460030799,0.9116503281589724,0.9242467709762816,0.8990538853416632,0.02763437346147185,0.004628448648580308,0.005029676574712526,0.9227687844500231,0.9016180293465289,0.014223276500875182,0.05502999544980588,1.3619018243456678
2024-10-10,0.9202278873855521,0.9213745397765427,0.9190468806042522,0.9201935329952429,1614.0,-3.7332481203966594e-05,-3.73331780783871e-05,0.9145786499737305,0.9171279134586673,0.9140619868366364,58.39443529694216,0.911902921519937,0.924987304398492,0.8988185386413821,0.028696876761281197,0.004635133252725457,0.005037128697957737,0.9227687844500231,0.9016180293465289,0.01585466179513162,0.054242560364026526,1.2672529613748948
2024-10-11,0.9201935329952429,0.9288648259648331,0.9192766540725231,0.9279479470421134,3579.0,0.008426938213344837,0.008391629792099732,0.9158519163611955,0.9175522285011554,0.9142001555949,66.04414849810826,0.9127601743456338,0.9276615358900386,0.897858812801229,0.03265120885688889,0.005112698733671738,0.005509682682060728,0.9288648259648331,0.9016180293465289,0.022495612549415123,0.05807670256220681,2.0384409372554644
2024-10-14,0.9279479470421134,0.9289854349048745,0.9268003958994739,0.9278378837622351,6770.0,-0.00011860932526341905,-0.00011861635990569373,0.9169934370660564,0.9179555875310017,0.9143358543826346,65.85905661022241,0.9137528938062186,0.9299070918804633,0.8975986957319739,0.0353579139037354,0.004985097748957922,0.005372811173374537,0.9289854349048745,0.9016180293465289,0.013779410961108463,0.056266828847642406,1.7438179092867188
2024-10-15,0.9278378837622351,0.9284482612218629,0.9220082297421648,0.9226186072017926,5643.0,-0.005625203121992772,-0.005641084161123845,0.9175291675551741,0.9181384510475034,0.9144182698335716,57.61333616365967,0.9145978961602822,0.930750593995407,0.8984451983251573,0.03532196586705052,0.005111126415975212,0.005539804179190287,0.9289854349048745,0.9016180293465289,0.003725372864552101,0.05989135276163473,0.9931110113468401
2024-10-16,0.9226186072017926,0.9232553337227938,0.9208162831110377,0.9214530096320389,6914.0,-0.0012633579689973473,-0.0012641566784511006,0.9179028668005899,0.918268433737093,0.9144882672445017,55.92920935919604,0.9153898303253065,0.9312382284468121,0.8995414322038009,0.03462655493097078,0.00507633171241928,0.005509051095775786,0.9289854349048745,0.9016180293465289,0.0032546942530338185,0.06029483592615606,0.7651472735916336
2024-10-17,0.9214530096320389,0.9231381861297007,0.9207122797232559,0.9223974562209176,2629.0,0.001024953610228918,0.0010244287039164858,0.9183309229358592,0.9184303561874392,0.914566965642277,57.02537777379385,0.9161455887535824,0.9318065818043338,0.900484595702831,0.03418887400212934,0.004883744179406901,0.005294620173190532,0.9289854349048745,0.9016180293465289,0.0006004586160759384,0.06019058821068035,0.7983998775908033
2024-10-18,0.9223974562209176,0.9239978872406761,0.9207902240604856,0.9223906550802441,4048.0,-7.373329824034158e-06,-7.373357007164125e-06,0.9187175640924673,0.9185856620263728,0.9146448132983762,57.014380123955114,0.9169946402295995,0.9320338102822479,0.9019554701769512,0.032800998812561814,0.004343310295506172,0.00470875357592204,0.9289854349048745,0.9016180293465289,0.003723243082796923,0.05931389428828432,0.7175947651039877
2024-10-21,0.9223906550802441,0.9232645830106517,0.9153515056688327,0.9162254335992404,8367.0,-0.006683959173965581,-0.006706396866722305,0.9184802183312076,0.9184931040488382,0.914660540863559,47.980959132557274,0.9175833222801282,0.9314296726726053,0.903736971887651,0.030180039362681505,0.004617159356840309,0.005039326772126987,0.9289854349048745,0.9016180293465289,-0.001076633928467574,0.06491952149259803,-0.196136691965497
2024-10-22,0.9162254335992404,0.9254043096903279,0.9148023515468948,0.9239812276379824,6884.0,0.008464940782395347,0.008429314081922873,0.919004123979472,0.9187083245817459,0.9147532840155432,57.173624167471964,0.9186445977172383,0.930863874988784,0.9064253204456926,0.026602839230557007,0.005141821546916193,0.005564854991762634,0.9289854349048745,0.902701436649874,0.008690363130063439,0.06976938217441593,0.8734771790752693
2024-10-23,0.9239812276379824,0.9249175811840312,0.9165131629782995,0.9174495165243484,3074.0,-0.007069095040308726,-0.007094199473026664,0.918856066126603,0.9186589595598873,0.9147801121997104,49.27594572102707,0.9191509343161846,0.9301757219996986,0.9081261466326706,0.023989069198338032,0.005368569227829435,0.005851623583788719,0.9289854349048745,0.9041210959028955,-0.0030192204553779467,0.07396315293854352,-0.3086531624333095
2024-10-24,0.9174495165243484,0.9214428752314511,0.9161263925473917,0.9201197512544944,8350.0,0.0029104977244545083,0.002906270426327204,0.9189764170911641,0.9187162455086955,0.914833242936574,52.183883950858,0.9198653281301956,0.92893438861125,0.9107962676491412,0.01971823527578543,0.005412953809867378,0.0058828797039595536,0.9289854349048745,0.9041210959028955,-8.018067732806777e-05,0.07392590111915537,0.056107934185750954
2024-10-25,0.9201197512544944,0.9208686342084915,0.9193406980181437,0.9200895809721408,4801.0,-3.278951713892031e-05,-3.2790054726888944e-05,0.9190824326988761,0.9187701018013796,0.9148855448075747,52.147507578054494,0.920493184743796,0.9274629483326079,0.9135234211549842,0.015143541971474276,0.0051726238426113335,0.005621869815269601,0.9289854349048745,0.9059926557296516,-0.008468541899383064,0.0738652388656253,-0.11581562746350534
2024-10-28,0.9200895809721408,0.9213079175095302,0.9190649636932697,0.9202833002306592,4274.0,0.0002105439106414586,0.00021052174938286197,0.9191968010352364,0.9188294429162533,0.9149392538167597,52.37705759238294,0.9207460197396304,0.9272635628761626,0.9142284766030983,0.014157092177004962,0.005093332194413864,0.0055345263715393675,0.9289854349048745,0.914781130064089,-0.008142137396829785,0.06790426247488894,-0.1419920050479185
2024-10-29,0.9202833002306592,0.9213441491139425,0.9182850075427129,0.9193458564259962,1523.0,-0.0010186469801506393,-0.0010191661535853035,0.9192109967867372,0.9188496944264394,0.9149831006088914,51.099597421943095,0.9207535992695988,0.927263892636123,0.9142433059030746,0.014141228167206917,0.004834249264355114,0.005258357592591437,0.9289854349048745,0.914781130064089,-0.0035472412438356526,0.06630868945979145,-0.43246679200084664
2024-10-30,0.9193458564259962,0.9196848700127596,0.9151044569335433,0.9154434705203066,2776.0,-0.004244741930811924,-0.004253776422963934,0.9188521847613629,0.9187161170183558,0.9149876814040299,46.06309506811178,0.9206025882388701,0.9274670094028306,0.9137381670749096,0.014912886953950958,0.0049951602577069576,0.005456546928963161,0.9289854349048745,0.914781130064089,-0.006521807459429874,0.06797835350648432,-1.5031471978001167
2024-10-31,0.9154434705203066,0.9167522850924412,0.9127051514162113,0.9140139659883459,2998.0,-0.0015615432061011347,-0.0015627636854129868,0.9183914020210755,0.9185317189387475,0.9149779926934262,44.339090743351036,0.9202110901836764,0.9276467783310535,0.9127754020362994,0.016160831415089484,0.004599371813701236,0.005032058573336811,0.9289854349048745,0.9127051514162113,-0.009088804588554544,0.0665871063301043,-1.66685962953314
2024-11-01,0.9140139659883459,0.9150597926598518,0.9072994914922385,0.9083453181637444,6010.0,-0.006201926924028878,-0.006221238761287528,0.9174346321299011,0.9181322522416886,0.9149119959319368,38.22888917473487,0.9196799006069011,0.9288132485184059,0.9105465526953963,0.01986201482815409,0.004997604825287859,0.005501877672899457,0.9289854349048745,0.9072994914922385,-0.01522710235532232,0.0690978139228097,-2.4820213908372346
2024-11-04,0.9083453181637444,0.908633632923484,0.9069732580334382,0.9072615727931778,9023.0,-0.0011930984273221812,-0.001193810735876665,0.9164657693359274,0.917705951086845,0.9148358723186159,37.17415664314723,0.9191823324382626,0.9298388172920191,0.9085258475845062,0.023186879202711883,0.004656200783169838,0.0051321481288299645,0.9289854349048745,0.9069732580334382,-0.009783466467253144,0.06896017891404445,-2.237278015908357
2024-11-05,0.9072615727931778,0.9081017874220197,0.9002207544478986,0.9010609690767406,1728.0,-0.0068344167794381905,-0.006857878364400422,0.9149986455017192,0.9170532066942919,0.9146988086047664,31.772856318848866,0.9184343471253656,0.9317847760457816,0.9050839182049497,0.029072146446181658,0.005044913809053054,0.005598859546898646,0.9289854349048745,0.9002207544478986,-0.024805978601788237,0.07248140792331927,-2.602669644876663
2024-11-06,0.9010609690767406,0.9055829802681296,0.9003126036123659,0.9048346148037548,6392.0,0.004188002650787226,0.004179257376005875,0.9140306425781035,0.9165740462279963,0.9146006574226667,37.70513173573849,0.9176646834962758,0.9322934191988963,0.9030359477936554,0.03188252956817605,0.0052480902554329755,0.005800054694604282,0.9289854349048745,0.9002207544478986,-0.01374996824717245,0.07209406700103735,-1.7540912561873365
2024-11-07,0.9048346148037548,0.9060036860361297,0.8917542465996461,0.892923317832021,4415.0,-0.013164059792647564,-0.013251474026084358,0.9120204211737146,0.9156465666830561,0.9143849625013668,29.10333028366152,0.9163011727381146,0.9345685231213466,0.8980338223548826,0.039871934963577646,0.006036788559453911,0.006760702110580975,0.9289854349048745,0.8917542465996461,-0.02955749334300639,0.08421110430275427,-2.5595233480113952
2024-11-08,0.892923317832021,0.8954064476737917,0.8924384278627132,0.894921557704484,8595.0,0.0022378627957826414,0.0022353625103386397,0.9103919579861689,0.9148338212329161,0.9141912967819948,31.90971591977157,0.9146498532712333,0.934395391849416,0.8949043146930505,0.043176169563823946,0.0056835701644010195,0.006350914351621661,0.9289854349048745,0.8917542465996461,-0.0273538835654078,0.07711102057265683,-1.998253477729645
2024-11-11,0.894921557704484,0.8952552024675252,0.8927279843834763,0.8930616291465175,6463.0,-0.0020783146209342185,-0.0020804773137896838,0.9087414504776307,0.9139800097785475,0.9139810513328857,30.69190818102102,0.9129110405404475,0.9338551655734939,0.891966915507401,0.04588426276594797,0.005106803017302145,0.005718309745524082,0.9284482612218629,0.8917542465996461,-0.02957966430263248,0.0768579262030478,-1.895463416362414
2024-11-12,0.8930616291465175,0.8983664102416595,0.8927643820658678,0.8980691631610098,7413.0,0.005607153919800378,0.005591492349542736,0.907725042161762,0.9133560550092323,0.9138227240873944,37.59705913881296,0.9116835683384081,0.9331043083481115,0.8902628283287047,0.046991611461735215,0.00490663230087786,0.005463534995019284,0.9254043096903279,0.8917542465996461,-0.023143295981885026,0.07991261900417496,-1.2711423761486385
2024-11-13,0.8980691631610098,0.9000222113463688,0.8967707178648626,0.8987237660502216,8717.0,0.0007289003075305889,0.0007286347887180917,0.9068677777701867,0.9127822397559378,0.9136724856989649,38.46020457135816,0.9105471061593173,0.932196037352796,0.8888981749658387,0.047551479867513353,0.004759133072124063,0.005295434761940098,0.9254043096903279,0.8917542465996461,-0.018264049074031896,0.08024866409340237,-1.0922793373427373
2024-11-14,0.8987237660502216,0.8990631644464164,0.8963589987542409,0.8966983971504356,3609.0,-0.0022536055863831006,-0.0022561487770701794,0.9058992653302104,0.9121515008302318,0.9135035892954969,36.76573760958412,0.9092621532057933,0.9310000459832488,0.8875242604283378,0.04781435739036108,0.004843149465111758,0.005401090802105272,0.9254043096903279,0.8917542465996461,-0.018944534199963337,0.07986655494473215,-1.1559313668514892
2024-11-15,0.8966983971504356,0.8995869166277649,0.8959815238275014,0.8988700433048307,4117.0,0.002421824507879311,0.0024188966171779878,0.9052298156135075,0.9116306593586475,0.9133579818727042,39.82694790667246,0.9080861226170226,0.9293737436516027,0.8867985015824424,0.04688458617389976,0.004940466535397687,0.005496307917030275,0.9254043096903279,0.8917542465996461,-0.010431357622966986,0.0808872232723819,-0.8658627751049416
2024-11-18,0.8988700433048307,0.9031989980712815,0.8977270624611644,0.9020560172276152,8183.0,0.003544421072339654,0.00353815441538577,0.9049275491005653,0.9112551831966462,0.9132455245130516,44.10230546338645,0.9073776517984413,0.92846692826507,0.8862883753318126,0.046484011204881104,0.0051128089667467945,0.005667950625129174,0.9254043096903279,0.8917542465996461,-0.005737656836425131,0.0799642927592327,-0.5046768275096574
2024-11-19,0.9020560172276152,0.9029683908875263,0.8995958753596238,0.900508249019535,6258.0,-0.0017158227189006947,-0.0017172964286931293,0.9045066633785623,0.9108337347975438,0.9131187854534147,42.52167919144671,0.906204002867519,0.9259740463494956,0.8864339593855424,0.04363265538315414,0.005026530570224381,0.005581881760325039,0.9249175811840312,0.8917542465996461,-0.0006134102754133952,0.07216035738598849,-0.5762004371084548
2024-11-20,0.900508249019535,0.9060657459925199,0.900447472040336,0.906004969013321,5641.0,0.0061040195909041195,0.006085465527948831,0.9046493591533012,0.9106443714334567,0.9130480012102298,49.45060963104055,0.9056317754919677,0.9246806798409489,0.8865828711429865,0.04206765898564733,0.005138754875649664,0.005671883765986397,0.9214428752314511,0.8917542465996461,0.001293445443419472,0.0732753819644628,0.039182675760896686
2024-11-21,0.906004969013321,0.9074777047917009,0.9040953334396803,0.9055680692180602,6040.0,-0.00048222670979003457,-0.00048234301848279384,0.904736855349945,0.9104453007583432,0.912973574026228,48.94555506978659,0.9049041913901459,0.9226930325970334,0.8871153501832584,0.03931651853564665,0.004826045603107327,0.005329301868245553,0.9213441491139425,0.8917542465996461,0.014161071990750784,0.0720890192197785,0.07463980595400284
2024-11-22,0.9055680692180602,0.9090869194621308,0.9052259100693282,0.9087447603133988,1967.0,0.0035079539609668142,0.0035018154420430863,0.9051185605845596,0.9103786128977571,0.9129314962778418,52.72619272701766,0.904336950357209,0.9207578760613329,0.8879160246530851,0.036315945506014566,0.0049832337818756746,0.0054836451328281735,0.9213441491139425,0.8917542465996461,0.015446272905048852,0.07365881883662102,0.5368527981443654
2024-11-25,0.9087447603133988,0.9100312936974285,0.9025993547219233,0.903885888105953,8368.0,-0.005346795293510231,-0.005361140560451603,0.9050011632056447,0.9101239962392551,0.9128414902263803,46.99401999415758,0.9035170797509734,0.9181227450635219,0.8889114144384249,0.03233069001102686,0.004951155639117395,0.0054776335201916805,0.9213441491139425,0.8917542465996461,0.012120394165607618,0.07545737834751258,0.050502095876836434
2024-11-26,0.903885888105953,0.9146676058709037,0.902995100027096,0.9137768177920467,4517.0,0.010942675194121732,0.010883237336920612,0.9058369398329211,0.9102672441432862,0.9128507969683273,57.19560286603398,0.903238627819276,0.9167446286328229,0.8897326270057291,0.02990572014430998,0.005408450581120534,0.005918787252875314,0.9196848700127596,0.8917542465996461,0.017490473201138945,0.08634238413700575,1.560519670959978
2024-11-27,0.9137768177920467,0.9147874775392347,0.9096570987402732,0.9106677584874613,8929.0,-0.0034024274243439345,-0.0034082288435426608,0.9062970178000203,0.9102829505881558,0.9128290751923983,53.69719176634888,0.9029998422176337,0.9157447128163103,0.8902549716189572,0.028227846789822375,0.0047570891070118125,0.005223737266061684,0.9167522850924412,0.8917542465996461,0.013289948356136172,0.08588118038893253,1.2032944878426237
2024-11-28,0.9106677584874613,0.9119218486437259,0.9035865060780923,0.904840596234357,1250.0,-0.006398779575531144,-0.0064193395181810445,0.9061583109842427,0.9100695249272226,0.912749587839582,47.796328811067376,0.9025411737299341,0.914233912083938,0.8908484353759303,0.025910703454516657,0.005140469303765748,0.005681077225268911,0.9150597926598518,0.8917542465996461,0.009080198102055181,0.0885381489088374,0.3933077838238739
2024-11-29,0.904840596234357,0.9099711935486726,0.9044323358533725,0.9095629331676881,8133.0,0.005218971112684212,0.0052053994824311925,0.9064825607159994,0.9100496585837115,0.9127178798328965,52.364853754039814,0.9026020544801314,0.9144338893442902,0.8907702196159727,0.02621716803198165,0.005355586418855125,0.005888087809607081,0.9147874775392347,0.8917542465996461,0.011895924157782956,0.08804478422356019,1.1766355375095288
2024-12-02,0.9095629331676881,0.9105675298462237,0.904164864132055,0.9051694608105906,4976.0,-0.004830311567113443,-0.004842015225451658,0.906357503582151,0.9098582782788832,0.9126427711859084,48.143531472573585,0.902497448881002,0.9141920281014345,0.8908028696605695,0.025916038288933636,0.005412774814453482,0.005979846922372164,0.9147874775392347,0.8917542465996461,0.0034514969397845263,0.08967474495910113,0.4569658949199422
2024-12-03,0.9051694608105906,0.9063729761278405,0.9033149354629582,0.9045184507802081,5667.0,-0.0007192134275050277,-0.0007194721855577957,0.9061823556962517,0.9096488732789352,0.9125619321768965,47.53208291296844,0.9026703229661756,0.9143777060203464,0.8909629399120047,0.025939443795383408,0.0053989567561232065,0.005968874102530736,0.9147874775392347,0.8917542465996461,0.004453264881292718,0.08614157397164245,0.31572005553779703
2024-12-04,0.9045184507802081,0.906837851239946,0.9038460060070599,0.9061654064667978,4285.0,0.0018208093877676301,0.0018191537238153295,0.9061807414839228,0.9095122667372827,0.9124982851549055,49.28685783798868,0.9027368625493276,0.9145109758545207,0.8909627492441345,0.02608537170387169,0.005419505294745386,0.005980702039682154,0.9147874775392347,0.8917542465996461,0.00017708231076429826,0.08509350115347826,0.582386771487575
2024-12-05,0.9061654064667978,0.907414619223418,0.8975949958232169,0.8988442085798372,6403.0,-0.008079317346163628,-0.008112131896176836,0.9054820240644861,0.9090939115154221,0.9123624236964472,42.484722113718696,0.9030329070867186,0.9140408997067434,0.8920249144666937,0.024380047578859115,0.005863378909026646,0.0065232426855046585,0.9147874775392347,0.8924384278627132,-0.007425019572552927,0.0760220717745715,-0.7610285819526625
2024-12-06,0.8988442085798372,0.8998591220667297,0.892959922283254,0.8939748357701466,6118.0,-0.005417371289941464,-0.005432098458228489,0.904386101369787,0.9085010065842348,0.9121794626225537,38.66279042098955,0.9029855709900015,0.9141474929645339,0.8918236490154692,0.02472225987463969,0.005965326349980831,0.006672812378260946,0.9147874775392347,0.8927279843834763,-0.016253105589471017,0.07831117733661085,-1.6145490427928755
2024-12-09,0.8939748357701466,0.8955878402717901,0.8909419886387988,0.8925549931404423,9335.0,-0.001588235566475582,-0.0015894981496129405,0.9032593291574685,0.907875672723694,0.911984194269498,37.600613315477524,0.9029602391896978,0.9142188722173801,0.8917016061620155,0.024937162322419826,0.00605627892891574,0.006785328607716156,0.9147874775392347,0.8909419886387988,-0.01253575823520603,0.07816128520904567,-1.8484030918623158
2024-12-10,0.8925549931404423,0.8930867082173148,0.8924264031434815,0.8929581182203541,3070.0,0.00045165293232352077,0.0004515509678384331,0.9022782614491719,0.9072906705863081,0.9117948800799542,38.12041231857926,0.902704686942665,0.914642319115489,0.8907670547698411,0.02644858799449696,0.005702138294747845,0.006385672719020777,0.9147874775392347,0.8909419886387988,-0.022783133875071027,0.07533234981500482,-1.632914899907706
2024-12-11,0.8929581182203541,0.8964973061829713,0.8921448822086732,0.8956840701712904,4704.0,0.0030527209454895843,0.003048070854121377,0.9016502432322309,0.9068355097857193,0.9116345735136989,41.659477007410274,0.9025527021487185,0.9147776799025814,0.8903277243948556,0.02708978151582446,0.005771427767767671,0.006443597647844674,0.9147874775392347,0.8909419886387988,-0.016453517955942076,0.07618966857288591,-1.1237046178276733
2024-12-12,0.8956840701712904,0.8959904708779253,0.890882116602129,0.8911885173087639,8631.0,-0.005019127851259797,-0.005031765979442557,0.9006538883823768,0.9062219022376033,0.9114311301683763,37.81807222753133,0.9022772081566348,0.9152811893803084,0.8892732269329612,0.028824802635192243,0.005860523830838642,0.006576076460832795,0.9147874775392347,0.890882116602129,-0.015087827604561954,0.07781343314410383,-1.705430153603124
2024-12-13,0.8911885173087639,0.8915169193986079,0.8895087438486451,0.8898371459384891,9375.0,-0.001516369818538199,-0.0015175206708103858,0.8996237224353398,0.9055793627748929,0.911216264653651,36.72190270507552,0.9018255632883179,0.9159103327431828,0.887740793833453,0.031236128200907858,0.005473112157585613,0.0061506896880701226,0.9147874775392347,0.8895087438486451,-0.0216871054326071,0.07724216896730832,-1.7023235471827998
2024-12-16,0.8898371459384891,0.8903787475964192,0.8885244106299189,0.8890660122878491,8649.0,-0.0008666008765307875,-0.0008669765921497289,0.8986182262308169,0.9049317804028519,0.9109958641325983,36.079251276764964,0.9011760630413296,0.9163704144268938,0.8859817116557653,0.033721160622677125,0.004771814380635088,0.005367221685098156,0.9147874775392347,0.8885244106299189,-0.01779053450203749,0.07575636184640175,-1.5940200994674756
2024-12-17,0.8890660122878491,0.8905254107745812,0.886657694294602,0.8881170927813341,2618.0,-0.0010673217662129364,-0.0010678917597029855,0.8976181182832471,0.9042723808882825,0.9107682146664166,35.26147376468843,0.9005565052294194,0.9168371891842155,0.8842758212746233,0.036156940425739394,0.004681624214993503,0.005271404247307037,0.9147874775392347,0.886657694294602,-0.018132695894402917,0.07567757199677427,-1.52811914814191
2024-12-18,0.8881170927813341,0.8886523213717948,0.8836327266777773,0.884167955268238,1882.0,-0.0044466405896191885,-0.004456556301207664,0.8963371503770557,0.9034839720404377,0.9105035354684248,32.00972382979293,0.8994646545421652,0.9170810000406613,0.8818483090436691,0.03917073430186754,0.0044447850813066426,0.005027082303563228,0.9147874775392347,0.8836327266777773,-0.024275315567749756,0.07232249636263603,-1.736648418394496
2024-12-19,0.884167955268238,0.8851633686110287,0.8793573209072909,0.8803527342500816,8406.0,-0.004315041045565682,-0.0043243777035668,0.8948148250316297,0.9025768646761101,0.910203527496103,29.207438930827834,0.8982038877937664,0.9175092860412654,0.8788984895462674,0.04298667264716103,0.0044638700819093335,0.005070547188919484,0.9147874775392347,0.8793573209072909,-0.020572502056804498,0.07308708306119699,-1.8493432059602664
2024-12-20,0.8803527342500816,0.8816869795973598,0.8784906089769701,0.8798248543242482,7767.0,-0.0005996232024918502,-0.0005998030483811058,0.8933872087737837,0.9016846289760371,0.9099012521411591,28.831345798812976,0.8967578924943087,0.9170462258635219,0.8764695591250955,0.045248184686240644,0.004234849003782261,0.004813286397819311,0.9147874775392347,0.8784906089769701,-0.015828165267883,0.07084803341124937,-1.6692389524470046
2024-12-23,0.8798248543242482,0.8821557521135922,0.8793897119765676,0.8817206097659116,5362.0,0.0021546963947949305,0.002152378365686834,0.8922761041063673,0.9009017262619146,0.9096208477394154,32.207449264937935,0.8956496285773069,0.9167055681518691,0.8745936890027447,0.04701825111680886,0.004213991823220996,0.004779282435441506,0.9147874775392347,0.8784906089769701,-0.012138617180785793,0.07059865115989833,-1.3230488966850007
2024-12-24,0.8817206097659116,0.8834592299410677,0.8810245209198567,0.8827631410950129,3350.0,0.0011823828518402468,0.001181684387749845,0.8913701076290954,0.9001904091965459,0.9093536068772821,34.05998885338562,0.8940989447424551,0.9140741871700053,0.8741237023149049,0.044682397949377034,0.004174196379529919,0.004728557622322209,0.9147874775392347,0.8784906089769701,-0.011417083194965039,0.05506908285311872,-1.1349853388320017
2024-12-25,0.8827631410950129,0.8853002324474509,0.8824957245455654,0.8850328158980034,7283.0,0.0025711028217321186,0.002567803191454494,0.890766556035658,0.8995959937730738,0.9091116089570903,38.03029637684623,0.8928171976129822,0.9115682568780307,0.8740661383479337,0.04200425196822137,0.0036731167010788063,0.004150260459384049,0.9119218486437259,0.8784906089769701,-0.011891753608222588,0.05670540113074537,-0.8302871432430093
2024-12-26,0.8850328158980034,0.8857005762438569,0.8788171774956159,0.8794849378414694,6517.0,-0.006268556325682462,-0.006288286220071926,0.8896921162076401,0.8988073249130109,0.9088168162096713,32.82725113959634,0.8915494146933378,0.9103063201024275,0.8727925092842481,0.04207709656910363,0.0036719880557049,0.004175157410560214,0.9105675298462237,0.8784906089769701,-0.013132551912402701,0.05655545759087557,-1.2864037631732061
2024-12-27,0.8794849378414694,0.8796525599829201,0.877853418658873,0.8780210408003237,3062.0,-0.0016644935895531177,-0.001665880398110898,0.8885805852164671,0.8979921765164349,0.9085103905837076,31.598775755817627,0.8899723200749696,0.9076235471452067,0.8723210930047326,0.03966691249172811,0.0034686516050660343,0.003950533579359703,0.9105675298462237,0.877853418658873,-0.01327895243764321,0.050836871691941926,-1.354158464688023
2024-12-30,0.8780210408003237,0.8784787045794912,0.8770893317409171,0.8775469955200845,5453.0,-0.0005399019593050891,-0.0005400477588485878,0.887529767150145,0.8971904047126564,0.9082022971004876,31.19170950644046,0.8885911968104443,0.9055445272112446,0.871637866409644,0.0381577725767562,0.003520727873976091,0.004012010629572615,0.907414619223418,0.8770893317409171,-0.012956312139435489,0.049665834803071816,-1.3028945970212924
2024-12-31,0.8775469955200845,0.8797994114060393,0.8775371921907363,0.8797896080766912,4685.0,0.0025555469599409797,0.002552287102440222,0.8867926091431494,0.8965080205308539,0.9079195837768678,35.429578856978225,0.8873547546752685,0.9029714661534921,0.8717380431970448,0.03519834969259536,0.0033714275340478678,0.0038320838335635134,0.907414619223418,0.8770893317409171,-0.009376561685761065,0.051705329942058995,-0.9688527074507823
2025-01-01,0.8797896080766912,0.8802282462121612,0.8714232305965375,0.8718618687320075,3342.0,-0.009010949063168017,-0.009051793212849185,0.8853706338658979,0.8955415047740364,0.9075608005425906,28.700243481324804,0.885639577788529,0.9000456454180462,0.8712335101590117,0.03253257417761221,0.003635474772606974,0.004169782970201721,0.907414619223418,0.8714232305965375,-0.013918267974886045,0.05685145449562256,-1.9127647337003502
2025-01-02,0.8718618687320075,0.8731454359221911,0.8642331073839022,0.8655166745740858,7774.0,-0.007277751654800491,-0.0073043636851525245,0.883479780600011,0.8943640604524696,0.9071424510304662,24.662621489228655,0.8839732010882413,0.8996059801447622,0.8683404220317203,0.03536935064835845,0.004128628557487405,0.004770131736074376,0.8998591220667297,0.8642331073839022,-0.016852403700016727,0.05576068417475162,-2.361259817902529
2025-01-03,0.8655166745740858,0.8679961652296203,0.8648447722080695,0.8673242628636041,7602.0,0.0020884499890285735,0.002086272208946313,0.8819411598632103,0.8933036762332984,0.9067462501531841,27.77963745721584,0.8826406724429143,0.8991997517192364,0.8660815931665923,0.037521677378611916,0.004221275418562439,0.004867009490343612,0.8964973061829713,0.8642331073839022,-0.014208045384493273,0.05581312644388187,-1.8499107738690923
2025-01-06,0.8673242628636041,0.8717779421358027,0.8654066144573697,0.8698602937295683,6313.0,0.0029239708544428478,0.0029197043663652246,0.8807906011838158,0.8923843278998189,0.9063792257111581,32.02870621443893,0.8815059374723706,0.8983129323311747,0.8646989426135665,0.038132459792605516,0.004400104789880566,0.005058404000733155,0.8964973061829713,0.8642331073839022,-0.013451331300390112,0.05798122551340868,-1.3858091634629022
2025-01-07,0.8698602937295683,0.87137878397442,0.8689305758637087,0.8704490661085604,2903.0,0.0006768585521563786,0.0006766295867188825,0.8798056930814105,0.8915241215550637,0.9060217116852617,33.014067015138565,0.8803804848667809,0.8969717044913528,0.863789265242209,0.037691020893273135,0.004216434319644405,0.004843975924397788,0.8964973061829713,0.8642331073839022,-0.013949466638556673,0.05807589666103272,-1.1971897163620018
2025-01-08,0.8704490661085604,0.8720442412014653,0.8696341750842348,0.8712293501771396,1971.0,0.0008964155387833905,0.0008960139983211271,0.878988898519099,0.8907282481676941,0.9056755190334397,34.37190985394042,0.8791577488670732,0.8945622429306297,0.8637532548035167,0.03504375428279507,0.003973864206322453,0.004561214800114896,0.8959904708779253,0.8642331073839022,-0.015596558085654744,0.05642852975215223,-1.0293617767934826
2025-01-09,0.8712293501771396,0.8718238552745164,0.8661015325581537,0.8666960376555305,1762.0,-0.005203351471902873,-0.005216936049216788,0.8778181498654257,0.8897858085397661,0.9052876634973411,30.503257380164854,0.8779331248844118,0.893204207681139,0.8626620420876846,0.034788715367671676,0.004154289356034814,0.004793248354143211,0.8915169193986079,0.8642331073839022,-0.014541352143365716,0.0565897881851489,-1.4716817894916523
2025-01-10,0.8666960376555305,0.8669072481105199,0.8639098482493176,0.864121058704307,9728.0,-0.0029710288721164213,-0.002975451139691069,0.8765136649929383,0.8887793477619049,0.9048780455392015,28.538411219926715,0.8766473205227026,0.8920283064212399,0.8612663346241652,0.035090476040847016,0.004170815050618932,0.004826655951277008,0.8905254107745812,0.8639098482493176,-0.015831035305653662,0.05686899719122149,-1.628798296939696
2025-01-13,0.864121058704307,0.865333839664547,0.8610366684208529,0.8622494493810929,5151.0,-0.0021659110194819364,-0.002168259997151406,0.8751551682680005,0.8877389595901084,0.9044538804032999,27.16855473683553,0.8753064923773648,0.8908041889138345,0.8598087958408951,0.035410902744197385,0.004303848066510582,0.004991418747323998,0.8905254107745812,0.8610366684208529,-0.017432167413353628,0.0568764758709628,-1.685030154713067
2025-01-14,0.8622494493810929,0.8702953415458481,0.8617821768929806,0.8698280690577358,6067.0,0.008789358673505276,0.00875095711323955,0.8746478254860706,0.8870365717260938,0.9041093449670257,39.77473694420988,0.8743920411911847,0.8888290226523249,0.8599550597300446,0.033021758618645786,0.0047116092630092865,0.005416713291528131,0.8886523213717948,0.8610366684208529,-0.011322637739188957,0.06766457357196663,-0.6322612723073372
2025-01-15,0.8698280690577358,0.8709220032691296,0.8665630087465028,0.8676569429578966,7227.0,-0.0024960405131454477,-0.0024991608156161153,0.873982027150054,0.8862765862842037,0.9037466344992732,37.75842315763474,0.8735664905756678,0.8875302627693329,0.8596027183820028,0.031969569218396054,0.004531294675465417,0.005222449623946938,0.8857005762438569,0.8610366684208529,-0.004822926572332298,0.06670617805055178,-0.846411347279378
2025-01-16,0.8676569429578966,0.8736434942452506,0.8662321277006836,0.8722186789880375,6904.0,0.005257534175419076,0.0052437615947345815,0.873814089229862,0.8857252958020011,0.9034329234991614,44.16316173859678,0.8731597878125656,0.8867604324260093,0.859559143199122,0.03115270493048226,0.004932167905502549,0.00565473776739674,0.8857005762438569,0.8610366684208529,0.007743356784258193,0.06888901088617942,-0.13839179704730933
2025-01-17,0.8722186789880375,0.8732264585637997,0.8707808049907252,0.8717885845664873,6972.0,-0.0004931038877190597,-0.0004932255034221954,0.8736211840238264,0.8851787581064908,0.9031180544550552,43.706509815433044,0.8727579743246776,0.8859996254475678,0.8595163232017874,0.03034438300752586,0.005007616529395432,0.005744072150113735,0.8857005762438569,0.8610366684208529,0.005147234885535923,0.06888708387776206,-0.14641523918637905
2025-01-20,0.8717885845664873,0.8746418574001665,0.8705039499030777,0.8733572227367569,2585.0,0.001799333230601441,0.0017977163697877878,0.8735960448536293,0.8847151684841483,0.9028219267762662,45.90354781792264,0.8723398049732196,0.8849004305330987,0.8597791794133405,0.028797552257207246,0.005141594263808709,0.005887160637083852,0.8857005762438569,0.8610366684208529,0.004020104185001205,0.06872023608967236,0.1620011294321312
2025-01-21,0.8733572227367569,0.8737895947982188,0.873016472277233,0.873448844338695,6840.0,0.0001049073615615459,0.00010490185916911528,0.8735820257569689,0.8842733518509933,0.9025296572992755,46.03602561762165,0.8718740901354038,0.8834603839424179,0.8602877963283898,0.026577906002952012,0.004567887614191714,0.005229713959550945,0.8857005762438569,0.8610366684208529,0.0034462421144816346,0.06848315571210416,0.27183053175085287
2025-01-22,0.873448844338695,0.8744427185930741,0.8729900466655193,0.8739839209198984,1041.0,0.0006126020827339484,0.000612414518675576,0.8736203014867717,0.8838698447556563,0.9022456201213712,46.854571414049175,0.8713216453864986,0.8811928783185962,0.861450412454401,0.022658068887337048,0.004035054999139286,0.004616852670346899,0.8857005762438569,0.8610366684208529,0.0031617056314721115,0.06765805679657881,0.5394008127886611
2025-01-23,0.8739839209198984,0.8744790233658424,0.8725081535194636,0.8730032559654076,5500.0,-0.0011220629247488123,-0.0011226929086508377,0.8735615352466418,0.8834437040187838,0.9019546513237995,45.492596296321835,0.8709975612926956,0.8801389506669453,0.8618561719184459,0.020990619906403517,0.003950731915198426,0.004525449233095382,0.8802282462121612,0.8610366684208529,0.007277312963075877,0.06434376094891384,0.4388161559690015
2025-01-24,0.8730032559654076,0.8743540233304307,0.8710964449130069,0.8724472122780299,7896.0,-0.0006369319742831614,-0.0006371349016249436,0.8734554092496312,0.8830124690485581,0.9016610449651351,44.69920048820652,0.8707188698665809,0.8792801362989768,0.8621576034341849,0.019664823466402644,0.003728321253697764,0.00427340611698766,0.8802282462121612,0.8610366684208529,0.009635401764432672,0.06417102583026875,0.4037585852740104
2025-01-27,0.8724472122780299,0.8769380721134272,0.8713040882075583,0.8757949480429557,5307.0,0.0038371785912234557,0.0038298354002154257,0.873678222468043,0.8827294290091228,0.9014036708664069,50.317205645137335,0.8706312674927246,0.8789301879056491,0.8623323470798,0.019064145115817176,0.003955876667637589,0.004516898249387439,0.8802282462121612,0.8610366684208529,0.01570948948890072,0.06582323632404308,1.2444222364608533
2025-01-28,0.8757949480429557,0.8763815059351343,0.873975819383295,0.8745623772754737,8777.0,-0.0014073736897389777,-0.001408364970267514,0.8737624276877984,0.8824091524705483,0.9011365933182385,48.3688774884587,0.8703699059526635,0.8777306067899323,0.8630092051153947,0.016913959885164347,0.0039555638415382155,0.004522906477935848,0.8802282462121612,0.8610366684208529,0.005442809201209764,0.06520958502015095,1.1391500389698763
2025-01-29,0.8745623772754737,0.8748434006214546,0.8692583070254941,0.869539330371475,4300.0,-0.005743497587498592,-0.005760054898120244,0.8733602279433867,0.8819044535647024,0.9008221926919026,41.34317892386522,0.870253779034637,0.8775886101203284,0.8629189479489455,0.016856763538166737,0.003945761761509482,0.004537761115214671,0.8769380721134272,0.8610366684208529,0.00216950654156145,0.06025717164023263,-0.1948098476475261
2025-01-30,0.869539330371475,0.8703279024103262,0.8684777894627513,0.8692663615016025,8904.0,-0.00031392354588022364,-0.0003139728301911596,0.872970335901312,0.8814088421112475,0.9005082043218499,40.994695806075775,0.8704412633810128,0.8774507400583159,0.8634317867037097,0.016105570754025484,0.003863812696250381,0.0044449122471228375,0.8769380721134272,0.8610366684208529,-0.0033848363461561615,0.0540458487083069,-0.3352324099214534
2025-01-31,0.8692663615016025,0.8720919279394936,0.8687792279391682,0.8716047943770593,6090.0,0.0026901223595230395,0.002686510456558995,0.8728402843275737,0.8810243696510832,0.9002206082029962,45.25207205815459,0.8706552899566855,0.8775240229322742,0.8637865569810969,0.015778306420053723,0.003793493321724049,0.00435230892050712,0.8769380721134272,0.8610366684208529,-0.00021081967885527853,0.054362755525005545,0.27647149008362987
2025-02-03,0.8716047943770593,0.8728870640617066,0.8686425380257617,0.869924807710409,2154.0,-0.0019274637742796585,-0.001929323722953646,0.8725626198878438,0.8805890927122333,0.8999191574518263,42.8595069726783,0.8706585156557274,0.877525737073226,0.8637912942382288,0.01577477574506154,0.003488590563372434,0.004010220805812171,0.8769380721134272,0.8610366684208529,-0.003930138707265773,0.053925675488359415,-0.21368407998284905
2025-02-04,0.869924807710409,0.8707307999298839,0.8678856323615554,0.8686916245810302,8843.0,-0.0014175743908539928,-0.0014185800999881664,0.8721939536681473,0.880122525334539,0.8996084357317189,41.140030175162074,0.8705706435793511,0.8774938969800109,0.8636473901786913,0.015905092715267414,0.0033804600666368445,0.003891438539271332,0.8769380721134272,0.8610366684208529,-0.005446477820079454,0.05409395259071372,-0.5428138736455304
2025-02-05,0.8686916245810302,0.873896189834788,0.8683402547758027,0.8735448200295605,3422.0,0.005586787429740614,0.005571239215678585,0.8723226076073295,0.8798645761068928,0.899349096271996,49.6937662115831,0.870686417071972,0.877732402714867,0.8636404314290771,0.016184898500173815,0.0032479292462381554,0.003718102576726683,0.8769380721134272,0.8610366684208529,-0.000502413007639535,0.05767814145715819,0.8113564524420556
2025-02-06,0.8735448200295605,0.8746834593879975,0.8699531205547142,0.8710917599131512,2062.0,-0.002808167434758757,-0.002812117734064045,0.8722053840174078,0.8795205440992951,0.8990679287460374,46.05093262489796,0.870906203184853,0.8776977326801001,0.8641146736896059,0.015596466003826493,0.0034111210505387885,0.003915914726226868,0.8769380721134272,0.8610366684208529,-0.002189563485811452,0.05531388560317486,0.05464357577423115
2025-02-07,0.8710917599131512,0.8711096456862294,0.8653943504907681,0.8654122362638462,9034.0,-0.006520006170040338,-0.006541354253955271,0.8715584175646875,0.8789672771253559,0.8987330462337767,38.93452654973794,0.8709707620628301,0.8775106039430298,0.8644309201826303,0.01501736261435597,0.0035237916004225356,0.004071806998749443,0.8769380721134272,0.8610366684208529,-0.008063497613586046,0.059349644621925914,-1.6998960833634262
2025-02-10,0.8654122362638462,0.8698264149761944,0.864133080462706,0.8685472591750542,7041.0,0.0036225775183655884,0.0036160317879415276,0.8712716405751987,0.8785586489704421,0.8984326901436402,44.07216772276993,0.8712856525525281,0.8765369025707306,0.8660344025343256,0.012054026145887655,0.0038752353141727203,0.004461743760326199,0.8769380721134272,0.8617821768929806,-0.008275554550865039,0.05999593429423709,-1.042949152290137
2025-02-11,0.8685472591750542,0.8749664842290287,0.8673549627694954,0.8737741878234699,1333.0,0.006018012944258633,0.005999977028437195,0.8715099784083674,0.87837102304311,0.8981873319115988,51.41202147955618,0.8714829584908148,0.8767997420963755,0.8661661748852542,0.0122016926521844,0.004315153137885465,0.004938522101041124,0.8769380721134272,0.864133080462706,-0.0009012386908973102,0.05547431597125777,0.861885494176902
2025-02-12,0.8737741878234699,0.875155200957424,0.8682747555934215,0.8696557687273756,8649.0,-0.004713367771086441,-0.004724510716613527,0.8713333870101777,0.8780292483640616,0.897903435760512,46.26046927915859,0.8715828997792888,0.8766669171488262,0.8664988824097515,0.011666170529102323,0.004665837103430025,0.005365153973804889,0.8769380721134272,0.864133080462706,0.0001339080957394323,0.057444001268535765,-0.7581134806738886
2025-02-13,0.8696557687273756,0.8790453241417452,0.8682163516116331,0.8776059070260027,3876.0,0.009141707080562611,0.009100174602992096,0.8719307698688278,0.8780126467429613,0.8977014703004672,55.52490790578653,0.8718522611811871,0.8776049840094682,0.866099538352906,0.013196554243002818,0.005206650968622043,0.005932789338515442,0.8790453241417452,0.864133080462706,0.009593774582504544,0.06339644844288689,2.000320897273206
2025-02-14,0.8776059070260027,0.8847891163185602,0.8772444912393456,0.884427700531903,8778.0,0.007773185493951118,0.007743129938719058,0.8731209537415016,0.8782642174797827,0.8975693929893372,61.63647171321269,0.8724842169794578,0.8805281215333586,0.864440312425557,0.01843908324611033,0.005343125338146737,0.0060413364879156675,0.8847891163185602,0.864133080462706,0.014711835269341611,0.06857684587016762,2.969573662246738
2025-02-17,0.884427700531903,0.8863654658906099,0.8837907662361643,0.8857285315948712,3173.0,0.0014708167351451529,0.0014697361436492313,0.8743216754418225,0.8785569356803744,0.8974515734729744,62.68934328749239,0.8731027824223634,0.8830958660166339,0.8631096988280929,0.022890967238806445,0.005355197702618624,0.006046093708843141,0.8863654658906099,0.864133080462706,0.018166769983323672,0.06851871757140174,2.526897539363467
2025-02-18,0.8857285315948712,0.8867851868041201,0.879058345400002,0.880115000609251,7978.0,-0.006337755627576214,-0.0063579244626988584,0.8748734206958633,0.8786180362658206,0.8972790702604001,55.59818208294455,0.8734360902358913,0.8839108491881161,0.8629613312836665,0.02398517549096438,0.005508179688915593,0.006258477227524369,0.8867851868041201,0.864133080462706,0.013150093433593524,0.0729495086228472,1.2752389632681844
2025-02-19,0.880115000609251,0.8806055586320822,0.8738873885918182,0.8743779466146495,5831.0,-0.0065185276817575355,-0.006539866063763371,0.8748262326881286,0.8784517582402844,0.897051198383328,49.44268434630597,0.873455791520629,0.8839363694870815,0.8629752135541765,0.023997958610375743,0.0058558980526791015,0.006697216089851677,0.8867851868041201,0.864133080462706,0.0009537307828817454,0.07694359482292508,0.1759740916907898
2025-02-20,0.8743779466146495,0.8759172014933513,0.8706473942545192,0.872186649133221,5941.0,-0.002506121626137392,-0.002509267205508588,0.8745748437781374,0.8782060676870662,0.8968037899330782,47.28910553507429,0.8734149611790196,0.8839093159076754,0.8629206064503638,0.024030627353782662,0.005995691426858145,0.006874321491640193,0.8867851868041201,0.864133080462706,0.0012569160569018134,0.07737496847588884,-0.23409005652241444
2025-02-21,0.872186649133221,0.8722753561837623,0.8720106803297225,0.8720993873802638,5956.0,-0.00010004940231989057,-0.0001000544075951955,0.874339086025959,0.877966590027976,0.8965579749823039,47.200936392088316,0.8733975699341313,0.8838998271645728,0.8628953127036898,0.02404920185714178,0.005711416413864927,0.006549043029397936,0.8867851868041201,0.864133080462706,0.007727127993113925,0.07734308329611038,-0.247219721509889
2025-02-24,0.8720993873802638,0.8736646904910923,0.8713048527936096,0.8728701559044381,5700.0,0.0008838081247706242,0.000883417796336616,0.8741991879191474,0.8777667298662686,0.896322275289987,48.12102911073526,0.8732513303272054,0.8836943154443732,0.8628083452100376,0.023917478862024357,0.005676749994518797,0.0065035446063988105,0.8867851868041201,0.864133080462706,0.004977157758220052,0.07609574865555169,-0.07300104682533184
2025-02-25,0.8728701559044381,0.8815674333587347,0.8718964456936186,0.8805937231479152,7810.0,0.008848472125243312,0.008809553805720823,0.8748081912742682,0.8778775923479019,0.8961657722835983,56.33284041000223,0.8735528976208273,0.8844918549254046,0.86261394031625,0.02504475077438395,0.005970682323528138,0.006780291712941531,0.8867851868041201,0.864133080462706,0.007804688464684961,0.08231353197878928,1.2872937211559867
2025-02-26,0.8805937231479152,0.8812818932562847,0.8770209229718723,0.8777090930802418,2813.0,-0.0032757785932898686,-0.003281155702008937,0.8750844676367419,0.8778709845334839,0.8959821237343112,52.96104633820501,0.8739613857562658,0.884879422261106,0.8630433492514256,0.02498516909964513,0.005937155998608786,0.006764377907687918,0.8867851868041201,0.864133080462706,0.009260358687266823,0.08033023951913922,0.6865167234629693
2025-02-27,0.8777090930802418,0.878529028627805,0.8756163553964083,0.8764362909439715,1441.0,-0.0014501412213966391,-0.0014511936937897576,0.8752132127136208,0.8778147220397775,0.8957876378358999,51.496403458591274,0.8743198822283842,0.8850581878268694,0.863581576629899,0.024563791392039323,0.005736968715461318,0.00654579092027588,0.8867851868041201,0.864133080462706,-0.001332734969839433,0.0805800072203926,0.3941792671435661
2025-02-28,0.8764362909439715,0.8808556822245083,0.875543054771213,0.8799624460517498,7124.0,0.004023287424554711,0.00401521564651664,0.8756655206505856,0.8778989465108352,0.8956301732410328,55.193347576908394,0.8747377648121187,0.8856797413605474,0.8637957882636901,0.025017729858225195,0.005709775354018953,0.006488657987210476,0.8867851868041201,0.864133080462706,-0.005048750143700542,0.08121394819253604,0.9549794256105089
2025-03-03,0.8799624460517498,0.8802472074157146,0.879025860563685,0.8793106219276499,1575.0,-0.0007407408430036844,-0.0007410153270580016,0.8760126731531631,0.8779543063311025,0.8954677896458748,54.368394675761735,0.8752070555229808,0.8860847906969409,0.8643293203490208,0.024857512528758275,0.005253334310625833,0.005974378313671822,0.8867851868041201,0.864133080462706,-0.007245910499987018,0.08085394077889677,0.7544891172736818
2025-03-04,0.8793106219276499,0.8798672269372471,0.8791072929260123,0.8796638979356095,7035.0,0.000401764745187716,0.00040168405934290664,0.8763604088467294,0.8780213491391224,0.8953105369920413,54.76303753769431,0.8757556691907098,0.8863529617620137,0.8651583766194059,0.024201482089398155,0.0048161549282852755,0.005474994415012145,0.8867851868041201,0.864133080462706,-0.0005125496933118256,0.0805242637650155,0.737590043608434
2025-03-05,0.8796638979356095,0.8809658671830018,0.8758225433935202,0.8771245126409125,8472.0,-0.0028867676628043792,-0.002890942412865294,0.8764331806366517,0.8779861790803691,0.895129581525861,51.32680997528629,0.8759346538212774,0.8864955804668928,0.8653737271756621,0.02411350344353468,0.004410037161097391,0.005027834814260656,0.8867851868041201,0.864133080462706,0.0031411657131759085,0.07922719496329396,0.225332276146254
2025-03-06,0.8771245126409125,0.8807746158811062,0.8761215560752382,0.8797716593154319,4276.0,0.0030179827793765934,0.003013437811475411,0.8767511309870116,0.8780561979131167,0.8949767663794885,54.529798311396654,0.8763686487913913,0.8868042611204553,0.8659330364623273,0.023815576569188864,0.004203496784429772,0.004777940662126577,0.8867851868041201,0.864133080462706,0.008696544701468412,0.07897608050593008,0.6521918248271706
2025-03-07,0.8797716593154319,0.8847084453265945,0.8785635137146215,0.8835002997257841,5283.0,0.004238191092963417,0.00422923525654037,0.8773939089621328,0.8782696921018488,0.8948625726814418,58.65673233081844,0.8772730519644882,0.8868068487983344,0.8677392551306421,0.021735072820251333,0.0044585133528245845,0.005046419739991478,0.8867851868041201,0.864133080462706,0.013072950755954604,0.07543221909892044,1.306352100810122
2025-03-10,0.8835002997257841,0.8855520763423562,0.8824877714266931,0.8845395480432652,6765.0,0.0011762851894940862,0.0011755939081135027,0.8780744460174787,0.8785155688054338,0.8947598560183754,59.75317463981257,0.8780726664078988,0.8871988915469894,0.8689464412688083,0.020786947340987093,0.00412547503222066,0.004663980306303809,0.8867851868041201,0.8673549627694954,0.013368989717303048,0.07482108518851414,1.4172084376193266
2025-03-11,0.8845395480432652,0.884761754079898,0.8803989163226638,0.8806211223592966,4251.0,-0.004429904454398614,-0.0044397455553151265,0.8783169866214613,0.8785981395330362,0.8946191721013697,53.94416099133892,0.8784150131346902,0.8873744728704345,0.8694555533989459,0.020399149836412278,0.003957237012004249,0.004493688501818245,0.8867851868041201,0.8682163516116331,3.111447499692943e-05,0.07457614141447483,0.49246478909995195
2025-03-12,0.8806211223592966,0.8817151544857715,0.8786587852763464,0.8797528174028214,4518.0,-0.000986014228399279,-0.000986500660207325,0.8784537324101622,0.8786434210181259,0.894471248174021,52.721036391405384,0.8789198655684624,0.8868837240906668,0.8709560070462579,0.018121921768268778,0.0037991342956180357,0.0043184110587263826,0.8867851868041201,0.8682163516116331,0.002328475731528945,0.07232565339680169,0.20918298134921676
2025-03-13,0.8797528174028214,0.8834981895958898,0.8783327258116395,0.8820780980047078,7959.0,0.002643106740767287,0.0026396198768966206,0.8787989100858332,0.878778114233286,0.8943479332469633,55.62287461247991,0.8791434751173977,0.8872025644303289,0.8710843858044665,0.018333956950212293,0.00414919057634736,0.004703881193437381,0.8867851868041201,0.8706473942545192,0.00643721297147537,0.06548632531923297,0.7282765516945966
2025-03-14,0.8820780980047078,0.8828585713777383,0.8759096152097491,0.8766900885827795,3095.0,-0.0061083133501627085,-0.006127045415995759,0.8785980699426853,0.8786962308744427,0.894172233300056,48.23521128869109,0.8787565945199416,0.8864836475832315,0.8710295414566517,0.01758633303346337,0.004476984752812108,0.005106690278715725,0.8867851868041201,0.8706473942545192,-0.0037187467302187693,0.06285472113764151,-0.5348755651697906
2025-03-17,0.8766900885827795,0.8783286758640669,0.8736398816991171,0.8752784689804045,1034.0,-0.0016101694552712598,-0.0016114671713241824,0.8782819174700871,0.8785622009962452,0.8939842356451341,46.49294420318416,0.8782340913892183,0.8853665106025298,0.8711016721759067,0.016242638001057897,0.004121113788514518,0.004708345897409228,0.8867851868041201,0.8706473942545192,-0.004585584259639619,0.06256855416083719,-0.8287853869546911
2025-03-18,0.8752784689804045,0.881690656133779,0.8742130303590384,0.8806252175124129,2841.0,0.006108625679135837,0.0060900436606253685,0.8785050889026895,0.8786431036047224,0.8938513100915747,53.36407069830325,0.8782596022343764,0.8854239263739782,0.8710952780947746,0.01631482108792218,0.0043508748949665265,0.004940665800210518,0.8855520763423562,0.8706473942545192,0.0010928259975877541,0.06298965657542231,0.660387562578366
2025-03-19,0.8806252175124129,0.8823389584744991,0.8800140326173198,0.881727773579406,7782.0,0.0012520150968509114,0.0012512319795311918,0.878812011252853,0.87876407105471,0.8937306778874735,54.65713885745084,0.878627093582614,0.8857065788612543,0.8715476083039738,0.01611488043186449,0.004308892939665275,0.00488687446259424,0.8855520763423562,0.8706473942545192,0.005248127115537571,0.05811509551735054,0.8759619872781287
2025-03-20,0.881727773579406,0.883746591552606,0.880967597138476,0.8829864151116761,6538.0,0.0014274718002367237,0.0014264539309045273,0.8792095735251219,0.878929653174591,0.8936237698001521,56.151786243670315,0.8791670818815369,0.8858123555217515,0.8725218082413223,0.015117203037203856,0.004127919151153466,0.00467495204966589,0.8855520763423562,0.8713048527936096,0.0036540797401289904,0.05715316544820777,1.149488625126295
2025-03-21,0.8829864151116761,0.8847083176619545,0.8770920254654455,0.8788139280157239,2034.0,-0.004725426149873924,-0.004736626273523613,0.8791718930004173,0.8789251149330668,0.8934764081903568,50.2395327677859,0.8795028089133099,0.8852643246608899,0.8737412931657299,0.013101756331395388,0.004584700961473421,0.005216918866801792,0.8855520763423562,0.8713048527936096,-0.00530432384857682,0.06020464474268949,-0.23913182841697778
2025-03-24,0.8788139280157239,0.8813553974933347,0.8784912393171489,0.8810327087947597,9059.0,0.002524744668129797,0.002521562854695913,0.8793491135522594,0.8790077656727411,0.8933525902859231,53.06929916425414,0.8799109365578259,0.884781766960333,0.8750401061553189,0.011071189594623068,0.004735002687541353,0.00537437786392604,0.8855520763423562,0.8718964456936186,-0.003964592941336664,0.06066304087328578,0.4606082101961056
2025-03-25,0.8810327087947597,0.8844111315359888,0.8801973485534723,0.8835757712947014,4078.0,0.0028864563989010605,0.0028822985826117403,0.879751652384873,0.8791869031481121,0.893255308504916,56.14743948764416,0.8800600389651653,0.8851943176243026,0.874925760306028,0.011668019071004582,0.00466860691561527,0.005283765204170743,0.8855520763423562,0.8736398816991171,0.003355187447115826,0.0529453164424507,1.369513640744575
2025-03-26,0.8835757712947014,0.8838188098140068,0.8753635676498746,0.87560660616918,6609.0,-0.009019220970539199,-0.0090601403705568,0.8793568860786165,0.8790464993450168,0.8930796995264509,45.97176841606479,0.8799549146196123,0.8853702724483864,0.8745395567908382,0.01230826202298119,0.004940191369777009,0.005642021582489628,0.8855520763423562,0.8736398816991171,-0.00471292748556551,0.06119213315211766,-1.6059173143934717
2025-03-27,0.87560660616918,0.8758567545430829,0.8723523387408472,0.8726024871147501,2739.0,-0.003430900398950887,-0.0034367994342577807,0.8787136099868198,0.8787937929830455,0.8928759461691206,42.82125392002335,0.8797632244281512,0.8859232236082323,0.8736032252480702,0.014003766033946352,0.004751583097652913,0.005445300887651566,0.8855520763423562,0.8723523387408472,-0.010742371805163131,0.06216250462020967,-2.324915021598091
2025-03-28,0.8726024871147501,0.8742032604581618,0.8662207553164125,0.8678215286598242,6894.0,-0.00547896496460154,-0.00549402954387516,0.8776762689080583,0.8783635081076251,0.892626648482461,38.32032672080823,0.8791561785585549,0.887305261384964,0.8710070957321457,0.01853841905489465,0.005102883113801923,0.005880106617869113,0.8855520763423562,0.8662207553164125,-0.010115957780806983,0.06272441285843793,-2.7818222345213877
2025-03-31,0.8678215286598242,0.8717467666015908,0.8672846837070335,0.8712099216488001,2191.0,0.003904481367509538,0.003896878663453461,0.8770604263119385,0.8780829753053182,0.8924135467229222,42.90105157329807,0.8787511435446124,0.88763962154708,0.8698626655421448,0.020229795586072807,0.005109972052182142,0.005865374033518022,0.8855520763423562,0.8662207553164125,-0.004648289059759225,0.06480441765887965,-1.6968533631334302
2025-04-01,0.8712099216488001,0.8771773274506897,0.8707193716977457,0.8766867774996353,4596.0,0.006286493891701772,0.006266816314563273,0.8770248407107667,0.8780282224501934,0.8922570614570188,49.437514141511514,0.8786022875228137,0.8875260496511695,0.8696785253944578,0.020313541758503948,0.005352942519576346,0.006105878013631353,0.8855520763423562,0.8662207553164125,-0.004472322543638718,0.0690626502542059,-0.4293054869967212
2025-04-02,0.8766867774996353,0.8776885932101232,0.8693047008644739,0.8703065165749617,6021.0,-0.007277697221430124,-0.007304308852726874,0.8763850003168805,0.8777254104550862,0.8920386480751078,43.229075056065966,0.878261387719516,0.8879139959133934,0.8686087795256386,0.021981174007754622,0.005582830273961987,0.006414786247876065,0.8855520763423562,0.8662207553164125,-0.012953268964273734,0.07300770166244529,-1.6482324745347103
2025-04-03,0.8703065165749617,0.8707032603178917,0.8653094416329474,0.8657061853758774,5722.0,-0.0052858747021551356,-0.005299894363778607,0.8753679703224992,0.8772540682951172,0.8917766335208867,39.38822339114002,0.8775581140225384,0.8886844821463433,0.8664317458987334,0.025357564236524636,0.005471749025173064,0.006320561314688202,0.8855520763423562,0.8653094416329474,-0.019570210186770742,0.07382723743733106,-2.130421807868031
2025-04-04,0.8657061853758774,0.8661281237834415,0.8630950634996858,0.8635170019072499,4530.0,-0.0025287834436310552,-0.0025319862170363867,0.874239306663904,0.8767153598093186,0.8914954431565719,37.672853239135094,0.8765589491316117,0.8889551112723507,0.8641627869908727,0.028283693077390024,0.005353482319373485,0.006199625841239083,0.8855520763423562,0.8630950634996858,-0.01740633098864619,0.07158160141201564,-2.1041911321086086
2025-04-07,0.8635170019072499,0.8649325636424,0.8578967906767143,0.8593123524118644,7449.0,-0.004869214486916462,-0.00488110773466545,0.8728176919732336,0.8760328889309871,0.891175213397918,34.55974442897681,0.8752975893500416,0.8893039228016312,0.8612912558984521,0.0320035919714803,0.005321921404440996,0.00619323275116872,0.884761754079898,0.8578967906767143,-0.024653291717861903,0.07220810371520964,-2.2825726652056932
2025-04-08,0.8593123524118644,0.8595883654640989,0.8549756943080018,0.8552517073602363,9643.0,-0.004725458723165099,-0.00473665900146881,0.87114474105771,0.875217940634095,0.8908177655766476,31.82460933644245,0.8740291186000887,0.8904008500763749,0.8576573871238025,0.037462668297615624,0.005485331782935128,0.006413704568758819,0.8847083176619545,0.8549756943080018,-0.03205617996175014,0.07237806388407927,-2.2938821427716087
2025-04-09,0.8552517073602363,0.858138282302333,0.8543511024530762,0.857237677395173,3896.0,0.002322088360473984,0.002319396479681712,0.869820258804135,0.8745128322717843,0.8904836353459863,34.55272135294983,0.8729033615997063,0.8906560767548343,0.8551506464445783,0.04067509861021475,0.005557345028301329,0.006482852043074025,0.8847083176619545,0.8543511024530762,-0.02097851780078719,0.07360192806259364,-1.7648775488867279
2025-04-10,0.857237677395173,0.857588792152551,0.8550846897957739,0.8554358045531519,8976.0,-0.002101952456751821,-0.0021041646593237383,0.8684503107802318,0.8737647135377203,0.8901349007112317,33.25256424086491,0.8715712469271285,0.8903914707867863,0.8527510230674707,0.0431868855839649,0.005192188611177627,0.006069641443041812,0.8847083176619545,0.8543511024530762,-0.019672970012221236,0.07215597695312832,-1.7146918649106813
2025-04-11,0.8554358045531519,0.856582031555627,0.8525019162513212,0.8536481432537962,7433.0,-0.002089766747943811,-0.002091953357341059,0.867040580539619,0.8729758284285469,0.8897718483982224,31.967377120189198,0.8704191496606792,0.8906854944211747,0.8501528049001837,0.04656686325983532,0.005279042691757623,0.006184096730575472,0.8847083176619545,0.8525019162513212,-0.016332143116933207,0.07015070688116314,-1.6550598151842546
2025-04-14,0.8536481432537962,0.8567602687969731,0.853560383324558,0.8566725088677348,8276.0,0.003542871425234795,0.003536610240291192,0.8660531451422967,0.8723364825634171,0.8894425017362275,36.442854284130725,0.8694888516550456,0.8905100966906456,0.8484676066194456,0.04835310998085068,0.0052066214410360955,0.006077726770896026,0.8847083176619545,0.8525019162513212,-0.0166864637555465,0.07222360112689104,-1.2193704764495163
2025-04-15,0.8566725088677348,0.8570744232234297,0.8556982011047795,0.8561001154604744,5560.0,-0.000668158953783804,-0.0006683822714575742,0.8651052375535516,0.8716997622848703,0.8891107366986578,35.960689863716894,0.8682625965524486,0.889409481899159,0.8471157112057383,0.048710805764700424,0.004700977152073095,0.005491153507840096,0.8847083176619545,0.8525019162513212,-0.02348234576763586,0.0671233595759368,-1.1502858120774038
2025-04-16,0.8561001154604744,0.8567137906344298,0.8552007313262882,0.8558144065002435,1432.0,-0.00033373311727347144,-0.0003337888185635088,0.8642203965008556,0.8710768071560615,0.8887794299305145,35.7067406307215,0.8669669281984907,0.8878133714034192,0.8461204849935623,0.048090515397735435,0.0045587374024949456,0.005326782732178333,0.8847083176619545,0.8525019162513212,-0.016651731084067922,0.06652487928492305,-1.0699687796727444
2025-04-17,0.8558144065002435,0.8575376189897828,0.854471671594602,0.8561948840841412,5808.0,0.00044457955020127393,0.00044448075399380974,0.8634560619849779,0.8704932023297116,0.8884552055937347,36.35135201554787,0.865627351647114,0.8855627794584902,0.8456919238357379,0.046060069089644745,0.004207554706311479,0.004914248828772479,0.8847083176619545,0.8525019162513212,-0.010986754458276682,0.06604448647187067,-0.9463019958458206
2025-04-18,0.8561948840841412,0.8573781230508697,0.8537336541008166,0.854916893067545,1087.0,-0.0014926403326542825,-0.0014937554299999305,0.8626428078023652,0.8698823666723717,0.8881214910412354,35.07912478437892,0.8644324998997049,0.8838992099577616,0.8449657898416483,0.04503928313735376,0.004149153710275466,0.004853283101457735,0.8844111315359888,0.8525019162513212,-0.009959397233302636,0.0649587240360166,-0.9776286597767154
2025-04-21,0.854916893067545,0.855379027965012,0.8533301391609476,0.8537922740584145,4084.0,-0.0013154717356154144,-0.0013163377281014206,0.8617998998267509,0.869251382648295,0.8877799067926502,33.95300487411035,0.8630704781628878,0.8814270126865599,0.8447139436392158,0.042537741674921685,0.00383422035678407,0.004490811727024062,0.8844111315359888,0.8525019162513212,-0.006423832193214185,0.06331472024179154,-1.0108884215055367
2025-04-22,0.8537922740584145,0.8545802180898522,0.8496437880116483,0.850431732043086,3725.0,-0.003936018300276456,-0.003943784806411908,0.8607172171806876,0.8685133571343653,0.8874082831633013,30.773885642384045,0.861413276200307,0.8778604208818092,0.844966131518805,0.03818642023733471,0.0035879730519665404,0.004219001851385245,0.8838188098140068,0.8496437880116483,-0.005635738900805376,0.06156507244272862,-1.3353739350966964
2025-04-23,0.850431732043086,0.8512710948861135,0.8488745975461366,0.8497139603891641,3782.0,-0.0008440085510420525,-0.0008443649267960677,0.8596692879624472,0.8677761258894555,0.8870332152750016,30.12507437199433,0.8601186439113061,0.8759254886538578,0.8443117991687544,0.036755033400209955,0.0033738786701831597,0.003970605200646513,0.8776885932101232,0.8488745975461366,-0.008776698930068716,0.055579530820858265,-1.316478233525356
2025-04-24,0.8497139603891641,0.8586783062967214,0.8490347726266813,0.8579991185342385,2609.0,0.009750526096193424,0.009703296477534115,0.8595102242073797,0.8673927138363098,0.8867443187900188,44.63514163361079,0.8593884754822808,0.8740768220726034,0.8447001288919582,0.03418325241580561,0.0038460553406320453,0.004482586587271148,0.8776885932101232,0.8488745975461366,0.002996500692913573,0.06783107922592711,-0.1891781269591899
2025-04-25,0.8579991185342385,0.8590842184530963,0.8545795241449533,0.8556646240638112,8896.0,-0.002720858821411709,-0.002724567085744576,0.8591439765746588,0.8669327887471923,0.8864350680962257,41.989302372773246,0.8587806302524801,0.8729982021335723,0.8445630583713879,0.03311106790313201,0.0036652640079504273,0.004283528738798357,0.8776885932101232,0.8488745975461366,0.002362191994384144,0.06600855804376576,-0.4383316947126361
2025-04-28,0.8556646240638112,0.8562750327455808,0.8504667292538695,0.8510771379356391,6406.0,-0.005361313298643422,-0.005375736714184652,0.8583757062280855,0.8663109985192883,0.886083247895623,37.30906861677059,0.857773991066822,0.8711097520415417,0.8444382300921022,0.03109388047108764,0.0037506663176371602,0.004406964011199648,0.8776885932101232,0.8488745975461366,-0.006531516856413622,0.0656348477420752,-1.00434510544661
2025-04-29,0.8510771379356391,0.8521048791437983,0.8433024997263079,0.8443302409344671,2633.0,-0.007927480013782517,-0.00795906954447573,0.8570380428667884,0.865449008025766,0.8856677950900393,31.71083998391279,0.8561561642385636,0.8675389363338601,0.844773392143267,0.026590410887060642,0.004108894858225275,0.004866454686826962,0.8776885932101232,0.8433024997263079,-0.013748245460376562,0.06360706566988854,-2.0778634949535717
2025-04-30,0.8443302409344671,0.8450959339292844,0.8437400221031642,0.8445057150979816,8256.0,0.00020782645818817613,0.0002078048652614838,0.8558444878411878,0.8646277024207548,0.8852582221547951,31.996638774681955,0.8548661241647146,0.8653055439289326,0.8444267044004967,0.024423519587744153,0.004026881248892634,0.004768329185818981,0.8707032603178917,0.8433024997263079,-0.013213953067824136,0.06064888455323462,-1.9848630097707776
2025-05-01,0.8445057150979816,0.8495563068791969,0.8425715621012961,0.8476221538825115,9441.0,0.003690251858352811,0.003683459583970586,0.855061408416552,0.8639608181643531,0.8848837339132799,37.03659673139615,0.8539619225900463,0.8635456656501443,0.8443781795299483,0.02244536391278606,0.004234354782720852,0.004995568795984742,0.8661281237834415,0.8425715621012961,-0.010012592180809188,0.06157312789547032,-1.3230256002856593
2025-05-02,0.8476221538825115,0.8477924681735538,0.8450579608949288,0.8452282751859711,5855.0,-0.0028242285617186003,-0.0028282242200779063,0.8541249195374491,0.8632262086357891,0.8844891522344012,34.897088545636976,0.8530474862539823,0.8622759525394639,0.8438190199685007,0.02163646557592442,0.004201113483164416,0.0049703891912987255,0.8649325636424,0.8425715621012961,-0.011332818382860599,0.061676220674807186,-1.694585172904088
2025-05-05,0.8452282751859711,0.848917771093316,0.8440908941775399,0.8477803900848848,6479.0,0.0030194386224859926,0.0030148892730422466,0.8535206786372048,0.8626204902612439,0.8841238909194806,38.946362759886526,0.8524708881376334,0.8614898885343234,0.8434518877409434,0.021159667789696707,0.004447588825816259,0.0052461567616242455,0.8595883654640989,0.8425715621012961,-0.007041389523183228,0.061575207651171616,-1.0401370099661986
2025-05-06,0.8477803900848848,0.8510104774060011,0.8466324384914425,0.8498625258125588,3184.0,0.002455984771557951,0.0024529737699339684,0.8531722831300956,0.8621201779299229,0.8837829818139391,42.10991120514129,0.8522014290602493,0.8611925906071415,0.8432102675133571,0.021101024336011777,0.004652230226274613,0.00547409738042819,0.8590842184530963,0.8425715621012961,-0.0006693144306358922,0.06056753560930073,-0.5202672058537137
2025-05-07,0.8498625258125588,0.8544402907605966,0.8488773849848067,0.8534551499328444,1493.0,0.004227300311718807,0.004218390378904858,0.8531992228255956,0.8617803729104296,0.8834812123424854,47.19421912870058,0.852012302687133,0.8607118166040583,0.8433127887702078,0.02042109929513493,0.004830584396318124,0.005660033098046484,0.8590842184530963,0.8425715621012961,0.004402881108328316,0.06202530198793695,0.3317075550403567
2025-05-08,0.8534551499328444,0.85411380205384,0.8504095567322568,0.8510682088532524,2338.0,-0.0027967973241239674,-0.002800715669343664,0.8529962691139439,0.8613602880454423,0.8831586948948313,44.40384275400453,0.851793922902138,0.8603496778737387,0.8432381679305372,0.020088790825016807,0.004834854137141702,0.0056809243804985836,0.8590842184530963,0.8425715621012961,-0.00807799161009215,0.062354009584462126,-0.16964348588626466
2025-05-09,0.8510682088532524,0.8522191073673531,0.8476816025641456,0.8488325010782463,8128.0,-0.002626943118952396,-0.0026303995886540333,0.8525997197772108,0.8608690022820229,0.8828171407275022,41.90468004330905,0.8515531407933604,0.8601600761305139,0.8429462054562069,0.020214675807865023,0.005012612422794779,0.0059053021843855046,0.8590842184530963,0.8425715621012961,-0.007984580399172159,0.0625930820437793,-0.6321970849182511
2025-05-12,0.8488325010782463,0.8496200974011772,0.845858557005345,0.8466461533282759,9472.0,-0.002575711635915412,-0.002579034488163635,0.8520327134487409,0.860311243499523,0.8824572304051218,39.55981876165068,0.8510518230163877,0.8595707932005878,0.8425328528321876,0.020019862372202626,0.0049286917311968026,0.005821430489964995,0.8590842184530963,0.8425715621012961,-0.005206325501952658,0.061399308514098146,-1.0343197811122546
2025-05-13,0.8466461533282759,0.8513140825982992,0.8454423243357136,0.850110253605737,8198.0,0.004091556152287845,0.004083208498596588,0.8518496220351214,0.8599112046801589,0.8821353699394563,44.827651712507425,0.8507523299236508,0.8589386911852248,0.8425659686620768,0.019244992869566834,0.005176924654240277,0.00608970969622162,0.8590842184530963,0.8425715621012961,0.006845677663840144,0.06359535559581303,-0.15686488719417832
2025-05-14,0.850110253605737,0.8506432516599753,0.8475216912875486,0.848054689341787,7482.0,-0.0024179972600393285,-0.002420925336420203,0.8514881998738514,0.8594462432943404,0.8817962586897283,42.462613076719315,0.850364344065728,0.8582713084945208,0.8424573796369352,0.018596650915508363,0.004711069418696463,0.005555148126535252,0.8590842184530963,0.8425715621012961,0.0042024277401055965,0.06402008971114467,-0.5842076930384513
2025-05-15,0.848054689341787,0.8489759529794366,0.8434470596087368,0.8443683232463864,4210.0,-0.0043468494918195155,-0.004356324509692177,0.8508101163855213,0.8588549523120677,0.8814238414216354,38.53605855934598,0.8497730160238401,0.857612646821654,0.8419333852260263,0.01845111729834891,0.004784226494593377,0.005666042132181385,0.8590842184530963,0.8425715621012961,-0.0038387748848008885,0.06537923939375541,-1.3788130887390544
2025-05-16,0.8443683232463864,0.8447009282512447,0.8388871481766972,0.8392197531815554,3215.0,-0.0060975405200376365,-0.006116206436369873,0.8497062722708579,0.858084944503028,0.8810039002451172,33.83073782220988,0.8489881590295407,0.8577484279273152,0.8402278901317662,0.020636963671644484,0.004784617679081671,0.005701269138318977,0.8590842184530963,0.8388871481766972,-0.007108756510888936,0.06811767834632466,-2.2301611884235584
2025-05-19,0.8392197531815554,0.8400461230631053,0.8338771570409864,0.8347035269225364,7838.0,-0.005381458481997892,-0.00539599068945681,0.8482774393805416,0.8571680261665382,0.8805432000130518,30.33210592913413,0.8480337216727467,0.8585696567510466,0.8374977865944468,0.02484791538128396,0.0045965167222694215,0.005506765664710071,0.8590842184530963,0.8338771570409864,-0.015424823828537826,0.06993752149532739,-2.530424618440494
2025-05-20,0.8347035269225364,0.8358873954786052,0.833627812069287,0.8348116806253559,7174.0,0.00012957139790503724,0.00012956300425650307,0.846994986165762,0.8562913067335507,0.8800881600191444,30.517422002529855,0.8472527191018603,0.8592540416016626,0.8352513966020579,0.02832997104458864,0.004661064692497853,0.0055833726344200856,0.8590842184530963,0.833627812069287,-0.01770974096406086,0.06925247982599138,-2.073277920280748
2025-05-21,0.8348116806253559,0.8353530293433782,0.8338215658678371,0.8343629145858593,2334.0,-0.0005375655970223381,-0.0005377101372100985,0.8457919317295808,0.8554313697865824,0.8796331824526441,30.158946201458505,0.8464851668116952,0.8597235272977889,0.8332468063256014,0.03127842283629446,0.004271544599472162,0.005119528354867459,0.8590842184530963,0.833627812069287,-0.022370519819919554,0.06926533097951809,-1.8313827061243277
2025-05-22,0.8343629145858593,0.8366662685031607,0.8331614756838869,0.8354648296011883,1515.0,0.0013206663384313089,0.0013197950257004699,0.8448083981935435,0.8546483682106846,0.8791936963546196,32.262971427437634,0.8453584523650424,0.8583032292738333,0.8324136754562514,0.030625533754528814,0.004326564995232794,0.005178632112255514,0.8590842184530963,0.8331614756838869,-0.01833387628600114,0.057541322712419095,-1.5285891496724404
2025-05-23,0.8354648296011883,0.8366349928180481,0.8343817642978193,0.8355519275146791,5958.0,0.00010425084384757533,0.00010424541010599867,0.8439268295574611,0.8538994881833902,0.8787594498985009,32.436231446520935,0.8443528175375858,0.8570490180485526,0.8316566170266191,0.03007321168890775,0.0041427329669794155,0.004958079600512483,0.8562750327455808,0.8331614756838869,-0.015645693993452503,0.057505285224460204,-1.3863816998328993
2025-05-26,0.8355519275146791,0.8404720030910616,0.8349406804829446,0.8398607560593271,2082.0,0.005156865064586125,0.0051436139724780495,0.8435395844624007,0.8533489496687211,0.8783723982185091,40.53911718131523,0.8437919984437702,0.8562257464971317,0.8313582503904087,0.029471121025782237,0.004225110373662165,0.005030727228507039,0.8544402907605966,0.8331614756838869,-0.008014442919600517,0.05945465630831133,-0.6323503367723876
2025-05-27,0.8398607560593271,0.8418089208479724,0.8341848553328106,0.836133020121456,8990.0,-0.0044385166362121975,-0.00444839609544503,0.8428341973823108,0.8526738151766715,0.8779521058991355,36.464669533496014,0.8433821374031197,0.8562731906296084,0.8304910841766311,0.030569898637364624,0.004372336069331588,0.005229235018964407,0.8544402907605966,0.8331614756838869,-0.016441671447905315,0.05491178884389239,-1.1246741680917436
2025-05-28,0.836133020121456,0.8379955619557425,0.8352716149452831,0.8371341567795697,9806.0,0.0011973413727499604,0.001196625131235234,0.8422913363725258,0.8520644168081577,0.8775459571516772,38.259395873079356,0.8430135594871991,0.8561877710949103,0.829839347879488,0.031255040822178365,0.004302314761394176,0.00513933725741768,0.8544402907605966,0.8331614756838869,-0.012877156036591453,0.055188298326936155,-0.8925623608760126
2025-05-29,0.8371341567795697,0.8376486594334236,0.8333318210792632,0.8338463237331171,8348.0,-0.003927486436703043,-0.003935219265251698,0.8414870494544869,0.8513499817856071,0.8771111349286069,34.78429638824369,0.8423247679797294,0.8559182624671886,0.8287312734922703,0.03227613624626623,0.004286552872176529,0.005140698891596353,0.8544402907605966,0.8331614756838869,-0.012461385894741883,0.05425711895070703,-1.2474267384938071
2025-05-30,0.8338463237331171,0.8392397112940257,0.8324041679540815,0.8377975555149901,5224.0,0.004738561134602692,0.0047273694947103095,0.8411356690792968,0.8508185140887201,0.8767199550339441,41.64423648178041,0.8419532319961803,0.8556185874052781,0.8282878765870826,0.03246107952266817,0.004506124511041677,0.005378536236324757,0.8544402907605966,0.8324041679540815,-0.0016946665771075953,0.05710608414113296,-0.6082061324835435
2025-06-02,0.8377975555149901,0.8383634197047656,0.8323910893683654,0.8329569535581408,2109.0,-0.005777770447030983,-0.005794526334987872,0.8403567437915677,0.8501180607345797,0.8762845022829411,36.56924126167213,0.8412120601698432,0.855151891389024,0.8272722289506623,0.033142252421740986,0.004513308230599866,0.0054184171358680365,0.8544402907605966,0.8323910893683654,-0.002092447567383582,0.058566616024737346,-1.1843911855035312
2025-06-03,0.8329569535581408,0.8381169200298446,0.8313788484241872,0.836538814895891,1703.0,0.004300175804343276,0.0042909564687622585,0.8399931315157889,0.8495855412899253,0.8758890228064531,42.1839028547945,0.8405458746240099,0.8540104273100474,0.8270813219379723,0.03203763909271565,0.004771630461544917,0.005704015613595594,0.8544402907605966,0.8313788484241872,0.0020688908775705617,0.06029807838658994,-0.5952013143777344
2025-06-04,0.836538814895891,0.8453349492712339,0.8353846422559915,0.8441807766313344,1926.0,0.009135214767523214,0.009093741082428948,0.8403919548601266,0.8493735897346864,0.8755735178693873,51.9551742285003,0.8400821559589342,0.8522512261047321,0.8279130858131363,0.028971143023284962,0.0050874457218693814,0.006026488475810366,0.85411380205384,0.8313788484241872,0.01176689648334639,0.06776161895170792,0.6736127942882242
2025-06-05,0.8441807766313344,0.845375791602249,0.8440056768053512,0.8452006917762658,8171.0,0.0012081714878668937,0.0012074422360099477,0.8408499298045209,0.8492099466774935,0.8752713006943313,53.09455639207895,0.839788780105085,0.851094991131238,0.8284825690789319,0.026926320746362576,0.004770041059180116,0.005643678602717944,0.8522191073673531,0.8313788484241872,0.011653228035613417,0.06748125186929181,0.9573342755875046
2025-06-06,0.8452006917762658,0.8484441516841232,0.8446841113276881,0.8479275712355455,1205.0,0.0032263100182146065,0.0032211166473327174,0.8415239908931899,0.8491596574444759,0.8749992237842937,56.09265914208288,0.83974353361295,0.850903655514014,0.8285834117118859,0.026579834090649734,0.004597974940202706,0.00542260341116498,0.8513140825982992,0.8313788484241872,0.014811340041638532,0.06804334223443913,1.4666573887181698
2025-06-09,0.8479275712355455,0.848728245736849,0.8441704464900767,0.8449711209913802,4129.0,-0.0034866778065223425,-0.0034927704337268306,0.8418522889977794,0.848995401112982,0.874700436691827,52.197190520890224,0.8396597819961051,0.850625237305918,0.8286943266862923,0.026118805604205347,0.004762133214306574,0.005635853221491524,0.8513140825982992,0.8313788484241872,0.006084776428930017,0.06856759901303551,0.968740256598735
2025-06-10,0.8449711209913802,0.8481982724290984,0.8432630390164539,0.8464901904541722,2182.0,0.0017977767820156476,0.0017961627155346294,0.8422939938983883,0.8488971575577346,0.8744197377242882,53.96616897456223,0.839478778838527,0.8498196291364463,0.8291379285406076,0.024636359032747787,0.005005259638385384,0.005912956458124912,0.8506432516599753,0.8313788484241872,0.012386988772685736,0.06718162668149176,1.35606094540524
2025-06-11,0.8464901904541722,0.8532736588873715,0.8452626168843039,0.8520460853175033,4674.0,0.006563448609310019,0.0065420029675850935,0.8432227645097325,0.8490206449208629,0.8741971143172554,59.82235268575363,0.8396783486373127,0.8508377394647136,0.8285189578099118,0.02658015618840509,0.005327134580084936,0.0062521671912850255,0.8532736588873715,0.8313788484241872,0.01781306904893154,0.07072832659417395,2.216561257057619
2025-06-12,0.8520460853175033,0.8535356394312,0.8515679611624782,0.853057515276175,1519.0,0.0011870601556662752,0.0011863561568305914,0.8441594074398698,0.8491789535622478,0.8739867700481899,60.80001736539767,0.8401128082388022,0.8526344371263995,0.8275911793512049,0.029809398844537222,0.005306738133548721,0.006220844478265547,0.8535356394312,0.8313788484241872,0.023039247156538156,0.06866161495050334,2.0675755771990016
2025-06-13,0.853057515276175,0.860991081192039,0.8520647943717863,0.8599983602876503,1987.0,0.008136432640451163,0.008103510331930904,0.8456678791396585,0.8496032440220675,0.8738475818913686,66.77494149105732,0.8411517385941067,0.8564921445434636,0.8258113326447499,0.03647476488605166,0.0055492355772727,0.00645261181127904,0.860991081192039,0.8313788484241872,0.026499008771890598,0.06905279542477191,2.457121637557938
2025-06-16,0.8599983602876503,0.861597363241814,0.8550724312909956,0.8566714342451593,6105.0,-0.0038685260299544666,-0.003876028131075933,0.8467158367687537,0.8498804279523848,0.8736766749496153,61.90433476462964,0.8422501339602381,0.8587486846558576,0.8257515832646185,0.03917731806831258,0.005470726036962454,0.006386025981808167,0.861597363241814,0.8313788484241872,0.028470235569458158,0.06731782754071916,1.748189953284833
2025-06-17,0.8566714342451593,0.857347079519382,0.854280142095717,0.8549557873699397,1839.0,-0.002002689487050957,-0.0020046975511088306,0.8475005939688667,0.850079461655034,0.8734903974612603,59.49434778479896,0.8432573392974672,0.86029459951853,0.8262200790764043,0.04040821093892153,0.005495225352191427,0.006427496524815781,0.861597363241814,0.8313788484241872,0.022015681933827302,0.06823228263252358,1.3732780882233562
2025-06-18,0.8549557873699397,0.8576996647507344,0.8538692667386324,0.8566131441194271,7579.0,0.001938529189428495,0.0019366526664577033,0.8483684558879676,0.8503356844967749,0.8733224645921874,61.07101311484148,0.8443698507741455,0.8618614259854352,0.8268782755628558,0.04143107477192111,0.005460479613472973,0.006374498980033961,0.861597363241814,0.8313788484241872,0.014727138821738484,0.06796073010616453,1.3999074637233737
2025-06-19,0.8566131441194271,0.8588272478512757,0.8552702578071413,0.8574843615389899,5144.0,0.0010170488575194092,0.0010165320137373523,0.8492366373785412,0.8506160247729402,0.8731648715269815,61.91033070079274,0.8454708273710357,0.8633695789722559,0.8275720757698156,0.04234031742260277,0.005226297235200842,0.006094918426058318,0.861597363241814,0.8313788484241872,0.014533435528677696,0.06796955886151079,1.3423879425350798
2025-06-20,0.8574843615389899,0.8606212499492192,0.8568564993603593,0.8599933877705886,8014.0,0.002926031475484425,0.0029217589776663533,0.8502610897968313,0.8509837644983382,0.8730338119871169,64.29766468715496,0.8466929003838312,0.8650712981973769,0.8283145025702854,0.04341219302822617,0.005068612967519386,0.005893781323899535,0.861597363241814,0.8313788484241872,0.014229772617797565,0.06804347894126019,1.4474044496908653
2025-06-23,0.8599933877705886,0.8618347910407885,0.8522316177401719,0.8540730210103717,8260.0,-0.006884200325731116,-0.0069080057499079014,0.8506241308647875,0.8511049118125356,0.8728451474002836,55.4639236935499,0.8474035136313833,0.865768667793007,0.8290383594697597,0.043344531539463056,0.005273263088587903,0.006174253206534509,0.8618347910407885,0.8313788484241872,0.010771847454754013,0.07261679438794479,0.7263219595428411
2025-06-24,0.8540730210103717,0.854997532564139,0.8506465918302111,0.8515711033839783,6639.0,-0.002929395455477102,-0.0029336945321943447,0.850714318723758,0.8511231938349452,0.8726334653702708,52.20007747421896,0.8481754177945093,0.8658300147787066,0.8305208208103121,0.04162958891240701,0.004873308354208302,0.005722726305346342,0.8618347910407885,0.8313788484241872,0.006002329367904569,0.07134574514537505,0.3846800459402749
2025-06-25,0.8515711033839783,0.8518497428259434,0.8491400676567114,0.8494187070986764,3785.0,-0.002527559092539322,-0.0025307587627299427,0.850590927140417,0.8510563512178366,0.872402472750653,49.50128505082854,0.8487896453104649,0.8656643762751519,0.8319149143457778,0.03976186810929986,0.004968991237946466,0.005849872620440442,0.8618347910407885,0.8313788484241872,-0.0030836104573472856,0.0723747640075976,0.07455665983984539
2025-06-26,0.8494187070986764,0.8554347957858406,0.8490733092891647,0.8550893979763289,3073.0,0.006675966552492918,0.0066537809731741695,0.8510193529343133,0.8512145099142481,0.8722302033499135,55.9612704899271,0.8498517990226254,0.8653872539096152,0.8343163441356356,0.03656038595165984,0.0051548088193922315,0.006028385840815828,0.8618347910407885,0.8313788484241872,0.0023818824214871803,0.07309140873595102,0.6742768707840909
2025-06-27,0.8550893979763289,0.8625280056299415,0.8541682723798408,0.8616068800334534,6779.0,0.0076219890838886695,0.007593088485555641,0.8520276888485172,0.8516220538404915,0.8721244986402971,61.98104162939442,0.8510422652485486,0.8663355190032052,0.8357490114938921,0.03594005698457311,0.0054263755339156805,0.006297971452717499,0.8625280056299415,0.8313788484241872,0.001870375363582255,0.07558115540790249,1.3816045891068856
2025-06-30,0.8616068800334534,0.8631359177095426,0.8606089786846346,0.8621380163607237,4604.0,0.000616448567877903,0.0006162586415087008,0.8529905771830131,0.8520344445275595,0.8720251306574158,62.43173091173869,0.8525013183886777,0.8659913351411168,0.8390113016362386,0.03164808419988543,0.005254354506220217,0.006094563058940395,0.8631359177095426,0.8313788484241872,0.00638118874639626,0.07076746886628632,1.4287154936710722
2025-07-01,0.8621380163607237,0.8642499304456072,0.8609573744996446,0.863069288584528,2377.0,0.0010801892575569294,0.0010796062729255805,0.8539504544593478,0.8524671835101857,0.8719360178009692,63.2542379108807,0.8538278420731095,0.865846203433576,0.8418094807126429,0.028151720448201183,0.004917319787855574,0.005697479742235061,0.8642499304456072,0.8353846422559915,0.009489965837353509,0.07013818935248964,1.5378879423308984
2025-07-02,0.863069288584528,0.8704409159230886,0.862224704701869,0.8695963320404295,3691.0,0.007562594964543479,0.007534141905840281,0.8554405380384984,0.8531389148250972,0.8719127373456405,68.4653557088871,0.8550986198435643,0.8681521668741607,0.8420450728129678,0.030531091333031377,0.005363643570176847,0.006167969404368968,0.8704409159230886,0.8432630390164539,0.01515641921925992,0.0680808627346711,2.2212678535395356
2025-07-03,0.8695963320404295,0.8711259243200498,0.8665838297365551,0.8681134220161754,2412.0,-0.0017052855096278963,-0.001706741164068903,0.8566474793697058,0.8537261504012179,0.871874933213009,66.16939845371311,0.8562442563555598,0.8696570790742505,0.8428314336368691,0.03132943110364285,0.005050486981836981,0.005817773177734461,0.8711259243200498,0.8432630390164539,0.012395631866811918,0.06902147500638761,1.7698236843279782
2025-07-04,0.8681134220161754,0.8696200800393535,0.8673286747249023,0.8688353327480804,9618.0,0.0008315857278515804,0.0008312401520108845,0.8578082273105033,0.8543186673559969,0.8718446884322635,66.75390178871916,0.8572896444311866,0.8712222214917676,0.8433570673706056,0.032503780142650235,0.004748092222096474,0.005464893108200961,0.8711259243200498,0.8432630390164539,0.010281410419228143,0.0686793922702583,1.6573657933763926
2025-07-07,0.8688353327480804,0.8742584433751784,0.8676159399764072,0.8730390506035052,7190.0,0.00483833667552247,0.004826669542506929,0.8592587819098368,0.8550528000323698,0.8718565726329724,70.00385738855789,0.8586930409117928,0.8730491266066132,0.8443369552169724,0.033437060767551,0.005003489791746918,0.005731117970368174,0.8742584433751784,0.8432630390164539,0.022206566799986893,0.06744674354400337,1.9985962743156918
2025-07-08,0.8730390506035052,0.874824608293262,0.8725964514423127,0.8743820091320695,6191.0,0.0015382571119080257,0.0015370752063313875,0.8606990892643351,0.8558108082323581,0.8718817013543565,70.97985781143926,0.8600876318456876,0.8748652690781916,0.8453099946131836,0.034363096701651795,0.0048890439945217246,0.005591427938201399,0.874824608293262,0.8452626168843039,0.02678684804762055,0.06744517598748698,1.9345957762369306
2025-07-09,0.8743820091320695,0.8772765155621001,0.8741190005893932,0.8770135070194237,2149.0,0.0030095517289592255,0.0030050320939342665,0.8622528433362484,0.8566422866161646,0.8719327640972925,72.84438751405847,0.8613360029307838,0.8774144182942021,0.8452575875673656,0.0373336660924652,0.0048605100608483266,0.005542115397249724,0.8772765155621001,0.8490733092891647,0.03248668729583515,0.06513818919291746,1.9501304990925215
2025-07-10,0.8770135070194237,0.8783773520853959,0.8738093577450852,0.8751732028110574,7757.0,-0.002098376129485935,-0.002100580805375755,0.8634833537624207,0.8573689892120427,0.8719650072685737,69.48225407468672,0.8624417873075277,0.8791525018266646,0.8457310727883909,0.03875209843740604,0.004917884614523392,0.005619327235714189,0.8783773520853959,0.8490733092891647,0.02348737439881643,0.06634889864505603,1.5237428045281756
2025-07-11,0.8751732028110574,0.8760704110105078,0.8706474975809457,0.8715447057803961,8385.0,-0.004146033058378018,-0.0041546516837579345,0.8642511015736565,0.8579248996657036,0.8719608251642138,63.280551403319635,0.8630191045821652,0.8801664830110786,0.8458717261532519,0.03973812013632149,0.004619294623733775,0.005300123554301875,0.8783773520853959,0.8490733092891647,0.011534060343804109,0.0638122016873948,0.9943912107118682
2025-07-14,0.8715447057803961,0.8722786089451868,0.8662946173709811,0.8670285205357718,6251.0,-0.005181817082556162,-0.005195289257076717,0.8645156176652865,0.8582819044057063,0.8719117475062195,56.51879397274592,0.8635369588966958,0.8805017758885011,0.8465721419048905,0.039291467069297224,0.004735941112325044,0.0054622668114752615,0.8783773520853959,0.8490733092891647,0.005672530479159166,0.06520736820345277,0.41162384961330295
2025-07-15,0.8670285205357718,0.8734831244091571,0.8657446265798397,0.872199230453225,4685.0,0.005963713759102207,0.005946001205049795,0.8652473903117568,0.8588276818977658,0.8719146080330554,61.58057447701432,0.86439913105086,0.8812801727449271,0.8475180893567928,0.039058442073037825,0.0050951427309025655,0.005841718902062035,0.8783773520853959,0.8490733092891647,0.010578457592518964,0.06708002029111328,0.9241253642666363
2025-07-16,0.872199230453225,0.8738892716222919,0.8716633400772674,0.8733533812463343,1335.0,0.0013232650899148712,0.0013223903462592378,0.8660193894483832,0.8593973171663372,0.8719289241844314,62.62641051261133,0.8652361429072053,0.8821517269914525,0.8483205588229581,0.03910050273075882,0.0047997459486417504,0.0054957661488551045,0.8783773520853959,0.8490733092891647,0.004320451993040431,0.06700225246013689,0.9597349164772024
2025-07-17,0.8733533812463343,0.8753629172053999,0.8722997915767494,0.874309327535815,6277.0,0.0010945698614190924,0.0010939712565983728,0.866808907361472,0.8599821018867089,0.8719526097899178,63.512370295216144,0.8660773912070466,0.8830431726770207,0.8491116097370726,0.039178442116654194,0.004421416832823885,0.005057039532319031,0.8783773520853959,0.8490733092891647,0.007137207376946009,0.06700343796612591,0.9704164047305732
2025-07-18,0.874309327535815,0.8794625101262084,0.8728623941649055,0.8780155767552988,7164.0,0.004239059452710636,0.004230099951171074,0.8678762092085031,0.8606892969795947,0.8720129378194242,66.79855516080286,0.8669785006562822,0.8844893663404492,0.8494676349721153,0.04039515552210723,0.004712358042566375,0.0053670551722793634,0.8794625101262084,0.8490733092891647,0.010566149489088739,0.06766791253514472,1.2605974254026944
2025-07-21,0.8780155767552988,0.879248270877102,0.872700234143168,0.8739329282649712,4074.0,-0.0046498588389685125,-0.004660703061707882,0.8684530395948334,0.8612086550692174,0.8720320422019671,60.350627144025644,0.8679714960190121,0.8846327422190564,0.8513102498189679,0.03839122892044678,0.0049448923845643354,0.005658205824080214,0.8794625101262084,0.8490733092891647,0.0010238690478370227,0.06458968046834661,0.7156046041673866
2025-07-22,0.8739329282649712,0.8806338447209104,0.8726377516123855,0.8793386680683248,3569.0,0.0061855316678429695,0.006166479790466315,0.8694897661161184,0.8619196359711433,0.872104744946906,65.1477589606042,0.8693598742532295,0.8848536705183443,0.8538660779881146,0.03564414858328681,0.004929169662228997,0.005605541802292265,0.8806338447209104,0.8490733092891647,0.005668756772769568,0.06504167776769397,1.2881018498433756
2025-07-23,0.8793386680683248,0.8806397937434084,0.8774498827987992,0.8787510084738828,3964.0,-0.0006682972281123467,-0.0006685206382466923,0.8703717891978102,0.8625796897947802,0.8721708769222989,64.23786288769762,0.8708264893219898,0.8837048534066768,0.8579481252373028,0.029577336570718878,0.004832585116594322,0.005499379312220671,0.8806397937434084,0.8490733092891647,0.001981157006764933,0.0637944868245565,1.230671706403389
2025-07-24,0.8787510084738828,0.8802241688517055,0.8779204927254944,0.8793936531033172,9933.0,0.0007313159509774181,0.0007310486697707425,0.8712310143316679,0.863239060904919,0.8722427453420105,64.81657183646358,0.8720417020783392,0.8831299001900806,0.8609535039665978,0.025430430873466057,0.004833461603148593,0.005496357161655254,0.8806397937434084,0.8541682723798408,0.004822417184054295,0.06108505306054536,1.3260857987724664
2025-07-25,0.8793936531033172,0.8811789034662793,0.8785070488614999,0.880292299224462,6478.0,0.0010218928894625279,0.0010213711123603802,0.8720939938452674,0.8639078153488227,0.8723228404055176,65.65356310792382,0.8729759730378897,0.8834964618210791,0.8624554842547002,0.024102584969386855,0.004549843832149173,0.005168560302251409,0.8811789034662793,0.8606089786846346,0.010036884380168587,0.0565028138594237,1.3908719142903203
2025-07-28,0.880292299224462,0.8810494623041958,0.8777884521263088,0.8785456152060427,3425.0,-0.0019842091313966304,-0.001986180282217095,0.8727084339748651,0.8644818467157726,0.8723847585627367,62.5393627310792,0.8737963529801556,0.8832646646073226,0.8643280413529886,0.021671666618599456,0.004623619069787572,0.005262810478774296,0.8811789034662793,0.8609573744996446,0.013283409250659961,0.0575301616872747,1.0031909410882272
2025-07-29,0.8785456152060427,0.8795214536717828,0.8719132073261694,0.8728890457919095,2554.0,-0.006438560862666809,-0.0064593777978352645,0.8727256351002979,0.8648115407971897,0.8723897763461116,53.66209472807821,0.8742873408405247,0.8823236310069311,0.8662510506741183,0.018383636113684182,0.004941528453566609,0.005661118646624229,0.8811789034662793,0.862224704701869,0.0007908919368411205,0.06321322966146566,-0.3479951618622311
2025-07-30,0.8728890457919095,0.8745214555242188,0.8720088070843299,0.8736412168166392,7987.0,0.0008617029029700518,0.0008613318501664441,0.8728128333589971,0.865157802601874,0.872402228490097,54.58524211551215,0.8744895850793352,0.8822268247113153,0.866752345447355,0.017695441464355935,0.004794718032107903,0.005488200350229382,0.8811789034662793,0.8657446265798397,0.0003295751484857501,0.05761372225147563,-0.21929481392547906
2025-07-31,0.8736412168166392,0.8749415286288874,0.872856612921279,0.8741569247335272,1336.0,0.0005902971459692541,0.0005901229891417995,0.8729408420613334,0.8655107093521349,0.8724196881542108,55.243599455563384,0.8747917602152027,0.8819293136450062,0.8676542067853992,0.016318291402396427,0.0045562896233969285,0.00521221018158249,0.8811789034662793,0.8657446265798397,-0.00017431222278885272,0.05716105951043751,-0.17788601876508714
2025-08-01,0.8741569247335272,0.8759819823876219,0.8740378068997199,0.8758628645538146,6172.0,0.0019515258325126794,0.0019496240797862896,0.8732191299177602,0.8659166762227891,0.8724539486158984,57.44144006900804,0.8751431368054894,0.8817155849393719,0.8685706886716069,0.015020281500175373,0.004267731331518095,0.004872602212324848,0.8811789034662793,0.8657446265798397,-0.002451792722675372,0.05742303875909795,0.21901359544088803
2025-08-04,0.8758628645538146,0.8778293568409045,0.8757036653162902,0.8776701576033801,5197.0,0.002063442946043992,0.002061316971697048,0.8736430373163906,0.8663775970612437,0.8725058511928884,59.69933047793715,0.8753746921554832,0.881961319780893,0.8687880645300735,0.015048704707674653,0.0038668165954678763,0.004405774267210865,0.8811789034662793,0.8657446265798397,0.004276334278682459,0.05539313477498788,0.6970078098969578
2025-08-05,0.8776701576033801,0.8821502261068896,0.8775085494115508,0.8819886179150603,3858.0,0.0049203681750698,0.004908302725032673,0.8744378545162639,0.8669897939574719,0.8726002070806712,64.54033610080192,0.8757550225946327,0.8829506056114188,0.8685594395778465,0.01643286725428649,0.004039369820490334,0.004579843479203882,0.8821502261068896,0.8657446265798397,0.003013571383772673,0.05767388510462567,1.732617164136868
2025-08-06,0.8819886179150603,0.8827697158831533,0.877307719208472,0.878088817176565,7285.0,-0.004421599847528768,-0.004431404030925723,0.8747855652458163,0.8674250497699854,0.8726548201164513,57.78932091513905,0.8758087881024897,0.8830598202689572,0.8685577559360222,0.01655848231935978,0.004210717752349681,0.004795321008515925,0.8827697158831533,0.8657446265798397,-0.0007535596442362902,0.059291264308171124,0.6288840048508475
2025-08-07,0.878088817176565,0.8792497313939739,0.8730043158708396,0.8741652300882485,9226.0,-0.004468325995691913,-0.004478338802416456,0.8747264857070003,0.86768937056678,0.8726698490713947,51.90650555879432,0.8757583894663494,0.88304196123848,0.8684748176942189,0.016633747069368928,0.004185382006766214,0.004787861450796542,0.8827697158831533,0.8657446265798397,-0.005945486411708667,0.061011547749064685,-0.43746651449138146
2025-08-08,0.8741652300882485,0.8770154563929204,0.8733823236370962,0.8762325499417681,7024.0,0.002364907436676278,0.0023621154440872038,0.8748699203960257,0.8680243972089363,0.8727052988312989,54.53280848353986,0.875992781674418,0.8830019544338669,0.8689836089149691,0.016002809397701212,0.003977174579758372,0.004538948684367733,0.8827697158831533,0.8657446265798397,-0.00461181960386392,0.05957537446471649,0.06841556787909006
2025-08-11,0.8762325499417681,0.8774657572504773,0.8741038168984172,0.8753370242071263,3200.0,-0.0010220183382839698,-0.0010225409551388807,0.8749144064732735,0.8683111668951399,0.8727314851534465,53.178098393742616,0.8764082068579857,0.8820273633145753,0.8707890504013961,0.012823148876560324,0.0036461636685823124,0.004165439788046187,0.8827697158831533,0.8657446265798397,-0.0036521620999313553,0.05625951367971468,-0.3812610163588518
2025-08-12,0.8753370242071263,0.8759596439693863,0.8688309212204286,0.8694535409826886,2986.0,-0.006721391945881616,-0.006744082231415667,0.8743943240455987,0.8683559658789654,0.8726988687935385,45.22855248935812,0.8762709223844588,0.8824311653927382,0.8701106793761794,0.014060133346697248,0.003927507368892921,0.004517213610348756,0.8827697158831533,0.8688309212204286,-0.003935786370310335,0.057865368477308894,-2.213348204805408
2025-08-13,0.8694535409826886,0.8699507942624473,0.866929631278542,0.8674268845583006,1805.0,-0.002330954247534933,-0.002333675150409393,0.8737307583801417,0.8683195313173707,0.8726464112389591,42.852189247022224,0.8759745975500571,0.883203262881525,0.8687459322185893,0.01650428072157593,0.003978756430156795,0.004586849336797767,0.8827697158831533,0.866929631278542,-0.00711313996949714,0.058083705545361713,-2.3649491572245163
2025-08-14,0.8674268845583006,0.8698128164047713,0.8665927379407906,0.8689786697872612,6253.0,0.0017889521948017961,0.001787353925691611,0.873278178514153,0.8683453798848174,0.8726099162991413,45.22529112318491,0.8757080646626294,0.8835613736828491,0.8678547556424097,0.017935906581482194,0.004017915277242601,0.004623721406448613,0.8827697158831533,0.8665927379407906,-0.005923713237007799,0.058361854951537055,-1.7137731007508037
2025-08-15,0.8689786697872612,0.8698837041597378,0.8610773746502026,0.8619824090226792,6606.0,-0.008051130606341328,-0.008083715975588605,0.8722023909435365,0.868095851615714,0.8725041699580821,37.63690028368916,0.8749064062759985,0.8847810903829264,0.8650317221690705,0.022573121047219445,0.004414009515217476,0.0051207651908141685,0.8827697158831533,0.8610773746502026,-0.01584774979380632,0.06188498019150827,-2.6176021659775524
2025-08-18,0.8619824090226792,0.8630007992027352,0.8614882992749876,0.8625066894550436,9211.0,0.000608226370836018,0.0006080414761450137,0.8712789908017753,0.8678766687858839,0.8724046925401414,38.470076831332115,0.874335094335502,0.8856622573624919,0.8630079313085122,0.02591034741799669,0.00397859905679849,0.0046128326950278875,0.8827697158831533,0.8610773746502026,-0.0172769553766563,0.060473258562731974,-2.0885026289944215
2025-08-19,0.8625066894550436,0.8627946034638433,0.8588633861000063,0.859151300108806,4819.0,-0.003890276315836605,-0.0038978631236547562,0.8701239726405401,0.8675344974652142,0.8722728179885859,35.22637276188313,0.8733257259375261,0.8862594218020604,0.8603920300729918,0.029619408842330427,0.004079925408509068,0.0047487857004841535,0.8827697158831533,0.8588633861000063,-0.02589298471928092,0.055758280160104166,-2.1918600803948123
2025-08-20,0.859151300108806,0.859463518314523,0.8578625016790188,0.8581747198847357,8931.0,-0.0011366801446341945,-0.0011373266554735883,0.8689859485685587,0.867167447364019,0.8721325384054631,34.31937293603414,0.8722969115080688,0.886613132948758,0.8579806900673795,0.03282419380790574,0.004045361189073052,0.004713913257216896,0.8827697158831533,0.8578625016790188,-0.022678910039945266,0.05572886725946311,-1.97289371107313
2025-08-21,0.8581747198847357,0.8632304569368534,0.8568765435994848,0.8619322806516025,3240.0,0.004378549821849154,0.004368991862422553,0.8683141706717057,0.8669621467086301,0.8720310433034346,40.65126514792568,0.8714238428854829,0.8860442992664063,0.8568033865045596,0.033555327870102084,0.0043603424640349464,0.005058799353400038,0.8827697158831533,0.8568765435994848,-0.013993864106687348,0.05880518571064031,-1.2983947951535746
2025-08-22,0.8619322806516025,0.8636166470977811,0.8615068687677282,0.8631912352139067,8439.0,0.0014606188798873543,0.001459553213693114,0.8678262720566772,0.8668142678264842,0.8719430850139867,42.64628181173946,0.8705687896849552,0.8850045149558451,0.8561330644140653,0.03316389340379163,0.004359205807280561,0.005050104344722997,0.8827697158831533,0.8568765435994848,-0.014883394515221027,0.0590250470317403,-1.022124532381556
2025-08-25,0.8631912352139067,0.8638360645693004,0.8613851840367314,0.862030013392125,8672.0,-0.001345266001796186,-0.0013461716844511602,0.8672742474219579,0.866626650005529,0.871844447485411,41.26830622753676,0.8697430095942593,0.8841469270400558,0.8553390921484628,0.0331222379183387,0.004202720367082714,0.004875375917069093,0.8827697158831533,0.8568765435994848,-0.015202156937271893,0.05892347025868243,-1.0709581238797203
2025-08-26,0.862030013392125,0.8623406737557016,0.8562935684495698,0.8566042288131464,2956.0,-0.006294194511427764,-0.006314086466854584,0.8662580551734997,0.8662336138803375,0.8716928035185229,35.49688656699513,0.8689287687453213,0.8843864613145718,0.8534710761760709,0.035578733551589935,0.004244513840757739,0.004955046564080887,0.8827697158831533,0.8562935684495698,-0.01477860697998823,0.05874681586505759,-1.5946157393105138
2025-08-27,0.8566042288131464,0.8589251223075082,0.8552895487740857,0.8576104422684475,4249.0,0.0011746538499994852,0.0011739644839573317,0.8654344729920662,0.8658954502877144,0.8715526805210098,37.24953659611596,0.8681272300179117,0.8842060771467686,0.8520483828890548,0.037042605214733626,0.004058096555778323,0.004731864673947226,0.8827697158831533,0.8552895487740857,-0.011316737427214618,0.05888407940214456,-1.3081519670138024
2025-08-28,0.8576104422684475,0.86064193672734,0.8569378914650416,0.8599693859239341,6894.0,0.0027506004349096003,0.00274682445608786,0.864913988509387,0.8656630556067818,0.8714374238583523,41.27789647288138,0.867417853077432,0.883627942091389,0.8512077640634751,0.03737550237511632,0.004063161734812193,0.004724774859801331,0.8827697158831533,0.8552895487740857,-0.010367669744451469,0.06010514807982545,-0.9189915178238396
2025-08-29,0.8599693859239341,0.864584172307078,0.8591209095115709,0.8637356958947148,6930.0,0.004379586102049693,0.004370023624466979,0.8648017701651326,0.8655874728729753,0.8713607897492615,47.1153584533591,0.866811494644477,0.8825930950865618,0.8510298942023923,0.03641299299695511,0.004213256195058405,0.0048779461299142375,0.8827697158831533,0.8552895487740857,0.0020340169981234446,0.06216783067273852,-0.3897955420997793
2025-09-01,0.8637356958947148,0.866431423058044,0.86326015401009,0.8659558811734193,9286.0,0.0025704452059314153,0.0025671472619004437,0.8649116854992551,0.8656019202573065,0.8713070095644273,50.25465777135573,0.866225780822979,0.8811571334530911,0.8512944281928668,0.03447450528643062,0.003930580930700993,0.0045390082984075745,0.8827697158831533,0.8552895487740857,0.003999031845834056,0.06249082633358267,-0.03615206957411122
2025-09-02,0.8659558811734193,0.8678277947032259,0.865211157213733,0.8670830707435396,1194.0,0.0013016708987447778,0.0013008244596242852,0.8651184840939489,0.8656600045901001,0.8712649803224285,51.818440595918226,0.865480503464403,0.8784594279188682,0.8525015790099377,0.029992413237530696,0.00390168625252868,0.00449978368183675,0.8827697158831533,0.8552895487740857,0.00923209990339191,0.05944769878436607,0.24694916512674614
2025-09-03,0.8670830707435396,0.8679045527119796,0.8616632595934423,0.8624847415618823,7880.0,-0.005303216423905299,-0.005317328390779513,0.8648676514718473,0.8655354844713464,0.8711776147626221,45.53042640397913,0.8647002996836688,0.8762895863507665,0.8531110130165711,0.026805325894618905,0.004117487299282733,0.004773982774264891,0.8792497313939739,0.8552895487740857,0.005022312563256914,0.060228402586879615,-0.38234590021429943
2025-09-04,0.8624847415618823,0.869609419179149,0.8611971147277622,0.8683217923450289,8844.0,0.006767714838150418,0.006744916659331166,0.8651966172692932,0.865644751446785,0.8711491986191635,53.28049434561875,0.8644081277965079,0.8752641515834502,0.8535521040095656,0.025117819784077552,0.004089342652272137,0.00470947831589977,0.8774657572504773,0.8552895487740857,0.0074130089298849455,0.06443174907653074,0.721012522693333
2025-09-05,0.8683217923450289,0.869935051742288,0.8678992952655701,0.8695125546628292,2277.0,0.0013713375943087414,0.0013703981696574444,0.8656076589258205,0.865796430004277,0.8711329136046727,54.69660938646089,0.864072128032561,0.8737379467762685,0.8544063092888534,0.022372712717203383,0.004126718120055732,0.004746013266773301,0.8774657572504773,0.8552895487740857,0.0073231969823650545,0.06397600652354533,1.1257042521741818
2025-09-08,0.8695125546628292,0.8729999991505295,0.8678717278004489,0.8713591722881492,6378.0,0.0021237388872850094,0.0021214869416536996,0.8661554221031851,0.8660145767605073,0.8711351649348565,56.87944588488487,0.863873235436612,0.8726894311766206,0.8550570396966034,0.020410855154119386,0.004212221976215997,0.004834082328134443,0.8759596439693863,0.8552895487740857,0.01082231331982686,0.06452754553157751,1.6982238308447355
2025-09-09,0.8713591722881492,0.8737665904180831,0.8703997223320166,0.8728071404619505,8059.0,0.0016617351602543629,0.001660356006030939,0.8667889190897342,0.8662809518076228,0.8711518015072656,58.565305339736135,0.8640409154105753,0.8734139756572274,0.8546678551639231,0.021695871293776158,0.0043383542226847404,0.004970575997337258,0.8737665904180831,0.8552895487740857,0.0189152832822852,0.060029340705654896,1.870515033658582
2025-09-10,0.8728071404619505,0.8746327133448585,0.8715747334571494,0.8734003063400574,3560.0,0.0006796070410157729,0.0006793762127264402,0.8674185750183364,0.8665601421814437,0.8711741746896815,59.26785358995804,0.8643395864996629,0.8745134130886932,0.8541657599106326,0.023541271851799626,0.004102930404851919,0.004697651666788456,0.8746327133448585,0.8552895487740857,0.01841146433553731,0.059292978603300905,1.7811822839921292
2025-09-11,0.8734003063400574,0.8769531890208474,0.8727528850033409,0.8763057676841309,2228.0,0.003326609027936689,0.0033210881047047924,0.8682649743198407,0.8669423235737059,0.871225235316492,62.61187694459498,0.8647059413945065,0.8760441964413831,0.8533676863476299,0.026224533691977265,0.004252253668241461,0.004852477097667818,0.8769531890208474,0.8552895487740857,0.018996468976212766,0.060034555943891565,2.0461395940850573
2025-09-12,0.8763057676841309,0.8774180995696182,0.8735920857086862,0.8747044175941735,4100.0,-0.001827387367527411,-0.0018290590767068382,0.868878254631682,0.8672467194176459,0.8712598540456231,59.7026251966992,0.8653420418230813,0.8774390232063881,0.8532450604397744,0.027958843552362753,0.0043504774774102495,0.004973654402450601,0.8774180995696182,0.8552895487740857,0.012699164514784256,0.05189003394500982,1.5478862824426298
2025-09-15,0.8747044175941735,0.8837672068890738,0.8734538686119466,0.882516657906847,8356.0,0.008931291708987432,0.008891643620749252,0.8701771501816977,0.8678455405348695,0.8713718620442423,67.60966623929147,0.8663425402456714,0.8805737796117169,0.8521113008796258,0.03285360860153523,0.004655208403909927,0.005274924118657602,0.8837672068890738,0.8552895487740857,0.019124273064566433,0.05947092134042735,2.273044145370156
2025-09-16,0.882516657906847,0.8840504522759005,0.881129737663529,0.8826635320325825,5311.0,0.0001664264627978529,0.00016641261545044858,0.8713663294055916,0.8684266382406622,0.8714842169694995,67.73783586569881,0.8675181518418602,0.8830713096643629,0.8519649940193575,0.03585667409836018,0.004604147052406289,0.005216197209149377,0.8840504522759005,0.8552895487740857,0.01796882192115956,0.056580288691235915,1.9475633647605206
2025-09-17,0.8826635320325825,0.8869795708502763,0.8821421858740126,0.8864582246917064,5623.0,0.004299138370864375,0.004289923476794593,0.872803652766174,0.8691337592779581,0.871633212071213,70.93759469727226,0.8689323270822087,0.8859799829995246,0.8518846711648927,0.039238167083874835,0.0046850998891180985,0.0052851897118417375,0.8869795708502763,0.8552895487740857,0.027795834493733018,0.056692871309779694,2.0561064458951295
2025-09-18,0.8864582246917064,0.8910913793116718,0.8860643388495533,0.8906974934695187,8878.0,0.004782254436509481,0.004770855784153155,0.8745078280712544,0.8699793959129213,0.8718229064134847,74.03572053599201,0.8703705877231046,0.8896404560083496,0.8511007194378596,0.04427968627858881,0.004653941151018922,0.0052250524843069955,0.8910913793116718,0.8552895487740857,0.02576890424926548,0.056970017867992113,2.1097088413394522
2025-09-19,0.8906974934695187,0.8917641087855639,0.88563076054809,0.8866973758641352,5366.0,-0.00449099456853963,-0.004501109379715882,0.8756687373848622,0.8706350029698317,0.8719709110846354,66.79956904827964,0.871545894755616,0.8918135830087943,0.8512782065024376,0.04650974406542639,0.004865518235984634,0.005487236534610153,0.8917641087855639,0.8552895487740857,0.019763741315925953,0.0610050501033785,1.4951365858060555
2025-09-22,0.8866973758641352,0.8934393301681017,0.885898069371424,0.8926400236753905,2346.0,0.006702002253546668,0.006679643678993525,0.8772850503649124,0.8714979449582849,0.8721765738964837,71.28913661132492,0.8730763952697792,0.894883022843408,0.8512697676961504,0.049953538296933615,0.00521727704364069,0.005844771582343879,0.8934393301681017,0.8552895487740857,0.024422594108189477,0.06294406595959788,1.7942828013690624
2025-09-23,0.8926400236753905,0.8933022609175647,0.8907540975712869,0.891416334813461,9690.0,-0.0013708648833501424,-0.001371805378240219,0.8786308869790599,0.8722790582859389,0.8723680143036179,69.21361146734141,0.8748170005697948,0.8966449872292382,0.8529890139103514,0.04990297775472169,0.0049534820599078655,0.005556867051291401,0.8934393301681017,0.8552895487740857,0.021321083993035783,0.0567127688776111,1.5209221539893942
2025-09-24,0.891416334813461,0.8923556977602232,0.8881101643438829,0.889049527290645,8166.0,-0.002655108988227517,-0.0026586400417032943,0.879623138437306,0.8729367237371038,0.8725339995074689,65.25627015753173,0.8763889548209047,0.8975164780152363,0.8552614316265732,0.048214946293222205,0.004655855557404538,0.005236891100536474,0.8934393301681017,0.8569378914650416,0.017917581247669734,0.059033646007850424,1.1984909308382226
2025-09-25,0.889049527290645,0.891015084965266,0.888327967977849,0.89029352565247,8149.0,0.0013992452879605377,0.001398267256503567,0.8806393657911311,0.8736173826357457,0.8727107112104043,66.345444513191,0.8779051618073316,0.8984145963361534,0.8573957272785098,0.04672357657995612,0.004702381308168762,0.0052818325335147465,0.8934393301681017,0.8591209095115709,0.015962188637997254,0.05894237770412336,1.2080648862092307
2025-09-26,0.89029352565247,0.8910362043247052,0.888800563820856,0.8895432424930912,4626.0,-0.000842736847747938,-0.0008430921500768156,0.8814873540484607,0.8742419261595632,0.8728781990838639,65.02150525380245,0.8791955391372503,0.8991923545785316,0.8591987236959691,0.045488891949802324,0.004495764819152227,0.005054014919558162,0.8934393301681017,0.8611971147277622,0.016964387741096765,0.058756154348767214,1.0349351261680546
2025-09-29,0.8895432424930912,0.8909279667277749,0.8885280153163028,0.8899127395509864,9411.0,0.00041537841022720734,0.0004152921644976154,0.8822897717153678,0.8748564678611876,0.8730476969989597,65.38782164745504,0.8803933820561287,0.8999153980788438,0.8608713660334136,0.04434839339005952,0.004426699342395479,0.004974307194016585,0.8934393301681017,0.8611971147277622,0.008380670866521056,0.05872348230576977,0.9752432826385653
2025-09-30,0.8899127395509864,0.895704977344242,0.8882947584337831,0.8940869962270388,9847.0,0.004690635936011711,0.0046796691839256005,0.8834133169069555,0.875610606228476,0.8732570432599357,69.29942330402386,0.8817435783303036,0.9011242977390664,0.8623628589215407,0.04395998992238257,0.004737573558306182,0.005298783651141652,0.895704977344242,0.8611971147277622,0.012942037118210292,0.05989028951103698,1.2737832519420555
2025-10-01,0.8940869962270388,0.8946471450264326,0.8841495239977757,0.8847096727971695,8738.0,-0.010488155480887995,-0.010543543804881058,0.88353677937269,0.8759674323684248,0.873370999772744,54.42046934869562,0.8828548248920681,0.900006506700651,0.8657031430834853,0.038855044623400434,0.005187381916245499,0.005863371991677964,0.895704977344242,0.8611971147277622,-0.0019725147173687008,0.06976361597768937,0.21628758343373525
2025-10-02,0.8847096727971695,0.885605296409117,0.8820705529852451,0.8829661765971926,8185.0,-0.0019706986976468777,-0.001972643079272181,0.883482436251214,0.8762418929264157,0.8734664741690072,52.177353916287714,0.8835870441046764,0.8993179146047727,0.86785617360458,0.03560683829635864,0.005166576885026919,0.005851387088164648,0.895704977344242,0.8678717278004489,-0.0086800703145693,0.06750956124535643,-0.07893619205370742
2025-10-03,0.8829661765971926,0.8847451866375864,0.882636700181586,0.8844157102219798,4294.0,0.0016416638181697696,0.0016403177611045835,0.8835713194865251,0.8765624347811437,0.8735754217914249,53.879418696055865,0.8843322018826338,0.8985997697717537,0.870064633993514,0.03226743945034679,0.004580516040660716,0.005179143685169331,0.895704977344242,0.8678717278004489,-0.0025732179932660415,0.06754431598688537,0.011706037075833665
2025-10-06,0.8844157102219798,0.8876465925442799,0.8831127905460874,0.8863436728683874,5718.0,0.0021799280859944314,0.002177555490197538,0.8838353531419406,0.8769460127453493,0.8737024690658225,56.116583209892084,0.8850814269116457,0.8979895748873338,0.8721732789359576,0.0291682721684242,0.0046957365682193586,0.005297873400532104,0.895704977344242,0.8703997223320166,-0.007053628159174652,0.06755856681773297,0.19557351823346403
2025-10-07,0.8863436728683874,0.8871798499633667,0.8834097218325611,0.8842458989275404,9188.0,-0.002366772624503799,-0.002369577857939077,0.8838744527405692,0.8772322827917097,0.8738073788156904,53.098506924245676,0.8856533648349252,0.8972150446361347,0.8740916850337157,0.026108814712998765,0.004619503936400926,0.00522422998173212,0.895704977344242,0.8715747334571494,-0.008043868623319739,0.06843339320147408,-0.24347083323265808
2025-10-08,0.8842458989275404,0.8886655826938058,0.8827794230489138,0.8871991068151792,4431.0,0.003339803883988246,0.003334239125688494,0.8841910864619607,0.8776231386357675,0.873940629840561,56.63443948903698,0.8863433048586813,0.8963714297317862,0.8763151799855764,0.02262808286164869,0.004680869592313318,0.005276008008074375,0.895704977344242,0.8727528850033409,-0.0020813468976299543,0.0690917757724516,0.17068035496709089
2025-10-09,0.8871991068151792,0.8892056905712902,0.8864418717808882,0.8884484555369991,8163.0,0.0014081942962103078,0.0014072037204620668,0.8845965501833929,0.8780476608671883,0.8740849863151525,58.074465234587294,0.8869504392513246,0.8958236144815941,0.878077264021055,0.02000827743601861,0.004440188917522466,0.004997688824658614,0.895704977344242,0.8734538686119466,-0.002072428993705966,0.06849173796167937,0.3376505584076184
2025-10-10,0.8884484555369991,0.898958925136061,0.8878232288228038,0.8983336984218657,2315.0,0.011126411243398193,0.01106496807106268,0.8859048500156285,0.8788431917516855,0.8743262670326323,67.32105634441047,0.8881319032927092,0.8964122450217763,0.8798515615636421,0.01864664854030829,0.004696934311563856,0.005228496181113015,0.898958925136061,0.8734538686119466,0.009881988315866286,0.07705798127965988,2.464100024602705
2025-10-13,0.8983336984218657,0.8983958216803841,0.8974065739296444,0.8974686971881628,7611.0,-0.0009628952306058869,-0.0009633591120218238,0.8870061687939651,0.8795736037295865,0.8745565399695032,65.95038156834084,0.8888795052567751,0.8977070440629896,0.8800519664505605,0.019862171990712076,0.004585583197596848,0.005109463106583913,0.898958925136061,0.881129737663529,0.008490672513564501,0.07197429810093285,1.9459992462091507
2025-10-14,0.8974686971881628,0.9027769031664544,0.8961318134381839,0.9014400194164756,1163.0,0.004425025898680657,0.00441526425799326,0.8883808212342041,0.8804311102271115,0.8748240372774333,69.06455600530671,0.8898183296259697,0.8997829640945665,0.879853695157373,0.02239700877545493,0.004756980077020435,0.005277089961126583,0.9027769031664544,0.8820705529852451,0.008224057860662048,0.07301762142791166,2.332587276960575
2025-10-15,0.9014400194164756,0.9045448544778787,0.8994484435529181,0.9025532786143212,8292.0,0.0012349786717549271,0.0012342167128658805,0.8897305790799296,0.8812986462422963,0.8750999501265566,69.89575363145526,0.8906230823221005,0.901951503013521,0.87929466163068,0.025439315275512867,0.004929072501130687,0.005461253776284798,0.9045448544778787,0.8820705529852451,0.020168882929397558,0.07201975531861946,2.1062417466992494
2025-10-16,0.9025532786143212,0.903548828840264,0.9003982443245591,0.9013937945505018,4270.0,-0.0012846710452367738,-0.0012854969424973166,0.8908413615056984,0.8820866912739905,0.8753615804193322,67.85092513116876,0.8911578973761497,0.9034684787042162,0.8788473160480832,0.0276282830782575,0.00499442564483467,0.005540781038242271,0.9045448544778787,0.8820705529852451,0.020870128937810817,0.0709043350773001,1.662942943403598
2025-10-17,0.9013937945505018,0.9066624471384523,0.9003802614491462,0.9056489140370967,8178.0,0.004720599933480507,0.004709492842653229,0.8922516046039268,0.8830107000097986,0.8756629469229916,71.18280587857653,0.8921054742847977,0.9058091021699394,0.878401846399656,0.03072199034789669,0.00527172809325139,0.005820940114366937,0.9066624471384523,0.8820705529852451,0.024008171236338027,0.06964914137318322,1.9766210620741702
2025-10-20,0.9056489140370967,0.9065871532296457,0.9045560795215183,0.9054943187140673,8305.0,-0.00017070116314754635,-0.00017071573424932258,0.8935128154715593,0.883892410547221,0.875959776493052,70.89532573980647,0.8927481890367316,0.9077057676391213,0.8777906104343419,0.033509065122896024,0.0048875034359419966,0.0053976080632763745,0.9066624471384523,0.8820705529852451,0.02160634348943269,0.06647455659446856,1.7043038871678529
2025-10-21,0.9054943187140673,0.9069937638045937,0.9054862962202337,0.9069857413107602,1347.0,0.0016470811200790525,0.0016457261695758878,0.8947959512657688,0.8847980313614775,0.87626849256089,72.06734309037209,0.8935266593615966,0.9097587084716061,0.8772946102515871,0.03633254573871794,0.004245349618492219,0.004680723659841568,0.9069937638045937,0.8820705529852451,0.02571665009789692,0.06607545726767214,1.6583343061553464
2025-10-22,0.9069857413107602,0.9076735795800264,0.9065038570153379,0.9071916952846041,7941.0,0.0002270752057758063,0.0002270494281035069,0.8959764983151817,0.8856762142604238,0.8765761861203301,72.23362485532309,0.8944337677612946,0.9116124498943865,0.8772550856282026,0.03841241856529852,0.004076419557121973,0.004493448935115218,0.9076735795800264,0.8820705529852451,0.022534500221932374,0.0648135247158211,1.4853208673945288
2025-10-23,0.9071916952846041,0.9120921342186513,0.9066913679011499,0.9115918068351971,7624.0,0.004850255545177484,0.004838530951982298,0.8974636705551832,0.8866925120084541,0.8769246002567964,75.578520299371,0.8954986818204308,0.9141722470384294,0.8768251166024322,0.04170539967750186,0.0043115824043720484,0.00472972921876153,0.9120921342186513,0.8820705529852451,0.026049177252730482,0.06622468972013355,1.7236264020172167
2025-10-24,0.9115918068351971,0.9177230569127083,0.9098839187356533,0.9160151688131645,9760.0,0.0048523494230647835,0.004840614720876386,0.8992304799130862,0.8878424201184427,0.8773135611379544,78.39605859611663,0.8968222781364347,0.9173764710346095,0.8762680852382598,0.0458378285180108,0.004547677845719363,0.0049646315918671574,0.9177230569127083,0.8820705529852451,0.019682519338148463,0.06698611101044827,1.867540192097163
2025-10-27,0.9160151688131645,0.920866169587874,0.9144581958318384,0.919309196606548,9402.0,0.0035960406612605134,0.00358959036609911,0.9011427386457969,0.8890764113532704,0.8777314281575425,80.22567090408228,0.8982921009892127,0.9208704684258812,0.8757137335525443,0.050269544643228574,0.004736095390378646,0.005151798119567417,0.920866169587874,0.8820705529852451,0.0243356670676238,0.06726917162197478,1.8617019743599683
2025-10-28,0.919309196606548,0.9202755522630474,0.9177253750707826,0.9186917307272819,2116.0,-0.0006716628981253692,-0.0006718885647032979,0.9028140712249859,0.890237796426761,0.8781389933572414,78.87718053592914,0.8995223377142247,0.9237565460326449,0.8752881293958046,0.05388239358235768,0.004497810929476701,0.004895887030479757,0.920866169587874,0.8820705529852451,0.019137946995046784,0.06672913707546708,1.5820110779923229
2025-10-29,0.9186917307272819,0.9269794471971388,0.9185002076375206,0.9267879241073774,1226.0,0.008812742195563494,0.008774136631192265,0.9050972953090233,0.8916711347671774,0.8786230623199294,82.92896953498479,0.9016262502797352,0.927683386886366,0.8755691136731044,0.05780030605485675,0.004906055270134998,0.005293611561523306,0.9269794471971388,0.8820705529852451,0.026851207643124875,0.055471821850441964,1.9312692877573736
2025-10-30,0.9267879241073774,0.9288429934105016,0.925782784603359,0.9278378539064832,6846.0,0.0011328695290424573,0.00113222831658522,0.9072630627944956,0.8930894374785228,0.8791127617387011,83.37435646762401,0.9038698341451996,0.930871996601563,0.8768676716888363,0.059747900496977195,0.004329234733983952,0.004665938898436338,0.9288429934105016,0.882636700181586,0.029336855340975854,0.053331834592073,1.7752666883637187
2025-10-31,0.9278378539064832,0.9287877619241379,0.9254739831172433,0.926423891134898,3299.0,-0.0015239330510520288,-0.0015250954180871929,0.9090879035888197,0.8943966709552433,0.879583519245131,80.33457319642373,0.9059702431908455,0.9331355960396996,0.8788048903419914,0.05996963598534364,0.004495272666566448,0.004852284909297405,0.9288429934105016,0.8827794230489138,0.022939327564798884,0.055150035430129814,1.5058628583147737
2025-11-03,0.926423891134898,0.9275820609905242,0.9250671433784078,0.926225313234034,1768.0,-0.0002143488555985673,-0.00021437183159782693,0.910720037840745,0.895644853005392,0.8800476166977569,79.8940163004785,0.9079643252091281,0.9349178181614918,0.8810108322567644,0.05937125987005186,0.004200260372555442,0.004534814923044693,0.9288429934105016,0.8827794230489138,0.022894671000705635,0.05588560931819875,1.354999743979718
2025-11-04,0.926225313234034,0.9296013210100315,0.9257404627137685,0.929116470489766,5244.0,0.003121440554930466,0.0031165789734925917,0.9124720790454136,0.8969574654557596,0.8805358639991699,81.4859548977401,0.9102078537872391,0.9363048885498899,0.8841108190245883,0.057343022594377596,0.004112006613362751,0.004425717059127351,0.9296013210100315,0.8827794230489138,0.024400305507584763,0.05325955579897129,1.4491007790347283
2025-11-05,0.929116470489766,0.934171485541577,0.9285190639542865,0.9335740790060976,8847.0,0.004797685390273809,0.004786213176470638,0.9144817933273834,0.8983934110851847,0.8810636074320747,83.63712823622765,0.9125266023967852,0.9382541565490856,0.8867990482444847,0.056387515903045575,0.004290709261333149,0.004596002993036318,0.934171485541577,0.8864418717808882,0.029081377021663357,0.053818976203967084,1.636181697235326
2025-11-06,0.9335740790060976,0.9397362463116179,0.9330631946916697,0.93922536199719,7155.0,0.006053384641001358,0.0060351365131242896,0.9168383236768888,0.899994664062126,0.8816423313580958,85.87747950362943,0.9150654477197946,0.9408099835698825,0.8893209118697066,0.056268184782278616,0.004318628256379012,0.004598074574131797,0.9397362463116179,0.8878232288228038,0.03031351856696607,0.05501728880557008,1.8768964737278684
2025-11-07,0.93922536199719,0.9398444551274159,0.9335317935766415,0.9341508867068674,2270.0,-0.005402830348971932,-0.0054174784213853935,0.9184871392035534,0.9013341237736846,0.8821648045456457,75.83675395948904,0.9168563071340449,0.9426831367052546,0.8910294775628351,0.05633779114622777,0.0046244559594252254,0.0049504379059443744,0.9398444551274159,0.8961318134381839,0.019798490801413715,0.05304315173050805,1.3392723659818893
2025-11-10,0.9341508867068674,0.9404486703512978,0.9324009689016977,0.938698752546128,9435.0,0.004868448881200527,0.004856636307705434,0.9204120547599891,0.9027994033333883,0.8827273313914218,78.28698544411276,0.918917809901943,0.944810651733337,0.8930249680705491,0.05635507670518859,0.005091615521228087,0.005424120898656337,0.9404486703512978,0.8961318134381839,0.021091441281293477,0.052816617699878096,1.5279081974077795
2025-11-11,0.938698752546128,0.9393167175079197,0.9335413864782981,0.9341593514400898,6421.0,-0.004835844400267408,-0.004847574929086873,0.9217213211104749,0.9040292052199257,0.883239092784941,70.59239746706159,0.9205537765031238,0.9459263276467806,0.8951812253594669,0.05512453870981602,0.0054205875544375915,0.0058026369334967035,0.9404486703512978,0.8994484435529181,0.016836573352590145,0.05776495826733535,1.0724640860852044
2025-11-12,0.9341593514400898,0.9353316463310664,0.9318110215922977,0.9329833164832743,9376.0,-0.001258923282202895,-0.001259716391830795,0.9227938920983606,0.9051646605635865,0.8837340601849244,68.70826625288026,0.9220752783965714,0.9465360583877546,0.8976144984053883,0.0530559284350814,0.005286291727385254,0.005666008849237576,0.9404486703512978,0.9003802614491462,0.0066848004972268615,0.05875295605907873,0.8918798248162674
2025-11-13,0.9329833164832743,0.9356636232679231,0.9316968861056794,0.9343771928903282,1437.0,0.0014939992842615268,0.0014928843776391633,0.9238970636023576,0.9063102500665959,0.8842379719531374,69.73918067423028,0.9237244483135626,0.9467177400001452,0.90073115662698,0.04978387597851565,0.005009691654898737,0.005361530325244942,0.9404486703512978,0.9003802614491462,0.00704793295112105,0.057721033185115296,0.926595871697817
2025-11-14,0.9343771928903282,0.9351602458878882,0.9330732797881853,0.9338563327857453,3470.0,-0.0005574409441349015,-0.0005575963721019596,0.9248455654293468,0.9073904886046018,0.8847316869862977,68.82668388688305,0.9251348192509952,0.9468866814446223,0.903382957057368,0.047024199589067034,0.004701048250874965,0.005034016567464373,0.9404486703512978,0.9045560795215183,0.008022722343378197,0.05722316528765372,0.8019095980945836
2025-11-17,0.9338563327857453,0.9381862817325592,0.9320866482441779,0.9364165971909918,6867.0,0.002741604158328137,0.0027378528165462857,0.9259475684542654,0.9085287673726955,0.8852459646997772,70.84598586730593,0.9266809331748412,0.9468963600826894,0.9064655062669931,0.043629746084425,0.004954580843454721,0.00529100067033966,0.9404486703512978,0.9054862962202337,0.011003028972911055,0.05700116814458868,0.9631915329347697
2025-11-18,0.9364165971909918,0.9446053646976913,0.934949088845364,0.9431378563520635,5743.0,0.007177637796290437,0.007152001154712095,0.9275847387302463,0.909885986548357,0.8858220034226856,75.35865228630831,0.9284885389269066,0.947730666617915,0.9092464112358982,0.0414482826320018,0.005038654864362517,0.0053424373016383725,0.9446053646976913,0.9065038570153379,0.01509109601179115,0.060239083528402286,1.5226296863212583
2025-11-19,0.9431378563520635,0.9495127699970037,0.9418830142988044,0.9482579279437446,5754.0,0.00542876267472181,0.005414080057624486,0.9295536138934366,0.9113907685638625,0.8864432564029946,78.13511669443994,0.9305418505598635,0.9489619993711926,0.9121217017485344,0.03959015663883703,0.0053650510708665765,0.005657797222429189,0.9495127699970037,0.9066913679011499,0.015728638217204827,0.06107489555383388,1.923554208528985
2025-11-20,0.9482579279437446,0.9506191083131478,0.94671032764283,0.9490715080122332,7884.0,0.0008579733894265029,0.0008576055406459612,0.9314124609523696,0.9128684446206614,0.8870664230856736,78.54872543268735,0.9324158356187153,0.9503378396697135,0.9144938315677171,0.038442084242608004,0.005407551203968226,0.005697727893332274,0.9506191083131478,0.9098839187356533,0.010483262498476531,0.06043798251028238,1.8586841456037018
2025-11-21,0.9490715080122332,0.9501636116787229,0.9481007163180827,0.9491928199845724,8467.0,0.0001278217408435811,0.00012781357234093238,0.9331058284792461,0.9142929299290501,0.8876845961891453,78.61368849313664,0.9340747181772857,0.9517450268726612,0.9164044094819103,0.037834893400940234,0.005375263900291353,0.005662984155715294,0.9506191083131478,0.9144581958318384,0.016102252314646792,0.05982869273484443,1.7111304695252192
2025-11-24,0.9491928199845724,0.9534618649651763,0.9490841852797891,0.953353230260393,7043.0,0.004383103399252741,0.004373525578402538,0.9350341524584028,0.9158247064126323,0.8883380154336353,80.76508663625887,0.9357769198599779,0.9540083541605314,0.9175454855594244,0.03896534294366123,0.005412179713800226,0.005676993103932712,0.9534618649651763,0.9177253750707826,0.01561148097248033,0.060208313603990433,1.9281324892667846
2025-11-25,0.953353230260393,0.9617092404338523,0.9529751115764598,0.9613311217499191,8522.0,0.008368242993572306,0.00833342336604711,0.9375386257242616,0.9176092717199769,0.8890643149989715,84.07363958137582,0.93790888941111,0.9576388417801718,0.9181789370420481,0.04207221531176613,0.005632301661664658,0.005858857093289701,0.9617092404338523,0.9185002076375206,0.02908686860324372,0.0636838592450088,2.3742816911750033
2025-11-26,0.9613311217499191,0.9626022417290484,0.9557352571774383,0.9570063771565677,8480.0,-0.004498704447931545,-0.004508854070326618,0.9393926972892431,0.9191542562469021,0.8897403554184501,76.40165625185514,0.9394198120635693,0.9601659861989946,0.9186736379281439,0.04416805749466454,0.005646154013926216,0.005899808139943561,0.9626022417290484,0.9250671433784078,0.0257486497870556,0.06309567059246171,1.6954032081479844
2025-11-27,0.9570063771565677,0.95768627910438,0.9563475214419689,0.9570274233897812,4080.0,2.199173768935303e-05,2.1991495874635007e-05,0.9410721950131039,0.9206394784877993,0.8904098784828415,76.41293654211319,0.9408792905377343,0.9622910553535349,0.9194675257219338,0.04551437156952029,0.00529087516475741,0.005528446766987288,0.9626022417290484,0.9250671433784078,0.02424099247263145,0.06333057959219941,1.5083420718436584
2025-11-28,0.9570274233897812,0.9589573700165285,0.9529532310691597,0.954883177695907,8327.0,-0.002240526908078855,-0.002243040643922185,0.9423875266971804,0.9219823686528231,0.8910514038481456,72.60499641289557,0.9423022548657848,0.9634501360764113,0.9211543736551583,0.044885557901246154,0.005144906414598027,0.005387995657240994,0.9626022417290484,0.9250671433784078,0.022516145334087412,0.06384204161131361,1.1898045676368278
2025-12-01,0.954883177695907,0.9557271707953704,0.9509764719422619,0.9518204650417252,4455.0,-0.0032074213115492745,-0.003212576112647942,0.9432859017776132,0.9231524900798389,0.8916560711237036,67.43572160777185,0.9435820124561692,0.9637065136869357,0.9234575112254028,0.04265554231662781,0.005071718401989952,0.005328440171506106,0.9626022417290484,0.9257404627137685,0.016449802253549306,0.06577624955400792,0.8187484987663681
2025-12-02,0.9518204650417252,0.9538721992651868,0.9501989528128264,0.952250687036288,2364.0,0.00045199910105298,0.00045189698023049153,0.9441396908498678,0.924293595842837,0.8922590026253214,67.78271649106111,0.9447387232834954,0.964003434831171,0.9254740117358198,0.04078315215178218,0.005082619952960792,0.005337481003851568,0.9626022417290484,0.9285190639542865,0.009662246746696912,0.06551659586959288,0.7798677633145237
2025-12-03,0.952250687036288,0.9524740578854096,0.9471755652217521,0.9473989360708737,9486.0,-0.005095035405555448,-0.005108059355605992,0.9444500951566303,0.9251996876164855,0.8928076586795061,60.015971793639046,0.9454299661367342,0.9639870439120859,0.9268728883613826,0.03925637739446859,0.005177745345918924,0.005465221828718186,0.9626022417290484,0.9316968861056794,-0.0009058631070278933,0.06776101626188692,0.2122068957165978
2025-12-04,0.9473989360708737,0.9540169408064337,0.9469203590191229,0.9535383637546829,2322.0,0.0064802982672445,0.006459391407610975,0.9453156445469211,0.926311008249356,0.8934119443021447,65.41614330411994,0.9461456162246089,0.9647989088214948,0.927492323627723,0.03943006716306064,0.005535575037890927,0.005805298715086692,0.9626022417290484,0.9316968861056794,0.00470655341008519,0.06822007456603574,0.7926479994538063
2025-12-05,0.9535383637546829,0.955301609683456,0.9525209132923816,0.9542841592211547,2888.0,0.0007821347255867472,0.0007818290176150914,0.9461697888016101,0.9274079945619755,0.8940176379829308,66.01657646632873,0.9471522798503231,0.9652446464008589,0.9290599132997873,0.038203712191655005,0.005298508102368997,0.005552337897648233,0.9626022417290484,0.9316968861056794,0.005363861935518077,0.06421847920361869,0.7883854608970855
2025-12-08,0.9542841592211547,0.9595381107275115,0.953599149637402,0.9588531011437588,5722.0,0.004787821193985797,0.004776396031337204,0.9473777233103862,0.9286411359965553,0.8946627669696058,69.50911971195397,0.9481599972802046,0.9665130977601801,0.9298068968002291,0.038713087522404134,0.005032985619353439,0.005248964219180071,0.9626022417290484,0.9316968861056794,0.005768974928488602,0.06415590904653452,1.1652640244868793
2025-12-09,0.9588531011437588,0.9612574203987397,0.9584306923622952,0.9608350116172761,4308.0,0.002066959444729566,0.0020648262230724902,0.9486593698158043,0.9299036409228582,0.8953211972646075,70.90591403246054,0.949493780289064,0.9674353860028263,0.9315521745753016,0.03779193942334243,0.004689912214942383,0.004881079642433439,0.9626022417290484,0.9316968861056794,-0.000516065818965572,0.06028990049924954,1.2642381634228832
2025-12-10,0.9608350116172761,0.9613535309173088,0.9597372252818345,0.9602557445818671,1771.0,-0.0006028787756536813,-0.00060306058013713,0.9497637864601913,0.9310939194977212,0.8959673121632866,69.89803838730025,0.9508574016939937,0.9676224403015189,0.9340923630864685,0.03526299227972052,0.004526163998167854,0.00471349848590463,0.9626022417290484,0.9316968861056794,0.0033953456349515854,0.059947907149811026,1.1211835663360659
2025-12-11,0.9602557445818671,0.9700700240269793,0.9588565285270226,0.9686708079721348,1083.0,0.00876335646805404,0.00872518112705834,0.9515644551756146,0.9325675229673062,0.8966907300320314,75.37421901179896,0.9525720824480841,0.9692547777177011,0.9358893871784671,0.03502663069180633,0.005179778293833315,0.005347305040271554,0.9700700240269793,0.9320866482441779,0.012166197433625126,0.06533276305424578,1.9299909593589633
2025-12-12,0.9686708079721348,0.9762065454050013,0.9679331793821054,0.9754689168149719,6222.0,0.007017976372250434,0.006993464989454564,0.9538410705698391,0.9342499305691755,0.8974745925870856,78.73916895592755,0.9546527116495455,0.9718780840497768,0.9374273392493141,0.03608720153419483,0.005458041603655365,0.005595300382790826,0.9762065454050013,0.9320866482441779,0.021558384941640085,0.06719623778770728,2.4169236730286148
2025-12-15,0.9754689168149719,0.979278998013421,0.9742109787862581,0.9780210599847071,6800.0,0.002616324442267448,0.002612907823498492,0.9561439267045885,0.935966445448216,0.8982760499741267,79.85222562865341,0.9567329347892312,0.9747175257094831,0.9387483438689792,0.03759584365978572,0.005196176630067535,0.005312949631318558,0.979278998013421,0.934949088845364,0.027526824548611994,0.06718408452380471,2.3673738579734973
2025-12-16,0.9780210599847071,0.9797332004909927,0.9756090163603898,0.9773211568666753,5654.0,-0.0007156319497279018,-0.0007158881365025566,0.9581608057676444,0.9375881988371751,0.8990625684506695,78.63638084296886,0.9584420998149616,0.9774545057597546,0.9394296938701687,0.03967356181132587,0.0050002623142813086,0.005116293942016275,0.9797332004909927,0.9418830142988044,0.026327594373719787,0.06521690926453012,1.9859724336344977
2025-12-17,0.9773211568666753,0.9797428831143528,0.9707579521002834,0.9731796783479608,4903.0,-0.004237581975603866,-0.004246585971888317,0.9595911745848175,0.9389839431317158,0.8998000521312396,71.68134423054516,0.9596881873351725,0.9791515898951126,0.9402247847752323,0.0405619300451857,0.005546417553685472,0.005699273913221139,0.9797428831143528,0.94671032764283,0.02721212922616001,0.06706320068622287,1.3863445480552001
2025-12-18,0.9731796783479608,0.9804258741703203,0.9719031690006459,0.9791493648230054,3887.0,0.006134207904113342,0.00611547023892092,0.9614538593694067,0.9405590577078449,0.9005895975311577,75.10000463927291,0.9611920801757112,0.9818150304067378,0.9405691299446847,0.042911194664143656,0.005726315140993025,0.005848254971832754,0.9804258741703203,0.9469203590191229,0.02685890997345486,0.06917714188415619,1.7414855242464817
2025-12-19,0.9791493648230054,0.9803925049349181,0.9781249787034317,0.9793681188153445,9665.0,0.0002234122802893257,0.0002233873274822735,0.9631599793166389,0.9420809816728448,0.9013734634145826,75.21806596970677,0.9627008451172496,0.984030649146342,0.9413710410881573,0.044312424025128055,0.005548945668020016,0.005665842660604561,0.9804258741703203,0.9469203590191229,0.02628562923507216,0.06915153394272941,1.5628154553470643
2025-12-22,0.9793681188153445,0.9799354464915995,0.9778689136157604,0.9784362412920155,5752.0,-0.0009515089427826195,-0.0009519619147774484,0.9646148614095319,0.9435066781284985,0.9021402572243082,73.61676607722346,0.9639549956688308,0.9859110737471531,0.9419989175905085,0.045554155903488686,0.0054341804125542,0.005553944327919025,0.9804258741703203,0.9469203590191229,0.020423504001704895,0.06887045010262818,1.3191104141210206
2025-12-23,0.9784362412920155,0.9793354646025064,0.9769556700636384,0.9778548933741293,9764.0,-0.0005941602460661777,-0.0005943368292144359,0.9658758168347317,0.9448536669616606,0.9028936366884857,72.57870785683046,0.9647811842500413,0.9875500465159681,0.9420123219841146,0.047200054556673025,0.005225701975069235,0.005344046453597763,0.9804258741703203,0.9469203590191229,0.017713636109289332,0.06384978824705229,1.1483849277486828
2025-12-24,0.9778548933741293,0.9792280384240024,0.9756171106387203,0.9769902556885933,7067.0,-0.0008842188052591293,-0.0008846099572999077,0.9669343348208137,0.946113925343109,0.9036309164795315,70.9756937460131,0.9657803781766428,0.9888644177856991,0.9426963385675864,0.047803910973296365,0.004976726689210041,0.005093936874224391,0.9804258741703203,0.9469203590191229,0.01742713980223365,0.06105412802010596,0.9712232089181391
2025-12-25,0.9769902556885933,0.977909220597314,0.973701555859784,0.9746205207685047,8361.0,-0.002425546116034072,-0.0024284925184020643,0.9676663525301177,0.9472318310460658,0.9043372807013124,66.63198069491008,0.9666600330455788,0.9896804096119305,0.9436396564792271,0.047628692155241445,0.005078652999671156,0.005210903004244721,0.9804258741703203,0.9469203590191229,0.006142141114818367,0.06220318569777775,0.6916036060471354
2025-12-26,0.9746205207685047,0.9756324202187922,0.9679798880579081,0.9689917875081956,7072.0,-0.005775307558546716,-0.005792049136872071,0.9677925844327917,0.9480851626720317,0.9049806091272515,57.61281868033156,0.9673654635361931,0.9897214087733592,0.945009518299027,0.04622026747873386,0.005201050933297908,0.005367487114284669,0.9804258741703203,0.9469203590191229,-0.006640016093926393,0.06574856915931064,0.14549364428561476
2025-12-29,0.9689917875081956,0.9701409794229989,0.9618330427451065,0.9629822346599098,8418.0,-0.006201861487123206,-0.006221172916016452,0.9673344558829934,0.9486693615735171,0.9055577397295667,49.85393745947117,0.9679235520171025,0.9891755776915123,0.9466715263426926,0.043912611962219024,0.005592565836258469,0.00580754829629184,0.9804258741703203,0.9469203590191229,-0.015376790889382708,0.06891693311272601,-0.4650208345214438
2025-12-30,0.9629822346599098,0.9670403599996533,0.9625827368929306,0.9666408622326741,6940.0,0.003799267983439325,0.003792068993002289,0.9672683993448677,0.9493741263052488,0.9061655319932792,53.9224020342998,0.9686430607769217,0.9885955494320376,0.9486905721218059,0.0411967823092906,0.005795517084204782,0.005995522546831647,0.9804258741703203,0.9469203590191229,-0.010928132025958215,0.06984470312024105,-0.2006966227477881
2025-12-31,0.9666408622326741,0.9681166064535531,0.960047223328392,0.961522967549271,5555.0,-0.0052945151434857785,-0.005308580757826997,0.9667212153643348,0.9498505514520732,0.9067163522475677,48.04964891024079,0.9693492623508415,0.987003199121066,0.951695325580617,0.03642430536834711,0.005570937628862246,0.005793868494958001,0.9804258741703203,0.9469203590191229,-0.01197796363614767,0.07006969721741488,-0.8866345114332193
2026-01-01,0.961522967549271,0.9628135811350501,0.9595404247264876,0.9608310383122667,8171.0,-0.000719618002228195,-0.0007198770515479187,0.9661602461212807,0.9502811587799239,0.9072548068352763,47.2996077887411,0.9697138960787208,0.9862592628514324,0.9531685293060093,0.034124223319098285,0.005213779799267008,0.005426323246619087,0.9804258741703203,0.9525209132923816,-0.01870840871560997,0.06684615168337123,-1.0737577339300517
2026-01-02,0.9608310383122667,0.96176030904735,0.9518984641941044,0.9528277349291877,5210.0,-0.008329563746334645,-0.008364448413541038,0.9648904831506051,0.9503810245112676,0.90770826880636,39.599796347981176,0.9696410748641224,0.986482553222129,0.9527995965061159,0.03473755143957069,0.005556195915415769,0.005831270135969221,0.9804258741703203,0.9518984641941044,-0.027099497498714098,0.07361781134449989,-1.9966584378789536
2026-01-05,0.9528277349291877,0.9548230158815535,0.9509901073988412,0.9529853883512069,9070.0,0.0001654584729640085,0.00016544478622057502,0.9637566645982815,0.9504831564265593,0.9081587874087963,39.80766192192306,0.9693476892244949,0.9871570784196693,0.9515383000293205,0.03674510063447387,0.005535390511995015,0.005808473644671495,0.9804258741703203,0.9509901073988412,-0.026011764350838962,0.0713696733430737,-1.8374915269661694
2026-01-06,0.9529853883512069,0.9539331803226087,0.9478324117392098,0.9487802037106116,3314.0,-0.0044126433542396315,-0.004422407800191423,0.9623303349899319,0.9504163739671104,0.9085629806058293,36.22640292817311,0.9687449488291616,0.9884793323541868,0.9490105653041364,0.040742165518130355,0.00532937890980426,0.005617084851645766,0.9804258741703203,0.9478324117392098,-0.029733133065576123,0.07222382202462602,-2.023346216336857
2026-01-07,0.9487802037106116,0.9506313825605188,0.9422724846933899,0.9441236635432971,6280.0,-0.004907922982691937,-0.00492000638919215,0.9605963662807286,0.9501696010093138,0.9089168182469982,32.71647256850288,0.9679383447772331,0.9902801719217084,0.9455965176327578,0.04616374021140195,0.005317678388193866,0.005632396044641667,0.9804258741703203,0.9422724846933899,-0.03364065501567515,0.07380855815528539,-2.1318472370174852
2026-01-08,0.9441236635432971,0.9458193083117827,0.9374228144447667,0.9391184592132523,7197.0,-0.0053014287463787335,-0.0053155311838822255,0.9585508513219214,0.9497362228996643,0.9092173320874585,29.41720297172178,0.9664607273392889,0.9922427248384026,0.9406787298401752,0.05335343024251534,0.005755461790731696,0.0061285791310644044,0.9804258741703203,0.9374228144447667,-0.03642654838342452,0.06601992064428276,-2.1210356666101244
2026-01-09,0.9391184592132523,0.9399497910265112,0.937783770881347,0.9386151026946059,1982.0,-0.0005359883129846255,-0.0005361320060679564,0.9566522085955104,0.9493001005386817,0.9095098472178779,29.099388431173523,0.9646180366332707,0.9928415814138906,0.9363944918526509,0.058517555568681295,0.005762568024254923,0.006139436716617451,0.9804258741703203,0.9374228144447667,-0.031348753627421955,0.05798991235842353,-1.8426412515354997
2026-01-12,0.9386151026946059,0.938912078840849,0.9346194367617766,0.9349164129080197,8675.0,-0.003940582008501559,-0.003948366558953762,0.9545821328157493,0.9487360343570872,0.909762648866536,26.807538297566666,0.9624628042794365,0.9928752157586143,0.9320503928002588,0.0631970634999167,0.005899199991412378,0.006309868893052326,0.9804258741703203,0.9346194367617766,-0.029144693164357194,0.05582097766757708,-1.8115229954899712
2026-01-13,0.9349164129080197,0.9407315961269789,0.9338858480936284,0.9397010313125875,5202.0,0.0051176964469854536,0.005104645546616683,0.9531648850535435,0.9483817205122048,0.910060543219233,34.044217372515604,0.960581798001732,0.9917685331763704,0.9293950628270937,0.06493301297092055,0.006130258580560115,0.006523626532576307,0.9804258741703203,0.9338858480936284,-0.027869534563087828,0.06149328871975143,-1.339080001302938
2026-01-14,0.9397010313125875,0.9405211894558188,0.9310775910899582,0.9318977492331895,8646.0,-0.008304005017955918,-0.008338675336032391,0.9511394435468431,0.9477352902659689,0.9102778288512128,29.007002322437074,0.9585177015459934,0.9916005873187986,0.9254348157731881,0.06902926408024782,0.0065042538397265814,0.006979578870191065,0.9804258741703203,0.9310775910899582,-0.03081072352498271,0.0650856374416935,-1.6092884094582798
2026-01-15,0.9318977492331895,0.9330949399574635,0.9278405145454632,0.9290377052697373,4342.0,-0.003069053408279565,-0.003073772610820958,0.9490345160918807,0.9470020516386658,0.9104644942882131,27.40641472014248,0.95601211856833,0.9900913236870293,0.9219329134496307,0.07129450444568512,0.0063329605005206,0.0068166883481676184,0.9803925049349181,0.9278405145454632,-0.033089410910762784,0.057264767893163,-1.583042398121652
2026-01-16,0.9290377052697373,0.9309906396196779,0.925022482366023,0.9269754167159636,6935.0,-0.0022198114695193283,-0.002222278903167377,0.9469336494846505,0.946216693406403,0.9106287820735639,26.280335585838515,0.9533924834633609,0.9879635105707749,0.9188214563559469,0.07252213061682392,0.006165833398789344,0.006651560858683084,0.9799354464915995,0.925022482366023,-0.027132205818027888,0.056306076477889884,-1.528277807038715
2026-01-19,0.9269754167159636,0.9354669246428141,0.9260178765100135,0.934509384436864,9610.0,0.00812747305380701,0.00809462301651658,0.9457503861467661,0.9457575832507349,0.910866400007527,36.538832878563476,0.9511961406206033,0.9846307390967738,0.9177615421444328,0.07030011382164825,0.006522363757794906,0.006979452391187368,0.9793354646025064,0.925022482366023,-0.019387499682769427,0.0681139844784045,-0.9981729671814237
2026-01-20,0.934509384436864,0.9355341752793642,0.9329041807268527,0.9339289715693528,1086.0,-0.0006210883241808407,-0.0006212812794330302,0.9446245371393934,0.9452937161259749,0.9110958783315254,36.12180242378299,0.9489998445303647,0.9807915530848024,0.917208135975927,0.06700045050095994,0.006133836002605649,0.006567775697437131,0.9792280384240024,0.925022482366023,-0.01565297429602408,0.06810518350722888,-0.9481008505853417
2026-01-21,0.9339289715693528,0.9347281806013228,0.9295886360475131,0.930387845079483,1246.0,-0.0037916443302100644,-0.0037988508356780275,0.9432686617051163,0.9447091721633675,0.9112878381996643,33.601995518687545,0.9466697239999091,0.9766003091450605,0.9167391388547578,0.06323342637110516,0.006267149441551878,0.006736061175666451,0.977909220597314,0.925022482366023,-0.014548749273229244,0.06809305597016353,-1.0879759845299068
2026-01-22,0.930387845079483,0.9308448497866786,0.927405762091072,0.9278627667982675,4935.0,-0.00271400609387773,-0.0027176956856449098,0.9418014336187497,0.9440485288157164,0.911452762862337,31.89348403364157,0.9443318363013973,0.9723107000352986,0.9163529725674959,0.059256423766214074,0.005808381073149095,0.006259957055063005,0.9756324202187922,0.925022482366023,-0.011985380869218853,0.06810038958290235,-1.1772507747106653
2026-01-23,0.9278627667982675,0.935297257716819,0.9271438052886773,0.9345782962072289,3803.0,0.007237632168531016,0.0072115662038386,0.9411135157700333,0.9436771471447953,0.9116828676717389,40.55089869063716,0.9426111617363488,0.9683474102132669,0.9168749132594308,0.05460628840742823,0.006116991354965478,0.006545188754960265,0.9701409794229989,0.925022482366023,-0.00430081135045457,0.07498155676468242,-0.62424525752651
2026-01-26,0.9345782962072289,0.9358115653691839,0.9334998980776479,0.9347331672396029,2747.0,0.0001657122073157602,0.00016569847856459362,0.94050586352904,0.9433264028347879,0.9119122238863445,40.737988685609814,0.9411987083653335,0.9652747523734772,0.9171226643571898,0.0511603847182467,0.005846341262689562,0.006254556345694484,0.9681166064535531,0.925022482366023,-0.0001960021942998269,0.07340909267991576,-0.5370933134649241
2026-01-27,0.9347331672396029,0.936166078875744,0.9269158135888474,0.9283487252249886,8606.0,-0.00683022945839018,-0.006853662237410499,0.939348040833416,0.9427390429285212,0.912075771163346,35.744017113529424,0.9392841015149493,0.9607947842323776,0.9177734187975211,0.04580229279455324,0.005910010364101532,0.006366153368357586,0.9681166064535531,0.925022482366023,-0.012080763678360418,0.07297051181786077,-1.0167391182894234
2026-01-28,0.9283487252249886,0.9291112657889926,0.9264869182061289,0.927249458770133,9757.0,-0.001184109403057798,-0.0011848110145081668,0.9381957949226272,0.9421316082556432,0.9122267531295828,34.94959139228216,0.9375704260759923,0.9569796033974668,0.9181612487545178,0.04140313470148077,0.005497714200947793,0.005929056252283764,0.9628135811350501,0.925022482366023,-0.004987983356415815,0.07196759880311548,-1.0635141443568599
2026-01-29,0.927249458770133,0.9279586558736761,0.9261856026469076,0.9268947997504507,9125.0,-0.0003824850112640332,-0.00038255817731316027,0.9371195096681342,0.9415340863534789,0.9123727038422282,34.681770828989855,0.9358736141479016,0.9524470950696902,0.919300133226113,0.03541820320872805,0.005469645135348097,0.005901041991842761,0.96176030904735,0.925022482366023,-0.0023065861666662357,0.07204484299547624,-1.0835158214285219
2026-01-30,0.9268947997504507,0.9277611643018604,0.9179824294848519,0.9188487940362615,9587.0,-0.008680602929648007,-0.00871849882880905,0.9353794415127177,0.9406444670469214,0.9124371425506266,29.212551730173374,0.9341746671032553,0.950392948854125,0.9179563853523856,0.034722161330193894,0.005861508902343533,0.00637918767525989,0.9548230158815535,0.9179824294848519,-0.008766815746303891,0.07247716435221359,-1.8899502798651167
2026-02-02,0.9188487940362615,0.9230614749133957,0.9180087393350395,0.9222214202121737,7656.0,0.0036704909423639354,0.003663771128808368,0.9341262966269516,0.9399219946220293,0.912534498547259,33.91677413113112,0.9326364686963033,0.9470814345985307,0.918191502794076,0.03097662677167104,0.005733436584129662,0.006216984835171776,0.9539331803226087,0.9179824294848519,-0.013149107359788692,0.07477200469103301,-1.442031577592546
2026-02-03,0.9222214202121737,0.9266523804986287,0.921186774492415,0.9256177347788701,6524.0,0.003682753937676919,0.003675989202876213,0.9333159574033248,0.9393610432556309,0.9126646800022999,38.35923864559937,0.9314783452497165,0.9440685535322987,0.9188881369671343,0.027032744983903862,0.005449294272726319,0.005887197347216078,0.9506313825605188,0.9179824294848519,-0.008899217224749623,0.07628106161164815,-0.930979113181821
2026-02-04,0.9256177347788701,0.9267042622288374,0.9227727980784259,0.9238593255283932,7567.0,-0.001899714303655764,-0.0019015210494366679,0.9324153257961885,0.9387531327565235,0.9127760695100223,36.97338096390188,0.9304651283489713,0.9419867474224504,0.9189435092754923,0.024765289364305658,0.005354797039755689,0.005796117321966805,0.9458193083117827,0.9179824294848519,-0.007016987147475118,0.07509235444331776,-1.146679607865813
2026-02-05,0.9238593255283932,0.9334179608261404,0.9220492543094592,0.9316078896072063,3232.0,0.008387168765527475,0.008352191900739393,0.9323384271115235,0.9384729271428248,0.9129634508045217,46.19772055622307,0.9300895998686691,0.9408907395678855,0.9192884601694528,0.02322601973130656,0.005740550558543286,0.006161981475880022,0.9407315961269789,0.9179824294848519,0.004036289570991114,0.08040323388134132,0.2811350988539344
2026-02-06,0.9316078896072063,0.9333493212962257,0.930334841119026,0.9320762728080454,8827.0,0.0005027686069045689,0.000502642261115215,0.9323134600350017,0.9382220779532257,0.9131536281378901,46.70548067457721,0.9297626583743408,0.9398494584556162,0.9196758582930654,0.021697580539342842,0.0052809385617146555,0.005665779417176761,0.9407315961269789,0.9179824294848519,-0.002677168311459144,0.08046260931143151,0.4587410110366827
2026-02-09,0.9320762728080454,0.9332223873915879,0.9285314255747403,0.9296775401582829,5276.0,-0.0025735368657502367,-0.002576854104329363,0.9320624200467428,0.9378869980396985,0.9133180451729189,44.39472261137351,0.929500714736854,0.9392917478564846,0.9197096816172234,0.02106729551553379,0.005428150509167229,0.005838745451721954,0.9407315961269789,0.9179824294848519,-0.0054086313169458,0.07979419303758545,0.03611986993983309
2026-02-10,0.9296775401582829,0.9354784861833289,0.9288375662091994,0.9346385122342454,5436.0,0.005336228812323318,0.0053220415918111535,0.9323077621598382,0.9377596064394847,0.9135301891237779,49.91388985925571,0.9292475887829369,0.9381496833356303,0.9203454942302435,0.019159790480280405,0.005535391610618635,0.005922494673781769,0.9405211894558188,0.9179824294848519,0.006775241715049063,0.07999337773728227,1.2111584345456052
2026-02-11,0.9346385122342454,0.9367458462585582,0.9303957831488912,0.9325031171732039,9128.0,-0.0022847283020008824,-0.0022873422759470095,0.9323263673992064,0.9375534696055129,0.9137189744775036,47.71836077663117,0.9292778571799378,0.9382219102637626,0.9203338040961131,0.019249469929192294,0.005743318425908662,0.0061590340237349505,0.9367458462585582,0.9179824294848519,0.005665852218494916,0.07463752944318178,0.7212077037196779
2026-02-12,0.9325031171732039,0.9340579765191828,0.9323450210944147,0.9338998804403936,7427.0,0.0014978644483505388,0.0014967437683426421,0.9324762257840813,0.9374101915990376,0.9139197795119602,49.28960616497733,0.9295209659384704,0.9386987972973885,0.9203431345795524,0.019747443457936067,0.005283282925667686,0.005657226257675801,0.9367458462585582,0.9179824294848519,0.007557579017412719,0.0738685006198473,0.954237298698727
2026-02-13,0.9338998804403936,0.9346686333142772,0.924751877550367,0.9255206304242506,4116.0,-0.008972321542852879,-0.009012815216602061,0.9318137881307641,0.9369439342980656,0.9140352108643214,41.27551392673536,0.929448226623885,0.9387334365767295,0.9201630166710406,0.01998004770329575,0.005826503530837269,0.006295379421381943,0.9367458462585582,0.9179824294848519,0.0072610819443768015,0.08048153253125834,-0.8459897448912875
2026-02-16,0.9255206304242506,0.9321577463347492,0.9240247333676839,0.9306618492781825,9095.0,0.005554947869260696,0.005539576046520748,0.9317040796686135,0.9366975780227761,0.914200650052519,46.972507218844655,0.9292558498659508,0.9382545541419673,0.9202571455899342,0.019367549372575205,0.005746699793706471,0.006174852657991286,0.9367458462585582,0.9179824294848519,0.00915228044048999,0.07746948588406358,0.3124893027052843
2026-02-17,0.9306618492781825,0.9357449204131286,0.9300229140836347,0.9351059852185808,9557.0,0.004775242418978642,0.004763877115922125,0.9320280706733722,0.93663516261869,0.9144086633377535,51.36472426046578,0.9293147005484121,0.9384563458305603,0.920173055266264,0.019673949581887378,0.00596796113275149,0.006382122697414326,0.9367458462585582,0.9179824294848519,0.010250722391330847,0.07941937989051387,1.2670114605032634
2026-02-18,0.9351059852185808,0.9383040494746568,0.9342550492519338,0.9374531135080099,6910.0,0.002510013117796861,0.002506868296134277,0.9325447414195283,0.9366672391241535,0.9146379613493978,53.55286766554996,0.9296679639698384,0.9395039044902485,0.9198320234494284,0.02116011501226506,0.006130528775319674,0.006539557751724607,0.9383040494746568,0.9179824294848519,0.014714131907302974,0.07849502669848801,1.5830005319810365
2026-02-19,0.9374531135080099,0.9378304853700995,0.9371725630038159,0.9375499348659055,6743.0,0.00010328128041869888,0.00010327594727446257,0.9330214265096595,0.9367018546434379,0.914865941185383,53.64551548008063,0.9301523223732204,0.9405518857774631,0.9197527589689778,0.02236099003163022,0.005479042171696464,0.005844000375809436,0.9383040494746568,0.9179824294848519,0.006378268502217788,0.0776499247142675,1.4226775115707575
2026-02-20,0.9375499348659055,0.9414709722218148,0.9360285807491856,0.9399496181050948,4637.0,0.002559525791586248,0.0025562557840379456,0.9336812542806533,0.9368292179164441,0.9151155300104549,55.98870723937799,0.9304208884681138,0.9415533168651937,0.9192884600710338,0.023929876328139785,0.005506874735573097,0.00585869139100749,0.9414709722218148,0.9179824294848519,0.008447104090880453,0.07397965713358291,1.7118869840618796
2026-02-23,0.9399496181050948,0.940101695085345,0.9392132025176365,0.9393652794978867,9532.0,-0.0006216701363058741,-0.0006218634533088185,0.9342225900156279,0.9369286713117949,0.9153568210501308,55.25623243316957,0.9306524940810279,0.9423414959209789,0.9189634922410769,0.025120013999410867,0.005179938061394155,0.005514295848961925,0.9414709722218148,0.9179824294848519,0.010420537144475439,0.07405093936276429,1.4907663693028024
2026-02-24,0.9393652794978867,0.9413175230522649,0.9388462321627687,0.9407984757171469,2338.0,0.0015257070391470062,0.0015245443306471428,0.934848864844344,0.9370804283472989,0.9156099718428374,56.7507352452908,0.9312749816056358,0.9437471772686703,0.9188027859426013,0.026785205034781108,0.005075639971328776,0.005395034220755665,0.9414709722218148,0.9179824294848519,0.006590744338339061,0.06922625210479869,1.5271559826049144
2026-02-25,0.9407984757171469,0.9420745156031423,0.9359782926042445,0.9372543324902398,4788.0,-0.003767165145761364,-0.0037742787834976633,0.9350779570010961,0.9370872481176103,0.9158253386154485,52.11501374639795,0.9317752252916414,0.9443695626584281,0.9191808879248546,0.027032994707161813,0.0046990340057728175,0.005013616734411576,0.9420745156031423,0.9179824294848519,0.005095120037173384,0.07073719685829893,0.8700905873853615
2026-02-26,0.9372543324902398,0.9379088576488378,0.9324580636984736,0.9331125888570716,9862.0,-0.0044190178584331274,-0.004428810577967008,0.9348907790826175,0.936931379127001,0.9159973510556637,47.256899729758985,0.9320861147469722,0.9444785511319477,0.9196936783619968,0.026590754199443355,0.004873056418141707,0.005222367028731761,0.9420745156031423,0.9179824294848519,-0.0008430149738865023,0.0728593676092204,0.16566138864249005
2026-02-27,0.9331125888570716,0.9345539098011486,0.9264663947205862,0.9279077156646632,7789.0,-0.005577969105296954,-0.005593584068560245,0.9342257254237647,0.9365775099716153,0.9161158621463005,41.9629211179274,0.9325390608283923,0.9434704105705328,0.9216077110862518,0.023444272098221745,0.005115667365549906,0.005513120840778371,0.9420745156031423,0.9180087393350395,0.00257918101654675,0.06846175323240122,-0.8473510175738316
2026-03-02,0.9279077156646632,0.9280421667356166,0.9220418887339018,0.9221763398048551,1910.0,-0.006176665807442583,-0.006195820322448746,0.9330781648886305,0.9360127582003698,0.9161761654065846,37.04201600086675,0.9325368068080264,0.943477129247639,0.9215964843684138,0.02346357239680475,0.005069907224663146,0.005497763286505492,0.9420745156031423,0.921186774492415,-0.009117714968018387,0.07127760587511801,-1.8939966459595734
2026-03-03,0.9221763398048551,0.9247737574345524,0.9214748098827973,0.9240722275124945,2734.0,0.0020558841360434066,0.0020537736983016197,0.9322204565670937,0.9355445020949629,0.916254733188733,39.56662726229945,0.9324595314447077,0.9436251433794121,0.9212939195100034,0.023948732482588008,0.004851970399098008,0.005250639781869652,0.9420745156031423,0.9214748098827973,-0.011799472873127992,0.0703933575445903,-1.5023455913140278
2026-03-04,0.9240722275124945,0.926509596285334,0.9228692716710196,0.9253066404438591,7592.0,0.0013358403105432348,0.001334948869669056,0.9315619978886904,0.9351430173243315,0.9163448019176397,41.21938930881387,0.9325318971904808,0.9434794496567364,0.9215843447242252,0.02347920215756307,0.0049896396269227495,0.005392417398549389,0.9420745156031423,0.9214748098827973,-0.012956885938218088,0.07021718784049355,-1.319976637498212
2026-03-05,0.9253066404438591,0.926525541630268,0.921800917743235,0.9230198189296439,9803.0,-0.0024714201911685274,-0.0024744791911380888,0.930748457035448,0.9346675977794418,0.9164112199973612,39.08674003482979,0.9321024936566028,0.9438473280748747,0.9203576592383309,0.02520073596670117,0.004618773064288666,0.005003980380014707,0.9420745156031423,0.9214748098827973,-0.015497964850629375,0.0634468552768914,-1.546667139526233
2026-03-06,0.9230198189296439,0.9251755158639556,0.9216320949846061,0.9237877919189178,1751.0,0.000832022209625416,0.0008316762710191981,0.9300855365481594,0.9342409387260879,0.9164846187229488,40.2056025887777,0.9316880696121466,0.9440076648324816,0.9193684743918116,0.026445750723122444,0.004290945058023251,0.004644946702651244,0.9420745156031423,0.9214748098827973,-0.017194353691805997,0.06352351978391281,-1.2825547515048912
2026-03-09,0.9237877919189178,0.9288085192890526,0.9221495998824653,0.9271703272526001,7093.0,0.003661593456064205,0.003654906141924591,0.9298078975676299,0.9339636598447747,0.9165909441809553,44.99771206879766,0.9315627089668623,0.9440187156504368,0.9191067022832878,0.026742175408435293,0.004357867420672782,0.004700179991292491,0.9420745156031423,0.9214748098827973,-0.012982119428349703,0.06459123020684863,-0.7052632237351684
2026-03-10,0.9271703272526001,0.9277705802016105,0.923181468749446,0.9237817216984564,1116.0,-0.00365478214146997,-0.0036614771752920953,0.9292339760562801,0.9335643681527622,0.9166624942060051,41.41670527364677,0.9310198694400729,0.9438520837460626,0.9181876551340832,0.02756593006700736,0.0043964467942043195,0.004759183572198261,0.9420745156031423,0.9214748098827973,-0.01808756546477086,0.06235049750140424,-1.1281213933962917
2026-03-11,0.9237817216984564,0.9246031548009196,0.9197432765869681,0.9205647096894313,7136.0,-0.003482437391281512,-0.003488515190847082,0.9284083316403897,0.9330545776247885,0.9167013222207656,38.30043732618355,0.9304229490658843,0.9440506781649383,0.9167952199668303,0.02929362203014399,0.004696586497609171,0.005101853729754258,0.9420745156031423,0.9197432765869681,-0.017806930544097876,0.06292793543713585,-1.4467912158801783
2026-03-12,0.9205647096894313,0.9214701043287928,0.9132379148410146,0.9141433094803761,7045.0,-0.006975501169517506,-0.00699994371010078,0.9270497581013408,0.9323129592661841,0.9166758693576772,32.96812866368006,0.9294351205178835,0.9447601448440106,0.9141100961917563,0.03297707174565989,0.004895857784405536,0.00535567862678826,0.9420745156031423,0.9132379148410146,-0.020329035963312925,0.06621802388243286,-1.9956654830800868
2026-03-13,0.9141433094803761,0.9152352351201541,0.9121149854637349,0.9132069111035129,9910.0,-0.0010243452718540214,-0.0010248702720235879,0.9257313917205954,0.931563702475491,0.9166413523601233,32.26274013030607,0.9288194345518465,0.9457155127281315,0.9119233563755614,0.03638183601194208,0.005055269005027729,0.005535732311660867,0.9420745156031423,0.9121149854637349,-0.01584295971784233,0.05926774376238016,-1.848064774019206
2026-03-16,0.9132069111035129,0.9137210924504713,0.9117033834460905,0.9122175647930488,5231.0,-0.0010833758466288756,-0.001083963122440007,0.9244443605846385,0.9308050304095129,0.9165973345733863,31.495976428207413,0.9278972203275899,0.9463148087760314,0.9094796318791485,0.03969747520515082,0.005022870298948061,0.005506219670400207,0.9420745156031423,0.9117033834460905,-0.010799208981997599,0.05452541589154257,-1.7026828000240155
2026-03-17,0.9122175647930488,0.9131781548032304,0.9058654779516785,0.90682606796186,3714.0,-0.005910319028347044,-0.00592785408986456,0.9227664279538977,0.9298646789409775,0.9165001080399383,27.64070382430826,0.9264832244647538,0.9468135254953814,0.9061529234341262,0.043887035391002985,0.005109759859851927,0.005634773900287609,0.9420745156031423,0.9058654779516785,-0.018663215966417845,0.052689703409895025,-1.9337791873598211
2026-03-18,0.90682606796186,0.9088864547659096,0.9036783412547745,0.905738728058824,6724.0,-0.0011990611446358601,-0.0011997805936165293,0.9211447422496051,0.9289185632201087,0.9163930296321661,26.92489878764337,0.9248975051922945,0.9465307202404759,0.9032642901441131,0.046779702457265565,0.005092425542764131,0.005622400130419728,0.9420745156031423,0.9036783412547745,-0.02114748941566935,0.0505188212131564,-1.771237154606949
2026-03-19,0.905738728058824,0.9109375015590584,0.9040544435429342,0.9092532170431685,4884.0,0.0038802458981483934,0.003872737161595015,0.9200122160394683,0.9281473731739541,0.9163219867208328,32.9673555191186,0.9234826693011577,0.945331940185509,0.9016333984168065,0.047319287325414884,0.005006392895304261,0.005506049141717332,0.9420745156031423,0.9036783412547745,-0.014914741378402319,0.053981636714968306,-1.3025104895541837
2026-03-20,0.9092532170431685,0.9134567574306046,0.9073227042508027,0.9115262446382388,6855.0,0.0024998840284140567,0.0024967645162005145,0.9192040282869702,0.9274955642117693,0.9162742678941403,36.617743497006984,0.9220615006278148,0.9430828271981597,0.9010401740574698,0.04559636543990159,0.005015948265167626,0.00550280180595165,0.9420745156031423,0.9036783412547745,-0.01327312115178414,0.053922155648912444,-1.0023397861520456
2026-03-23,0.9115262446382388,0.9128866846679838,0.9106778743508538,0.9120383143805988,7764.0,0.0005617718034691688,0.0005616140687607587,0.9185215793435063,0.9268893975517234,0.9162321191029609,37.444217548950334,0.9206951523719505,0.9404979281445655,0.9008923765993356,0.04301700887986171,0.0049380813198372665,0.005414335386985263,0.9420745156031423,0.9036783412547745,-0.01632063972198139,0.05434811073771039,-0.8743055105762727
2026-03-24,0.9120383143805988,0.9172846454345871,0.9103318582740083,0.9155781893279966,2266.0,0.0038812787704010088,0.0038737660410111457,0.9182412564848863,0.9264458207586361,0.9162256123390309,42.979456429738995,0.9194341380524929,0.9369236760887101,0.9019446000162756,0.03804413456577289,0.00517468578742758,0.0056518229111875455,0.9420745156031423,0.9036783412547745,-0.00888037961541055,0.05666376836638047,-0.44094346191550116
2026-03-25,0.9155781893279966,0.9169163738107844,0.90964581485384,0.9109839993366278,5952.0,-0.005017801914592113,-0.0050304333550461365,0.9175500891374332,0.9258394748205182,0.9161734569857732,38.24908083558228,0.9181206213948123,0.9338304085737762,0.9024108342158484,0.03422161927938729,0.005356538292421252,0.005879947722816039,0.9379088576488378,0.9036783412547745,-0.01040742736709488,0.05753801796773617,-0.908557445990206
2026-03-26,0.9109839993366278,0.9120583605491138,0.905655152050313,0.906729513262799,4794.0,-0.004670209440480688,-0.0046811489417196385,0.9165195581017537,0.9250900645633529,0.9160794873964899,34.465977962239336,0.9168014676150985,0.9316159884783368,0.9019869467518602,0.03231783845585619,0.005560808836667771,0.0061328199372904625,0.9345539098011486,0.9036783412547745,-0.008110102804112063,0.05771862907043714,-1.3597408171725178
2026-03-27,0.906729513262799,0.9106936151406414,0.9054101270129934,0.9093742288908357,3717.0,0.0029167635875442244,0.002912518086044061,0.9158390505578567,0.9244737572820777,0.916012768406384,38.53571668671431,0.9158747932764072,0.9300698499227321,0.9016797366300823,0.030997810509762358,0.00546256374531496,0.006006948043796724,0.9288085192890526,0.9036783412547745,-0.004196948321433358,0.05749135352860024,-0.9158912919526025
2026-03-30,0.9093742288908357,0.9154014739303028,0.908357903403339,0.914385148442806,5485.0,0.005510294214167599,0.005495168083849011,0.9157005836897567,0.9240781255628906,0.9159965731828659,45.44816930665043,0.9154852337083049,0.9293765235017946,0.9015939439148153,0.030347381436663844,0.005637882250657763,0.006165763147246051,0.9288085192890526,0.9036783412547745,0.0023761696040669467,0.05849810727975675,-0.1583848990054827
2026-03-31,0.914385148442806,0.9152183909041227,0.9115539458532027,0.9123871883145194,2552.0,-0.002185031254815506,-0.002187421918692806,0.9153850222254485,0.9236196574355036,0.9159606589055689,43.35454823487587,0.9149009817484061,0.9282436879618574,0.9015582755349547,0.02916754158018936,0.0055524941675840845,0.00608567748286928,0.9288085192890526,0.9036783412547745,0.006132510466045904,0.05805495658449111,-0.37680413458439616
2026-04-01,0.9123871883145194,0.9146122924420703,0.9116823642462234,0.9139074683737743,5177.0,0.001666266338157918,0.0016648796565766045,0.9152443028110033,0.9232387872762201,0.9159402291490336,45.41506407188697,0.914331023144902,0.9267436175381439,0.9019184287516601,0.027151204714782617,0.0051737612181604175,0.005661143383986909,0.9288085192890526,0.9036783412547745,0.00901887052180883,0.058214962506160886,-0.06824596981244468
2026-04-02,0.9139074683737743,0.9151709912053133,0.91018719620382,0.911450719035359,2969.0,-0.002688181707046211,-0.002691801355795535,0.9148830091180847,0.922776510090304,0.915895557406609,42.711259942532465,0.9137525681501876,0.9255218694210384,0.9019832668793367,0.025760368137025928,0.0053068715999514205,0.005822444910206434,0.9288085192890526,0.9036783412547745,0.002416820695269717,0.05831173451049541,-0.3911615586780104
2026-04-03,0.911450719035359,0.912026903088102,0.910709233573539,0.9112854176262819,3371.0,-0.0001813607753275992,-0.00018137722318170669,0.9145403813569606,0.9223258790132836,0.9158496853689938,42.52779690813089,0.9131274494355557,0.9239418530509173,0.9023130458201941,0.023686515222045786,0.00525686877925015,0.005768630417617405,0.9288085192890526,0.9036783412547745,-0.0002642019507101967,0.05808663228541951,-0.34066267078421725
2026-04-06,0.9112854176262819,0.9128165402399198,0.9104702740649551,0.9120013966785929,9186.0,0.0007856803570676085,0.0007853718718258228,0.9142985732923542,0.9219209973530996,0.9158113939392386,43.656700638591474,0.9123690029068554,0.9209293712102928,0.903808634603418,0.01876514497130798,0.004902125159493921,0.005375129004568318,0.9277705802016105,0.9036783412547745,-4.047823586328381e-05,0.0561022659849542,-0.08588561034573097
2026-04-07,0.9120013966785929,0.913331663369236,0.9069693794410427,0.9082996461316858,3652.0,-0.004058930787155024,-0.0040671906049848045,0.9137272468961001,0.9213868267169658,0.9157366501799595,39.35276443587825,0.9115948991285169,0.9184375568490935,0.9047522414079403,0.015012496728795085,0.004984565903569509,0.005487799015223709,0.9246031548009196,0.9036783412547745,-0.007949668615034433,0.05639085687502103,-0.9631500307028099
2026-04-08,0.9082996461316858,0.9083104887808325,0.9082213389798587,0.9082321816290054,4069.0,-7.42756016339774e-05,-7.427836020307354e-05,0.913203907346853,0.9208709582821439,0.9156619788510943,39.27676620277695,0.9109782727254956,0.9165157077634777,0.9054408376875135,0.012157117691544962,0.004499286745344484,0.0049538948700040145,0.9214701043287928,0.9036783412547745,-0.003020709155842738,0.05556326932017971,-0.9918278327977773
2026-04-09,0.9082321816290054,0.9086723263362346,0.9005555123673437,0.9009956570745729,5922.0,-0.007967703304074925,-0.00799961507408659,0.9120412168447312,0.9200915347053765,0.9155160453010792,32.1129039045927,0.9103208901052053,0.9172284337570406,0.9034133464533701,0.015176063137553422,0.004640912515993705,0.005150871127461594,0.9172846454345871,0.9005555123673437,-0.006323667757977103,0.057146155220759436,-2.70001421653122
